# 3ds Max Wavefront OBJ Exporter v0.99 - (c)2007 guruware
# File Created: 22.03.2025 22:36:37

mtllib lava geyser increase.mtl

#
# object increasing_spout
#

v  -6.04232216 14.60745716 5.19324589
v  -5.86619568 14.60745716 6.03695107
v  -5.36898804 14.32631683 6.08409214
v  -5.67524004 14.26253891 4.73047256
v  -6.13551760 14.60745716 6.85568523
v  -5.53234816 14.24175835 6.96953201
v  -4.56060219 12.63446522 5.32381630
v  -6.35781050 14.36730766 4.14488792
v  -6.61670542 14.60745716 4.55063915
v  -6.77812481 14.60745716 7.43006849
v  -6.57930899 14.32249451 7.93849373
v  -4.68911552 12.90088654 7.13666964
v  -4.64240074 12.63446522 5.01853943
v  -5.15589523 13.96610737 6.02270079
v  -5.60498333 12.65706825 3.37362838
v  -4.97065067 12.65706825 4.00796080
v  -4.44239378 12.87627602 6.27346468
v  -5.41352844 13.93740177 7.08720350
v  -4.88000631 12.91546631 4.85738277
v  -4.55629158 12.45848560 5.11876917
v  -4.41724300 12.83219528 6.17291451
v  -4.69302797 12.92444229 5.57970428
v  -7.51204014 14.13616371 3.67344856
v  -7.43543959 14.60745716 4.28131676
v  -5.68346930 12.62134552 3.30505610
v  -5.50153160 13.95216560 4.68556404
v  -4.97872353 11.21811008 3.40220475
v  -7.62183046 14.60745716 7.60619545
v  -7.48474073 13.96844292 8.31888199
v  -5.68507385 13.27630043 7.96175098
v  -4.32888699 12.31000805 7.01484966
v  -4.18372202 12.31000805 6.47308779
v  -4.71304083 12.84682751 7.23954535
v  -5.32622528 13.22000980 7.48750257
v  -4.74662638 12.70220757 4.91335487
v  -4.53641033 12.45904636 5.19449902
v  -4.63872099 12.54988194 5.00048351
v  -4.42001629 12.72433949 6.10615540
v  -5.02706528 13.63927269 5.97775650
v  -4.60209656 12.70725727 5.46653128
v  -6.55160999 12.23157597 2.90875959
v  -6.29119444 13.99339294 3.93174219
v  -5.50661087 12.11554527 3.25954509
v  -4.90343428 12.62414551 4.08750963
v  -4.86693525 11.28062725 3.53211880
v  -5.08136940 11.27412415 3.31482649
v  -5.48972988 13.26916599 7.76935291
v  -6.41283560 13.95763111 8.07153988
v  -4.36763859 12.72483444 6.20970392
v  -4.17381382 12.25806713 6.45126057
v  -4.16750097 12.10261726 6.74935436
v  -4.17629051 12.10263920 6.78216124
v  -5.34252787 13.62421703 7.16785955
v  -5.38472128 13.63088226 4.66339636
v  -4.82502460 12.65845966 4.82224607
v  -4.54989100 12.55212498 5.33812952
v  -4.50634289 12.21859455 5.14653778
v  -4.61513376 12.32856083 4.95081568
v  -4.62289953 12.66758823 5.58298206
v  -4.54619646 12.47115421 5.48450518
v  -8.42950058 14.19547176 3.79269791
v  -8.27546978 14.57650375 4.46274090
v  -6.89625454 12.15947342 2.80492043
v  -5.74498081 12.51417446 3.27328539
v  -5.35473919 11.72284126 3.23876476
v  -4.85230446 12.21719837 3.95934582
v  -4.81697321 11.46798229 3.66460419
v  -4.85744572 10.84171486 3.40948439
v  -5.06811905 10.92305470 3.22686839
v  -5.21299219 11.44236755 3.25719190
v  -8.44056416 14.60745716 7.33687353
v  -8.79638100 14.03891945 7.92941856
v  -7.08745146 12.68259811 9.07304287
v  -5.55677891 12.73154831 8.05002403
v  -5.40105247 12.73262596 7.89359713
v  -6.12302065 12.65148449 8.80517483
v  -5.96762180 13.20279694 8.14010906
v  -4.59065914 12.64550114 7.20111465
v  -4.23387527 12.13664341 6.92660809
v  -4.13238907 11.86188602 6.84927797
v  -4.09013987 11.86152458 6.69156456
v  -4.75024509 12.73364544 7.30452251
v  -5.31345081 12.99256325 7.62931967
v  -5.27158833 12.95291328 7.51766729
v  -4.70925808 12.46601868 4.87235212
v  -4.49283886 12.24665546 5.24393892
v  -4.54265118 12.24608612 5.05763721
v  -4.45071411 12.55270767 6.07318640
v  -4.22381687 12.31102180 6.24337912
v  -4.98475742 13.35389805 5.95021629
v  -4.50284290 12.33084202 5.37149048
v  -7.93071461 13.30865097 3.14410162
v  -6.98110771 11.88939667 2.79179525
v  -6.66725969 12.13239479 2.82411122
v  -6.42741823 12.62830162 3.15667987
v  -6.47166252 12.39687824 3.01961589
v  -6.25538588 13.65142441 3.79700065
v  -5.39336967 11.52788639 3.16973114
v  -4.81209660 11.78017235 3.80701303
v  -4.87573051 12.52537346 4.15221024
v  -4.77349091 10.92217255 3.52146745
v  -4.95544386 10.84617519 3.31262779
v  -5.17866516 11.06230068 3.17446566
v  -6.22066402 12.68018723 8.84199429
v  -7.19058800 12.65011883 9.09127426
v  -5.68619823 12.82579803 8.11529160
v  -5.46186161 12.47517395 8.00736904
v  -5.43977880 12.47517395 7.98528671
v  -5.33839321 12.83010292 7.76468468
v  -6.06828403 12.56805420 8.75719833
v  -6.30753088 13.63581371 8.14328194
v  -5.82314587 12.98288250 8.14531994
v  -4.24728775 12.45253563 6.32341528
v  -4.14721870 12.14142799 6.59324026
v  -4.44105911 12.40807438 7.13608456
v  -4.32213116 12.23845577 7.04458237
v  -4.06848574 11.88936043 6.55153275
v  -4.10375881 11.58771420 6.86754036
v  -4.05390072 11.58678436 6.68136930
v  -5.32478428 13.33887863 7.20432472
v  -5.33579397 13.33930588 4.66531181
v  -4.84465599 12.45589352 4.81177378
v  -4.56524277 12.03429604 5.04969883
v  -4.50815773 12.03507614 5.26309490
v  -4.63713360 12.11861515 4.94237041
v  -4.73027134 12.25914764 4.86306190
v  -4.55954075 12.26617336 5.50341368
v  -4.63451672 12.46838284 5.60167408
v  -4.51742125 12.12173748 5.39055395
v  -9.62426758 14.15249157 4.88965988
v  -8.92175198 14.60745716 5.03182602
v  -8.79722881 13.30865097 3.37628341
v  -7.51868010 13.86406231 3.51287556
v  -6.72987986 11.88939667 2.76186967
v  -6.59628487 11.91853237 2.81268024
v  -6.42367458 12.15161705 2.97904110
v  -6.49421644 12.00593853 2.88507056
v  -5.78951693 12.33555603 3.27831626
v  -5.28708220 11.26391029 3.15541983
v  -4.71387768 11.27339458 3.73359776
v  -4.73821974 11.54415989 3.83374524
v  -4.72563505 11.06606483 3.62950516
v  -4.83215714 10.64626026 3.39822817
v  -4.94338894 10.63862514 3.28577495
v  -5.05283642 10.67590141 3.19438744
v  -5.16141653 10.78475094 3.13938689
v  -9.05026436 14.52847862 6.82133675
v  -9.77062702 13.61563587 7.23714924
v  -8.38572693 12.54479694 8.84202003
v  -8.18811989 12.54628468 8.89417362
v  -7.81803465 13.04492378 8.72554588
v  -8.64370823 13.02114105 8.51702595
v  -6.28361511 11.59880638 9.28190613
v  -6.83120155 11.59880638 9.42863083
v  -7.50778770 13.63889408 8.43540478
v  -5.57339573 12.50453854 8.10094547
v  -5.34726334 12.50503254 7.87405682
v  -5.48617125 12.25344849 7.99919224
v  -5.44700623 12.25344849 7.96002722
v  -5.28839350 12.59460926 7.75904369
v  -6.15479660 12.05812073 9.04566860
v  -5.93434906 12.94500923 8.19254112
v  -5.80963898 12.73945618 8.19353199
v  -4.13532448 12.11410904 6.32744026
v  -4.08354759 11.97355461 6.43015766
v  -4.46991682 12.27962780 7.22293997
v  -4.35225725 12.09712410 7.17148304
v  -4.18349314 11.88825417 6.98465252
v  -4.03262711 11.61398411 6.54176712
v  -4.15503597 11.61401176 7.00259495
v  -4.09512901 11.36837387 6.85643387
v  -4.80072641 12.56134033 7.33160019
v  -5.26316833 12.74390125 7.64024734
v  -5.27239132 12.74927521 7.49603653
v  -4.19354057 12.03092670 6.24009371
v  -4.50933552 12.31730080 6.07400846
v  -5.03123140 13.11805725 5.94103622
v  -4.69673061 12.26869297 5.60788727
v  -9.59078884 13.16498470 4.19699383
v  -8.89550781 13.27117348 3.40769887
v  -8.33825207 12.02282715 2.59642720
v  -8.81401348 12.02282715 2.72390723
v  -7.82631683 13.27124310 3.12285495
v  -7.52373600 13.59203911 3.41853499
v  -6.71912718 11.67668438 2.78554988
v  -6.38465881 12.35556412 3.09459209
v  -6.25124073 13.35508347 3.74467373
v  -5.37597942 11.21718025 3.13854671
v  -4.88753986 12.36075306 4.20206165
v  -4.74186993 10.68247128 3.50676155
v  -4.82759857 10.50007057 3.38054061
v  -5.26913118 10.96517658 3.12077284
v  -8.81608009 13.67195415 8.07900810
v  -8.58963776 12.79884720 8.65091896
v  -8.50364399 12.64006615 8.75925064
v  -8.27312469 12.30043983 8.91601181
v  -7.92314005 12.81222534 8.82235336
v  -8.04650211 12.64601231 8.87856197
v  -6.54448128 11.36776924 9.41986179
v  -6.53252935 11.36777306 9.41666126
v  -7.05344391 12.06072426 9.28506851
v  -7.26323271 12.55777454 9.07997990
v  -5.68932152 12.59263229 8.16300011
v  -5.35408974 12.28443718 7.84902430
v  -5.51592207 12.07664490 7.95427132
v  -5.49179077 12.07609653 7.92986107
v  -6.19226551 11.75614643 9.17375946
v  -6.05645514 12.42989922 8.69806576
v  -6.11192417 11.70358086 9.10655212
v  -6.26319218 13.35622597 8.15383244
v  -4.25678253 11.96666622 7.09205437
v  -4.04880905 11.69707489 6.42168713
v  -4.05075502 11.33811760 6.69001913
v  -4.03020573 11.33827496 6.55142164
v  -5.36573505 13.11805725 7.18942165
v  -5.36573458 13.11805725 4.69265223
v  -4.90066719 12.25831127 4.83672667
v  -4.56713247 11.84348774 5.26815557
v  -4.61861420 11.84309769 5.07503796
v  -4.69380045 11.91793728 4.96868753
v  -4.78781891 12.05634117 4.88925028
v  -4.62313366 12.06215382 5.50955963
v  -4.57993412 11.92041683 5.39631557
v  -5.45499659 12.13366699 5.94103622
v  -9.68175507 13.38637257 4.48491859
v  -9.30861950 13.25511742 3.98103547
v  -9.44015598 13.18751621 4.06291342
v  -9.56134319 13.16498470 4.16754818
v  -9.01450539 13.52551174 3.88555241
v  -9.16673660 13.36778164 3.92191505
v  -8.63150120 13.86827660 3.71906376
v  -8.99386501 12.48468781 2.96747851
v  -8.84111786 11.95496082 2.72481823
v  -7.01210690 11.67668438 2.81814885
v  -6.58543587 11.70648003 2.83617330
v  -6.41205215 11.94484138 3.00103855
v  -6.48307705 11.79586601 2.90800309
v  -5.81707859 12.08548927 3.32014918
v  -4.67900324 10.97519493 3.71640420
v  -4.69081879 10.79211617 3.61282015
v  -4.70642376 11.23170567 3.81751370
v  -4.92514324 10.46559811 3.27909875
v  -5.02984810 10.43879223 3.18670416
v  -5.13568687 10.49397850 3.13325644
v  -5.24265862 10.63115883 3.11875510
v  -9.88373184 13.99245644 5.86409283
v  -9.19107437 14.60745716 5.85055971
v  -9.41788960 12.28746700 8.59033585
v  -7.81062698 12.77023125 8.79926872
v  -8.68071651 12.75930882 8.57543564
v  -9.26408958 12.17902946 8.68036842
v  -8.63227081 12.55855465 8.68963718
v  -8.55499268 12.41515732 8.78264427
v  -8.44888306 12.32911968 8.85445690
v  -8.31394100 12.30043983 8.90507507
v  -8.13220024 12.32980251 8.93873024
v  -8.00814247 12.41788673 8.92684555
v  -7.90095139 12.56469631 8.88035870
v  -6.70667458 11.41102409 9.44635010
v  -6.43908596 11.14058495 9.41376305
v  -6.63780165 11.14029503 9.46688557
v  -6.38113165 11.41097355 9.35925579
v  -6.96115541 11.75750065 9.37895393
v  -7.52294731 13.34333134 8.47812843
v  -5.59739208 12.28416157 8.09307861
v  -5.29401493 12.37740517 7.73469162
v  -5.65739536 11.95259285 7.99364853
v  -5.40385771 12.08915329 7.81476688
v  -5.26678181 12.53235149 7.61702919
v  -6.26771069 11.54043102 9.27828884
v  -6.14302158 11.45743465 9.21100712
v  -5.83113098 12.52986526 8.18814945
v  -5.95364857 12.74485302 8.18933296
v  -5.71237850 12.37630081 8.15606499
v  -4.10244751 11.83605480 6.32112932
v  -4.32524204 11.81991959 7.18685055
v  -4.44417286 11.99952888 7.23605156
v  -4.22886372 11.69141388 7.10903168
v  -4.04790878 11.40108299 6.43325758
v  -4.14742184 11.34647942 6.98916006
v  -4.14799786 10.92676258 6.94920588
v  -4.86448669 12.32991409 7.32077932
v  -5.32775640 12.53184986 7.45665789
v  -4.61691380 11.72198963 5.26486111
v  -4.66038799 11.72130585 5.10285664
v  -4.69183731 11.91817760 4.96761131
v  -4.78779030 12.05343437 4.88707113
v  -4.19807482 11.71465302 6.25823164
v  -4.86323738 11.55232620 6.16991568
v  -4.62141132 12.06087303 5.51155186
v  -4.57733536 11.92159653 5.39631987
v  -4.68849087 12.27970505 5.61186934
v  -9.70425034 13.88141727 4.77978468
v  -9.65785408 13.17311859 4.34368658
v  -9.19858646 13.10814667 3.85282803
v  -9.32420921 12.99191856 3.91219330
v  -9.44331837 12.92218018 3.99154806
v  -9.55591297 12.89893436 4.09089088
v  -8.91672897 13.15874672 3.44557500
v  -8.09015560 12.51509094 2.73821402
v  -8.72364426 11.82234955 2.64293242
v  -7.75073862 13.15902328 3.12278628
v  -7.52693367 13.33755302 3.39435601
v  -6.74163866 11.50091171 2.83392453
v  -6.37236023 12.15340710 3.11528063
v  -6.27961540 13.11805725 3.77877164
v  -5.35076427 10.85033035 3.14320183
v  -4.93886232 12.13028526 4.23706532
v  -4.73700714 10.45718479 3.48325992
v  -4.82619810 10.39154053 3.36319304
v  -10.44635487 12.69082355 6.45657396
v  -9.33595276 12.26035690 8.65633011
v  -10.05222130 12.28746700 7.95600319
v  -8.80943489 13.36397552 8.13728333
v  -9.20229912 12.04348278 8.66245079
v  -8.32236958 12.08613110 8.88152981
v  -8.25177670 12.08613110 8.90044498
v  -8.11079979 12.11620426 8.92344570
v  -6.84556580 11.54093456 9.43271351
v  -6.77667093 11.17552471 9.49016762
v  -6.30660248 11.17593670 9.36461258
v  -6.66557360 10.91644764 9.45033264
v  -6.42812729 10.91719055 9.38702583
v  -7.06712818 11.70657539 9.36019135
v  -6.99133396 11.45866299 9.43682098
v  -7.30538750 12.40556431 9.03915977
v  -5.34720802 12.16946507 7.69753551
v  -5.63143253 12.08842850 8.04276657
v  -5.45267487 11.95405483 7.78894520
v  -6.10215044 11.48171806 9.08021164
v  -6.08753300 12.23701954 8.62777615
v  -6.27961636 13.11805725 8.10330200
v  -5.99519253 12.51530743 8.12838364
v  -4.10386515 11.52654266 6.33552790
v  -4.05012846 10.92555904 6.57971668
v  -4.08323812 10.90653706 6.47422504
v  -5.08853960 11.49929333 7.22603178
v  -5.32184076 12.31703091 7.57816601
v  -5.38734436 12.35987186 7.41885090
v  -4.89631414 12.26653576 4.82985878
v  -4.69784021 11.63602829 5.13258553
v  -4.66417646 11.63643360 5.25751972
v  -4.74436474 11.76068020 5.00265694
v  -4.28973866 10.93691444 6.35199165
v  -4.77975798 11.98544025 5.59932184
v  -4.88642597 11.41787529 6.18842459
v  -10.61981106 12.87788010 5.60459328
v  -10.39012337 12.87351131 4.73773909
v  -9.74320030 13.59843254 4.70647383
v  -9.60830307 13.02079391 4.21032763
v  -9.71463966 13.12616348 4.45816517
v  -9.06645107 13.27086544 3.81345201
v  -8.75050926 13.59871101 3.69244456
v  -8.93119049 12.17574024 2.83299994
v  -9.01316357 12.05894661 2.86862946
v  -8.19479752 12.19232368 2.64300013
v  -8.45738697 11.82377434 2.57245755
v  -8.88517380 11.65254307 2.67985964
v  -7.03258562 11.46119785 2.89972138
v  -6.60996580 11.51442909 2.89009738
v  -6.39702415 11.95545197 3.17192411
v  -6.43765831 11.74169922 3.05909705
v  -6.50863886 11.59469032 2.96515512
v  -5.86656189 11.34368420 3.47737980
v  -4.68447495 10.60486317 3.68899989
v  -4.68929911 10.49211502 3.58607984
v  -4.72253466 10.79542923 3.79202056
v  -5.10019875 11.35271072 4.25884199
v  -4.91012192 10.36068058 3.27695966
v  -5.01309967 10.25723362 3.19376302
v  -5.11904240 10.16447735 3.16360903
v  -5.21822643 10.19485378 3.16051269
v  -5.33622313 10.34227276 3.21033764
v  -10.35167885 12.67241287 6.86588287
v  -10.29588127 13.07563591 6.22222471
v  -10.39116287 12.85116196 6.33091784
v  -9.40709496 12.04352665 8.66627979
v  -10.11821651 12.26035690 7.87406635
v  -7.78843641 12.56731892 8.78821087
v  -8.64159775 12.35195637 8.66831875
v  -8.69074154 12.55870819 8.55584908
v  -9.43007755 11.66506672 8.70659447
v  -8.56382084 12.20427513 8.76008892
v  -8.45741081 12.11566734 8.83115959
v  -8.29925632 11.91071606 8.83348370
v  -8.24701881 11.90974140 8.84711838
v  -7.98658371 12.20642853 8.91240692
v  -8.10498810 11.92366123 8.86437416
v  -7.87912941 12.35680008 8.86732864
v  -6.80441856 10.95149231 9.47350883
v  -6.29569817 10.95282364 9.33797455
v  -6.45155621 10.74417877 9.34071255
v  -6.20791435 11.28155231 9.29702663
v  -6.89451504 11.28164768 9.48014545
v  -7.52800035 13.11805725 8.43780422
v  -5.40441179 12.01148129 7.66480255
v  -5.74981403 12.16546726 8.10128403
v  -5.50594807 11.81407452 7.75959873
v  -5.68686581 11.81319332 7.94044304
v  -6.13270950 11.23508835 9.18456650
v  -5.87106752 12.30775928 8.12982273
v  -6.03298950 12.34237003 8.06793594
v  -4.32664394 11.42824268 7.16328049
v  -4.22459316 11.36643600 7.09144211
v  -4.45357323 11.53190041 7.20467520
v  -4.16288948 10.91597652 6.39678001
v  -4.15338612 10.72116661 6.92793417
v  -5.73272705 12.13366699 6.97753859
v  -5.73272657 12.13366699 4.90453482
v  -4.64066267 11.76182270 5.39210606
v  -4.78908539 11.65243340 5.03809261
v  -4.71366358 11.57327271 5.24620533
v  -4.73530483 11.57293129 5.16669607
v  -4.84689188 11.84746552 4.93020487
v  -4.96796799 11.98166275 4.88550091
v  -4.69494390 11.84963894 5.50359297
v  -5.51568031 11.99314594 5.94103622
v  -10.64313030 12.83672237 5.70552111
v  -10.35837555 12.83341789 4.63815975
v  -9.68829346 12.91650105 4.33426189
v  -9.19838715 12.88500595 3.82433105
v  -9.31985474 12.75274467 3.88724041
v  -9.43647003 12.67338753 3.96872139
v  -9.56446457 12.67688751 4.09894085
v  -9.63823509 12.76674271 4.21452045
v  -8.92494106 12.97136593 3.50587845
v  -8.96340275 11.82207775 2.76515913
v  -8.09693718 12.07581329 2.63399243
v  -8.31720829 11.96188545 2.58774829
v  -8.17875195 11.82941723 2.56131053
v  -8.64331436 11.51548672 2.56377387
v  -8.54005146 11.51466465 2.53621459
v  -8.77847767 11.55034733 2.61273122
v  -7.70398045 12.97198677 3.14389443
v  -7.52799940 13.11805725 3.44426847
v  -6.78539276 11.30038452 2.90400505
v  -6.49149799 12.13366699 4.14576340
v  -6.49253607 11.46962929 3.14852786
v  -6.56013203 11.35754013 3.04885864
v  -4.74518013 10.27423191 3.46289444
v  -4.83583260 10.01331520 3.32686543
v  -4.87940884 10.01250648 3.28333282
v  -9.78386402 13.48989964 7.24403000
v  -10.42768955 12.59001637 6.73920631
v  -10.02066231 13.65106010 5.90630674
v  -10.44927979 12.61056519 6.31054783
v  -10.49448967 12.46607113 6.42010212
v  -10.11667633 11.97026348 7.98409748
v  -9.77440643 11.33579731 8.56364822
v  -9.15058231 11.85371971 8.60257626
v  -8.77638435 13.11805725 8.10330009
v  -8.66385555 12.35259151 8.49697018
v  -9.39906216 11.42964458 8.69525337
v  -8.27119923 11.78469658 8.79286289
v  -8.25100327 11.78580284 8.79878521
v  -7.97997189 12.00505352 8.85020638
v  -6.67464638 10.72680569 9.39400387
v  -6.92213917 11.05755997 9.46336937
v  -6.32199287 10.75891781 9.28468323
v  -6.19722557 11.05878925 9.27048779
v  -7.01873446 11.23465157 9.41991329
v  -7.09420490 11.48276520 9.34314156
v  -7.31705093 12.19348907 8.96881485
v  -5.38263512 12.14675331 7.54143763
v  -5.78260756 12.00694084 8.04375458
v  -5.46140623 11.85219765 7.63670444
v  -5.55052710 11.72841740 7.74197340
v  -5.70487070 11.72789478 7.89603424
v  -6.13554621 11.24970722 9.01375198
v  -6.27941513 11.43820953 8.34933853
v  -6.49149895 12.13366699 7.73631001
v  -5.90780544 12.13686752 8.06851673
v  -4.23226738 10.88650322 7.04262114
v  -4.06490898 10.72514725 6.59364414
v  -4.09414101 10.76556492 6.48566008
v  -4.16908360 10.83615398 6.40510941
v  -5.78527927 11.99314880 6.94719744
v  -4.48505020 10.86906719 7.12602711
v  -5.47280788 12.06796265 7.38415289
v  -4.83067608 11.58573437 5.07377434
v  -4.69752312 11.65195560 5.38331652
v  -4.77000284 11.52699852 5.23060608
v  -4.77666473 11.52661705 5.20781136
v  -4.90042686 11.69967175 4.97287560
v  -4.31042480 10.83979893 6.36937618
v  -4.76366520 11.69807339 5.49275160
v  -4.86260176 11.77478886 5.58582592
v  -4.90882397 11.30838299 6.21412563
v  -10.96701527 11.98909092 5.37912083
v  -10.95748138 11.95789146 5.05729818
v  -10.63862419 12.73245335 5.77282143
v  -10.74242687 12.05275726 4.65684128
v  -10.92604923 11.92629433 4.89693117
v  -10.31850243 12.72797394 4.57883024
v  -9.73918343 13.33387089 4.67550468
v  -9.70744228 12.91588402 4.47499657
v  -9.07206726 13.07017136 3.77999258
v  -8.79573345 13.35817337 3.71247029
v  -9.02148533 11.78356075 2.86293268
v  -8.27987576 11.65376091 2.52078676
v  -8.40030861 11.54884243 2.51242137
v  -8.51588917 11.23308945 2.52176666
v  -8.65370655 11.23544598 2.55838037
v  -8.89509106 11.37502956 2.67422032
v  -8.78877258 11.27161980 2.60719156
v  -8.97266197 11.54567814 2.75946760
v  -7.52799940 12.13366699 3.86803341
v  -6.65775108 11.30112553 2.96735120
v  -7.03304911 11.24619198 2.98826075
v  -6.45496321 11.63739204 3.26635790
v  -5.87152672 11.21349239 3.50812292
v  -4.74467230 10.30090809 3.66395473
v  -4.72019863 10.17557049 3.56314826
v  -4.77850008 10.42943668 3.76531386
v  -5.78528023 11.99314594 4.93487644
v  -4.98981953 10.02997112 3.19701028
v  -4.85834217 9.90247536 3.31239223
v  -5.10275841 10.09075356 3.15607023
v  -5.32562256 10.27260590 3.22491503
v  -10.17148781 12.78587818 7.06452751
v  -10.46145630 12.59461880 6.59919405
v  -10.44125366 12.37768841 6.79242468
v  -10.37129211 12.45932674 6.90658855
v  -10.36997795 12.81285858 6.21691561
v  -10.50560665 12.37937450 6.54557753
v  -9.98130322 11.33121777 8.35846329
v  -10.14225483 12.17902946 7.80220318
v  -9.53046989 11.71325302 8.66642189
v  -9.65290642 11.47734261 8.63221169
v  -7.78097916 12.37025261 8.72759247
v  -8.61441326 12.14404488 8.60904026
v  -8.53716564 12.00088215 8.70248222
v  -8.63193321 12.18320560 8.43496227
v  -9.53234291 11.39073467 8.70692539
v  -8.43211269 11.92310715 8.77729702
v  -8.10809517 11.62611961 8.73831463
v  -8.10697460 11.76732540 8.80008602
v  -7.87196875 12.15391731 8.80461216
v  -7.97994852 11.83171368 8.77759075
v  -6.81442642 10.74763966 9.41214180
v  -6.22613668 10.84808540 9.21151352
v  -6.52920818 10.40998554 9.22707748
v  -6.40768337 10.38698483 9.15371037
v  -6.93277073 10.84236336 9.39785099
v  -7.33704472 11.49380875 8.60723877
v  -5.45035934 11.93682766 7.51155615
v  -5.51478195 11.74236107 7.61554432
v  -5.81065512 11.85069084 7.98724461
v  -5.60126352 11.66247272 7.72558689
v  -5.72196865 11.66176510 7.84537077
v  -6.16398811 11.01168251 9.12120247
v  -6.22488832 10.85409260 8.86966133
v  -6.06704807 12.06294346 7.98435116
v  -5.93738270 11.93394089 8.00188065
v  -4.34461784 10.86727142 7.10156155
v  -4.08898258 10.61008549 6.61228228
v  -4.16558552 10.60727119 6.90234041
v  -4.23463917 10.75483990 7.02718830
v  -5.11972332 11.38133526 7.20734978
v  -4.94559574 11.62279320 5.00869131
v  -4.88642311 11.53616142 5.12098026
v  -4.75158596 11.58525562 5.37263680
v  -4.95123768 11.51818752 5.19192171
v  -5.03186417 11.77774239 4.93693352
v  -5.55902863 11.89378548 5.94103622
v  -11.05229568 11.75128365 5.26669407
v  -10.80633163 11.73732567 4.60292149
v  -10.87901497 11.78709507 4.68519497
v  -9.67693424 12.69411564 4.35494804
v  -9.18091297 12.66747284 3.84016323
v  -9.29915524 12.52386856 3.90487218
v  -9.41383553 12.43770599 3.98743272
v  -9.54834938 12.44066715 4.12403107
v  -9.62390327 12.53571033 4.23795938
v  -8.91842461 12.70903492 3.53393984
v  -8.15521431 11.54465675 2.54802227
v  -8.07394409 11.79039383 2.62137938
v  -8.25596237 11.36986065 2.50696778
v  -8.37618732 11.26600552 2.49821568
v  -8.63506126 11.03997898 2.56689048
v  -8.86699104 11.07057953 2.69637752
v  -7.68604136 12.71014214 3.18617940
v  -7.69130135 11.30064297 3.35282254
v  -6.81278324 11.22163391 2.93815494
v  -6.52184010 11.99314594 4.19831705
v  -6.53411007 11.33204365 3.20246601
v  -6.59559917 11.25546265 3.09414721
v  -6.68848991 11.21866035 3.00604391
v  -5.86811972 11.10756207 3.54149055
v  -5.13014364 11.21970749 4.25992441
v  -4.75115013 10.02859306 3.43605018
v  -4.97779942 9.92604256 3.21671486
v  -5.20705032 10.11108589 3.17736340
v  -10.28137016 12.59538841 6.99728966
v  -9.75725746 13.32795048 7.22824097
v  -10.34867382 12.24948311 6.90991640
v  -10.06875515 13.35587311 5.93235350
v  -10.60629463 12.56507206 5.80649519
v  -10.43642902 12.40567493 6.29020405
v  -10.48007774 12.25612354 6.39959717
v  -10.49025822 12.16639233 6.52497673
v  -10.10042858 11.67204285 8.11187553
v  -10.05530453 11.45902729 8.23666382
v  -10.14426136 11.62936687 8.00576210
v  -9.92774391 11.03802299 8.44343281
v  -9.63662815 11.19478321 8.67592239
v  -7.77690220 12.20908356 8.66121006
v  -8.57822609 11.96434021 8.54308414
v  -8.50020218 11.82496834 8.63877487
v  -9.34292507 11.15270901 8.61824894
v  -8.93869972 10.86933041 8.23558521
v  -8.56450081 12.13366699 7.73630905
v  -9.50090122 11.15457726 8.69628525
v  -8.39785957 11.76508808 8.72203445
v  -8.36617756 11.62468910 8.66899395
v  -7.86992455 11.97896767 8.73129845
v  -6.67606640 10.38665962 9.25555038
v  -6.31645489 10.45333576 9.06968498
v  -7.02967978 11.01097775 9.35113144
v  -7.10515261 11.25348091 9.27198219
v  -7.52800035 12.13366699 8.01403904
v  -7.11177826 10.87242413 9.11207581
v  -5.51479626 11.78538895 7.48621082
v  -5.57624531 11.66393661 7.59345007
v  -5.83205700 11.74294662 7.93463993
v  -5.73668385 11.61913109 7.79293823
v  -5.65431595 11.61965084 7.71138859
v  -6.30808878 11.33717632 8.31666374
v  -6.27718973 10.64690304 8.79890156
v  -6.52184105 11.99314594 7.68375587
v  -4.11725712 10.65625000 6.50395918
v  -4.12334871 10.53486061 6.63662720
v  -4.18486500 10.53292084 6.87035656
v  -4.19107103 10.73282051 6.42299080
v  -5.82282019 11.89378738 6.92552328
v  -5.55057001 11.85750294 7.35397482
v  -4.48878860 10.80926609 7.10331154
v  -4.34304619 10.81511593 7.09339619
v  -5.02173328 11.56117630 5.06322718
v  -4.82333660 11.53660107 5.35903931
v  -4.91668034 11.51870060 5.32841206
v  -5.08006573 11.68410778 4.97144699
v  -4.34501028 10.76008701 6.39511061
v  -4.82113218 11.62125587 5.48368597
v  -4.92230415 11.68127251 5.57935190
v  -4.93043327 11.22384644 6.24701929
v  -11.10043812 11.58142090 5.13872433
v  -11.10422897 11.50128460 5.28506279
v  -11.03014374 11.70818710 5.38256502
v  -11.11144257 11.47950363 4.99521160
v  -10.91949844 11.51767540 4.62693262
v  -10.27491379 12.54617405 4.59335995
v  -10.99004936 11.59733772 4.75572443
v  -9.69026375 13.11805725 4.69265223
v  -9.60810947 12.46036339 4.39120674
v  -9.05910873 12.86851692 3.79330635
v  -9.39659214 12.29105091 4.04171324
v  -8.77638340 13.11805725 3.77877164
v  -8.97819710 11.34897137 2.90857148
v  -8.76611710 11.02430534 2.62129593
v  -8.50832653 10.94410038 2.54339051
v  -8.93768501 11.17880058 2.79213619
v  -7.52799940 11.99314594 3.92871714
v  -7.02674961 11.17590809 3.00637960
v  -6.50402355 11.44840050 3.33099937
v  -4.72775555 10.18845177 3.65551043
v  -4.71512413 10.08697224 3.54559851
v  -4.78904343 10.33303356 3.76578593
v  -5.82282066 11.89378548 4.95655060
v  -5.09110928 9.99556446 3.17462993
v  -4.80671167 9.86386395 3.41152167
v  -4.77287579 9.92525291 3.42201924
v  -5.31717253 10.20588398 3.25839925
v  -5.85634089 11.02589226 3.57748318
v  -10.14904690 12.58849049 7.06118393
v  -10.41859055 12.16473103 6.79742098
v  -10.25882530 12.39073658 6.99783754
v  -10.35931301 12.61504936 6.19679642
v  -10.13153839 11.37065411 8.11524010
v  -10.09121132 11.18585873 8.22467709
v  -10.02327919 11.07498169 8.33407497
v  -10.12433624 12.04348278 7.74041271
v  -9.85126209 11.03802204 8.51991463
v  -9.74293423 11.07721233 8.61358547
v  -9.26340294 10.74611473 8.47562599
v  -8.92109680 10.77087593 8.19529057
v  -8.58049202 11.91668224 8.36478138
v  -8.53739548 11.76872730 8.48469353
v  -8.11574841 11.54143238 8.69023323
v  -7.98345947 11.67398930 8.71423149
v  -7.87624264 11.77378273 8.65880394
v  -6.81775331 10.37630367 9.25831890
v  -6.25552320 10.60903931 8.97500229
v  -6.57242393 10.21932411 9.15194130
v  -6.44564438 10.23249912 9.09238815
v  -6.35417938 10.30815315 9.01369667
v  -7.03560925 10.61918640 9.18658161
v  -6.93760109 10.45381260 9.23532963
v  -7.52800035 11.99314594 7.95335531
v  -7.10764647 10.64945507 9.02109051
v  -5.59035921 11.68196774 7.45620918
v  -5.63207579 11.62771416 7.57304859
v  -5.85521793 11.66345692 7.87284470
v  -5.88621712 11.60026550 7.75246811
v  -5.69735432 11.60026550 7.56360531
v  -5.96278763 11.78737736 7.93903685
v  -6.09706211 11.86118507 7.90922546
v  -4.15166950 10.58004379 6.52858162
v  -4.24624014 10.64744854 7.00227642
v  -4.31432390 10.50235271 6.89946508
v  -5.14354610 11.28596210 7.18078947
v  -4.35397434 10.71478081 7.06926680
v  -5.18259573 11.60166550 5.03455067
v  -5.08817673 11.54747868 5.11036730
v  -5.66311169 11.68225098 5.94103622
v  -5.91295910 11.68225098 5.00859213
v  -4.22555637 10.65511894 6.44807625
v  -5.58504200 11.83558083 5.94103622
v  -11.08849716 11.28897667 5.30427647
v  -11.01432610 11.49634647 5.40152502
v  -11.07553101 11.48348236 4.86843014
v  -10.86844158 11.35609531 4.63598156
v  -10.75549126 11.57540321 4.61969614
v  -11.01176548 11.36078072 4.68675709
v  -9.57452202 12.45771885 4.54114199
v  -8.94373894 12.48494148 3.98520947
v  -9.12072468 12.32815266 3.95658088
v  -9.27052975 12.32169247 3.98194838
v  -9.50146484 12.30292225 4.14787531
v  -9.57924175 12.37477684 4.25835848
v  -8.72772884 11.28146839 3.63253593
v  -8.14042568 11.13824368 2.59182096
v  -8.24501514 11.02379608 2.53895235
v  -8.05388165 11.30242443 2.68141460
v  -8.36764812 10.95908165 2.52280903
v  -8.56949997 10.58243465 2.60466027
v  -8.69444275 10.52733994 2.66702652
v  -8.78585529 10.51974964 2.75413799
v  -8.84373569 10.55966187 2.86599422
v  -7.69669580 11.15887642 3.37351751
v  -6.84595871 11.16096401 2.97276807
v  -6.54351425 11.89378548 4.23585749
v  -6.57281828 11.26066685 3.24890852
v  -6.63320923 11.19507790 3.13646126
v  -6.72425556 11.16184330 3.04441381
v  -5.16276741 11.11136055 4.25328398
v  -5.08277798 9.93239117 3.20670176
v  -4.96950197 9.86385536 3.24843836
v  -5.19866800 10.04640198 3.21002221
v  -9.69026375 13.11805534 7.18941975
v  -10.29030418 12.04395771 6.88113880
v  -10.19726849 12.17727280 6.96695566
v  -10.54614258 12.33458138 5.80654144
v  -10.02476692 13.11805534 5.94103575
v  -10.29714870 12.41504955 6.19011784
v  -10.37283611 12.20121098 6.28358507
v  -10.41749477 12.05417156 6.39335823
v  -10.43112564 11.97393513 6.51943684
v  -10.11780071 11.13541698 8.08655071
v  -10.12942505 11.39558315 7.97762871
v  -9.91541958 10.80091763 8.41403008
v  -9.81927299 10.80091763 8.51017666
v  -10.01079845 10.83808422 8.30475140
v  -9.60488224 10.95810032 8.66578293
v  -9.71100616 10.84021378 8.60374737
v  -7.78644514 11.92549610 8.57203197
v  -8.46595764 11.67139530 8.58609772
v  -9.45163345 10.90352440 8.62868309
v  -8.53415966 11.99314594 7.68375492
v  -9.22821140 10.52408695 8.39962578
v  -7.99238110 11.56499863 8.65655708
v  -8.33609295 11.54064560 8.63082695
v  -6.67933321 10.21566486 9.17819977
v  -6.29802752 10.44628811 8.91586781
v  -6.93659306 10.30907536 9.16958427
v  -7.32828665 11.37589931 8.57223511
v  -7.03289604 10.44839382 9.11282158
v  -5.64360619 11.71656990 7.31386280
v  -5.64658928 11.65012550 7.42716312
v  -5.87534523 11.62704277 7.81821394
v  -6.59555626 11.68225098 7.55607700
v  -5.91295958 11.68225098 6.87348080
v  -6.34234142 11.25489330 8.29252815
v  -6.31463671 10.56384659 8.75431728
v  -6.54351473 11.89378548 7.64621544
v  -4.19475269 10.54144669 6.55614328
v  -4.26551247 10.57341576 6.97016144
v  -4.28612137 10.55030346 6.62600183
v  -5.84534931 11.83558083 6.91251564
v  -4.37323952 10.64113426 7.03693247
v  -4.50804520 10.73607826 7.07067013
v  -5.26067638 11.58848476 5.06790876
v  -4.91393709 11.56189728 5.47413635
v  -5.12975883 11.59053612 5.58658600
v  -6.10388947 10.07109642 5.94103622
v  -6.29468441 10.07109642 5.22898102
v  -5.88541079 11.74235535 4.99268723
v  -5.84534883 11.83558083 4.96955729
v  -4.38158464 10.72708797 6.41522312
v  -5.04180479 11.60288620 5.57589817
v  -4.95125341 11.16426659 6.28710556
v  -11.14571190 11.35349560 5.17274475
v  -11.02368259 11.08103561 5.31065321
v  -10.94996166 11.28983784 5.40805721
v  -11.13004112 11.14085388 5.19213963
v  -11.08313465 11.26664448 4.78239536
v  -10.94474125 11.12541866 4.70151949
v  -10.21438026 12.32103634 4.58091831
v  -9.32327271 12.13366699 4.90453434
v  -9.53021526 12.30499744 4.56319046
v  -9.45457840 12.16517830 4.17171907
v  -9.36541748 12.15247917 4.07342243
v  -8.56450081 12.13366699 4.14576340
v  -8.86808586 10.64707565 3.00259566
v  -8.50858688 10.49941349 2.60112667
v  -8.04900646 10.69401455 2.77757907
v  -7.52799940 11.89378548 3.97206545
v  -8.05047417 10.54968834 2.80189753
v  -7.01966190 11.13036919 3.01430011
v  -6.54308367 11.35861015 3.38175654
v  -6.76132965 11.13199329 3.07976532
v  -4.74532604 10.11062717 3.64316034
v  -4.73520374 9.99463749 3.53227520
v  -4.80324221 10.27322292 3.75467491
v  -5.07858944 9.90905571 3.24823904
v  -4.96490574 9.84040928 3.29145551
v  -4.76881027 9.93342876 3.52193785
v  -5.19516516 10.02335453 3.24909806
v  -5.31463242 10.18330669 3.29403210
v  -6.55652046 11.83558083 4.25838566
v  -10.08584690 12.37228394 7.02844286
v  -10.36495495 11.97233868 6.77099323
v  -10.27309990 12.35103130 6.18585873
v  -10.34231949 12.12503433 6.28143740
v  -10.38797092 11.98074532 6.39328480
v  -10.07825851 10.94958401 8.19559193
v  -10.06446171 11.85371876 7.68869543
v  -9.86933231 10.61970139 8.38281822
v  -9.78692532 10.61819458 8.46445656
v  -9.56186962 10.73137665 8.60652828
v  -9.38181686 10.55649471 8.50451756
v  -8.91452694 10.69032383 8.15449142
v  -9.20539951 10.42490005 8.34471321
v  -8.49543095 11.62498951 8.43071175
v  -8.53038597 11.71839428 8.30013752
v  -8.43066692 11.56574059 8.54094124
v  -8.00389576 11.50122547 8.60159016
v  -8.12780190 11.48114777 8.63994980
v  -7.88687706 11.62234592 8.58885288
v  -7.79923630 11.71347523 8.48711967
v  -6.81873894 10.23149872 9.19137669
v  -6.33406734 10.37220001 8.87344742
v  -6.48100185 10.15943718 9.04983139
v  -6.60850525 10.13832188 9.10708714
v  -6.38952255 10.23739624 8.97195148
v  -7.52800035 11.89378548 7.91000700
v  -7.02457237 10.36986351 9.05608749
v  -7.09869242 10.55875492 8.95984268
v  -5.69785643 11.68688869 7.27373362
v  -5.71613693 11.63288307 7.39454842
v  -5.99447250 11.68147755 7.86229753
v  -6.02193069 11.64896679 7.80806446
v  -6.22378492 11.66495323 7.70461416
v  -6.81594515 10.07109642 7.17435169
v  -6.29468489 10.07109642 6.65309191
v  -5.88541222 11.74235344 6.88938522
v  -6.13973188 11.71582317 7.81372929
v  -4.26592827 10.61882687 6.47253370
v  -4.99052525 11.11997890 6.38885498
v  -5.16523075 11.13031673 6.99576998
v  -5.16000843 11.21317387 7.14635134
v  -5.86287403 11.79346657 4.97967529
v  -4.99738407 11.54863167 5.46613693
v  -5.63130283 11.74235344 5.94103622
v  -6.37398815 8.33074093 5.94103622
v  -6.52859640 8.33074093 5.36403036
v  -6.59555531 11.68225098 4.32599592
v  -6.81594467 10.07109642 4.70772123
v  -5.27671909 10.93425465 4.18702793
v  -5.60527945 11.79346371 5.94103622
v  -11.15459442 11.26482296 5.04561043
v  -10.88017082 11.09729862 5.40727711
v  -11.06696224 10.93766308 5.19806910
v  -11.13895988 11.05198002 5.06511402
v  -10.72523022 11.32892895 4.60792923
v  -10.83657455 11.10286427 4.63428116
v  -11.04038048 10.98292542 4.81142902
v  -10.02340126 11.52953148 4.70209122
v  -9.53928566 12.22661114 4.42746544
v  -9.07372856 12.08617687 4.03628063
v  -9.22585869 12.11841774 4.03611898
v  -9.53458023 12.21384048 4.27875710
v  -8.70216751 11.14547157 3.64424181
v  -8.90902805 12.05575752 4.07390738
v  -8.13770008 10.58710194 2.67366266
v  -8.24386120 10.51903152 2.60961533
v  -8.36748981 10.48980236 2.58543658
v  -8.53471470 10.33034420 2.63427448
v  -8.66440678 10.32853413 2.69085121
v  -8.75973797 10.36199188 2.77343559
v  -8.82070732 10.43071842 2.88202810
v  -8.84731579 10.53471088 3.01662874
v  -8.05894184 10.42462635 2.83846068
v  -7.71167994 11.04331684 3.39367938
v  -6.88347673 11.11905670 3.00543761
v  -6.58240318 11.26392460 3.27561331
v  -6.66097164 11.18028259 3.16982412
v  -5.19807148 11.02766991 4.23892117
v  -4.85184669 9.84086132 3.40459323
v  -5.83619022 10.96848392 3.61610079
v  -10.05839634 12.29441643 7.01545238
v  -10.41005325 11.91816235 6.52140045
v  -10.34656906 11.91338825 6.75797749
v  -10.26320267 11.96604156 6.86506033
v  -10.16714573 12.09305191 6.95088530
v  -10.31241703 11.50765133 5.75362921
v  -9.60100174 12.13366699 5.94103575
v  -10.04856110 10.88251400 8.03755665
v  -10.01790714 10.72237301 8.15324020
v  -10.05012608 11.11519051 7.92127609
v  -9.69747066 10.86932945 7.47681332
v  -9.32327271 12.13366699 6.97753716
v  -9.79509163 10.41316509 8.34449196
v  -9.74931526 10.41504383 8.39146233
v  -9.67363358 10.63626671 8.55178642
v  -9.95816422 10.63476849 8.26832771
v  -8.51248550 11.89378548 7.64621449
v  -9.35148811 10.38600159 8.44174099
v  -7.89691687 11.54798985 8.52989578
v  -8.30150795 11.48060989 8.59280205
v  -6.67288351 10.13758469 9.12340355
v  -6.81166744 10.15927982 9.13786697
v  -6.92889738 10.23670578 9.11542892
v  -7.31056547 11.28005981 8.54027843
v  -5.75783539 11.66713905 7.22519875
v  -6.05445910 11.63165283 7.74044514
v  -6.57965136 11.74235535 7.58362579
v  -7.52800035 11.68225098 7.80592394
v  -7.52800035 10.07109642 7.36514568
v  -6.95099449 8.33074093 6.94043970
v  -6.52859688 8.33074093 6.51804256
v  -5.17085075 11.13535023 7.05384159
v  -6.38217402 11.19135952 8.27692986
v  -6.35687160 10.52441692 8.71270847
v  -6.55652142 11.83558083 7.62368727
v  -4.38208580 10.64611626 6.51314116
v  -4.41045809 10.61038113 6.99417639
v  -4.97128439 11.12964249 6.33438396
v  -5.86287546 11.79346371 6.90239716
v  -6.62830544 5.73396683 5.94103622
v  -6.74884176 5.73396683 5.49118900
v  -6.95099401 8.33074093 4.94163275
v  -5.32006168 10.92453098 4.14949799
v  -5.77077389 10.92644882 3.70121026
v  -7.52799940 11.68225098 4.07614851
v  -7.52799940 10.07109642 4.51692677
v  -5.23605537 10.96863365 4.21683598
v  -10.95928955 10.91355610 5.30996275
v  -10.92937183 10.94679451 4.69511127
v  -10.66074848 11.11024952 4.64158678
v  -9.27071857 11.99314594 4.93487644
v  -9.41321754 11.99611568 4.61419058
v  -9.42332172 12.07334805 4.18761539
v  -9.34826469 12.07033825 4.11404276
v  -8.53415871 11.99314594 4.19831705
v  -8.51016140 10.31755161 2.63069892
v  -8.13952160 10.44266701 2.69843125
v  -7.52799940 11.83558083 3.99807882
v  -8.14741039 10.32535076 2.73351383
v  -6.95831585 11.11352825 3.16991186
v  -6.56663942 11.79346371 4.27591181
v  -6.67476702 11.23504257 3.39149022
v  -6.75279951 11.16753387 3.25328422
v  -4.77854443 10.04959011 3.63308382
v  -4.83591270 10.21234512 3.74495888
v  -5.34617901 10.24386597 3.38031292
v  -4.97154713 10.26032639 3.77256179
v  -4.81125069 9.91114044 3.51591873
v  -10.34948921 11.77753067 6.52289248
v  -10.17885399 12.03778267 6.19904995
v  -10.26712513 11.90314293 6.28983021
v  -10.32400322 11.81639194 6.39777756
v  -9.93553734 10.80352879 7.85039949
v  -9.27071857 11.99314594 6.94719505
v  -9.71141243 10.24983883 8.32860756
v  -9.62477303 10.39095974 8.46243668
v  -9.50227356 10.43810940 8.50012112
v  -8.91898823 10.62767124 8.11318684
v  -9.18681812 10.37281704 8.29226398
v  -9.33043480 10.30001163 8.38990211
v  -8.45917416 11.55099583 8.38495636
v  -8.39462757 11.50221252 8.49893951
v  -8.49514771 11.62695980 8.25085354
v  -8.01753807 11.46232319 8.53230667
v  -7.90528727 11.50421810 8.44272041
v  -8.26063061 11.44022751 8.55191422
v  -8.14416504 11.44089222 8.58411598
v  -7.80686378 11.62144184 8.42486668
v  -6.37547302 10.33726597 8.83298302
v  -6.52201271 10.12478256 9.00923443
v  -6.43052006 10.20405483 8.93182564
v  -7.52800035 11.83558083 7.88399363
v  -7.00931883 10.33436680 8.99875832
v  -6.91459370 10.20303535 9.05976009
v  -7.08223581 10.51869583 8.89964485
v  -6.17644215 11.68490314 7.76248884
v  -6.53514719 11.11325645 8.28135872
v  -6.56663990 11.79346657 7.60616255
v  -7.15005207 11.11737061 8.44292736
v  -8.46044350 11.68225098 7.55607605
v  -8.24005508 10.07109642 7.17435074
v  -7.52799988 8.33074093 7.09504747
v  -7.07815313 5.73396683 6.72019434
v  -6.74884176 5.73396683 6.39088392
v  -5.16911030 11.16296864 7.10403538
v  -6.70386171 3.67309284 5.94103622
v  -6.81427526 3.67309284 5.52896738
v  -7.07815266 5.73396683 5.16187811
v  -7.52799940 8.33074093 4.78702497
v  -6.57965088 11.74235249 4.29844856
v  -8.46044350 11.68225098 4.32599592
v  -8.24005413 10.07109642 4.70772123
v  -4.86755943 10.19259071 3.74256182
v  -10.80344200 10.89950180 5.40201569
v  -11.01196861 10.79916191 5.19686699
v  -11.07979965 10.85971928 5.07030439
v  -10.77876282 10.92096519 4.66593933
v  -10.88164520 10.80289555 4.72293282
v  -11.00362301 10.86072159 4.79041958
v  -10.59646416 10.90649223 4.68092680
v  -9.99977207 11.40431213 4.72529745
v  -9.43821335 11.99973297 4.46821165
v  -9.06180668 12.00149822 4.07756710
v  -9.20992374 12.03520966 4.07835340
v  -9.45042992 12.03570747 4.32396078
v  -8.67047310 11.03443909 3.65114856
v  -8.90391445 11.96920109 4.11168385
v  -8.81872559 10.43333435 3.03749609
v  -8.24581909 10.36830425 2.63540912
v  -8.36936569 10.32659912 2.61283159
v  -8.63112545 10.20816612 2.71637893
v  -8.72836304 10.25243950 2.79670477
v  -8.79089642 10.32749557 2.90374422
v  -7.52799940 11.79346371 4.01831627
v  -8.15926743 10.25439644 2.77390003
v  -8.07070446 10.35363483 2.87879395
v  -7.73625374 10.95396042 3.41330814
v  -6.63849211 11.32955265 3.56542563
v  -5.80766821 10.93533516 3.65734315
v  -9.98823166 12.02237415 6.96080446
v  -10.29460621 11.77464676 6.72677231
v  -10.21097279 11.81168652 6.83038330
v  -10.10884762 11.89426327 6.90839386
v  -10.27668381 11.38945103 5.74134159
v  -9.54031849 11.99314594 5.94103575
v  -9.94008732 10.58867264 7.97255850
v  -9.91819668 10.45199299 8.09562683
v  -9.86986446 10.39349174 8.21960449
v  -9.65717697 10.77087593 7.45921087
v  -9.83767891 10.51930904 7.80814838
v  -9.59308815 10.24887848 8.40623188
v  -9.73210526 10.24767590 8.30613041
v  -9.47311401 10.29426575 8.44394302
v  -8.49947834 11.83558083 7.62368631
v  -7.80741167 11.56657791 8.31535912
v  -8.29928875 11.43787098 8.40605927
v  -6.79805994 10.12470245 9.08265018
v  -7.28388119 11.20628738 8.51136971
v  -6.89721107 10.20451069 9.00960064
v  -6.99448299 10.33865833 8.94968510
v  -6.47857666 11.12054062 8.27134514
v  -7.20362473 11.12494183 8.46269417
v  -6.85771561 10.27239895 8.91881561
v  -6.55465317 10.27085972 8.83856773
v  -8.04233932 11.43787098 8.47490883
v  -9.14303970 11.68225098 6.87347984
v  -8.76131439 10.07109642 6.65309048
v  -8.10500526 8.33074093 6.94043922
v  -7.52799988 5.73396683 6.84073019
v  -7.11593103 3.67309284 6.65476084
v  -6.81427574 3.67309284 6.35310555
v  -6.42758560 11.14657593 8.26986885
v  -6.39020634 10.52464867 8.67839813
v  -6.79016161 1.69795895 5.94103622
v  -6.88901329 1.69795895 5.57211733
v  -7.11593056 3.67309284 5.22731161
v  -7.52799940 5.73396683 5.04134226
v  -8.10500526 8.33074093 4.94163322
v  -7.86751556 10.84311771 3.46899724
v  -8.48235989 10.83992290 3.63078499
v  -9.14303970 11.68225098 5.00859213
v  -8.76131439 10.07109642 5.22898102
v  -4.81648827 10.02838326 3.62857509
v  -10.89351749 10.75668812 5.30625439
v  -11.03820610 10.75411320 5.06799030
v  -10.96939564 10.75604153 4.81256676
v  -10.72346878 10.76076126 4.70020056
v  -9.23317814 11.89378548 4.95655060
v  -9.21064949 11.83558083 4.96955729
v  -8.51248455 11.89378548 4.23585796
v  -8.25325775 10.25389481 2.67005396
v  -8.37648392 10.21026039 2.64808011
v  -8.75374508 10.25511932 2.93098330
v  -8.17578411 10.21704578 2.82212591
v  -8.08702850 10.31626320 2.92690158
v  -8.26518917 10.18317890 2.71045136
v  -7.52799940 11.74235344 4.04433966
v  -10.30231571 11.69126415 6.53070641
v  -10.19656467 11.74397182 6.30180788
v  -10.09276772 11.81372452 6.21419764
v  -10.26641369 11.70315266 6.40731049
v  -9.85667706 10.29253006 8.06443119
v  -9.86512375 10.38317776 7.93811321
v  -9.23317814 11.89378548 6.92552090
v  -9.92598152 11.82737732 6.91192818
v  -9.57490730 10.17310429 8.36034584
v  -8.93448162 10.58291912 8.07137775
v  -9.10306549 10.41064167 8.17023754
v  -9.31295395 10.25191879 8.33697605
v  -9.45360374 10.21607876 8.39511299
v  -8.40842342 11.50194645 8.31291962
v  -8.34904194 11.46114826 8.44508743
v  -8.43877411 11.56262302 8.15540981
v  -7.91292715 11.50025463 8.35841560
v  -7.79441547 11.56417847 8.22545815
v  -6.41404867 10.33855152 8.79760075
v  -6.47176647 10.20431042 8.89716721
v  -6.77939177 10.12212563 9.03443432
v  -6.56336069 10.12192631 8.97709846
v  -7.52800035 11.79346371 7.86375618
v  -6.97848129 10.44160175 8.84226608
v  -7.07120800 10.52457142 8.85468864
v  -7.52800035 11.74235344 7.83773279
v  -7.07195759 10.67846966 8.71483231
v  -8.40802765 11.55783939 8.07737446
v  -9.44812870 10.54711723 7.53667641
v  -8.99856281 10.54711723 7.98624325
v  -9.39288712 11.68225098 5.94103575
v  -8.95210934 10.07109642 5.94103575
v  -8.52740288 8.33074093 6.51804161
v  -7.97784662 5.73396683 6.72019386
v  -7.52799988 3.67309284 6.76517391
v  -7.15908098 1.69795895 6.58002281
v  -6.88901329 1.69795895 6.30995560
v  -6.79016161 0.45604253 5.94103622
v  -6.88901329 0.45604253 5.57211733
v  -7.15908051 1.69795895 5.30204964
v  -7.52799940 3.67309284 5.11689854
v  -7.97784662 5.73396683 5.16187811
v  -8.52740288 8.33074093 5.36403036
v  -7.81417179 10.85385895 3.45096731
v  -8.47634792 11.74235249 4.29844904
v  -8.31228828 10.15431023 2.83282495
v  -8.57813549 10.15219116 2.90181065
v  -8.49947834 11.83558083 4.25838566
v  -10.74584866 10.80094242 5.39595032
v  -10.95029449 10.66122246 5.19483471
v  -10.82931137 10.66353035 4.75489330
v  -10.91399002 10.61480236 4.84500408
v  -10.67765617 10.66915321 4.73646641
v  -10.54621220 10.79705524 4.72018623
v  -9.98233032 11.30279446 4.75526333
v  -8.63264561 10.94836712 3.65325618
v  -8.78140354 10.35762787 3.06494141
v  -8.69132614 10.18223190 2.82382298
v  -8.59414864 10.13896656 2.74346066
v  -8.38846970 10.13998032 2.68844891
v  -7.77041817 10.89080811 3.43240404
v  -8.18222141 10.24018764 2.90905714
v  -8.07391071 10.36033154 3.03556347
v  -8.28184891 10.14600945 2.75874138
v  -10.16641617 11.70543385 6.79594421
v  -10.25683784 11.68957233 6.69752789
v  -10.05613041 11.75136948 6.86741114
v  -10.24284554 11.29440784 5.72108746
v  -9.49697018 11.89378548 5.94103575
v  -9.81233788 10.24736214 8.18710423
v  -9.78648853 10.42331982 7.78455639
v  -9.61637783 10.69032383 7.45264053
v  -9.81572819 10.29897881 7.91619825
v  -9.76702404 10.17171669 8.16787624
v  -8.48935986 11.79346180 7.60615969
v  -7.24823427 11.15458107 8.48550797
v  -6.46858025 10.67244053 8.55704403
v  -8.47634792 11.74235249 7.58362293
v  -8.36289978 11.49668980 8.24703407
v  -9.49094868 10.55606747 7.49912024
v  -9.63812637 10.13121319 7.99233246
v  -9.40793324 10.13121319 8.22252560
v  -10.00553608 11.56739807 6.64913559
v  -10.04634190 11.56930733 6.46546650
v  -8.68201065 8.33074093 5.94103575
v  -8.30715752 5.73396683 6.39088297
v  -7.94006872 3.67309284 6.65476036
v  -7.52799988 1.69795895 6.67887402
v  -7.15908098 0.45604253 6.58002281
v  -6.88901329 0.45604253 6.30995560
v  -6.89639616 -0.14476752 5.94103622
v  -6.98101521 -0.14476752 5.62523460
v  -7.15908051 0.45604253 5.30204964
v  -7.52799940 1.69795895 5.20319843
v  -7.94006872 3.67309284 5.22731161
v  -8.30715752 5.73396683 5.49118900
v  -8.53858852 10.85110855 3.64307451
v  -8.55156422 10.10320854 2.77535582
v  -10.12642670 11.14576530 5.56039858
v  -9.97444630 11.13373566 4.94272518
v  -10.83893394 10.67119312 5.29990530
v  -10.97377205 10.61310482 5.06775761
v  -10.78729534 10.58298397 4.78846264
v  -8.40522289 10.10315228 2.73674774
v  -8.71595001 10.22058678 2.96102428
v  -8.74778271 10.32373238 3.09341359
v  -10.25046730 11.62503147 6.54314947
v  -10.11660957 11.64290047 6.31558657
v  -10.20236397 11.62544250 6.42049360
v  -9.99320412 11.67740631 6.22842741
v  -9.80924034 10.21511078 8.04397202
v  -9.21065044 11.83558083 6.91251469
v  -9.83796501 11.67463970 6.84657288
v  -9.43723297 10.16861343 8.34278202
v  -9.55965519 10.12290096 8.30968380
v  -9.71743965 10.12173367 8.15101719
v  -8.96100616 10.55606747 8.02906227
v  -9.26102448 10.26570415 8.23728180
v  -6.48711205 10.43817806 8.71277523
v  -9.17058754 11.74235249 6.88938379
v  -9.67113781 10.15540314 7.99840021
v  -8.42769337 5.73396683 5.94103622
v  -8.24172401 3.67309284 6.35310507
v  -7.89691877 1.69795895 6.58002234
v  -7.52799988 0.45604253 6.67887402
v  -7.21219826 -0.14476752 6.48802090
v  -6.98101521 -0.14476752 6.25683832
v  -7.06723309 -0.62401986 5.94103622
v  -7.12896442 -0.62401986 5.71065331
v  -7.21219778 -0.14476752 5.39405155
v  -7.52799940 0.45604253 5.20319843
v  -7.89691830 1.69795895 5.30204964
v  -8.24172401 3.67309284 5.52896738
v  -8.48935890 11.79346371 4.27591228
v  -8.68699741 10.35237503 3.19077873
v  -8.65054321 10.14707851 2.85500479
v  -9.96713543 11.14044762 4.88572025
v  -9.42469692 11.74235535 5.94103575
v  -10.78166866 10.46642399 5.01040268
v  -10.68983555 10.74401093 5.38648939
v  -10.89855003 10.58337402 5.18840981
v  -10.87512970 10.53854847 4.87617397
v  -10.92469406 10.53748417 5.06146383
v  -10.63506031 10.61978531 4.77649164
v  -10.74659729 10.53526592 4.82721853
v  -10.50196648 10.74221897 4.76108408
v  -9.97107792 11.22497940 4.79198933
v  -9.17058659 11.74235249 4.99268770
v  -9.19312382 11.79346180 4.97967625
v  -8.58868408 10.88725758 3.65056491
v  -10.11455345 11.62375355 6.75322247
v  -9.98840904 11.64109516 6.81468105
v  -10.21639729 11.62261677 6.66219664
v  -10.21089935 11.22251701 5.69286585
v  -9.47095680 11.83558083 5.94103575
v  -9.76426697 10.24872971 7.89703274
v  -9.73552513 10.36731148 7.76419830
v  -9.57507324 10.62767124 7.45710230
v  -9.75823784 10.16687107 8.02597237
v  -9.61933708 10.09836674 8.13874340
v  -9.41071510 10.16217709 8.24830627
v  -9.53326321 10.58291912 7.47259521
v  -9.82790184 11.63437843 6.21110296
v  -9.70671368 11.62674141 6.78890419
v  -8.35213757 3.67309284 5.94103622
v  -8.16698551 1.69795895 6.30995512
v  -7.89691877 0.45604253 6.58002234
v  -7.52799988 -0.14476752 6.57263947
v  -7.29761648 -0.62401986 6.34007168
v  -7.12896442 -0.62401986 6.17141962
v  -7.28519917 -0.93269336 5.94103622
v  -7.31772804 -0.93269336 5.81963587
v  -7.29761648 -0.62401986 5.54200077
v  -7.52799940 -0.14476752 5.30943298
v  -7.89691830 0.45604253 5.30204964
v  -8.16698551 1.69795895 5.57211733
v  -8.65510750 10.23556423 3.03068924
v  -10.15269089 11.14819431 5.61252165
v  -10.78380013 10.62070179 5.28965998
v  -10.83657742 10.48866463 4.91326523
v  -10.67711830 10.53406239 4.89551306
v  -9.96601295 11.17086315 4.83547497
v  -10.17710400 11.57946777 6.62433958
v  -10.04836273 11.61163044 6.32053804
v  -10.14145756 11.58887291 6.43263340
v  -10.19685364 11.58115578 6.55911732
v  -9.91756725 11.64943027 6.22283030
v  -9.19312382 11.79346371 6.90239573
v  -9.77803421 11.64415836 6.81837940
v  -9.55213833 10.10006046 8.20331383
v  -9.62687874 10.38354588 7.68848848
v  -9.96350765 11.59642029 6.32894516
v  -8.26583767 1.69795895 5.94103622
v  -8.16698551 0.45604253 6.30995512
v  -7.84380150 -0.14476752 6.48802042
v  -7.52799988 -0.62401986 6.40180254
v  -7.40659952 -0.93269336 6.15130758
v  -7.31772852 -0.93269336 6.06243658
v  -7.52799940 -1.03921580 5.94103622
v  -7.40659952 -0.93269336 5.73076487
v  -7.52799940 -0.62401986 5.48026991
v  -7.84380102 -0.14476752 5.39405155
v  -8.16698551 0.45604253 5.57211733
v  -9.45071983 11.79346561 5.94103575
v  -10.18084812 11.17377853 5.65667725
v  -10.55483913 10.76860523 5.39785528
v  -10.84488010 10.53535366 5.17774820
v  -10.87307835 10.48796654 5.05075455
v  -10.54083252 10.64379120 4.83384418
v  -10.36907768 10.79741287 4.81858206
v  -10.06904793 11.58695126 6.71571970
v  -9.93602562 11.60851479 6.78039980
v  -9.67365170 10.25046253 7.84831524
v  -9.87314987 11.59212494 6.73676968
v  -8.26583767 0.45604253 5.94103622
v  -8.07498455 -0.14476752 6.25683784
v  -7.75838280 -0.62401986 6.34007120
v  -7.52799940 -0.93269336 6.18383646
v  -7.52799940 -0.93269336 5.69823599
v  -7.75838280 -0.62401986 5.54200077
v  -8.07498360 -0.14476752 5.62523460
v  -10.67921543 10.62758827 5.28617191
v  -10.75482559 10.52686024 5.15702057
v  -8.15960312 -0.14476752 5.94103622
v  -7.92703485 -0.62401986 6.17141914
v  -7.64939976 -0.93269336 6.15130758
v  -7.64939976 -0.93269336 5.73076487
v  -7.92703485 -0.62401986 5.71065331
v  -7.98876572 -0.62401986 5.94103622
v  -7.73827076 -0.93269336 6.06243610
v  -7.73827076 -0.93269336 5.81963587
v  -7.77079964 -0.93269336 5.94103622
v  -7.52799749 21.86689949 5.94108772
v  -8.22372437 21.73380852 7.00392103
v  -7.59909773 21.73380852 7.20939159
v  -6.95542002 21.73380852 7.07502174
v  -8.66193104 21.73380852 6.51366425
v  -8.81150532 21.34814453 7.90185070
v  -7.65916634 21.34814453 8.28091240
v  -6.46516418 21.73380852 6.63681459
v  -6.47168112 21.34814453 8.03302002
v  -8.79630089 21.73380852 5.86998701
v  -9.61992931 21.34814453 6.99740314
v  -7.89561081 20.74935722 9.21326160
v  -9.48244667 20.74935722 8.59106636
v  -6.25969362 21.73380852 6.01218843
v  -5.56723499 21.34814453 7.22459602
v  -6.21027279 20.74935722 8.95868015
v  -8.59082985 21.73380852 5.24536085
v  -9.86782169 21.34814453 5.80991793
v  -10.54559040 20.74935722 7.25881052
v  -6.39406395 21.73380852 5.36851072
v  -5.18817329 21.34814453 6.07225704
v  -4.87801886 20.74935722 7.89553738
v  -8.10057449 21.73380852 4.80715466
v  -9.48875904 21.34814453 4.65757942
v  -10.80017090 20.74935722 5.57347298
v  -9.86123562 20.25921631 9.03745747
v  -7.53136444 20.20235443 9.90671825
v  -5.98361540 20.29576302 9.45808887
v  -6.83227062 21.73380852 4.87825489
v  -5.43606567 21.34814453 4.88477182
v  -4.25582409 20.74935722 6.30870152
v  -4.14412498 20.08967972 8.19033718
v  -7.45689678 21.73380852 4.67278433
v  -8.58431244 21.34814453 3.84915614
v  -10.17797470 20.74935722 3.98663807
v  -11.02835846 20.18382645 7.92361307
v  -6.24448919 21.34814453 3.98032570
v  -4.51040554 20.74935722 4.62336397
v  -3.42254162 20.14255714 6.69786692
v  -7.39682770 21.34814453 3.60126400
v  -8.84572029 20.74935722 2.92349601
v  -11.45356560 20.25580788 5.40312386
v  -9.51475906 18.75079536 10.99548340
v  -8.97681904 18.75079536 11.17243767
v  -5.56614971 18.77094841 11.34360123
v  -7.13964128 18.77094841 11.67207336
v  -3.94024324 18.39159012 10.38063622
v  -3.44634867 18.32730293 9.96585369
v  -5.67265463 20.86985970 3.23262095
v  -3.89459300 20.10423660 3.83017254
v  -2.93966389 19.35188675 8.08214664
v  -2.43738413 19.35188675 6.55522633
v  -7.33355570 20.70187950 2.45414114
v  -11.13528156 19.94014168 3.67241526
v  -12.10644531 18.98833275 9.02375317
v  -11.05446339 18.96639061 10.24075127
v  -9.97832012 19.93806076 9.41717052
v  -5.38632393 18.73909950 11.29323006
v  -7.63450909 19.92563057 10.21121120
v  -6.22357893 17.48800278 12.25443745
v  -5.72944546 19.96238899 9.76713181
v  -5.10082054 19.96155357 2.48491669
v  -2.88901186 19.22379494 4.56011963
v  -3.89687920 19.84707832 8.33796215
v  -9.26421165 20.00297737 2.08822775
v  -12.36599922 19.32304382 6.72092533
v  -12.26926231 19.31668282 7.20259285
v  -11.32137489 19.91246796 7.98626804
v  -8.50203800 19.00132942 10.97437668
v  -9.21158600 18.59389687 11.20317078
v  -10.92840290 18.92708778 10.37713242
v  -9.76842499 19.00933456 10.54583359
v  -5.49165630 18.28813744 11.60303593
v  -7.32486439 18.74159431 11.69477844
v  -6.52804852 17.54374123 12.29453564
v  -5.99184942 17.53794479 12.18630123
v  -3.34339952 18.08650970 9.85152435
v  -3.69984484 18.30315971 10.29032612
v  -4.43379784 18.74530220 10.32352352
v  -4.18489456 18.53896904 10.39170170
v  -7.27028322 19.62558746 1.30701733
v  -3.23139477 19.42118073 4.14118671
v  -2.84216022 19.30415535 5.19507647
v  -2.83582640 19.24388504 4.91752815
v  -2.87376451 19.22379494 4.63316059
v  -2.98764658 19.54523468 5.72971201
v  -2.89276695 19.40460587 5.46580458
v  -2.38803434 19.31847191 6.37705803
v  -1.71865749 18.20547295 8.00863838
v  -1.44287968 18.20547295 7.17027998
v  -3.01026392 19.31853294 8.25950813
v  -12.65579224 18.79371071 3.52792120
v  -13.16003990 18.79156113 5.05413914
v  -11.81639671 19.93050385 5.52213192
v  -12.27732849 18.46151733 9.68335247
v  -11.60758591 18.46151733 10.43264580
v  -12.23719501 18.94013405 8.88692665
v  -12.00717354 19.27285576 7.72431374
v  -8.71684456 18.81119347 11.11940956
v  -9.34462929 18.59439659 11.15865707
v  -8.95336056 18.67538452 11.19567490
v  -10.82559586 18.83092690 10.43848991
v  -10.03736877 19.64666176 9.65441704
v  -9.68799400 18.81569672 10.79321957
v  -5.27832985 18.64354706 11.23219204
v  -5.60954380 17.93801117 11.85111237
v  -7.18289948 18.37877083 11.89720535
v  -7.71590805 19.63917923 10.40808678
v  -6.77569962 17.71078491 12.23942184
v  -6.35350990 17.15241814 12.42911053
v  -5.87298727 17.22493744 12.29248524
v  -5.77627516 17.68794632 12.04553413
v  -3.54508090 18.08650970 10.25752831
v  -3.75236034 18.11248589 10.40794849
v  -5.56258392 19.65749550 9.95304585
v  -4.17115927 18.32029915 10.50346279
v  -3.96105266 18.19041443 10.48992729
v  -3.98942327 18.96782112 1.63606119
v  -2.91525412 18.96392632 2.83110285
v  -3.65137744 19.86255264 3.81809115
v  -3.04311705 19.23104858 4.31561708
v  -3.11391449 19.85083580 6.46729136
v  -2.75793648 19.17312241 5.48585415
v  -2.72365427 19.06949425 5.23926306
v  -2.72573280 19.00731659 4.98282194
v  -2.76417065 18.98659325 4.71653032
v  -1.63153982 18.61725807 6.66161823
v  -1.41764688 18.14496422 7.12875175
v  -3.75048399 19.60454941 8.42296505
v  -11.03536987 18.67085075 1.80828333
v  -11.30748081 18.67217636 2.05335021
v  -11.41786575 19.11675262 2.77366114
v  -10.29497147 19.09554863 1.74045753
v  -12.58191109 18.76475334 3.35540986
v  -12.62424183 18.83735466 6.82663393
v  -12.54255295 18.83831596 7.21360874
v  -13.20066452 18.76597023 5.23665762
v  -12.35610962 19.25750923 6.12229872
v  -11.03223610 18.83136749 10.41539574
v  -11.58458710 18.41520691 10.46891975
v  -12.03768063 18.27661133 10.18584633
v  -12.07823753 18.27663040 10.14047337
v  -11.51197052 19.63323975 8.01355839
v  -8.50331879 18.77219009 11.09128666
v  -9.54672909 18.67738342 10.99749374
v  -9.30223370 18.38001442 11.25080109
v  -8.90204716 18.47805786 11.27977753
v  -9.84216118 18.78032875 10.64775276
v  -9.76979828 18.60519218 10.85938549
v  -5.46813965 17.76419258 11.86094475
v  -6.99398327 17.98912621 12.10697746
v  -7.44904947 18.65353203 11.67281532
v  -6.60378313 17.22415161 12.44507790
v  -6.11213207 17.15639305 12.37724495
v  -5.68594027 17.34908676 12.17818069
v  -3.59113455 17.89686012 10.25041008
v  -4.38267994 18.50213432 10.44855690
v  -5.43692350 18.80104446 1.06000328
v  -6.14346504 18.78462982 0.80026007
v  -4.11784840 18.93112373 1.50205517
v  -3.50324678 19.61024857 3.83164191
v  -2.89181423 19.09523964 4.52077723
v  -3.15901423 19.18918610 4.11814070
v  -2.82857752 19.31819725 5.72259283
v  -2.42399263 19.21823502 6.30807400
v  -2.17469454 18.64436340 8.24143696
v  -1.41016769 18.02673149 7.38522530
v  -3.08433056 19.21848106 8.37288189
v  -3.35248709 17.89686012 9.77918720
v  -9.64512348 18.44141960 0.50787163
v  -8.07163239 18.44141960 0.17939997
v  -11.28735447 19.64632416 3.52351236
v  -9.46914005 19.67579842 1.91189289
v  -10.54876518 18.89735603 1.69012117
v  -10.79556465 18.75579071 1.71272993
v  -11.25679970 18.45298576 1.90448141
v  -11.45985031 18.90928268 2.52108717
v  -11.42305565 18.76109123 2.28098321
v  -13.75777245 17.82742310 4.52805138
v  -13.44035912 17.82742310 3.56312656
v  -12.23231983 19.07007027 7.60429144
v  -12.59508324 18.92138481 6.56855965
v  -12.65344238 18.60877419 7.01079273
v  -12.64200592 18.60877419 7.06557035
v  -12.41077995 18.92522240 7.43405676
v  -13.18245506 18.69158554 5.36579990
v  -12.02729416 19.64357758 5.60959816
v  -12.50570583 19.06143761 6.33378124
v  -12.29968071 18.76063538 9.10811424
v  -12.23827934 18.30694962 9.91238976
v  -12.22194099 18.06198120 10.14042473
v  -12.02696133 18.06165886 10.35853863
v  -12.29809761 18.83922386 8.76738548
v  -12.10601425 19.03471756 7.77662230
v  -8.69204521 18.60061264 11.21566963
v  -9.46150875 18.40503311 11.17546177
v  -9.13332367 18.40452576 11.28361320
v  -10.74604416 18.67790222 10.42482376
v  -11.22386360 18.46241951 10.59796333
v  -10.03759956 19.39222717 9.74487114
v  -9.64291382 18.48009300 11.03528881
v  -5.24216557 18.48429489 11.16048622
v  -5.55099010 17.52883911 12.03433418
v  -6.98030758 17.53729439 12.32627296
v  -7.10655928 17.77870178 12.19149971
v  -7.76679468 19.37921715 10.47955704
v  -6.81271553 17.35244370 12.41079903
v  -6.36145163 16.97815323 12.47806931
v  -6.08370495 16.97134781 12.42166996
v  -5.83929014 17.00458145 12.34727192
v  -5.65027761 17.10162926 12.23846531
v  -3.79822803 17.92342377 10.40115833
v  -5.48820448 19.39328384 10.01061249
v  -4.21554327 18.13594246 10.49929905
v  -4.00636435 18.00311852 10.48412132
v  -5.23325872 19.14413643 1.51557207
v  -5.30270433 18.94399834 1.26605988
v  -3.31066561 18.17539406 1.33680773
v  -2.83754921 18.14757729 1.66692448
v  -4.22316551 18.83816147 1.44276333
v  -2.79712200 18.92817879 2.97642159
v  -2.99911642 19.00225449 4.27923298
v  -2.95721722 19.61049843 6.31499958
v  -2.71541071 18.97417259 5.51412010
v  -2.69051981 18.85625076 5.27028036
v  -2.69823265 18.78549957 5.01548958
v  -2.76784658 18.78861809 4.69581079
v  -2.86872721 18.86873245 4.47178984
v  -1.49143696 18.34180641 6.88754988
v  -1.46440744 18.23767662 6.72969246
v  -1.92925978 18.35659218 8.17799854
v  -1.56580830 18.02799988 7.85355663
v  -1.30701065 17.87533569 7.10682440
v  -3.71109724 19.37765503 8.44190025
v  -9.82447243 18.41724968 0.56594467
v  -11.53565788 18.87184334 2.71241927
v  -10.34621906 18.86210442 1.62765312
v  -9.93103409 18.34473801 0.65009069
v  -10.56497097 18.68311691 1.58820963
v  -10.78024387 18.55526733 1.61278963
v  -10.99203587 18.47855759 1.70139408
v  -11.20034885 18.45298576 1.85402298
v  -11.42915821 18.47916412 2.09345913
v  -11.53308678 18.55770111 2.29110718
v  -11.56858635 18.68859100 2.49742723
v  -13.53002548 18.23693848 4.95300865
v  -13.70858955 17.62143517 4.00157976
v  -13.71552086 17.62144089 4.02263880
v  -13.00703239 18.23925972 3.37083125
v  -12.49368763 18.68242073 3.25758505
v  -12.68427467 18.63495636 6.75174999
v  -12.56604385 18.63539696 7.31342411
v  -12.61732483 18.41109085 6.98237324
v  -12.59704590 18.41109085 7.07952309
v  -12.45139122 18.71526146 7.51455069
v  -12.46736908 19.02767181 6.12072563
v  -12.59123898 18.84440231 6.30671692
v  -11.32081795 18.58859062 10.48423195
v  -11.82354069 18.31121445 10.36945820
v  -12.34900093 18.54895020 9.39620972
v  -12.32853317 18.39772224 9.66430187
v  -11.83827782 18.08647537 10.52842331
v  -12.27741623 17.81753349 10.16542435
v  -12.04724026 17.81670570 10.42287254
v  -11.58405113 19.37883568 8.00437450
v  -8.46835327 18.59158516 11.07213211
v  -9.09925175 18.21569824 11.25753403
v  -9.47519398 18.21639252 11.13369560
v  -8.86779594 18.29087639 11.25508404
v  -8.65749645 18.41617012 11.19328499
v  -9.78505039 18.42243576 10.82082367
v  -9.85878277 18.60272217 10.61199188
v  -9.65718746 18.29365921 10.99472427
v  -5.43845463 17.48717499 11.91761971
v  -7.51219702 18.50676155 11.60618973
v  -6.61276770 17.01044083 12.50691700
v  -6.33940792 16.84781456 12.50226212
v  -5.51666546 17.26249504 12.09524822
v  -3.64156461 17.74014282 10.16918755
v  -4.42576504 18.32189369 10.44669151
v  -7.26760912 19.51348495 1.28042126
v  -5.87895966 18.71116638 0.81062078
v  -5.02972937 19.65717125 2.23820615
v  -5.21513367 18.72948837 1.19892216
v  -5.33500767 18.60065842 1.02363253
v  -3.05842638 17.96336937 1.31928778
v  -2.62797594 18.11940575 1.87142467
v  -2.44823599 18.23215866 2.38232398
v  -2.74730635 18.83416748 3.09442282
v  -3.46076059 19.37437248 3.86805677
v  -3.19131184 19.00170326 4.11241388
v  -2.77290440 19.13926315 5.74700880
v  -2.50633907 19.05117035 6.23658228
v  -1.35811996 18.02648926 6.90583515
v  -2.01179218 18.25271416 8.33355045
v  -1.72629786 18.15113831 8.04870415
v  -1.82253838 18.03303337 8.28222179
v  -1.37032747 17.75313759 7.58333874
v  -1.43034983 17.75240517 7.76519489
v  -1.31108046 17.78421783 7.33265877
v  -3.16186190 19.05172348 8.42226696
v  -3.45468235 17.70473480 9.66843414
v  -9.76957130 18.22392654 0.44952631
v  -7.88402987 18.41724968 0.16087055
v  -11.33652782 19.38280678 3.45885825
v  -9.56302834 19.40121078 1.86466646
v  -9.96481037 18.22388840 0.76031017
v  -11.15677834 18.26191330 1.86449385
v  -11.25441265 18.26191330 1.95176268
v  -11.42724419 18.28872681 2.14054179
v  -13.68528652 17.96770477 4.77113247
v  -13.58913040 17.66000175 3.73242760
v  -13.80287743 17.41888428 4.16557121
v  -13.68750572 17.41862488 3.81552792
v  -13.77803421 17.65995598 4.30594730
v  -13.23835182 17.96891403 3.41705346
v  -12.29804802 18.84836769 7.66895008
v  -12.66354179 18.71349716 6.51705837
v  -12.52181721 18.43871880 7.32775640
v  -12.52078438 18.25345421 6.98185492
v  -12.50787163 18.25296593 7.04198742
v  -13.10541248 18.56840897 5.44156408
v  -13.66337395 17.92083931 4.95753241
v  -12.08662224 19.39430237 5.66571712
v  -11.43672848 18.28685760 10.64813614
v  -11.64153385 18.16154289 10.62495613
v  -12.45089245 18.43443108 9.26771069
v  -12.48921585 18.27171326 9.49460220
v  -12.37474060 18.08548927 9.93095970
v  -11.85882759 17.84095573 10.59176636
v  -12.42956734 17.84098244 9.95601463
v  -12.26923561 17.62197685 10.18926239
v  -12.28915215 18.68560028 8.66513062
v  -12.07279778 18.85315704 7.79664660
v  -11.24864864 18.21269417 10.64657688
v  -10.68974781 18.46801949 10.33613205
v  -9.97822952 19.18195724 9.68420696
v  -9.80704308 18.42468071 10.51262474
v  -5.27783251 18.26134109 11.07811356
v  -6.98875570 17.27142525 12.39542961
v  -6.82186890 17.10819626 12.47937012
v  -7.11342812 17.50012398 12.25509644
v  -7.77840090 19.18195724 10.40784073
v  -6.09160089 16.81707954 12.45557499
v  -5.85033131 16.79317856 12.38927650
v  -5.66633749 16.84238243 12.28305531
v  -5.53961945 16.96469116 12.13691521
v  -3.85499692 17.75219536 10.31146431
v  -5.51147747 19.18195724 9.93461037
v  -4.48647976 18.14540291 10.35412979
v  -4.27745438 17.95482445 10.40393448
v  -4.06696081 17.82375526 10.38971329
v  -6.61810303 18.88579369 0.87545776
v  -5.63591719 18.71526909 0.89740133
v  -5.94543219 18.52185822 0.73806000
v  -6.18524265 18.59464645 0.73090935
v  -5.15258455 18.90984917 1.40969753
v  -5.51220894 18.52336311 0.88382864
v  -2.81933022 17.81192589 1.37269831
v  -3.03499842 17.74047661 1.22340298
v  -3.25387621 17.92494774 1.23878479
v  -4.30537558 18.68892670 1.45818520
v  -2.59337807 17.72105598 1.49703789
v  -2.30468655 17.95092583 2.33943439
v  -2.35670137 17.99529839 2.14972830
v  -3.04127550 18.80397987 4.27596188
v  -2.94285822 19.39603996 6.22754717
v  -2.75629473 18.78022385 5.52478027
v  -2.73726654 18.65219116 5.28400993
v  -2.74849653 18.57537079 5.03106070
v  -2.82127666 18.57800865 4.69534683
v  -2.91793108 18.66275024 4.47027302
v  -1.44770050 17.99214745 6.72280741
v  -1.66254711 17.87642097 8.17038631
v  -1.53181696 17.78287697 7.99804449
v  -1.43240118 17.50135803 7.81559753
v  -1.35204363 17.50345993 7.57305193
v  -1.28882360 17.62791061 7.09749031
v  -1.29267216 17.53571129 7.32266140
v  -1.34049988 17.78005600 6.89753866
v  -3.78487921 19.18195724 8.39131927
v  -8.05049706 18.15860748 0.05520010
v  -9.25524235 17.59292984 -0.00042200
v  -11.54085732 18.69092941 2.75653815
v  -10.52385902 18.49891853 1.59514809
v  -10.30701828 18.68325233 1.63184452
v  -9.80745697 17.88650131 0.37550735
v  -10.73776627 18.36724854 1.62169075
v  -10.94873905 18.28824615 1.71147299
v  -11.10743141 18.10551643 1.94629526
v  -11.17913628 18.10464859 2.01122761
v  -11.53259659 18.36916733 2.33759785
v  -11.34438896 18.11705780 2.20722342
v  -11.57046700 18.50323677 2.54292965
v  -13.76795578 17.77537727 4.55544472
v  -13.78945351 17.70137978 4.80840397
v  -13.43238449 17.77582741 3.53758574
v  -13.58612823 17.45003510 3.58448911
v  -13.85920525 17.45040131 4.41242409
v  -13.63543510 17.21904755 3.79013705
v  -13.77354717 17.21970940 4.20824003
v  -13.10622787 17.92350960 3.27659321
v  -13.29549026 17.70247650 3.31502223
v  -12.39112186 18.54671288 3.23444653
v  -12.64893150 18.43847275 6.72349548
v  -12.40936661 18.52160645 7.53002167
v  -12.44098282 18.14285278 6.73111677
v  -12.42161846 18.26460838 7.28676367
v  -12.25969315 18.65975380 7.68631792
v  -12.56207848 18.65753555 6.27977943
v  -12.44361877 18.84921646 6.09494066
v  -12.63051701 18.52062225 6.48929739
v  -12.46383286 18.15539932 9.71568489
v  -11.66292572 17.91503716 10.68534756
v  -12.06329536 17.59499931 10.41909981
v  -11.87567902 17.59514046 10.58592129
v  -11.52152157 19.18195724 7.95760632
v  -8.45079517 18.41542435 10.96367359
v  -9.42490482 18.04557610 11.04031563
v  -9.08486366 18.04523087 11.15265369
v  -8.85163975 18.11195374 11.14430237
v  -8.64028358 18.23535347 11.08131027
v  -9.73185635 18.24053574 10.71945477
v  -9.60447693 18.11416626 10.89535141
v  -9.56236172 18.30429459 9.04890442
v  -5.47017813 17.16009903 11.95085430
v  -7.51430750 18.30128098 11.49489689
v  -6.58230639 16.80957794 12.53726959
v  -6.31477547 16.75105095 12.52138615
v  -3.70368958 17.56135750 10.03481770
v  -5.85373259 18.30429459 9.25680733
v  -4.35767269 17.71225166 10.23390007
v  -4.14191532 17.61231613 10.23037243
v  -7.75270271 18.34473801 0.19535637
v  -6.40946627 18.71595573 0.77670813
v  -7.27004910 19.36909294 1.33580303
v  -6.21242857 18.40755463 0.76155186
v  -5.02158165 19.39398766 2.14054465
v  -5.19724512 18.54681206 1.23815346
v  -5.31841135 18.41347504 1.06536198
v  -5.49638748 18.33347130 0.92705631
v  -3.07924271 17.55118561 1.22813272
v  -3.29782391 17.73607254 1.24389219
v  -2.43855143 17.72460365 1.67529392
v  -2.22962713 17.75508881 2.14621329
v  -2.81186533 18.67207718 3.14551163
v  -2.35347319 17.82611465 1.91405106
v  -3.53447556 19.18195724 3.92456889
v  -3.16317606 18.59556961 4.34355974
v  -2.80558062 18.95947266 5.75337076
v  -2.84679508 18.44461441 5.00364256
v  -2.55480337 18.81727982 6.21881342
v  -1.82571554 17.77914619 8.33054829
v  -2.01544714 17.99823952 8.38039875
v  -1.66529703 17.62330055 8.21979809
v  -1.53419209 17.53070641 8.04814816
v  -1.38309908 17.32918549 7.59265232
v  -1.34961748 17.35646820 7.11787319
v  -3.24285936 18.81826782 8.40766430
v  -4.42018223 18.30429459 7.97545242
v  -8.74459267 17.58884621 -0.10923910
v  -9.47726727 17.71912956 0.11444235
v  -9.64871025 17.92946434 0.26442528
v  -11.27111530 19.18195724 3.49085522
v  -9.92580032 18.05470085 0.89660263
v  -9.54451656 19.18195724 1.94756556
v  -10.24513149 18.49948311 1.72993326
v  -9.82089233 17.67660332 0.43313503
v  -11.07406712 17.99316025 2.02822232
v  -11.10276604 17.99414635 2.05268693
v  -11.44583416 18.18962479 2.40855145
v  -13.63347626 17.72303200 4.99803543
v  -13.53392410 17.25029182 3.55923820
v  -13.82997131 17.25148010 4.45491362
v  -13.68112373 17.06545639 4.21856546
v  -13.85473061 17.54456711 4.62670135
v  -13.45545673 17.54465294 3.41765404
v  -12.30146027 18.33621025 7.48673868
v  -12.54009819 18.26395988 6.72183800
v  -12.33499908 18.14415550 7.23891830
v  -12.96953773 18.39644241 5.46395111
v  -11.99474907 19.18195724 5.69068241
v  -12.31147480 18.64455795 6.09247160
v  -11.45953274 18.03894997 10.70361805
v  -12.53876686 18.02456474 9.52002144
v  -12.49581432 18.18470192 9.29343891
v  -12.51668358 17.90999222 9.74088001
v  -11.68115616 17.65113831 10.67534256
v  -12.41689873 17.60245514 9.98061371
v  -12.35643387 17.22824287 10.01895905
v  -12.21035767 18.47926521 8.58016205
v  -11.95942879 18.65930748 7.75228834
v  -9.37111282 17.93725204 10.96891785
v  -9.08557320 17.93664169 11.06272697
v  -8.85195160 18.11216927 11.14830208
v  -8.63704395 18.23276138 11.08349037
v  -11.27139187 17.93071175 10.62197971
v  -10.48622513 17.78598404 9.71144772
v  -9.73653316 18.23939323 10.72008133
v  -9.60703468 18.11521912 10.89924431
v  -9.82109928 18.43449783 10.52106953
v  -5.46498966 17.59996223 10.84962845
v  -6.94230175 16.94124413 12.41411972
v  -6.78327084 16.84072113 12.50788975
v  -7.05939913 17.11114883 12.25596237
v  -7.38862658 17.60801125 11.23165226
v  -8.44477081 18.42275810 10.97693825
v  -6.10313606 16.72353745 12.48019409
v  -5.87735033 16.63130569 12.40745735
v  -5.72817612 16.54860687 12.27822113
v  -5.62619781 16.57568932 12.13256454
v  -5.58509731 16.70712471 11.90676975
v  -3.92392063 17.56201744 10.16401100
v  -3.58696461 17.51304054 9.58084965
v  -4.57119417 17.86182594 10.17459488
v  -6.63511229 18.70980644 0.91238213
v  -5.97516298 18.33199120 0.76713228
v  -6.43241167 18.53349495 0.80996847
v  -5.13288879 18.73348618 1.44543123
v  -2.82590294 17.60871124 1.27143669
v  -3.15240908 17.36578941 1.31904364
v  -3.37078238 17.55195427 1.33397675
v  -2.87035847 17.41912270 1.27589798
v  -4.36447620 18.48342514 1.54832029
v  -2.30210781 17.53127480 1.74832630
v  -2.29329824 17.61102867 2.21387649
v  -2.37972784 17.80655670 2.39919233
v  -2.22876692 17.61520576 1.94917727
v  -3.42091846 18.59321404 4.24677324
v  -3.20649862 18.61748505 5.73800516
v  -2.98989201 18.47769547 5.50076485
v  -2.88090944 18.47193527 5.25128508
v  -2.90303421 18.45519829 4.74223709
v  -2.99234104 18.51926422 4.51721001
v  -3.06124592 19.18195724 6.19149160
v  -1.55860233 17.60467720 6.74291563
v  -1.33605051 17.31521225 7.34278488
v  -1.47224092 17.24370193 7.80571365
v  -1.42380190 17.45295715 6.91791677
v  -3.48752642 17.56158829 8.23624134
v  -9.70759392 17.64191246 0.22186852
v  -8.48937035 17.70280075 -0.10065126
v  -8.25800514 17.89272118 -0.04583836
v  -8.05590725 17.85467148 -0.00741577
v  -8.92453861 17.32744217 -0.11232901
v  -9.55877304 17.46720505 0.09595060
v  -11.45729828 18.51523018 2.82720542
v  -10.46166706 18.31354713 1.69407654
v  -10.67756081 18.18590546 1.71818495
v  -10.18349838 18.34846306 1.83864450
v  -10.89281654 18.11656380 1.80225754
v  -11.15235329 17.85177612 2.32627606
v  -11.24605942 17.97767258 2.26733613
v  -11.48347092 18.32235146 2.61521196
v  -11.33699322 18.03507805 2.47984815
v  -13.75993538 17.50314140 4.84981155
v  -13.54208565 17.04996872 3.83181405
v  -13.40319633 17.34486008 3.39270425
v  -13.72427368 17.07859802 4.46779013
v  -13.82543373 17.34595680 4.66877079
v  -13.24325275 17.50275230 3.29053545
v  -13.05409431 17.72396278 3.25273275
v  -12.27421570 18.35763168 3.28599429
v  -12.14739704 18.46777916 7.64191341
v  -12.19624901 18.19535637 7.43310261
v  -12.51165199 18.33264732 6.48693466
v  -12.23872375 18.01935387 7.18785095
v  -12.33229637 18.01856613 6.73914862
v  -12.43544388 18.45951271 6.27714634
v  -12.18375969 18.49036980 6.09512901
v  -11.47972679 17.76299477 10.68736076
v  -11.89854622 17.22717094 10.52828598
v  -11.70790195 17.21021271 10.58217430
v  -11.84843636 17.73870087 8.33724594
v  -11.84427166 18.50597382 7.70005703
v  -9.09338856 17.86061096 10.97740364
v  -9.31372452 17.86097145 10.90526581
v  -8.85294437 17.97174835 11.03516197
v  -11.32199955 17.23729515 10.39254570
v  -9.71272278 18.17213821 10.39655781
v  -10.49121666 17.66611099 9.65852070
v  -7.73590088 18.30429459 9.64971733
v  -6.54375458 16.64646149 12.54500389
v  -6.25085831 16.41383362 12.54259300
v  -6.14283133 16.41311264 12.51998520
v  -3.72800708 17.49114418 9.96024132
v  -5.50620699 17.48388672 10.81201553
v  -5.90274382 18.17901039 9.15974522
v  -4.39773655 17.58958435 10.11863995
v  -4.17500496 17.52130699 10.13275623
v  -3.95176172 17.48849487 10.07995605
v  -7.67765141 18.22388840 0.28285742
v  -7.27759314 19.18195534 1.47433758
v  -6.22656679 18.22431374 0.87729979
v  -6.44652367 18.34317398 0.93256092
v  -5.07776546 19.18195534 2.19797063
v  -5.18388081 18.55517006 1.54517984
v  -5.24973011 18.36451530 1.33998585
v  -5.37047386 18.23341942 1.16530752
v  -5.54611254 18.16188049 1.02114344
v  -2.62658882 17.52965164 1.38288546
v  -3.43810225 17.38029099 1.43937159
v  -2.94115114 17.23796272 1.36464548
v  -2.67117167 17.33988571 1.38718510
v  -2.31667423 17.40536118 2.03517199
v  -2.85261774 18.47134972 3.24847126
v  -4.21227837 18.30429459 4.26682377
v  -3.49745417 18.45704842 4.29156017
v  -2.98479271 18.33238792 4.78912735
v  -2.92492771 18.32106590 5.01926136
v  -2.88975954 17.54449272 6.40794373
v  -1.90589046 17.41679573 8.30973721
v  -1.72399187 17.31475639 8.20482254
v  -2.12513971 17.56317711 8.35155964
v  -1.57944202 17.25705910 8.03681469
v  -1.50406313 16.92124939 7.65387630
v  -1.47494745 16.87212753 7.40535927
v  -1.51583529 16.86536026 7.18282747
v  -1.62672663 16.90094376 6.98628139
v  -4.51115799 18.17901039 7.91590023
v  -8.23252010 17.62401009 -0.09577894
v  -8.43616295 17.45924759 -0.14271832
v  -8.66683578 17.36039352 -0.14823532
v  -9.11425495 17.32744217 -0.07272530
v  -9.36099339 17.36238098 -0.00224733
v  -11.36178017 18.37153435 2.89846373
v  -10.39829826 18.15332603 1.81305408
v  -10.61832619 18.02906609 1.83612013
v  -9.76053810 17.42969513 0.59286451
v  -9.58354568 17.17704010 1.57440567
v  -9.20226097 18.30429459 2.62536836
v  -9.72249889 17.43135834 0.27944708
v  -10.84358311 17.97567749 1.90784264
v  -10.79515648 17.85050011 2.00739074
v  -11.37556648 18.16636658 2.69022393
v  -13.50106716 17.51617432 5.01319027
v  -13.43210220 17.06854248 3.60445786
v  -13.70864773 17.15809631 4.68330240
v  -13.43455887 16.76749802 4.21366739
v  -13.44382858 16.74699020 4.46785593
v  -13.29453850 17.15299606 3.44106197
v  -11.71252441 17.73381042 3.61085701
v  -12.03267479 18.31596184 7.58681583
v  -12.39322281 18.19130898 6.49422836
v  -12.09819412 18.05334282 7.37523127
v  -12.16855145 17.94298363 7.13831568
v  -12.24805069 17.94251633 6.75573730
v  -12.36380196 17.68424034 5.44953346
v  -11.23662663 18.30429459 5.73318243
v  -12.30748177 18.30714798 6.28223228
v  -12.50205612 17.67535210 9.54105091
v  -12.49450493 17.62024689 9.76454353
v  -12.43954945 17.76777267 9.31013680
v  -11.51363087 17.21862602 10.53876305
v  -12.31925583 17.04493904 10.03175640
v  -10.84371758 18.30429459 7.61535120
v  -9.53856945 17.97276688 10.80844021
v  -8.86218262 17.87523651 10.93334198
v  -9.24819756 17.80465889 10.84217930
v  -9.10776043 17.80435562 10.88776302
v  -8.64371014 18.04912186 10.95255661
v  -8.45787048 18.16877174 10.81491184
v  -9.65243912 18.05106163 10.61765385
v  -9.50280952 18.17901039 8.95792770
v  -6.84567928 16.67024422 12.34845161
v  -6.71856976 16.55849838 12.48406982
v  -6.96443892 16.78483772 12.19826794
v  -7.72981453 18.17901039 9.54115391
v  -5.90506458 16.42868423 12.43917179
v  -6.20707035 16.31501198 12.52305031
v  -5.73285389 16.48287582 12.31003189
v  -5.61735487 16.64501190 11.90835571
v  -3.62031031 17.45037842 9.57251263
v  -4.61995792 17.69332695 10.03760719
v  -6.64804935 18.51704216 1.03926086
v  -5.98817921 18.16045761 0.87347841
v  -5.20109749 18.49809265 1.58541393
v  -5.27645779 18.29659843 1.38784361
v  -5.39933681 18.16795349 1.20964146
v  -3.21456528 17.21647072 1.41625786
v  -4.51451969 17.74615288 1.95064282
v  -2.39178419 17.58680725 2.45610547
v  -2.32202148 17.38525200 2.26331973
v  -2.38759184 17.27831841 1.78393078
v  -3.22169781 17.76566124 3.41587043
v  -3.28507662 18.38716316 4.41115713
v  -3.81936812 18.30429459 6.14899158
v  -3.15549612 18.26195335 5.49300623
v  -3.00595999 18.29069901 5.26509476
v  -3.06675196 18.37577629 4.56414700
v  -1.80762148 16.97887993 6.81572151
v  -1.55854321 16.84722900 7.74866390
v  -2.27409220 17.02073097 8.26449585
v  -3.51325846 17.43519211 8.20784473
v  -8.20299149 17.41427612 -0.04702997
v  -8.02828979 17.64623451 0.04243565
v  -8.89255238 17.11604309 -0.06499815
v  -9.13104916 17.11604309 -0.01521111
v  -8.63512230 17.14918137 -0.10074759
v  -9.37757683 17.15107918 0.05527401
v  -9.57472706 17.25618362 0.15349388
v  -10.63581276 18.30429459 3.90672231
v  -9.62475967 17.06718254 0.85204792
v  -9.54041100 17.08925819 1.64033794
v  -10.12876606 18.11083603 1.98463631
v  -10.35083008 17.97892189 1.93156862
v  -11.07275963 17.77627182 2.36198807
v  -11.23856163 17.89445496 2.53676152
v  -11.26068306 17.98343086 2.75189424
v  -13.63424492 17.30395699 4.86510277
v  -13.33312416 16.74670029 3.96555758
v  -13.40738678 16.80614662 4.68708324
v  -13.12939453 17.30332947 3.34162712
v  -12.93667030 17.51953888 3.30615211
v  -12.69043922 17.17979622 3.45314550
v  -11.92141342 18.12879753 7.51460838
v  -12.01408958 17.95541573 7.31597710
v  -12.28097820 18.05200005 6.50763655
v  -12.09419441 17.88418770 7.07833385
v  -12.15531731 17.88355637 6.77982330
v  -13.19737244 17.16345406 5.02065468
v  -12.02502632 18.24123955 6.12609529
v  -12.17855453 18.12622452 6.30328560
v  -12.41378212 17.19234848 9.80095005
v  -11.90492058 17.04848862 10.49245834
v  -11.71434593 17.08452415 10.55460644
v  -11.52003956 17.14745903 10.52130127
v  -10.74665833 18.17901039 7.56634140
v  -12.29075241 17.17680359 9.34012985
v  -11.70838165 18.24571419 7.60598278
v  -8.87485981 17.81577110 10.83597374
v  -9.46959209 17.87481117 10.73182106
v  -9.16952324 17.76340103 10.77302551
v  -9.12881088 17.76306152 10.78540897
v  -8.65514374 17.91735458 10.83042336
v  -11.32776260 17.15070915 10.34447289
v  -9.56874657 17.91592789 10.52526760
v  -9.61118889 17.98432732 10.28560448
v  -10.50776672 17.56848907 9.59971905
v  -5.55957508 17.38944054 10.78437710
v  -7.36086178 17.48942757 11.18569756
v  -6.49765158 16.42745590 12.56239700
v  -5.94640160 16.33602333 12.43785572
v  -5.66242838 16.50100517 12.13278294
v  -3.74734139 17.43705368 9.87653732
v  -5.93775368 18.09042168 9.09041023
v  -4.42937613 17.52594566 10.01503181
v  -4.20153141 17.46746826 10.03484726
v  -3.97418642 17.43783760 9.98868179
v  -7.65887690 18.05469894 0.42337465
v  -6.65551329 18.44761467 1.09316397
v  -5.56973553 18.11215591 1.05080795
v  -5.98670959 18.10789871 0.91381502
v  -6.22905827 18.15484428 0.93370867
v  -6.45199251 18.26808357 0.99349117
v  -5.49363232 18.30429459 2.83327270
v  -3.50551319 17.20393753 1.55956554
v  -2.99331760 17.11447906 1.44827127
v  -2.73700953 17.16846848 1.47078228
v  -2.32214928 17.24610329 2.06450224
v  -2.50552320 17.39183617 2.51974607
v  -4.30934048 18.17901039 4.31583500
v  -3.68872905 18.18165779 4.41691065
v  -3.37353706 18.23483276 5.70299864
v  -3.03929806 18.25051498 4.82038784
v  -3.00265789 18.24783325 5.00511408
v  -2.93239307 17.42324066 6.43477678
v  -2.03126192 16.92540932 8.23350716
v  -1.83106041 16.86471939 8.13720608
v  -1.67348766 16.83865929 7.97559166
v  -1.58259630 16.69648933 7.67696333
v  -1.54014111 16.69487572 7.42700815
v  -1.57039595 16.72470665 7.20304394
v  -1.67336321 16.78598213 7.00507069
v  -1.84904242 16.87869835 6.83308840
v  -2.30911016 16.89205360 8.23843098
v  -4.57614517 18.09042168 7.87335968
v  -8.40526962 17.24859238 -0.09475803
v  -8.89098835 16.95447540 0.03472567
v  -9.09425068 16.95313263 0.07815218
v  -9.52810383 17.05404091 0.27612829
v  -11.21871948 18.11869431 2.97167301
v  -10.57295990 17.89214325 1.93915319
v  -9.66949844 17.20752525 0.41965151
v  -9.15324974 18.17901039 2.72243071
v  -9.54535675 16.86922646 0.97938919
v  -11.14334202 17.79728317 2.57998633
v  -10.76746178 17.77556801 2.08994961
v  -13.19822788 16.73746681 3.75042534
v  -13.32523441 16.94496918 4.87134981
v  -13.27950573 16.59750748 4.22261524
v  -13.31464005 16.60925484 4.47112417
v  -13.28642654 16.67670441 4.68547297
v  -13.04614830 16.80657196 3.59331274
v  -12.87688446 16.95401573 3.49421930
v  -10.54483604 18.17901039 3.96627474
v  -12.55808830 16.98100281 3.54862952
v  -11.82018089 17.99377823 7.44287872
v  -11.92064857 17.88549232 7.24551487
v  -12.18111134 17.95593643 6.52717543
v  -12.06226921 17.84554482 6.80921745
v  -12.02084541 17.84601021 7.01273155
v  -12.28667831 17.59416008 5.43861103
v  -13.03996468 16.97872734 5.01168537
v  -11.12806320 18.17901039 5.73926878
v  -12.39188766 17.17520332 9.57467270
v  -11.90923882 16.94589996 10.43807793
v  -12.26891422 16.94339371 10.03858376
v  -12.38831806 17.07496262 9.81253910
v  -11.78982544 17.63353157 8.30883026
v  -8.66451073 17.84881210 10.72755718
v  -8.89092255 17.77157211 10.70607185
v  -9.40052700 17.81534195 10.66125298
v  -8.93367100 17.75554657 10.53928471
v  -8.47227287 17.98696136 10.66864586
v  -9.46026897 18.09042168 8.89294052
v  -6.84962177 16.56998253 12.38210011
v  -6.69723892 16.47950363 12.50889969
v  -6.95479965 16.69888878 12.18199730
v  -7.72546768 18.09042168 9.46360302
v  -5.77211094 16.39800835 12.30928326
v  -6.40635204 16.28058624 12.50317192
v  -6.45529509 16.33531952 12.54359627
v  -5.67584658 16.58552361 11.88816452
v  -5.62509346 17.31662560 10.76671410
v  -3.63914037 17.40977478 9.57536507
v  -4.65772057 17.61327171 9.92923737
v  -3.99080181 17.41122437 9.89840889
v  -7.70137644 17.17703819 1.18149614
v  -7.32009315 18.30429459 2.23245883
v  -5.63140774 17.98677063 1.14014101
v  -5.31336212 18.21880531 1.71376038
v  -5.36283207 18.09876442 1.49233723
v  -5.46884727 18.02141953 1.30113029
v  -3.27355289 17.07660866 1.51850319
v  -2.77435923 17.07431412 1.53541040
v  -2.39216757 17.16936302 1.85965395
v  -4.53116608 17.64076805 2.01627159
v  -2.42621756 17.22307587 2.31892133
v  -2.41069651 17.11780739 2.10875058
v  -2.62758780 17.21017075 2.57751393
v  -3.27967787 17.65401840 3.42852116
v  -3.44535017 18.18488312 4.52269506
v  -3.92793202 18.17901039 6.14290524
v  -3.22909260 18.18645477 5.47036266
v  -3.08491516 18.21651077 5.24753714
v  -3.21710253 18.21695518 4.64594364
v  -1.60133171 16.68508339 7.71728230
v  -2.06660700 16.79663467 8.20647049
v  -2.35561562 16.78055000 8.18985462
v  -3.52877951 17.33216095 8.16559410
v  -8.19748878 17.18879318 0.10485458
v  -8.40100288 17.04601479 0.03728294
v  -8.02162647 17.39624214 0.21662140
v  -8.90638733 16.77033234 0.18363714
v  -9.02172852 16.77200508 0.20616913
v  -9.33635426 16.96924400 0.16229486
v  -8.63216972 16.96790886 0.01390648
v  -9.55186653 16.89812088 0.64616966
v  -9.48569298 17.01744080 1.69022655
v  -9.48542023 16.78079414 1.06747770
v  -10.31108284 17.85076904 2.04745746
v  -10.08102512 17.93404770 2.12319374
v  -10.53989410 17.79794312 2.03637600
v  -11.04963493 17.74042320 2.61666584
v  -10.98554611 17.72252274 2.39326382
v  -11.14537811 17.84841156 2.80459905
v  -11.07886887 17.92966080 3.03582573
v  -13.21395493 16.59424400 4.03656912
v  -13.19486809 16.79986382 4.86565971
v  -12.94857311 16.67752647 3.65934443
v  -11.66864300 17.62868500 3.65833831
v  -12.76896858 16.80174065 3.57067299
v  -11.58682728 18.05807495 7.51901865
v  -11.70104790 17.90156937 7.35903883
v  -11.83527279 17.85319901 7.18183613
v  -12.06573868 17.88506508 6.55309582
v  -11.85485077 17.82872581 6.62475538
v  -11.75705338 17.82872581 7.09323883
v  -12.05940914 17.99555016 6.32687092
v  -11.88294411 18.06135559 6.15482378
v  -11.71909428 16.98706055 10.50199318
v  -11.91201019 16.87883186 10.36266518
v  -12.20204353 16.87710381 10.04106903
v  -11.52526951 17.05533028 10.47079086
v  -10.67732334 18.09042168 7.53133059
v  -12.25302792 17.12348747 9.35681725
v  -12.38118935 17.12870216 9.58504295
v  -8.67155075 17.79387474 10.55989361
v  -9.30972767 17.77196503 10.56702900
v  -9.17220783 17.75600433 10.45714569
v  -8.47671127 17.90347672 10.56251335
v  -11.33240128 17.07964134 10.26736832
v  -9.49875927 17.84743881 10.44801044
v  -9.54289436 17.90094948 10.20245171
v  -10.53587341 17.49311829 9.53504181
v  -7.31889057 17.39282799 11.14330482
v  -5.82836866 16.34168434 12.29029942
v  -6.00210381 16.28057861 12.41916275
v  -5.71961594 16.44333267 12.11330032
v  -3.75950050 17.39968872 9.78822994
v  -5.95876360 18.03852844 9.04880333
v  -4.46000576 17.52885056 9.97445583
v  -4.22430325 17.45427704 9.96048355
v  -7.32617950 18.17901039 2.34102297
v  -8.02782345 17.11837196 0.45796633
v  -6.64244270 18.20506859 1.25198221
v  -5.99092102 17.98419952 1.02234030
v  -6.22832775 18.01722527 1.04604244
v  -6.44550133 18.09084702 1.12259007
v  -5.55318499 18.17901039 2.92424893
v  -3.55294037 17.11606407 1.65186167
v  -3.05079603 16.99149323 1.54272604
v  -2.45895958 17.07603264 1.88923359
v  -2.53184462 17.08024025 2.36819482
v  -4.37867498 18.09042168 4.35084534
v  -4.42028236 18.03852844 4.37185478
v  -3.43518925 18.15765953 5.67359161
v  -2.97385073 17.32424545 6.47551441
v  -1.90838289 16.78831482 6.85547161
v  -1.86780882 16.73033333 8.10895824
v  -1.71271753 16.69315147 7.94589615
v  -1.61107254 16.58755875 7.45185089
v  -1.63607121 16.62703133 7.22724533
v  -1.73517513 16.69395065 7.02845192
v  -2.11146021 16.69203758 8.16021442
v  -4.61514378 18.03852844 7.84783125
v  -8.96469402 16.62471199 0.32467651
v  -9.25035191 16.75053406 0.32323027
v  -9.42706394 16.79257202 0.46989727
v  -9.11823940 18.09042168 2.79176521
v  -9.48751640 16.74611473 0.75324488
v  -11.04713821 17.78211784 2.84740567
v  -10.74439526 17.72204399 2.17911530
v  -13.09690094 16.60836220 3.81464314
v  -13.09590340 16.73380661 4.85325909
v  -13.21614075 16.54411316 4.45988035
v  -13.17685127 16.52528763 4.21254063
v  -13.18915844 16.61362076 4.67345333
v  -10.47984886 18.09042168 4.00881529
v  -12.69208050 16.73172569 3.63882899
v  -12.47505283 16.90013695 3.62215948
v  -11.43539047 17.93242073 7.41890478
v  -11.60232067 17.87317848 7.30324364
v  -11.96408653 17.85260010 6.57653332
v  -10.86430740 17.90182304 5.75405455
v  -10.51084328 17.90182304 7.44726706
v  -12.21687889 17.52079964 5.41094589
v  -12.93637466 16.90467644 4.99929905
v  -11.05051231 18.09042168 5.74361610
v  -11.72223663 16.91911697 10.42623901
v  -12.33958530 16.97921371 9.81959438
v  -12.11863708 16.84984970 9.81841850
v  -11.72662735 17.54850006 8.29918003
v  -12.33428955 17.03924370 9.59233856
v  -8.47069645 17.82997322 10.34687328
v  -8.67701817 17.78166199 10.41402054
v  -9.35812569 17.90182304 8.73690128
v  -7.71502876 17.90182304 9.27739716
v  -11.52903366 16.98605347 10.39447403
v  -9.43474102 18.03852844 8.85394192
v  -6.81386280 16.50059509 12.36787796
v  -6.65755892 16.39718246 12.49187183
v  -6.92420769 16.64556122 12.17161560
v  -7.72285843 18.03852844 9.41706562
v  -5.89475060 16.32087708 12.25581551
v  -6.07110500 16.25967407 12.38383675
v  -6.60908127 16.34260750 12.45163345
v  -5.78163576 16.42278481 12.08020401
v  -5.73175907 16.56539345 11.85700226
v  -3.93263316 17.39476204 9.51462364
v  -5.97510862 18.00097656 9.01643372
v  -4.54308414 17.50309944 9.72226810
v  -4.25930882 17.44291115 9.74091244
v  -7.71453094 17.08925819 1.25917864
v  -8.06051445 16.86496735 0.64613867
v  -5.68941593 17.90985870 1.20319366
v  -5.45003510 17.95685005 1.58636618
v  -5.42055321 18.01903915 1.82795477
v  -5.53965569 17.92045593 1.37811232
v  -3.31760073 17.00038528 1.60656309
v  -2.83724308 16.94859314 1.63223648
v  -4.53400850 17.55602837 2.08687949
v  -2.50996971 16.99355316 2.15584445
v  -2.56196213 16.95010757 1.94046354
v  -2.63117313 16.99856567 2.40128636
v  -2.73575926 17.11260033 2.61432219
v  -3.34171820 17.56350708 3.42526150
v  -4.00548267 18.09042168 6.13855791
v  -4.05202103 18.03852844 6.13594913
v  -1.91244698 16.62832832 8.06380653
v  -1.75857592 16.58942604 7.90063190
v  -1.81247044 16.62942123 7.05741692
v  -4.64548349 18.00097656 7.82797098
v  -2.16037083 16.62877655 8.10280514
v  -2.40453815 16.71725655 8.13263893
v  -3.53409100 17.25249290 8.10949039
v  -8.20649624 16.92681122 0.33126307
v  -8.41248131 16.80495071 0.24330664
v  -8.64577866 16.75279236 0.19409847
v  -9.19718552 16.62385559 0.42588806
v  -8.91068840 16.62278366 0.31571293
v  -9.37145901 16.66432381 0.56874418
v  -9.41939163 16.96158028 1.72407293
v  -9.42502403 16.73435593 1.14680672
v  -9.43046188 16.66944504 0.83568096
v  -10.27806854 17.78479767 2.14671564
v  -10.51229382 17.74130440 2.13162422
v  -10.04171944 17.85252571 2.22438788
v  -10.93237877 17.70573807 2.66420674
v  -10.90823174 17.74309158 2.92040753
v  -10.72321320 17.68603897 2.28052330
v  -10.88578510 17.68663216 2.42352533
v  -10.97805405 17.84760475 3.08548355
v  -13.13813400 16.52462959 4.10001421
v  -13.02362061 16.54397202 3.87775636
v  -12.87493706 16.61300468 3.72402787
v  -11.63812542 17.54323578 3.71626639
v  -11.32199001 17.90595627 7.37695456
v  -11.48517418 17.85780525 7.23098612
v  -11.91326904 17.90113258 6.35467815
v  -11.80501652 17.87214661 6.36673450
v  -11.45183372 17.88640022 6.16564083
v  -10.07574844 16.46534920 5.79826117
v  -9.80582809 16.46534920 7.09127188
v  -10.56172085 17.95540810 7.47295761
v  -11.69790459 17.93175507 6.18457031
v  -11.72127724 16.88470459 10.33460236
v  -12.27252579 16.91320801 9.82221794
v  -11.73634243 16.89260292 10.12906647
v  -10.63571358 18.03852844 7.51032019
v  -12.26690865 16.97358322 9.59518814
v  -12.18519402 17.05823517 9.35998154
v  -8.44408131 17.81822205 10.19708061
v  -9.39336777 17.79451561 10.31825066
v  -9.35015106 17.82005119 9.88434029
v  -8.92556381 16.46534920 8.07609272
v  -7.67082310 16.46534920 8.48883915
v  -7.71821928 17.95541000 9.33430672
v  -11.32666111 17.05021858 10.19279861
v  -9.42044353 17.83106232 10.02668762
v  -10.57553864 17.43999672 9.46448994
v  -7.26271200 17.31821060 11.10447216
v  -6.35167122 16.26007843 12.44230461
v  -5.70276356 17.26544189 10.75902557
v  -4.83944464 17.58736229 9.60595703
v  -7.33052635 18.09042168 2.41857338
v  -6.63025904 18.03121376 1.39327240
v  -8.22842216 16.74359512 0.47745037
v  -6.22042370 17.92249107 1.14663792
v  -5.98414230 17.90834999 1.10766029
v  -6.43579578 17.96344757 1.24184132
v  -5.59572506 18.09042168 2.98923588
v  -3.59372544 17.06530762 1.74512005
v  -3.09194422 16.92208672 1.62660646
v  -2.60152960 16.92173767 2.18588996
v  -4.54515266 17.90182304 4.43490791
v  -3.01413345 17.24750710 6.53015709
v  -1.98615599 16.72081566 6.88449049
v  -1.96130228 16.56527901 8.00627518
v  -1.71307230 16.56443596 7.25615692
v  -1.68796110 16.52586174 7.48071003
v  -1.80733347 16.52676582 7.84304714
v  -2.21646166 16.59547615 8.03071594
v  -2.46064091 16.68393707 8.06095505
v  -8.42608643 16.66277504 0.36615038
v  -9.14623451 16.55629921 0.49817705
v  -9.09722996 18.03852844 2.83337283
v  -10.81334496 17.79868889 3.19212866
v  -10.46661091 17.68393898 2.36570382
v  -12.99460793 16.70266151 4.83089447
v  -12.83254910 16.86952209 4.97681427
v  -13.11503220 16.51321602 4.43823814
v  -13.08876801 16.58389282 4.65136909
v  -10.44085026 18.03852844 4.03434372
v  -12.62110329 16.70007706 3.71795702
v  -12.80551529 16.58298492 3.80010295
v  -12.40095711 16.86441994 3.70590615
v  -11.19036579 17.88834763 7.33466530
v  -11.67172050 17.85671043 6.38432789
v  -10.92121601 17.95541000 5.75086451
v  -10.32380962 17.90182304 4.11095810
v  -9.66300106 16.46534920 4.54352093
v  -11.50951290 17.41421700 8.38282681
v  -12.15440369 17.46415520 5.36653757
v  -11.00397491 18.03852844 5.74622488
v  -11.52608109 16.95369339 10.30994606
v  -10.68954086 17.40051270 9.30576038
v  -11.42796898 17.40972900 8.44824219
v  -11.65884399 17.48360252 8.30829620
v  -7.72082901 18.00097847 9.38086319
v  -9.29948425 17.78269005 10.20099831
v  -9.38934231 17.95540810 8.78458786
v  -6.02181673 17.90182304 8.92393303
v  -6.37781239 16.46534920 8.21891785
v  -7.10773325 17.23492432 11.03749084
v  -9.41488075 18.00097656 8.82360268
v  -6.76615763 16.44617462 12.32796669
v  -6.87757969 16.59128380 12.13217068
v  -5.83015203 16.61938858 11.72503662
v  -6.78585529 16.63406372 11.90174103
v  -6.55840826 16.32273674 12.39391518
v  -4.68449688 17.95540810 7.80243301
v  -5.79258394 17.23588753 10.76131153
v  -5.99612617 17.95540619 8.97481060
v  -4.73218441 17.90182304 7.77121687
v  -8.07538319 16.77938652 0.74603462
v  -7.74471951 17.01744080 1.32679129
v  -8.24404430 16.66852570 0.57301092
v  -5.75895214 17.85080528 1.26871204
v  -5.54915619 17.86673737 1.69271278
v  -5.62227583 17.85117340 1.46119881
v  -5.53959370 17.89750099 1.96325445
v  -3.35634756 16.95536613 1.69927549
v  -2.87597084 16.88117218 1.71199083
v  -4.52304935 17.49193192 2.16246748
v  -2.64682817 16.88212013 1.96813321
v  -2.73297977 16.95454979 2.42586660
v  -2.69957113 16.87919426 2.20887017
v  -2.84049416 17.06370926 2.64051914
v  -3.40782022 17.49412727 3.40609074
v  -4.13478184 17.95540619 6.13130951
v  -4.19168854 17.90182304 6.12811947
v  -4.49427605 17.95540619 4.40921783
v  -4.45265198 18.00097656 4.38819981
v  -2.01734829 16.53214073 7.93390894
v  -1.86330080 16.49392891 7.77053165
v  -1.77756882 16.49398041 7.51325083
v  -1.89459848 16.59863281 7.08459854
v  -2.06183481 16.69059372 6.90695238
v  -3.52919221 17.19618797 8.03953266
v  -2.34047031 16.61610985 7.93575478
v  -2.63641882 16.72322655 7.97398472
v  -8.65350914 16.62250519 0.31223774
v  -9.31739998 16.59461212 0.64591455
v  -8.66915131 16.55506134 0.39903975
v  -9.34150696 16.92168045 1.74187613
v  -9.32427406 16.76808167 1.39212036
v  -9.36826992 16.62656784 0.91382647
v  -10.21987629 17.74106598 2.29349518
v  -10.47629547 17.70469093 2.25281382
v  -9.95395565 17.79516411 2.40256763
v  -10.82198906 17.68393898 2.68335247
v  -10.77434540 17.73955727 2.99168706
v  -10.69131947 17.79655075 3.29983830
v  -12.95419312 16.51314354 3.95234442
v  -11.62097263 17.47746277 3.78464055
v  -12.74737549 16.58429909 3.87538648
v  -12.56209373 16.70390320 3.78835630
v  -10.60334396 18.00097656 7.49397564
v  -11.58506012 17.90418625 6.17982054
v  -12.01092243 17.39451790 5.13285542
v  -10.96777248 18.00097847 5.74825430
v  -11.64970016 17.39818573 4.05244207
v  -9.03417778 17.90182304 2.95824337
v  -8.67818165 16.46534920 3.66325784
v  -11.58647156 17.43884087 8.33617878
v  -11.47296715 16.97802544 10.09595490
v  -12.16628456 16.94616508 9.58135033
v  -10.62676048 17.40912819 9.38806248
v  -7.00893307 17.22625351 11.00934219
v  -5.89455605 17.22796440 10.77357292
v  -5.39299297 16.46534920 7.33865404
v  -7.19232607 17.26557541 11.06920147
v  -6.84292936 16.57367134 12.08707905
v  -7.33313560 18.03852844 2.46511126
v  -6.61865425 17.89503670 1.58936167
v  -8.44196701 16.59375000 0.45734596
v  -6.20727110 17.84966660 1.26631498
v  -6.42320251 17.86512756 1.39511538
v  -5.97086143 17.84865379 1.20296144
v  -5.62125397 18.03852844 3.02823448
v  -3.74324584 17.08723450 1.93635130
v  -3.12862921 16.87927246 1.71752930
v  -2.74026823 16.83764458 1.98953080
v  -2.87014198 16.87812042 2.24601102
v  -3.55220938 17.41876221 3.32001638
v  -3.47798443 17.44587898 3.37100935
v  -3.05324125 17.19302368 6.59870529
v  -2.09854174 16.53954315 7.81557226
v  -1.79984283 16.53309441 7.28669834
v  -1.94107246 16.53765106 7.34931803
v  -9.25501251 16.55229378 0.72181129
v  -9.08525085 16.51153755 0.57075977
v  -8.69253731 16.51049614 0.48992109
v  -9.08088493 18.00097656 2.86574292
v  -10.41051102 18.00097656 4.05420399
v  -12.90370560 16.70380783 4.80778551
v  -12.74839783 16.86972809 4.96050930
v  -12.99633217 16.58412170 4.62354422
v  -12.90022945 16.51084709 4.02764893
v  -13.02627754 16.51066780 4.40778732
v  -12.65003300 16.64482689 4.02369022
v  -12.41675568 16.79568481 3.91776276
v  -12.34438038 16.86965942 3.76655817
v  -12.05142498 17.40101242 5.22749233
v  -11.62676048 17.40493584 3.95272851
v  -12.82713985 16.64345551 4.55678940
v  -7.34096527 17.90182304 2.60477901
v  -7.38517141 16.46534920 3.39333725
v  -12.09925270 17.42422485 5.30538654
v  -4.98024654 16.46534920 6.08391333
v  -6.72216129 16.42726707 12.27550602
v  -3.51408339 17.16324615 7.95571995
v  -8.26581383 16.62372589 0.66896915
v  -8.09487629 16.72945023 0.84241629
v  -7.79194260 16.96158028 1.38433647
v  -8.46503353 16.55074120 0.55147076
v  -5.95266724 17.81018257 1.29902077
v  -5.62355518 17.83885765 1.79016829
v  -5.70024681 17.81856728 1.54059505
v  -5.83550596 17.81168747 1.33341980
v  -5.60542965 17.87255859 2.08214092
v  -3.45375347 16.96150780 1.85948992
v  -2.91056967 16.83702278 1.79988194
v  -4.49828720 17.44847870 2.24303412
v  -2.91143370 16.97595215 2.51084781
v  -3.05710697 17.11291885 2.78331780
v  -2.93978071 16.81781578 1.97652149
v  -4.08822632 18.00097656 6.13391924
v  -3.63049603 17.41277695 3.25311351
v  -2.05874777 16.61198616 7.10744572
v  -2.26745462 16.71613312 6.90253115
v  -3.48876429 17.15366745 7.85805368
v  -8.77040958 16.48966408 0.64903927
v  -9.10347939 16.51894951 0.88375282
v  -9.25203896 16.89774132 1.74363661
v  -9.26977158 16.63885689 1.08951616
v  -10.16577625 17.73637962 2.42640066
v  -9.86713886 17.79089928 2.52524233
v  -10.37149715 17.95540810 4.07974243
v  -11.61718464 17.43136215 3.86346126
v  -12.13397598 17.00687027 3.90268254
v  -8.03581810 16.88976097 1.49655771
v  -9.15098763 16.88976097 1.72935438
v  -5.69786835 17.90182304 3.14527559
v  -6.13043118 16.46534920 3.80608392
v  -3.12792969 17.15081978 6.77751541
v  -5.25016785 16.46534920 4.79090309
v  -7.33516502 18.00097656 2.50131607
v  -6.63520098 17.86785889 1.70687819
v  -6.19570494 17.81685448 1.37133932
v  -6.42321587 17.83607864 1.50729179
v  -5.64111328 18.00097847 3.05857277
v  -3.18593168 16.87170029 1.87288046
v  -3.09117365 17.16079330 6.68115807
v  -4.40735531 17.42350197 2.41910601
v  -9.13939953 16.54655457 0.85428143
v  -8.93315983 16.49117279 0.68641710
v  -9.05986691 17.95540619 2.90736628
v  -12.70483589 16.79263115 4.78149414
v  -12.48955154 17.00149536 4.96210575
v  -7.93749189 16.89774132 1.46921968
v  -8.53247452 16.51894951 0.76455355
v  -6.15821171 17.79942131 1.53190041
v  -5.84281206 17.80112457 1.65097046
v  -8.28170204 16.62526894 0.85262680
v  -8.50917435 16.54051590 0.70910835
v  -8.08799362 16.74392319 1.07959604
v  -7.85620022 16.92168045 1.43181229
v  -5.71943140 17.82529831 1.90913105
v  -5.67584276 17.85914040 2.22807431
v  -4.45972252 17.42566872 2.32858038
v  -5.66665173 17.95541000 3.09758663
v  -7.33777475 17.95540619 2.54787254
v  -6.66100264 17.85233116 1.84272623
v  -6.41951084 17.82146645 1.64437056
# 2606 vertices

vn 0.20804828 0.97383994 -0.09138659
vn 0.20347843 0.97903091 0.00974054
vn 0.37693536 0.92621970 -0.00605925
vn 0.35423163 0.91528910 -0.19174375
vn 0.18819751 0.97084677 0.14845222
vn 0.34600627 0.91494042 0.20775831
vn 0.78976935 0.61340278 0.00118383
vn 0.17128147 0.92812306 -0.33053014
vn 0.08729580 0.98044795 -0.17635581
vn 0.10395432 0.98002225 0.16955760
vn 0.17199619 0.92498964 0.33883849
vn 0.50829303 0.83327544 0.21746299
vn 0.68179178 0.62392217 -0.38194373
vn 0.51379949 0.84383702 -0.15475520
vn 0.41255000 0.75105780 -0.51547509
vn 0.51431918 0.75279713 -0.41081896
vn 0.50881934 0.85718435 0.07961013
vn 0.37884900 0.80962533 0.44830820
vn 0.55737031 0.68045110 -0.47573575
vn 0.78100431 0.58891898 -0.20786180
vn 0.72483921 0.66097409 -0.19421992
vn 0.72604847 0.65976566 -0.19381154
vn 0.60537851 0.73566335 -0.30383596
vn 0.72475368 0.67489165 0.13875639
vn 0.06415077 0.90201271 -0.42691639
vn 0.03775691 0.96335852 -0.26554593
vn 0.19630948 0.67585170 -0.71041328
vn 0.54590559 0.82604033 -0.14015798
vn 0.58535081 0.56013221 -0.58618790
vn -0.05730674 0.95001781 0.30689117
vn -0.02414076 0.89112777 0.45310980
vn 0.38722396 0.76415324 0.51587516
vn 0.63846117 0.71476811 0.28543600
vn 0.55041760 0.82175940 0.14748445
vn 0.46054149 0.73570818 0.49662367
vn 0.72576821 0.63335657 0.26855159
vn 0.61354750 0.60561872 -0.50674003
vn 0.78276783 0.58684105 -0.20710364
vn 0.82195812 0.42735210 -0.37650368
vn 0.74544483 0.45048478 -0.49129975
vn 0.58630562 0.44754100 -0.67524272
vn 0.63067520 0.72324944 -0.28135219
vn 0.77692246 0.61382180 0.14005047
vn 0.31985393 0.67276639 -0.66714227
vn 0.11864484 0.83706427 -0.53408480
vn 0.37468213 0.54486811 -0.75015467
vn 0.70757526 0.68221498 -0.18417352
vn 0.60141450 0.56374037 -0.56612480
vn 0.57631087 0.56266987 -0.59267896
vn 0.52438039 0.76308435 0.37779266
vn 0.37749973 0.82117730 0.42797378
vn 0.62647790 0.77887022 0.02977438
vn 0.62112874 0.78258729 0.04190649
vn 0.61255723 0.79001993 0.02533856
vn 0.82905376 0.55615431 -0.05798497
vn 0.80217189 0.58842242 -0.10138615
vn 0.64806259 0.74286985 0.16780739
vn 0.63745201 0.75132370 0.17078495
vn 0.63717681 0.75161415 0.17053388
vn 0.45219368 0.65128881 0.60937971
vn 0.71932423 0.68372351 -0.12286035
vn 0.57138342 0.54939276 -0.60966265
vn 0.89270455 0.44599158 0.06457626
vn 0.89891607 0.43072918 -0.08013980
vn 0.87666768 0.42184368 -0.23130417
vn 0.74386680 0.48810795 -0.45652258
vn 0.72195375 0.61016768 -0.32631010
vn 0.78468519 0.58710510 0.19893928
vn 0.82195932 0.55716038 0.11813167
vn -0.17815000 0.91915774 -0.35129970
vn -0.11967127 0.97535390 -0.18537402
vn -0.12872511 0.56387317 -0.81576765
vn -0.18526870 0.41680863 -0.88991356
vn 0.46323767 0.56743151 -0.68075860
vn 0.76150864 0.55395442 -0.33650991
vn 0.63968092 0.57464224 -0.51048458
vn 0.65637344 0.41453862 -0.63034260
vn 0.57637382 0.42451853 -0.69826734
vn 0.52013808 0.57092345 -0.63521868
vn -0.14921665 0.95455313 0.25799718
vn -0.25487942 0.89657456 0.36220214
vn 0.08447231 0.78076887 0.61908334
vn 0.56293517 0.60540801 0.56265897
vn 0.56245887 0.60573876 0.56277919
vn 0.59933329 0.53163326 0.59846938
vn 0.60034943 0.52974415 0.59912574
vn 0.52398854 0.70016330 0.48498183
vn 0.30602282 0.61409873 0.72748387
vn 0.56084830 0.69040895 0.45692950
vn 0.71760452 0.64521599 0.26218310
vn 0.78331178 0.57765108 0.22965565
vn 0.85821509 0.44013220 0.26410306
vn 0.87451297 0.44274995 0.19798855
vn 0.78826869 0.58368325 0.19479822
vn 0.29285887 0.46038577 0.83802062
vn 0.75415313 0.57150489 0.32347360
vn 0.82529444 0.51468134 0.23236193
vn 0.65649563 0.52788788 -0.53883940
vn 0.89036977 0.44698370 -0.08629641
vn 0.88719028 0.39500657 -0.23846017
vn 0.82233059 0.43184236 -0.37051922
vn 0.39723217 0.01515439 -0.91759300
vn 0.74240857 0.44473463 -0.50103951
vn 0.68438524 -0.03083071 0.72846842
vn 0.76167673 0.04453989 0.64642459
vn 0.75003397 0.13174164 0.64814609
vn 0.85973734 0.51037979 0.01907812
vn -0.06118740 0.82617575 -0.56008005
vn -0.30164152 0.42135245 -0.85526276
vn 0.20778538 0.66022587 -0.72175276
vn 0.40410784 0.72268653 -0.56073260
vn 0.39059225 0.70103639 -0.59664524
vn 0.09621248 0.71696174 -0.69044113
vn 0.16506448 0.39444277 -0.90397376
vn 0.67970473 0.57791239 -0.45168436
vn 0.88155115 0.42068395 0.21422568
vn 0.70151240 0.42798132 -0.56983542
vn 0.62907326 0.41942513 -0.65448409
vn 0.47653440 0.43024376 -0.76668465
vn 0.23754606 0.77717316 0.58272946
vn -0.19318627 0.69845563 0.68908536
vn 0.44369537 0.50761390 0.73855430
vn 0.54311687 0.42028099 0.72690302
vn 0.65892059 0.36540815 0.65749556
vn 0.65789336 0.36654148 0.65789336
vn 0.72420609 0.42643490 0.54192138
vn 0.73674726 0.51670605 0.43614027
vn 0.87861484 0.42835441 0.21106476
vn 0.59445941 0.70286763 0.39063406
vn 0.33502084 0.56210697 0.75617242
vn 0.73966932 0.67295939 0.00386624
vn 0.66493297 0.74650514 -0.02437835
vn 0.68600184 0.71602368 0.12927312
vn 0.60068756 0.68365866 0.41446981
vn 0.68305469 0.61873484 0.38807645
vn 0.88299817 0.46201846 0.08278409
vn 0.93661058 0.18140084 0.29975715
vn 0.96283746 0.17921081 0.20205849
vn -0.13178980 0.17744043 0.97526741
vn 0.97539759 -0.03341265 -0.21790619
vn 0.98572916 0.12828311 -0.10900198
vn 0.99304408 0.02857866 -0.11422221
vn 0.26367658 -0.01964922 -0.96441102
vn 0.35509491 0.14494784 -0.92352468
vn 0.35652936 0.04103290 -0.93338263
vn 0.23871872 -0.18467744 -0.95336646
vn 0.50511235 -0.03039346 -0.86251825
vn 0.94146442 -0.22042042 -0.25506800
vn 0.74362886 -0.37803990 -0.55145419
vn 0.85150599 -0.19516334 -0.48667124
vn 0.92105860 -0.37289068 0.11226616
vn 0.98123670 -0.19280069 -0.00158945
vn 0.60460055 -0.37424713 -0.70313382
vn 0.70934135 -0.12300207 -0.69404995
vn 0.39913288 -0.27569097 -0.87446409
vn 0.34063560 0.21916412 -0.91429448
vn 0.77431041 -0.26458612 0.57483703
vn 0.85872602 -0.02557099 0.51179659
vn 0.66770583 -0.17425823 0.72374237
vn 0.87355810 -0.36698055 0.31972095
vn 0.95899338 -0.11880910 0.25732470
vn -0.36040694 0.90457511 -0.22770759
vn -0.60591304 0.72644967 -0.32425311
vn -0.20665292 0.83489817 -0.51013666
vn 0.21975122 0.79833424 -0.56068867
vn 0.11394735 0.43806022 -0.89169461
vn 0.36900890 0.45535535 -0.81023693
vn 0.51585329 0.56612855 -0.64295709
vn 0.44620895 0.52098697 -0.72764707
vn -0.51474237 0.03749786 -0.85652459
vn 0.32511491 0.42181942 -0.84638566
vn 0.84862602 0.43642780 -0.29893920
vn 0.91501880 0.39524999 -0.08073455
vn 0.77646303 0.21587507 0.59203303
vn 0.76592290 0.44152373 -0.46735299
vn 0.69556248 0.30737209 -0.64939600
vn 0.64971250 0.29766762 -0.69947666
vn 0.56398219 0.27485725 -0.77870250
vn 0.38047180 0.22545962 -0.89688849
vn -0.31145766 0.93636543 0.16190699
vn -0.47433728 0.81410068 0.33502859
vn -0.17636427 0.73033530 0.65992874
vn -0.17761825 0.72509456 0.66534907
vn -0.15012838 0.81471753 0.56008643
vn -0.15014446 0.81470907 0.56009442
vn -0.15012074 0.81472480 0.56007785
vn -0.15006766 0.81474876 0.56005710
vn 0.41717827 0.49076539 0.76492584
vn 0.00871878 0.47943053 0.87753659
vn -0.22600304 0.67163789 0.70556724
vn 0.55552542 0.35597441 0.75144774
vn 0.71496183 0.31215462 0.62561083
vn 0.75365335 0.35355172 0.55408293
vn 0.62875426 0.30888334 0.71362394
vn 0.71614432 -0.26214540 0.64685184
vn 0.64718592 -0.26361734 0.71530145
vn 0.58423287 -0.45989713 0.66870517
vn 0.67052031 -0.46035609 0.58178586
vn 0.79295534 0.42044115 0.44096607
vn 0.52821684 0.58702886 0.61350137
vn 0.30809423 0.53938711 0.78367043
vn 0.36674908 0.48886520 0.79152119
vn 0.81667244 0.47579637 -0.32659441
vn 0.87114549 0.48002541 -0.10334913
vn 0.50434166 0.41741085 0.75591505
vn 0.62363422 0.45175543 0.63796341
vn 0.81708640 0.45191818 0.35796621
vn 0.98623341 0.16378270 0.02277832
vn 0.87994272 0.15093690 0.45046496
vn 0.95308656 -0.03908983 0.30016300
vn 0.06112749 0.09155064 0.99392253
vn 0.81647700 0.47451442 0.32893980
vn 0.94891411 -0.19968611 -0.24431008
vn 0.78805196 -0.57872975 -0.20987119
vn 0.78889078 -0.57744622 -0.21025477
vn 0.87463599 -0.42489681 -0.23339808
vn 0.62230438 0.04037163 -0.78173369
vn 0.19549894 -0.28569785 -0.93816680
vn 0.43706048 -0.39341182 0.80882955
vn 0.54233676 0.17850135 0.82098001
vn -0.44010973 0.78906512 -0.42857847
vn -0.65477455 0.73405135 -0.18010800
vn -0.05901722 0.59291750 -0.80309761
vn -0.41005149 0.74243474 -0.52976239
vn 0.16520555 0.76336020 -0.62449038
vn 0.28982535 0.60898858 -0.73833191
vn 0.15131208 -0.44546345 -0.88242102
vn -0.10724228 -0.28190431 -0.95343012
vn 0.10885465 -0.27326164 -0.95576084
vn 0.57623559 0.59203935 -0.56341988
vn -0.60339046 0.20806117 -0.76982498
vn -0.17455095 0.08721095 -0.98077846
vn 0.83171350 0.03131522 0.55432117
vn 0.78210384 0.27466989 -0.55934781
vn 0.70652276 0.28209692 -0.64903533
vn 0.08188793 0.15071517 -0.98517984
vn 0.25086159 0.60720807 0.75390100
vn -0.56661445 0.59662622 0.56831783
vn -0.25328571 0.73182440 0.63267642
vn -0.34218144 0.46510687 0.81644803
vn -0.38922769 0.68748248 0.61308199
vn -0.33130944 0.65632409 0.67784411
vn -0.23256658 0.42654654 0.87405431
vn 0.03788117 0.69916707 0.71395403
vn -0.11252590 0.48207369 0.86887443
vn -0.04807171 0.66690433 0.74359107
vn 0.20499812 0.61041009 0.76509809
vn 0.20500931 0.61039299 0.76510882
vn 0.20497252 0.61044902 0.76507390
vn 0.20472461 0.61082685 0.76483876
vn -0.14822736 0.59785366 0.78778136
vn -0.61769080 0.41954818 0.66515964
vn 0.45584229 0.42726451 0.78080267
vn 0.78569043 -0.44853005 0.42604142
vn 0.82907176 -0.22445679 0.51211256
vn 0.51722038 -0.23277387 0.82358932
vn 0.45093051 -0.73635906 0.50441736
vn 0.50450373 -0.73799145 0.44815686
vn 0.50782436 0.54970449 0.66327918
vn 0.99206161 0.04054971 -0.11903585
vn 0.86146486 0.27478102 0.42705229
vn -0.19330043 -0.09347864 0.97667640
vn -0.08135520 -0.02106108 0.99646258
vn -0.08745367 0.06403387 0.99410838
vn 0.73805827 0.46113741 0.49256706
vn 0.95202059 0.13661698 -0.27384767
vn 0.97545040 -0.05205548 0.21397856
vn 0.99679023 -0.07564312 -0.02621474
vn -0.31563202 -0.07762272 0.94570130
vn 0.99806029 -0.05091882 0.03581707
vn 0.80102444 -0.39881736 -0.44643545
vn 0.00716972 -0.39621311 -0.91813064
vn 0.38622084 -0.00955301 -0.92235690
vn 0.74580926 -0.63594621 -0.19834538
vn 0.74606699 -0.63554984 -0.19864616
vn 0.46212712 -0.58848614 -0.66341740
vn 0.50906056 -0.68108237 -0.52629280
vn 0.25045371 -0.48590481 -0.83735859
vn 0.20004740 -0.18833968 -0.96151400
vn 0.62344372 -0.47564104 0.62055099
vn 0.72774458 -0.58415210 0.35938033
vn 0.37898850 -0.43961552 0.81431317
vn 0.70049959 -0.68065250 0.21450451
vn -0.59908301 0.69374317 -0.39977482
vn -0.46284044 0.68611312 -0.56127298
vn -0.50405294 0.66153640 -0.55524784
vn -0.47046480 0.73629606 -0.48634437
vn -0.43633750 0.75670755 -0.48682988
vn -0.42711967 0.71561974 -0.55268168
vn -0.45226863 0.84711796 -0.27900547
vn -0.71023321 0.59259409 -0.38000116
vn -0.41813713 0.56993622 -0.70734286
vn -0.25139451 0.23780423 -0.93821633
vn -0.21403031 0.59172702 -0.77720660
vn -0.24330640 0.43133166 -0.86876637
vn -0.80132025 -0.10980391 -0.58807218
vn -0.61549008 0.20156728 -0.76193339
vn -0.72601461 0.05659166 -0.68534672
vn 0.48046836 -0.19061184 -0.85604745
vn 0.49288675 -0.42605042 -0.75864589
vn -0.11758624 -0.53404456 -0.83723938
vn 0.71863759 -0.10134392 -0.68796033
vn 0.98122215 0.01619348 -0.19220011
vn 0.95262271 0.07583778 -0.29454798
vn 0.93999904 0.17552149 -0.29256439
vn 0.90591091 -0.23764315 -0.35050130
vn 0.88972211 0.00205078 -0.45649797
vn 0.73410445 -0.35276160 -0.58021533
vn -0.65580952 -0.20300940 -0.72711837
vn 0.99325681 0.11509925 0.01389785
vn 0.91584319 0.20599066 -0.34467244
vn 0.94770211 0.04592490 0.31583485
vn 0.67068350 -0.14061552 0.72829306
vn 0.63692939 0.25601631 -0.72717029
vn 0.52924055 0.09018986 -0.84366471
vn 0.27246997 -0.04921245 -0.96090496
vn -0.13200220 -0.13931142 -0.98141104
vn -0.44257024 0.89524192 0.05170378
vn -0.71490705 0.69133812 -0.10468716
vn -0.35961923 0.81484371 0.45464659
vn 0.25374931 0.57483017 0.77793419
vn -0.56263679 0.57452303 0.59444344
vn 0.06272650 0.71673685 0.69451678
vn -0.51309812 0.54270846 0.66497970
vn -0.44720244 0.49436623 0.74539375
vn -0.36957747 0.42896718 0.82425702
vn -0.23431107 0.42471761 0.87447894
vn -0.17566383 0.38270372 0.90701717
vn -0.08695161 0.43794796 0.89478546
vn 0.03057914 0.50399029 0.86316788
vn 0.14606591 0.54940480 0.82269025
vn 0.15434408 0.43419421 0.88749832
vn 0.23117955 0.28398460 0.93054223
vn 0.30654418 0.00974966 0.95180637
vn 0.26510978 0.28469574 0.92123020
vn 0.20899773 0.01495731 0.97780174
vn 0.31071666 0.43460658 0.84532368
vn -0.11011110 0.55644143 0.82355839
vn -0.88635886 0.15560167 0.43606874
vn 0.43425006 -0.45065016 0.77996242
vn 0.29886416 -0.16973312 0.93907982
vn 0.90245324 -0.39044771 0.18201292
vn 0.94785219 -0.14775725 0.28238961
vn 0.23649205 -0.76185989 0.60302645
vn 0.65877634 -0.69102496 0.29748645
vn 0.95345688 -0.29252589 -0.07313377
vn 0.51155430 0.37577248 0.77272713
vn 0.78482968 0.22327143 0.57809359
vn 0.94926411 0.23672785 -0.20702067
vn -0.04062196 -0.31687984 0.94759542
vn 0.06120485 -0.08909564 0.99414086
vn -0.20864272 -0.23884252 0.94837886
vn 0.20289624 -0.40135872 0.89316535
vn 0.80487204 0.09420920 -0.58592278
vn 0.52654243 0.05722770 0.84822059
vn 0.32556921 0.01702020 0.94536507
vn 0.74185914 0.10507184 0.66227257
vn 0.90646499 -0.16884111 -0.38705799
vn 0.86995929 -0.07076067 0.48802036
vn 0.86773109 -0.17738584 0.46430290
vn -0.08887810 -0.14101249 0.98601025
vn 0.80743122 -0.43917128 -0.39393342
vn 0.66438961 -0.72612309 -0.17700745
vn 0.66532755 -0.72530854 -0.17682397
vn 0.66508973 -0.72551525 -0.17687057
vn 0.66406643 -0.72640330 -0.17707057
vn 0.06834451 0.97629839 0.20535448
vn 0.06834450 0.97629827 0.20535448
vn 0.06834450 0.97629833 0.20535448
vn 0.65545529 0.68255645 -0.32325682
vn 0.65350622 0.68840349 -0.31469062
vn 0.16777147 0.91475308 0.36753163
vn 0.42864683 -0.26430699 -0.86394656
vn 0.14166747 -0.39112499 -0.90936875
vn -0.05330859 0.76034802 -0.64732450
vn 0.48615742 0.83971876 -0.24191599
vn 0.48740122 0.84355354 -0.22551604
vn -0.13759717 0.87817413 -0.45812336
vn -0.14600445 0.87564176 -0.46036294
vn 0.49833494 -0.18051110 0.84798473
vn 0.25412220 -0.30226842 -0.91872501
vn -0.33461830 0.78867245 -0.51577735
vn -0.83295083 0.27185723 -0.48196125
vn -0.84198749 0.36780342 -0.39468673
vn -0.83328640 0.40852681 -0.37247750
vn -0.46871069 0.45410576 -0.75769275
vn -0.53137273 0.37899721 -0.75763065
vn -0.61475885 0.31198382 -0.72438776
vn -0.64731342 0.25813487 -0.71718317
vn -0.62922716 0.45623052 -0.62922728
vn -0.83663523 0.16219178 -0.52319741
vn -0.90961969 0.39421684 0.13109207
vn 0.03043883 0.76012850 -0.64905941
vn -0.21404791 0.66473067 -0.71576291
vn 0.54145807 0.47599024 -0.69300538
vn -0.72225344 0.04303459 -0.69028836
vn 0.10616024 -0.67143494 -0.73342025
vn 0.97499758 -0.13882415 -0.17351493
vn -0.74373341 -0.12136210 -0.65736747
vn -0.42748532 -0.20278412 -0.88098514
vn 0.68268281 -0.22281268 0.69591570
vn 0.83995855 0.12280881 -0.52857137
vn 0.73055834 0.20664619 -0.65083170
vn -0.75658745 0.65307260 0.03273401
vn -0.11845446 0.77895111 0.61579520
vn -0.45166504 0.80942756 0.37526745
vn 0.75305808 0.03026044 0.65725791
vn 0.66574454 0.19000906 0.72158217
vn 0.67397672 0.09595801 0.73249406
vn -0.97018468 -0.03720063 0.23949504
vn -0.93718368 0.03570457 0.34700412
vn -0.93527317 0.11659284 0.33417100
vn 0.53689831 0.02968493 0.84312463
vn 0.50159925 0.41457242 0.75929433
vn 0.21693337 0.20416263 0.95459807
vn -0.29970229 0.37470865 0.87736660
vn -0.20077753 -0.24096274 0.94953960
vn -0.29951212 -0.24265443 0.92271954
vn -0.29296586 -0.44949195 0.84387678
vn -0.16424413 -0.44898450 0.87831467
vn -0.01209105 -0.19229111 0.98126352
vn 0.04780009 -0.42859173 0.90223283
vn -0.06365015 0.36901072 0.92724305
vn 0.05528546 0.07325485 0.99577969
vn 0.44988638 0.06090870 0.89100641
vn 0.16215265 -0.45446846 0.87587947
vn 0.29686755 -0.45516101 0.83946300
vn -0.52198571 0.30887491 0.79506427
vn -0.38323978 0.25206339 0.88858944
vn -0.88069254 0.02475611 0.47304106
vn 0.76211345 -0.64645565 0.03575247
vn 0.30508485 -0.69291931 0.65328848
vn 0.60928047 -0.75796092 0.23296459
vn 0.98644549 -0.13990828 0.08573809
vn 0.93342870 -0.20351258 -0.29545477
vn -0.41817787 -0.43916854 0.79514670
vn -0.36367747 -0.47104284 0.80365247
vn 0.66142690 -0.23538338 -0.71211600
vn 0.98258597 -0.18340223 -0.02980643
vn 0.82748640 -0.26658878 -0.49416262
vn -0.17726929 -0.23866029 0.95478630
vn 0.81001723 -0.54181886 -0.22428648
vn 0.76655638 -0.47809410 -0.42873922
vn 0.29101670 -0.14764874 -0.94525611
vn 0.28660953 0.80186480 0.52427828
vn 0.28082821 0.79922485 0.53138977
vn 0.58898598 -0.78203148 0.20376989
vn 0.61734480 -0.69278616 0.37273687
vn 0.44020283 -0.87460774 -0.20318127
vn 0.56375933 -0.81220037 -0.15001929
vn 0.56496143 -0.81118298 -0.15099888
vn 0.49256015 -0.87003350 -0.02064401
vn 0.41942832 -0.78364223 -0.45824096
vn 0.34175038 -0.74833864 -0.56850302
vn 0.37101060 -0.69325054 -0.61786306
vn 0.16285062 0.91362828 0.37250900
vn 0.20625705 -0.43859205 -0.87469709
vn -0.05962723 0.75755614 -0.65004086
vn -0.16050661 0.96014106 -0.22883740
vn -0.16050662 0.96014112 -0.22883740
vn -0.16050661 0.96014112 -0.22883739
vn 0.42367840 -0.50633526 0.75108004
vn 0.12548511 -0.49064079 -0.86227894
vn -0.56652975 0.82185036 -0.06004864
vn -0.52732241 0.81858224 -0.22771481
vn -0.73224270 0.55242109 -0.39831057
vn -0.82503891 0.44245905 -0.35148367
vn -0.86566693 0.22389099 -0.44776505
vn -0.96099812 0.13493893 -0.24140044
vn -0.47451344 0.54901314 -0.68805641
vn -0.63801956 0.69581956 -0.32979709
vn -0.37362149 0.60343182 -0.70446920
vn -0.88945895 0.28599513 -0.35646802
vn 0.05512027 0.57458287 -0.81658822
vn -0.20755048 0.59071654 -0.77972865
vn -0.30405578 0.44016409 -0.84487015
vn -0.53143764 0.27580735 -0.80093968
vn 0.81263065 -0.03098297 -0.58195490
vn -0.85341936 -0.32448000 -0.40790695
vn 0.43862209 -0.69430137 -0.57057530
vn -0.14593753 -0.70663947 -0.69236028
vn 0.93308520 -0.35292450 0.06925625
vn 0.92430836 -0.38137743 0.01433332
vn 0.85108942 -0.50293249 -0.15068352
vn 0.67651349 -0.63299179 -0.37636515
vn -0.70727694 -0.27049193 -0.65314126
vn 0.91191477 -0.27998105 0.30003673
vn 0.97711998 -0.08197678 -0.19625585
vn 0.77231908 -0.29258421 0.56384188
vn 0.62334621 -0.30753529 0.71893084
vn 0.63358355 0.20612939 -0.74570936
vn 0.46583846 0.08468074 -0.88080853
vn 0.19014850 0.00011455 -0.98175544
vn -0.31806034 -0.42123416 -0.84935230
vn -0.56499839 -0.44764999 -0.69309908
vn -0.71221012 0.61332673 0.34144822
vn -0.68089485 0.73012161 -0.05748374
vn -0.70879245 0.70425302 -0.04050825
vn -0.58791220 0.47909701 0.65178609
vn -0.56544596 0.51798356 0.64184415
vn -0.49401343 0.52508956 0.69298744
vn -0.52675474 0.78397882 0.32849151
vn -0.65868813 0.51857197 0.54517233
vn 0.75935549 -0.12747516 0.63806677
vn -0.88079470 -0.27100363 0.38827518
vn -0.86823237 -0.03429610 0.49497110
vn 0.61493528 0.29270244 0.73224306
vn -0.95755130 -0.18183534 0.22367714
vn -0.19325528 0.28826723 0.93784571
vn -0.25050899 0.32744211 0.91105813
vn -0.05074873 0.12192603 0.99124086
vn -0.70944387 -0.37173897 0.59874827
vn -0.69794655 -0.12640545 0.70490587
vn -0.47941527 -0.43392816 0.76280224
vn -0.47119430 -0.20314077 0.85831803
vn -0.25051293 -0.67585355 0.69315594
vn -0.12261736 -0.67795825 0.72480172
vn 0.34763494 -0.35296112 0.86865896
vn 0.27867916 -0.09662847 0.95551085
vn 0.09324766 -0.68894923 0.71878630
vn 0.61210352 -0.23326592 0.75559002
vn 0.53996027 0.01485499 0.84155935
vn -0.06107556 -0.42573807 0.90278286
vn 0.50011855 -0.43929192 0.74626005
vn 0.25551817 -0.68386328 0.68340427
vn 0.63555300 0.14007337 0.75924426
vn -0.16928831 0.16087376 0.97234827
vn -0.95014626 -0.17270063 0.25960869
vn 0.71828729 -0.69571358 0.00677107
vn 0.05243107 -0.65508080 0.75373739
vn 0.44687259 -0.77591288 0.44526857
vn 0.46934953 -0.74915659 0.46741360
vn 0.46822980 -0.75017023 0.46691057
vn 0.44527420 -0.77732617 0.44440380
vn 0.92723185 -0.24048999 0.28706390
vn 0.92517704 -0.07947867 -0.37112051
vn -0.19846390 -0.56318402 0.80214459
vn -0.39258167 -0.50571138 0.76820284
vn 0.38908821 -0.22224753 0.89398903
vn 0.67089152 -0.15652044 0.72484887
vn 0.15184593 -0.25550592 0.95480865
vn 0.49286017 -0.32667094 -0.80645835
vn 0.82705575 -0.34077227 0.44704914
vn -0.39731380 -0.12877321 0.90860289
vn 0.73870277 -0.45470029 -0.49755985
vn -0.05483552 -0.46066236 -0.88587993
vn 0.57590860 -0.74275851 0.34152433
vn 0.37185657 -0.83166027 -0.41238788
vn 0.25912875 -0.85074323 -0.45726150
vn 0.52420080 -0.82927513 0.19369075
vn 0.36604789 -0.93049878 0.01344699
vn 0.30680847 -0.93163717 -0.19473211
vn 0.16645056 -0.64062834 -0.74959284
vn 0.17653272 -0.57805818 -0.79667115
vn 0.00823997 -0.51668578 -0.85613543
vn 0.50941402 -0.63136142 0.58470494
vn 0.53087932 -0.57453990 0.62295341
vn 0.38013637 -0.45160151 0.80718797
vn 0.26501748 -0.32238814 -0.90875286
vn -0.65262276 0.72406304 0.22319497
vn -0.44669494 0.74144059 -0.50072885
vn -0.19869052 0.61689413 -0.76155347
vn -0.94529229 0.05301272 -0.32188833
vn -0.39369777 0.01653030 -0.91909128
vn -0.49889058 -0.04727385 -0.86537474
vn -0.62966979 -0.09908725 -0.77051789
vn -0.68989736 -0.15225981 -0.70771366
vn -0.89793277 -0.03044273 -0.43907848
vn -0.94573849 0.16768283 0.27831841
vn -0.67885274 0.29410693 -0.67280024
vn 0.44302344 0.38829201 -0.80805916
vn 0.01012681 0.45500675 -0.89043039
vn 0.25614515 0.36376160 -0.89558196
vn -0.14857288 0.44416118 -0.88354224
vn -0.27351439 0.25541243 -0.92733717
vn -0.22301942 0.25761911 -0.94015670
vn -0.38498855 0.25122508 -0.88807088
vn 0.78798735 0.10111196 -0.60733199
vn -0.85270196 -0.33018756 -0.40481535
vn 0.06735414 -0.75091058 -0.65696013
vn 0.90630198 -0.40524319 0.11997809
vn 0.78320557 -0.61462742 -0.09392606
vn 0.60192585 -0.74572545 -0.28561977
vn -0.75467950 -0.19559835 -0.62625885
vn 0.64409989 -0.22453950 0.73124373
vn 0.88584304 0.02862189 -0.46310142
vn 0.75640303 -0.03623134 -0.65310162
vn 0.65470487 -0.04637301 -0.75446069
vn -0.63682705 0.31810340 0.70232570
vn -0.56165844 0.81467408 0.14438114
vn -0.75087976 0.63156503 0.19314535
vn -0.56548411 0.81203997 0.14428689
vn -0.63541585 0.74885261 0.18832482
vn -0.81481999 0.56718719 -0.11986206
vn -0.85642207 0.51575595 -0.02317523
vn -0.70080239 0.50622338 0.50260711
vn -0.67486358 0.50128829 0.54154325
vn -0.91577780 0.37549058 0.14268069
vn -0.91823572 0.21224098 -0.33436051
vn -0.88929421 0.08840269 -0.44871005
vn -0.57536429 0.56603813 0.59038693
vn 0.84769130 -0.33551678 0.41091132
vn 0.68970376 -0.18149851 0.70097572
vn -0.91943562 -0.39257151 -0.02292943
vn -0.90599746 -0.42164809 0.03716994
vn 0.31068125 -0.22391559 0.92376351
vn -0.20050400 -0.77776474 0.59571820
vn -0.11951692 -0.77431339 0.62141311
vn 0.39885238 -0.62869000 0.66758192
vn 0.12024806 -0.68583190 0.71775693
vn -0.38171881 -0.33335844 0.86206895
vn 0.45426276 -0.69243455 0.56051713
vn 0.75389004 -0.36398607 0.54695898
vn -0.65964776 -0.19471741 0.72591317
vn -0.80869937 -0.08466204 0.58209765
vn -0.92837733 -0.21785247 0.30109078
vn 0.77213913 -0.58472776 -0.24878596
vn 0.01959451 -0.70690113 0.70704085
vn 0.59996045 -0.78884166 0.13332778
vn 0.66423172 -0.74743414 0.01177053
vn 0.13150352 -0.78905481 0.60008264
vn 0.38027135 -0.84350139 0.37934026
vn 0.37796494 -0.84517980 0.37790662
vn 0.92872393 -0.35008371 -0.12211956
vn 0.88977206 -0.30302814 -0.34129116
vn -0.46296448 -0.48086128 0.74460471
vn -0.22298257 -0.60493141 0.76441920
vn 0.61303544 -0.25564706 0.74755073
vn 0.93160295 -0.36149916 -0.03786931
vn 0.74934262 -0.43526760 -0.49902672
vn 0.43764213 -0.44019935 -0.78402412
vn -0.39811233 -0.12826574 0.90832508
vn 0.02136314 -0.52834088 0.84876341
vn 0.74755675 -0.51154572 -0.42365077
vn 0.15971361 -0.93297565 -0.32256448
vn 0.45246610 -0.84473407 0.28582993
vn 0.18331277 -0.98302907 0.00708764
vn 0.15300879 -0.98322821 -0.09924998
vn 0.12086244 -0.76495332 -0.63264406
vn 0.10132605 -0.59650946 -0.79618436
vn 0.41226584 -0.75637823 0.50786680
vn 0.37272787 -0.63327205 0.67826277
vn 0.04641988 -0.65129948 -0.75739950
vn -0.76362532 0.63117450 0.13599625
vn -0.64117748 0.75881839 -0.11439358
vn -0.65743047 0.63359892 0.40784508
vn -0.54223496 0.67328566 -0.50266039
vn -0.60780203 0.75513715 -0.24565126
vn -0.35586870 0.65350723 -0.66804618
vn -0.98634660 -0.16466239 -0.00257649
vn -0.93552840 -0.34869230 0.05657019
vn -0.34903935 0.09425670 -0.93235570
vn -0.85013413 -0.13521315 -0.50890994
vn -0.85370731 0.02838069 -0.51997918
vn -0.98833096 -0.06383999 -0.13829817
vn 0.06892107 0.32246831 -0.94406784
vn -0.10152180 0.27622402 -0.95571619
vn -0.20317855 -0.06296533 -0.97711509
vn -0.30916789 -0.06329545 -0.94889879
vn -0.68610728 -0.11997972 -0.71753860
vn -0.46868533 -0.09718540 -0.87800288
vn -0.86705232 -0.11481836 -0.48480609
vn 0.90151715 -0.21154754 -0.37751091
vn -0.85622257 -0.39216855 -0.33628371
vn 0.38546062 -0.80137914 -0.45739645
vn -0.18578377 -0.66161299 -0.72646588
vn 0.88101053 -0.46974069 0.05624953
vn -0.71613342 -0.42720297 -0.55195159
vn -0.61338568 -0.37958026 -0.69258708
vn -0.61338568 -0.37958023 -0.69258702
vn -0.61338568 -0.37958023 -0.69258708
vn 0.75130111 -0.48169991 0.45112294
vn 0.97931051 -0.12169585 -0.16168182
vn 0.73305327 -0.41072896 0.54215735
vn 0.64509046 -0.23238723 0.72791094
vn 0.44854748 -0.12664759 -0.88474041
vn 0.70084900 -0.23441994 -0.67368978
vn 0.05891234 -0.19228524 -0.97956908
vn 0.06380723 0.30162379 -0.95128953
vn 0.06380723 0.30162379 -0.95128947
vn -0.57637417 -0.64807063 -0.49779230
vn -0.63635820 0.63063449 0.44423908
vn -0.74629599 0.63859069 0.18773425
vn -0.82211393 0.41021550 0.39478081
vn -0.82208532 0.41000265 0.39506125
vn -0.78744870 0.42651454 0.44498307
vn -0.77420044 0.60194135 -0.19565324
vn -0.87783641 0.47782373 0.03297929
vn -0.59608722 0.54857033 0.58630246
vn -0.91887128 0.27355665 0.28432801
vn -0.96381599 0.24737523 -0.09931841
vn -0.46661931 0.44535697 0.76414895
vn -0.62740642 0.23969403 0.74088329
vn -0.54317605 0.41986248 0.72710067
vn 0.80862415 -0.37078896 0.45677406
vn -0.82652754 -0.53070724 0.18762195
vn -0.65530807 -0.64164448 0.39857668
vn 0.80635530 -0.01399208 0.59126586
vn -0.88554871 -0.46453193 -0.00366899
vn -0.20299987 0.07581158 0.97623950
vn -0.42979580 -0.68999308 0.58239585
vn 0.11155497 -0.80253881 0.58607757
vn 0.09856750 -0.74834633 0.65594375
vn 0.66377437 -0.49750718 0.55847120
vn 0.39918506 -0.68330020 0.61135268
vn -0.11706239 -0.68153149 0.72236502
vn 0.70787954 -0.62461060 0.32979986
vn 0.23448050 -0.75354481 0.61415720
vn 0.42563775 -0.76377833 0.48525783
vn -0.45620087 -0.59736681 0.65957069
vn -0.92691994 -0.30262712 0.22189252
vn 0.73526084 -0.63829088 -0.22798279
vn 0.52409512 -0.85165966 0.00019301
vn 0.02227164 -0.75213057 0.65863758
vn 0.47897285 -0.87232518 0.09815129
vn 0.10269007 -0.86986208 0.48248798
vn 0.28884852 -0.91287857 0.28847739
vn 0.28678441 -0.91396761 0.28708518
vn 0.87581706 -0.47863108 0.06210268
vn 0.89535153 -0.40580988 -0.18347740
vn 0.91331685 -0.15981810 -0.37458062
vn -0.38291773 -0.53822047 0.75079477
vn -0.20187919 -0.65366995 0.72935605
vn 0.30595243 -0.32748559 0.89394981
vn 0.75540805 -0.65411943 -0.03855278
vn 0.68188179 -0.62731642 0.37617987
vn 0.55642277 -0.41690078 0.71874017
vn -0.23013751 -0.35809648 0.90487772
vn 0.73651105 -0.46956357 -0.48688951
vn -0.04987296 -0.47124380 -0.88059181
vn 0.05800655 -0.88594264 -0.46015307
vn 0.05679248 -0.98136824 -0.18355085
vn 0.29657656 -0.93049926 0.21497299
vn 0.01857028 -0.99982315 -0.00291675
vn -0.00462328 -0.63244092 -0.77459472
vn 0.38676918 -0.47127303 0.79266101
vn 0.28159615 -0.35302958 -0.89222962
vn -0.78757578 0.61210257 0.07109796
vn -0.52802563 0.57783324 -0.62233233
vn -0.60509485 0.64937246 -0.46062511
vn 0.11913572 0.11827887 -0.98580766
vn 0.12839229 -0.10664096 -0.98597318
vn 0.04164710 0.30350325 -0.95191973
vn -0.90656650 -0.41630250 -0.06949288
vn -0.10393366 -0.49810222 -0.86086696
vn -0.30565181 -0.53049690 -0.79066432
vn -0.48668239 -0.53837460 -0.68796295
vn -0.70192415 -0.52457726 -0.48178953
vn -0.84547710 -0.46241444 -0.26709768
vn -0.91820312 -0.09431618 0.38471740
vn 0.52288371 0.01449756 -0.85228068
vn 0.70626777 0.06561743 -0.70489722
vn 0.24732627 -0.03130526 -0.96842635
vn -0.02915039 -0.05716946 -0.99793881
vn -0.30828288 -0.25667289 -0.91601348
vn -0.71636188 -0.37530744 -0.58819216
vn 0.86506468 -0.10846119 -0.48979524
vn -0.85441244 -0.39836034 -0.33359915
vn 0.96116030 -0.20965615 -0.17948569
vn 0.91721898 -0.19839828 -0.34546730
vn 0.03027590 -0.80958873 -0.58621609
vn 0.90220916 -0.41495475 0.11760606
vn 0.66387463 -0.74717057 -0.03172414
vn 0.48640648 -0.85340583 -0.18736911
vn 0.30952081 -0.88874638 -0.33812240
vn -0.74690145 -0.21030571 -0.63080102
vn -0.66598088 -0.58979297 -0.45674241
vn 0.78458834 -0.18350306 0.59223956
vn 0.63743961 -0.37383679 0.67373335
vn 0.64078122 -0.36897737 0.67324221
vn 0.54020017 -0.45764276 0.70622021
vn 0.89464116 -0.14262244 -0.42341006
vn 0.32610723 -0.53170228 -0.78163081
vn -0.38878828 -0.66429532 -0.63840061
vn -0.68197477 0.54864466 0.48363137
vn -0.13495834 -0.39338312 0.90941519
vn -0.20282136 -0.33335102 0.92072827
vn -0.35445121 -0.16110748 0.92109096
vn -0.88083124 0.47279647 0.02448999
vn -0.91162860 0.34062091 0.23002298
vn -0.91618627 0.32119411 0.23966031
vn -0.80719596 -0.20227961 0.55454272
vn -0.62066710 -0.41187260 0.66718310
vn -0.72719640 -0.18924311 0.65982759
vn -0.66786516 0.00592694 -0.74425876
vn -0.74610406 0.07410461 -0.66169268
vn -0.73333228 0.16602840 -0.65928608
vn -0.45356572 -0.02454434 0.89088482
vn -0.39388844 0.36532229 0.84344023
vn -0.55636221 0.15387338 0.81656843
vn -0.76347244 -0.24450934 -0.59776670
vn -0.84736520 -0.00381888 -0.53099680
vn -0.87089902 -0.35740426 -0.33733800
vn -0.95638591 -0.10763835 -0.27155098
vn -0.89691299 -0.40333095 -0.18130387
vn -0.97925735 -0.15784985 -0.12703738
vn -0.74403012 0.22041118 0.63074410
vn -0.76519191 0.42126483 0.48684427
vn -0.72898793 0.40184814 0.55416131
vn -0.99311215 0.05647114 0.10266083
vn -0.72436529 -0.19020782 -0.66265827
vn -0.72539961 -0.06967033 0.68479294
vn -0.39950058 0.00738283 0.91670310
vn 0.81300581 -0.41805872 0.40527576
vn -0.80187964 -0.57930094 0.14628570
vn -0.62683374 -0.69890028 0.34440938
vn 0.49182570 -0.39529198 0.77579093
vn 0.73048472 -0.27540848 0.62493384
vn 0.82920194 -0.07860027 0.55339527
vn -0.89377367 -0.44171661 -0.07781383
vn 0.12166843 -0.31553698 0.94108087
vn -0.40378332 -0.75339550 0.51899350
vn -0.38506630 -0.80386573 0.45334724
vn 0.66269261 -0.54718047 0.51130402
vn 0.10231176 -0.75532246 0.64731771
vn 0.67119205 -0.69699264 0.25239366
vn -0.73767173 -0.43564880 0.51580071
vn -0.87396657 -0.29736900 0.38438791
vn -0.94739527 -0.24315353 0.20813118
vn -0.87868536 -0.35757193 0.31631359
vn 0.60234988 -0.77094102 -0.20694081
vn 0.34341851 -0.93906891 -0.01459692
vn 0.00513868 -0.84913772 0.52814645
vn 0.34329730 -0.93775547 0.05254975
vn 0.06840985 -0.93601859 0.34523773
vn 0.13016951 -0.98294890 0.12987368
vn 0.13243544 -0.98245656 0.13130043
vn 0.81865954 -0.43282640 -0.37743592
vn 0.83956820 -0.48901933 -0.23661219
vn -0.45389372 -0.49371380 0.74177307
vn 0.54455900 -0.70985651 -0.44672030
vn 0.39317131 -0.91941768 -0.00934289
vn 0.39370370 -0.89729953 0.19962706
vn 0.28339455 -0.66033900 -0.69544232
vn -0.39292800 -0.14230269 0.90849185
vn 0.65226275 -0.65271717 -0.38537452
vn -0.06411524 -0.72724497 0.68337679
vn 0.28137881 -0.45751107 0.84351021
vn -0.00503051 -0.96372360 -0.26685485
vn 0.13336332 -0.98157746 0.13682032
vn 0.01866010 -0.99982023 -0.00333781
vn -0.03124153 -0.99853027 -0.04428671
vn -0.02894493 -0.78833526 -0.61456448
vn -0.00161530 -0.75286871 -0.65816873
vn 0.27229103 -0.87935370 0.39063355
vn 0.27096939 -0.79140705 0.54795110
vn -0.04465339 -0.79600322 -0.60364312
vn -0.81493211 0.57847512 -0.03538518
vn -0.85386592 0.50451881 0.12795998
vn -0.82338637 0.50939679 0.25009942
vn -0.70687425 0.68148017 -0.18950844
vn -0.83822626 0.49569511 -0.22729501
vn -0.70667076 0.68207312 -0.18812917
vn -0.63256949 0.56685120 -0.52776474
vn 0.04548573 -0.21209675 -0.97618955
vn 0.06918222 -0.00666183 -0.99758184
vn -0.69949430 0.60463428 -0.38095275
vn -0.81500584 -0.51572424 0.26418543
vn -0.79695296 -0.59922820 0.07610181
vn 0.01486529 -0.49387929 -0.86940330
vn -0.42229620 -0.68719965 -0.59111977
vn -0.78711087 -0.56105983 -0.25625834
vn -0.95092356 -0.30204242 0.06719276
vn -0.48572141 -0.32358229 -0.81201547
vn -0.18541822 -0.27040750 -0.94472212
vn -0.88045126 -0.37369025 -0.29182374
vn -0.85534394 -0.39507326 -0.33511755
vn 0.96174389 -0.20816611 -0.17808835
vn -0.18758382 -0.55630130 -0.80953145
vn 0.78545070 -0.61306697 0.08494736
vn 0.94104904 0.20017168 0.27268669
vn 0.92616141 0.34756699 0.14636339
vn 0.94492912 0.32679027 0.01780351
vn 0.97743559 0.16133840 0.13634419
vn 0.97455353 0.03216833 0.22183479
vn 0.77398998 -0.22138801 0.59323412
vn 0.64870524 -0.24987663 0.71884847
vn 0.97628391 -0.20136191 -0.07951846
vn -0.04043254 -0.64792377 -0.76063132
vn 0.49341127 -0.70030415 -0.51586753
vn 0.07130387 -0.98139250 -0.17828178
vn 0.24254446 -0.91552651 -0.32091010
vn 0.74844307 -0.58203149 -0.31791854
vn -0.54990935 -0.78692359 -0.27991226
vn -0.59657294 -0.75233293 -0.27945635
vn -0.25448149 -0.31184399 0.91541928
vn -0.52972114 -0.16041021 0.83286494
vn -0.85956907 -0.45923048 0.22416145
vn -0.93591797 -0.25281614 0.24523756
vn -0.93784374 -0.24693075 0.24387361
vn -0.70313913 -0.43676832 0.56109607
vn -0.42513976 -0.35421425 0.83293951
vn -0.34154427 0.21954235 0.91386467
vn -0.65049332 -0.14642954 -0.74526292
vn -0.74845839 0.00882161 0.66312307
vn -0.96739590 0.02654002 0.25187460
vn -0.90343040 -0.02158043 0.42819127
vn -0.81251895 -0.06746177 0.57901818
vn -0.89424670 -0.10196428 -0.43580523
vn -0.68282092 -0.06676218 0.72752905
vn -0.56934518 -0.05435968 0.82029939
vn 0.85198236 -0.39705393 0.34128326
vn 0.52536875 -0.43465528 0.73147959
vn 0.74184316 -0.39998189 0.53822207
vn -0.86167449 -0.50737977 -0.00910567
vn -0.75906932 -0.63550019 0.14125545
vn -0.14756319 -0.81823862 0.55561721
vn -0.14755683 -0.82063568 0.55207253
vn -0.13538231 -0.85021973 0.50872189
vn 0.36780772 -0.74064034 0.56228930
vn 0.62714642 -0.60929209 0.48523229
vn -0.13196927 -0.75598150 0.64115202
vn 0.83790195 -0.54576898 -0.00752383
vn 0.20822218 -0.82906502 0.51893610
vn 0.38292181 -0.84084940 0.38254803
vn 0.60661453 -0.77859354 0.16065699
vn -0.74400717 -0.50550789 0.43693826
vn -0.46675256 -0.67327636 0.57344645
vn -0.94504309 -0.25045562 0.21015607
vn -0.85854667 -0.45436093 0.23759973
vn 0.39253852 -0.90542245 -0.16162774
vn 0.20613904 -0.97789425 -0.03506179
vn -0.01423744 -0.93512297 0.35403705
vn 0.03613852 -0.97041726 0.23871386
vn 0.02164503 -0.99823552 0.05529296
vn 0.05584442 -0.99826699 0.01855701
vn 0.25306237 -0.96724594 0.01986800
vn 0.91478586 -0.18155997 -0.36083630
vn -0.18881346 -0.77326334 0.60532069
vn -0.34662163 -0.67160285 0.65483063
vn 0.28485182 -0.89241582 -0.34993333
vn 0.40168792 -0.68894035 0.60333067
vn -0.07123198 -0.99077773 0.11526233
vn -0.27417871 -0.56803757 0.77598923
vn 0.73232704 -0.51761645 -0.44245920
vn 0.15242210 -0.68790007 0.70962024
vn -0.03804261 -0.48982811 -0.87098867
vn -0.05065385 -0.92154926 -0.38494280
vn -0.06156445 -0.99551231 -0.07186721
vn -0.00600305 -0.99833602 0.05735007
vn -0.06618739 -0.99764878 0.01777908
vn -0.06622357 -0.99764699 0.01774455
vn 0.11130077 -0.82803881 -0.54951227
vn 0.39985022 -0.53067106 0.74733388
vn 0.29890767 -0.39941823 -0.86667132
vn -0.82503647 0.55872613 -0.08449794
vn -0.85568607 -0.04589387 0.51545626
vn -0.76798850 -0.27363703 0.57906514
vn -0.65552974 -0.18840934 0.73128837
vn -0.83539921 0.49881503 -0.23084992
vn -0.24900497 -0.19968146 -0.94769394
vn -0.19454466 -0.30527830 -0.93217891
vn -0.04146577 -0.07055879 -0.99664533
vn -0.72244316 0.53075248 -0.44314522
vn -0.73663628 0.58413243 -0.34081694
vn 0.26429567 -0.13631065 -0.95476031
vn -0.79458797 -0.55236757 0.25203159
vn 0.16751958 -0.67548823 -0.71808952
vn 0.13946649 -0.64363563 -0.75251722
vn -0.17334013 -0.73622078 -0.65416515
vn -0.58149934 -0.70878631 -0.39935005
vn -0.75245315 -0.63806313 -0.16336921
vn -0.87671977 -0.28566465 0.38698599
vn 0.64883304 -0.21672243 -0.72941560
vn 0.35273868 -0.26824293 -0.89644921
vn 0.81502074 -0.15745723 -0.55762756
vn 0.02612435 -0.28001189 -0.95964098
vn -0.29978073 -0.35419604 -0.88581973
vn -0.49271423 -0.41434366 -0.76521373
vn -0.72135097 -0.46087319 -0.51696086
vn -0.86571449 -0.45306528 -0.21276784
vn -0.83556968 -0.45505631 -0.30780995
vn 0.90968770 -0.31813094 -0.26694775
vn 0.03138519 -0.88222378 -0.46978307
vn 0.89469385 -0.43378600 0.10654899
vn 0.44377968 -0.89323813 0.07200801
vn 0.32676056 -0.94325101 -0.05920364
vn 0.22290181 -0.95338410 -0.20340471
vn -0.73301160 -0.23455150 -0.63849789
vn 0.92412698 0.38134342 -0.02379952
vn 0.45420286 -0.61065495 0.64869118
vn 0.43309003 -0.60445154 0.66863382
vn -0.17146988 -0.90041727 -0.39980826
vn -0.09136142 -0.94305563 -0.31984198
vn 0.57428509 -0.58445764 -0.57324153
vn 0.43854985 -0.89248395 -0.10557620
vn -0.41493514 -0.84718591 -0.33182046
vn -0.02216138 -0.48421216 0.87466991
vn -0.86092925 -0.45604435 0.22544266
vn -0.43331522 -0.65346575 0.62066126
vn -0.24660435 -0.56493312 0.78742421
vn -0.29508424 -0.28263766 0.91271096
vn -0.41441196 -0.35920522 -0.83620232
vn -0.49578580 -0.35896009 -0.79078698
vn -0.57463449 -0.49752170 -0.64982086
vn -0.67480350 -0.62625510 -0.39044160
vn -0.71081811 -0.66394764 -0.23218769
vn -0.92952979 -0.36529830 -0.05031460
vn -0.92767042 -0.29274628 -0.23179127
vn -0.66620058 -0.23412195 -0.70807034
vn -0.65650713 -0.48604512 0.57685226
vn -0.57237512 -0.48612586 0.66035479
vn -0.76252121 -0.48274174 0.43072230
vn -0.15431230 -0.41921002 0.89467901
vn -0.41228849 -0.47721577 0.77606910
vn 0.79738629 -0.46452880 0.38521174
vn -0.58133924 -0.74958879 0.31648242
vn 0.30617625 -0.50961339 0.80408347
vn 0.82455844 -0.09279314 0.55811536
vn 0.52325416 -0.52182531 0.67372352
vn -0.88828009 -0.45355666 -0.07242105
vn 0.18353419 -0.87871069 0.44066161
vn 0.30381298 -0.85183841 0.42669523
vn -0.13515462 -0.85278726 0.50446707
vn 0.07966791 -0.82949007 0.55281025
vn 0.76901942 -0.63460696 -0.07670085
vn -0.45651370 -0.76163018 0.45990720
vn -0.89138967 -0.42506507 0.15730272
vn 0.84369493 -0.41138202 0.34488234
vn -0.72052062 -0.60439712 0.33993241
vn 0.46747273 -0.83253902 -0.29723385
vn 0.21125731 -0.97024322 -0.11831482
vn -0.02871105 -0.97852856 0.20410140
vn -0.03753258 -0.99663669 0.07284600
vn -0.03338537 -0.99888468 -0.03338540
vn -0.03338536 -0.99888468 -0.03338540
vn 0.08001408 -0.99575782 -0.04543124
vn 0.67956120 -0.60210752 -0.41912162
vn 0.70408732 -0.63022941 -0.32721812
vn -0.40996251 -0.54000574 0.73506755
vn 0.01375462 -0.98157650 -0.19057398
vn 0.19628333 -0.88566661 0.42079380
vn -0.15085930 -0.98412549 -0.09347963
vn -0.37793151 -0.17386419 0.90936196
vn -0.00351170 -0.86631715 0.49948189
vn -0.14536341 -0.85494113 0.49794063
vn -0.06789094 -0.95576489 -0.28618920
vn 0.12257361 -0.96117139 0.24723509
vn 0.38636643 -0.65987819 0.64442348
vn 0.01052647 -0.99378830 0.11078738
vn 0.01731907 -0.99251515 0.12088678
vn 0.69583660 -0.59532768 -0.40174145
vn 0.80348301 -0.59532756 0.00000014
vn 0.86390650 -0.50365204 0.00000014
vn 0.74816495 -0.50365198 -0.43195337
vn 0.10057305 -0.65903318 -0.74535918
vn 0.09416918 -0.68228769 -0.72499347
vn -0.06560910 -0.99234426 -0.10463371
vn -0.00517399 -0.54833347 -0.83624375
vn -0.12464064 -0.88129550 -0.45583206
vn 0.13803636 -0.92551297 0.35266352
vn -0.13432424 -0.89935660 -0.41607025
vn -0.87944156 0.47589743 0.01020699
vn -0.57964742 -0.51626951 0.63045585
vn -0.48088825 -0.40720937 0.77648377
vn -0.95815980 -0.12821895 0.25590920
vn -0.87077141 -0.37228858 0.32118282
vn -0.90418637 0.34736899 -0.24855947
vn -0.54051852 -0.26698765 -0.79784536
vn 0.11039403 -0.04054831 -0.99306041
vn -0.77006537 0.50069302 -0.39535511
vn -0.44777712 -0.44333979 -0.77649570
vn -0.75447369 -0.55430400 0.35144919
vn -0.77543730 -0.56547636 0.28095099
vn -0.57447004 -0.71142054 -0.40480232
vn -0.38198301 -0.72679859 -0.57083499
vn -0.20141566 -0.64219230 -0.73960847
vn -0.92077267 -0.31910238 0.22439097
vn -0.91745192 -0.37591365 0.13027216
vn -0.17074838 -0.36299390 -0.91601336
vn 0.82502449 -0.23094675 -0.51575005
vn -0.85285580 -0.40154064 -0.33376956
vn 0.81082392 -0.36249959 -0.45952007
vn 0.95878315 -0.22067775 -0.17898639
vn -0.16541529 -0.52527088 -0.83470237
vn 0.56792921 -0.81142896 0.13798347
vn 0.12202373 -0.99172932 -0.03978696
vn 0.55733091 -0.69755602 0.45033059
vn 0.63067830 -0.59651440 0.49640253
vn 0.72054470 -0.68703562 0.09379394
vn 0.39805639 -0.67345285 0.62290615
vn 0.65225059 -0.28163746 0.70373970
vn -0.26762304 -0.96346915 0.01024835
vn -0.01857270 -0.99963897 0.01941509
vn 0.21511126 -0.95269525 -0.21470593
vn 0.21258965 -0.95402473 -0.21128768
vn 0.36134976 -0.90918124 0.20691989
vn -0.38671911 -0.92217416 -0.00656027
vn -0.48202938 -0.87496108 -0.04572416
vn -0.71281165 -0.27305201 -0.64602029
vn -0.10828720 -0.46915549 0.87645143
vn -0.72472709 -0.66258436 0.18908307
vn -0.72465628 -0.66264403 0.18914595
vn -0.52329272 -0.67518777 0.51989043
vn -0.19662593 -0.13432053 0.97123438
vn -0.45211557 -0.40085042 -0.79681259
vn -0.53079838 -0.54239720 -0.65119767
vn -0.61906928 -0.68052000 -0.39197659
vn -0.87418759 -0.44242927 0.20013073
vn -0.75465071 -0.30346397 -0.58173186
vn -0.55507118 -0.68512195 0.47170296
vn -0.46502191 -0.68645316 0.55904967
vn 0.01394312 -0.63562757 0.77186990
vn 0.33871555 -0.56420141 0.75295973
vn 0.72434807 -0.57025325 0.38746756
vn 0.50931948 -0.67389935 0.53521329
vn -0.64652765 -0.75765193 0.08924913
vn -0.77563494 -0.63074875 -0.02337558
vn -0.47258210 -0.85064292 0.23037548
vn 0.22505370 -0.93960720 0.25785467
vn -0.37718225 -0.87672645 0.29846975
vn -0.10031760 -0.92138708 0.37547582
vn 0.54209805 -0.74948299 0.38000649
vn 0.72925085 -0.60044187 0.32812014
vn -0.14488585 -0.83534104 0.53029555
vn 0.61710232 -0.76066613 -0.20142421
vn 0.28310814 -0.93880761 0.19618830
vn 0.10998681 -0.95364046 0.28012994
vn 0.46509132 -0.88524729 -0.00521963
vn -0.93742812 -0.27109012 0.21849158
vn -0.65051538 -0.74542183 0.14551970
vn -0.78228158 -0.61841810 0.07479746
vn 0.32564193 -0.91713750 -0.22981744
vn 0.06061777 -0.99463296 -0.08384921
vn -0.15773116 -0.90034521 0.40558514
vn -0.12085009 -0.96788454 0.22044180
vn -0.27301288 -0.70649248 0.65294117
vn -0.10329433 -0.97073746 0.21679249
vn 0.69583648 -0.59532785 0.40174168
vn 0.40174115 -0.59532785 0.69583678
vn 0.43195301 -0.50365210 0.74816519
vn 0.74816483 -0.50365198 0.43195367
vn 0.69014573 -0.68076539 -0.24547365
vn 0.66903025 -0.70297021 -0.24131185
vn 0.91629028 -0.21580750 -0.33740065
vn -0.26757693 -0.84334147 0.46602330
vn -0.06663316 -0.92932624 -0.36319771
vn -0.24695338 -0.96269763 -0.11057669
vn -0.26158375 -0.96475971 -0.02850418
vn -0.29673842 -0.76436931 0.57243848
vn 0.72438532 -0.56432712 -0.39598066
vn 0.02975206 -0.59634757 -0.80217475
vn -0.01678280 -0.99446517 0.10371739
vn 0.41704416 -0.59776819 0.68465120
vn 0.08248556 -0.95312023 0.29113188
vn 0.94528425 -0.32624796 0.00000013
vn 0.81864029 -0.32624784 -0.47264206
vn 0.40174127 -0.59532779 -0.69583666
vn 0.43195328 -0.50365192 -0.74816513
vn 0.18413660 -0.87808043 0.44166541
vn -0.09841050 -0.92632389 0.36364722
vn 0.66203755 -0.36822879 0.65277398
vn -0.09353171 -0.99530071 0.02506196
vn 0.41482437 -0.58049738 0.70067352
vn 0.31810224 -0.45489189 -0.83179587
vn -0.89099783 0.45080265 -0.05384944
vn -0.42713407 -0.46774745 0.77380151
vn -0.67987847 -0.63185221 0.37219343
vn -0.97322983 -0.21425913 -0.08316726
vn -0.89596570 -0.44341934 -0.02499385
vn -0.90839696 0.33825934 -0.24575529
vn -0.03524435 -0.13960244 -0.98958015
vn -0.23606908 -0.29896116 -0.92460459
vn -0.75890344 -0.42806977 -0.49073592
vn -0.77771282 -0.44841313 -0.44055480
vn 0.25222513 -0.27945259 -0.92643869
vn 0.33117270 -0.20319249 -0.92143226
vn -0.73582083 -0.67224669 0.08155867
vn 0.22408374 -0.47282165 -0.85218906
vn 0.07009501 -0.69103080 -0.71941853
vn 0.08582176 -0.62194818 -0.77834111
vn -0.15172695 -0.74156260 -0.65350127
vn -0.68554080 -0.71151358 -0.15421471
vn -0.80490440 -0.42401809 0.41513562
vn 0.21091163 -0.60170966 -0.77036470
vn 0.16196360 -0.61344260 -0.77295268
vn 0.67003381 -0.30169380 -0.67825925
vn 0.38210255 -0.36422858 -0.84931457
vn 0.04964362 -0.37863144 -0.92421514
vn -0.26751885 -0.54090858 -0.79740298
vn -0.46436581 -0.55874640 -0.68714392
vn -0.67525446 -0.58915865 -0.44376040
vn -0.80970412 -0.56409800 -0.16177973
vn -0.86958688 -0.46915138 0.15399815
vn -0.68929780 -0.70312899 -0.17457952
vn 0.74491048 -0.58115357 -0.32767195
vn 0.84088302 -0.52037150 -0.14875887
vn 0.02153972 -0.95599538 -0.29258978
vn 0.89456052 -0.43534541 0.10117260
vn 0.28463283 -0.94760984 0.14498107
vn 0.18950672 -0.97945547 0.06895001
vn 0.26166892 -0.75986683 0.59508961
vn -0.20738845 -0.97785878 -0.02796954
vn -0.01258646 -0.99982196 0.01405153
vn 0.00137306 -0.97369897 0.22783428
vn -0.49066815 -0.86751503 -0.08162344
vn -0.07170063 -0.49910384 0.86357063
vn -0.67433923 -0.71725422 0.17553633
vn -0.67211407 -0.71929508 0.17571932
vn -0.38834926 -0.70197672 0.59700388
vn -0.21128666 -0.60322511 0.76907563
vn -0.25014621 -0.38446802 0.88860071
vn -0.35193610 -0.40963903 -0.84162748
vn -0.64649361 -0.72407830 -0.24032581
vn -0.79638124 -0.55956632 -0.22948287
vn -0.75199097 -0.65829068 0.03410111
vn -0.78959817 -0.46238267 -0.40340665
vn -0.67997658 -0.39074695 -0.62044221
vn -0.65371108 -0.24261613 -0.71679777
vn -0.50872588 -0.74854386 0.42529979
vn -0.42248598 -0.74741435 0.51271570
vn -0.27848610 -0.69384056 0.66410148
vn -0.65180945 -0.69818527 0.29611096
vn 0.81408852 -0.11777412 0.56867325
vn 0.34086990 -0.65713912 0.67229140
vn -0.87810421 -0.47490641 -0.05828311
vn 0.15341066 -0.94577688 0.28630590
vn 0.40676332 -0.88444245 0.22870311
vn -0.09998745 -0.92289180 0.37185100
vn 0.04428948 -0.95570379 0.29097867
vn -0.15100135 -0.93675190 0.31574419
vn -0.41630125 -0.87704021 0.23977824
vn -0.79933316 -0.59902775 0.04724640
vn 0.82707834 -0.43579146 0.35500321
vn 0.28618357 -0.93394780 -0.21410355
vn -0.09043682 -0.99355108 0.06839053
vn -0.28946629 -0.65683722 0.69625723
vn -0.19282679 -0.93991297 0.28174692
vn -0.00000047 -0.59532762 0.80348301
vn -0.00000048 -0.50365198 0.86390668
vn 0.47264168 -0.32624790 0.81864041
vn 0.81863999 -0.32624787 0.47264254
vn -0.32993948 -0.87138635 0.36307821
vn -0.27576864 -0.95364451 0.12047213
vn -0.31460172 -0.28114954 0.90663159
vn -0.04823649 -0.99677634 -0.06410886
vn 0.48826101 -0.75344992 -0.44035712
vn 0.52787316 -0.74786729 -0.40254733
vn -0.36436275 -0.58448839 0.72499174
vn -0.21816584 -0.95910770 -0.18032210
vn -0.16840106 -0.94750243 0.27180889
vn -0.20725136 -0.95016986 -0.23286046
vn -0.35233459 -0.22104906 0.90939403
vn 0.04157281 -0.60031277 -0.79868412
vn 0.02607234 -0.89142096 -0.45242545
vn 0.34144232 -0.51215774 -0.78810638
vn 0.42377117 -0.58436644 0.69205040
vn 0.98357123 -0.18052056 0.00000005
vn 0.85179758 -0.18052058 -0.49178550
vn 0.47264194 -0.32624781 -0.81864029
vn -0.21451955 -0.93836224 0.27103066
vn -0.43918845 -0.87869239 -0.18711814
vn -0.27808481 -0.93677115 0.21243478
vn 0.00000001 -0.59532756 -0.80348301
vn -0.00000005 -0.50365186 -0.86390656
vn 0.07329251 -0.87070757 0.48630908
vn 0.65636057 -0.32266447 0.68196654
vn -0.51843423 -0.58555686 0.62317652
vn -0.49670601 -0.39721775 -0.77168721
vn 0.10033767 -0.35377598 -0.92993277
vn -0.74877030 -0.57211536 0.33470449
vn 0.32880372 -0.20905827 -0.92096847
vn -0.58134145 -0.79426229 0.17660528
vn -0.37983865 -0.88581395 -0.26656356
vn -0.24484362 -0.91250592 -0.32769552
vn -0.91429341 -0.18396479 0.36086631
vn 0.19387576 -0.64593273 -0.73836517
vn -0.16526958 -0.60093755 -0.78202295
vn 0.65632224 -0.44328174 -0.61052644
vn -0.84784967 -0.41678277 -0.32778507
vn 0.59532815 -0.66417927 -0.45216164
vn 0.95005715 -0.24995233 -0.18685585
vn -0.03241049 -0.99910587 -0.02714654
vn 0.88356882 -0.45632747 0.10521940
vn 0.88356888 -0.45632750 0.10521940
vn 0.88356888 -0.45632750 0.10521941
vn 0.13331543 -0.97809857 0.15984401
vn 0.07696024 -0.98796970 0.13413802
vn -0.11241083 -0.98718566 0.11326193
vn 0.28143793 -0.84700322 0.45097476
vn 0.23613523 -0.77821356 0.58191395
vn -0.39237654 -0.90554535 0.16133241
vn -0.28888789 -0.91236919 0.29004517
vn -0.28888389 -0.91237026 0.29004556
vn -0.02056440 -0.95919174 0.28200728
vn -0.68510765 -0.32165843 -0.65357727
vn 0.00772795 -0.49736783 0.86750531
vn -0.61435175 -0.77258390 0.16026846
vn -0.47371379 -0.72952676 0.49334148
vn -0.18724811 -0.22379643 0.95647961
vn -0.40290231 -0.48270327 -0.77760357
vn -0.50063986 -0.61544645 -0.60875714
vn -0.57645565 -0.73476315 -0.35752195
vn -0.58551031 -0.78080606 -0.21798939
vn -0.74747509 -0.49987713 -0.43749720
vn -0.65331304 -0.24772885 -0.71541065
vn -0.34469554 -0.84803784 0.40251312
vn -0.23660031 -0.75706577 0.60899228
vn 0.05123662 -0.69743079 0.71481818
vn 0.65622652 -0.72804850 0.19827314
vn 0.45759970 -0.83052540 0.31753725
vn 0.34597963 -0.79254448 0.50216651
vn -0.47500086 -0.87980533 0.01779543
vn -0.33180913 -0.93537056 0.12241144
vn -0.61289692 -0.78820014 -0.05565863
vn -0.27008301 -0.94416815 0.18868349
vn 0.17727056 -0.97603804 0.12619406
vn 0.26217049 -0.96189576 0.07760893
vn -0.03690350 -0.98931921 0.14101604
vn -0.03860240 -0.98863888 0.14526859
vn 0.59247333 -0.77364039 0.22462375
vn 0.42793328 -0.84862816 -0.31097144
vn 0.17899679 -0.98382932 -0.00632785
vn 0.30092999 -0.93907559 -0.16606647
vn -0.92221904 -0.30942041 0.23188576
vn -0.53033626 -0.84559458 -0.06093534
vn -0.34955713 -0.93687695 0.00843675
vn -0.64703494 -0.75567490 -0.10149468
vn 0.70481563 -0.62321985 -0.33886868
vn -0.19704126 -0.93097371 0.30734757
vn -0.06139368 -0.93424702 -0.35130200
vn 0.39106742 -0.87489891 -0.28568879
vn 0.89060253 -0.40094128 -0.21464664
vn -0.29222095 -0.64344114 0.70752418
vn -0.30943009 -0.64024198 0.70309532
vn -0.10972111 -0.93944418 -0.32466248
vn -0.47930378 -0.87663835 -0.04210631
vn -0.40174171 -0.59532773 0.69583648
vn -0.43195376 -0.50365192 0.74816489
vn -0.00000046 -0.32624793 0.94528425
vn 0.49178490 -0.18052046 0.85179806
vn 0.85179740 -0.18052053 0.49178606
vn -0.29279274 -0.89421099 0.33861312
vn 0.71013492 -0.62633348 -0.32158133
vn 0.91393071 -0.26674360 -0.30590624
vn 0.99415106 -0.10799882 0.00000011
vn 0.86096013 -0.10799876 -0.49707535
vn 0.49178559 -0.18052046 -0.85179770
vn -0.00000012 -0.32624784 -0.94528431
vn -0.64876652 -0.37547544 -0.66190642
vn -0.16660987 -0.89935040 0.40423986
vn 0.38802969 -0.91090971 0.14027239
vn -0.41180816 -0.90948027 -0.05709241
vn -0.41279572 -0.69016379 -0.59436828
vn -0.43195337 -0.50365192 -0.74816513
vn 0.03742718 -0.85936332 0.50999397
vn -0.36681348 -0.55434489 0.74709404
vn -0.60859478 -0.70314437 0.36769602
vn -0.72788221 -0.68542266 0.01957356
vn -0.06541742 -0.50728875 -0.85928953
vn -0.30230242 -0.67086279 -0.67716783
vn -0.67193002 -0.56772047 -0.47560856
vn 0.14102611 -0.47769746 -0.86713141
vn 0.27987352 -0.41209435 -0.86709231
vn -0.38500375 -0.92286688 -0.00941515
vn -0.02869682 -0.92842013 -0.37042204
vn -0.11312553 -0.93808025 -0.32742631
vn -0.31623158 -0.94392502 -0.09488428
vn -0.67380244 -0.58844924 0.44689792
vn 0.07031540 -0.86412466 -0.49834147
vn -0.76360017 -0.61211723 0.20549285
vn 0.38133901 -0.51442897 -0.76807773
vn 0.06402245 -0.53012782 -0.84549719
vn -0.38808286 -0.76709557 -0.51083845
vn -0.55081958 -0.78051901 -0.29561421
vn -0.67735761 -0.73292249 -0.06333439
vn -0.78994894 -0.50761557 -0.34395790
vn 0.47982284 -0.84310204 -0.24279398
vn 0.61592013 -0.77227497 -0.15567176
vn 0.69785178 -0.71624118 0.00122863
vn 0.25199151 -0.95363379 0.16456783
vn 0.82761735 -0.55896509 0.05106360
vn -0.37146473 -0.92312670 0.09925150
vn -0.05362307 -0.54580557 0.83619416
vn -0.60847443 -0.77712345 0.16074145
vn -0.35647541 -0.75649989 0.54830027
vn -0.20069692 -0.65977055 0.72417098
vn -0.19521816 -0.51200843 0.83650285
vn -0.35648775 -0.42494428 -0.83206898
vn -0.74907172 -0.60701114 -0.26538453
vn -0.70090866 -0.71319330 -0.00906483
vn -0.60057014 -0.76011837 0.24806358
vn -0.59165680 -0.50393844 -0.62927598
vn 0.00341267 -0.50733566 0.86174178
vn -0.69226253 -0.57668555 -0.43382749
vn -0.19096087 -0.82175910 0.53688538
vn -0.39241722 -0.85419327 0.34111962
vn 0.07371298 -0.77663308 0.62562543
vn 0.79780257 -0.15560605 0.58249283
vn -0.84412009 -0.53562343 -0.02384699
vn 0.13934122 -0.97141409 0.19219385
vn 0.41420203 -0.90397173 0.10616830
vn -0.19854666 -0.97425556 0.10679527
vn -0.00101950 -0.99997377 0.00715361
vn -0.15818036 -0.98337251 0.08920366
vn -0.65065259 -0.75504297 -0.08100064
vn 0.78370440 -0.49749801 0.37189129
vn -0.26349217 -0.93940747 -0.21928398
vn -0.38176599 -0.88808149 -0.25605816
vn 0.10710756 -0.91148281 -0.39714849
vn 0.90571260 -0.33055016 -0.26537031
vn -0.28897357 -0.92258495 -0.25559974
vn -0.18119690 -0.89512974 -0.40732095
vn -0.04588970 -0.89570481 -0.44227487
vn 0.02976896 -0.99336326 -0.11109916
vn 0.02976897 -0.99336332 -0.11109916
vn 0.02976897 -0.99336332 -0.11109917
vn 0.02976896 -0.99336326 -0.11109918
vn -0.69583666 -0.59532768 0.40174124
vn -0.74816513 -0.50365186 0.43195322
vn -0.47264257 -0.32624787 0.81864005
vn -0.00000047 -0.18052052 0.98357117
vn 0.49707490 -0.10799882 0.86096042
vn 0.86095983 -0.10799889 0.49707589
vn 0.27195013 -0.85576421 -0.44012573
vn 0.30611345 -0.83098441 -0.46449912
vn 0.99823201 -0.05943722 0.00000023
vn 0.86449426 -0.05943730 -0.49911609
vn 0.49707550 -0.10799885 -0.86096007
vn -0.00000005 -0.18052043 -0.98357117
vn -0.47264206 -0.32624769 -0.81864035
vn 0.84046668 -0.54000640 0.04481993
vn 0.12730312 -0.92167878 0.36647248
vn 0.56318051 -0.81342065 0.14551502
vn -0.42459452 -0.82136023 0.38090277
vn 0.06890664 -0.91815442 0.39018464
vn -0.58744550 -0.75853026 -0.28202745
vn -0.74816507 -0.50365186 -0.43195343
vn -0.00452736 -0.91275883 0.40847364
vn -0.43887037 -0.67786616 0.58982223
vn -0.65916562 -0.75171149 0.02074976
vn -0.55017138 -0.74772853 -0.37177071
vn -0.01363216 -0.62401819 -0.78129083
vn -0.75032830 -0.57196373 0.33145887
vn 0.31913024 -0.22762224 -0.91996950
vn -0.62845814 -0.77391040 0.07812212
vn -0.91581619 -0.21740718 0.33766076
vn 0.18660191 -0.65242153 -0.73452425
vn 0.35156035 -0.73401904 -0.58105189
vn 0.09369457 -0.74001616 -0.66603088
vn -0.49502161 -0.86788464 0.04159192
vn 0.93472672 -0.29266074 -0.20158318
vn 0.31873545 -0.94773197 -0.01454743
vn 0.43046051 -0.90227216 0.02466895
vn 0.28839383 -0.89829010 -0.33151737
vn -0.77299243 -0.51819181 -0.36600518
vn -0.42323935 -0.79202306 0.43996337
vn -0.52541101 -0.83952028 0.13837998
vn -0.19915345 -0.24417196 0.94906163
vn -0.39760303 -0.75467801 -0.52189344
vn -0.33993077 -0.64099622 -0.68816483
vn -0.45032725 -0.84285474 -0.29462045
vn -0.46813142 -0.86636722 -0.17395607
vn -0.62246823 -0.78206354 -0.03016396
vn -0.67620730 -0.68656516 -0.26715529
vn -0.65435183 -0.26313141 -0.70893264
vn -0.03067684 -0.67670572 0.73561424
vn -0.10320183 -0.90586329 0.41080543
vn 0.60766298 -0.79417968 0.00493052
vn 0.42401201 -0.88838583 0.17602371
vn 0.32635146 -0.90758377 0.26417059
vn 0.11644983 -0.88330621 0.45410287
vn -0.28941727 -0.95570272 -0.05357051
vn -0.21569239 -0.97587729 0.03376477
vn -0.38386545 -0.91957235 -0.08386782
vn 0.17775024 -0.98130625 0.07377551
vn 0.14098416 -0.98908365 -0.04285958
vn 0.36010486 -0.93088835 0.06141059
vn -0.16088825 -0.98692501 -0.00968496
vn -0.00219004 -0.99996412 0.00817333
vn 0.20857759 -0.88998729 -0.40548486
vn 0.12005789 -0.94070321 -0.31727511
vn 0.00565034 -0.99973583 0.02227477
vn -0.04431555 -0.98543930 -0.16415039
vn -0.04273248 -0.98608828 -0.16063549
vn 0.00658118 -0.99968189 0.02434402
vn -0.89862418 -0.36002508 0.25071174
vn -0.23071824 -0.87777245 -0.41986242
vn -0.21007238 -0.96382183 -0.16406362
vn -0.47869003 -0.83667052 -0.26615447
vn -0.04496530 -0.87161571 -0.48812294
vn -0.05406912 -0.87069827 -0.48883650
vn -0.09999644 -0.91448241 -0.39207458
vn -0.86594957 -0.41706154 0.27602729
vn -0.20553106 -0.86549431 -0.45681122
vn -0.16142802 -0.86743516 -0.47063491
vn -0.21280609 -0.86499316 -0.45442304
vn -0.10982566 -0.91436023 -0.38972256
vn -0.75920165 -0.65057790 0.01900696
vn -0.19809937 -0.97793984 -0.06625852
vn -0.21140590 -0.97525555 -0.06468402
vn 0.68853360 -0.62217659 0.37258238
vn 0.23695411 -0.97025138 0.04964650
vn 0.22525458 -0.97339898 0.04188990
vn 0.26242793 -0.91073054 -0.31890658
vn -0.16841224 -0.77280110 -0.61189532
vn 0.66179287 -0.74235970 0.10455731
vn 0.33547804 -0.90352720 -0.26663291
vn -0.80348301 -0.59532756 -0.00000017
vn -0.86390668 -0.50365186 -0.00000012
vn -0.81864041 -0.32624772 0.47264197
vn -0.49178582 -0.18052050 0.85179752
vn -0.00000059 -0.10799877 0.99415106
vn 0.49911559 -0.05943733 0.86449456
vn 0.86449403 -0.05943728 0.49911654
vn 0.97684383 -0.21395344 0.00000017
vn 0.84597152 -0.21395342 -0.48842204
vn 0.49911609 -0.05943732 -0.86449432
vn -0.00000001 -0.10799877 -0.99415106
vn -0.49178562 -0.18052047 -0.85179758
vn -0.81864023 -0.32624775 -0.47264206
vn 0.32083735 -0.90757763 0.27086154
vn -0.89343745 -0.38591397 0.22986929
vn 0.12279184 -0.97368127 0.19200705
vn -0.01268213 -0.97507137 0.22152884
vn -0.16177329 -0.89008635 -0.42611694
vn -0.42792815 -0.79946107 -0.42159152
vn -0.25079298 -0.69253623 0.67638481
vn -0.51350385 -0.78415966 0.34843561
vn -0.23138015 -0.76322883 -0.60327840
vn -0.46347597 -0.82094485 -0.33352584
vn 0.07992077 -0.77569616 -0.62602550
vn 0.20605706 -0.65985495 -0.72258687
vn -0.74430811 -0.58221173 0.32716188
vn -0.74430811 -0.58221167 0.32716185
vn 0.30774611 -0.60115474 -0.73749930
vn -0.49043003 -0.73906279 0.46180582
vn -0.61319351 -0.74718142 0.25634661
vn -0.38289258 -0.91546744 -0.12374371
vn -0.12833486 -0.86388707 -0.48706177
vn -0.14869753 -0.81255651 -0.56359643
vn -0.14964673 -0.81114650 -0.56537342
vn -0.12747008 -0.86699599 -0.48173577
vn 0.49939618 -0.85259360 0.15390743
vn 0.16315542 -0.96900433 0.18550141
vn 0.41618222 -0.90443945 0.09370943
vn 0.20127411 -0.97772944 -0.05944440
vn 0.17972040 -0.92284906 -0.34066114
vn 0.91145635 -0.34478995 -0.22442612
vn -0.27433294 -0.85411733 0.44184256
vn -0.51696563 -0.84473091 0.13847758
vn -0.14661080 -0.78188586 0.60593712
vn -0.10240597 -0.67090303 0.73443991
vn -0.37455598 -0.46696571 -0.80103105
vn -0.53207457 -0.82103729 0.20686771
vn -0.56396818 -0.70544052 -0.42929414
vn -0.43631631 -0.65492415 -0.61701077
vn -0.02359294 -0.54513615 0.83801538
vn -0.51688957 -0.80671740 -0.28641224
vn -0.40727466 -0.90510046 0.12214991
vn 0.77425838 -0.20595494 0.59841990
vn -0.80918247 -0.58736724 0.01494753
vn 0.73515910 -0.55333388 0.39161536
vn 0.10198892 -0.96296221 -0.24960376
vn -0.46273857 -0.86236608 -0.20542079
vn -0.37777802 -0.85598129 -0.35295847
vn -0.13228709 -0.85975575 -0.49327484
vn 0.14768517 -0.85795468 -0.49203941
vn 0.71924114 -0.56979400 0.39752597
vn -0.79643995 -0.60412151 0.02684501
vn -0.10768674 -0.98841608 -0.10694434
vn -0.32313046 -0.94074243 -0.10290927
vn 0.19913810 -0.88667142 -0.41732213
vn 0.74111933 -0.26619521 0.61634594
vn 0.22188285 -0.94826585 -0.22706792
vn 0.22771467 -0.94815230 -0.22170459
vn 0.05217972 -0.99853003 -0.01465573
vn 0.05147241 -0.99855757 -0.01526933
vn 0.05256981 -0.99851465 -0.01431730
vn 0.05277348 -0.99850637 -0.01414059
vn -0.94528431 -0.32624781 -0.00000004
vn -0.85179776 -0.18052039 0.49178541
vn -0.49707574 -0.10799885 0.86095995
vn -0.00000053 -0.05943728 0.99823207
vn 0.48842141 -0.21395335 0.84597182
vn 0.84597129 -0.21395333 0.48842251
vn 0.82949847 -0.55850893 0.00000009
vn 0.71836674 -0.55850881 -0.41474926
vn 0.48842210 -0.21395345 -0.84597152
vn 0.00000007 -0.05943729 -0.99823201
vn -0.49707550 -0.10799877 -0.86096013
vn -0.85179770 -0.18052043 -0.49178562
vn 0.15364262 -0.93744713 0.31238875
vn -0.03892959 -0.91747838 0.39587593
vn 0.17223427 -0.93716192 0.30341840
vn -0.10070727 -0.88641715 0.45179942
vn 0.02406541 -0.97909749 0.20196241
vn 0.00246068 -0.94444197 0.32866853
vn 0.03247377 -0.94444275 0.32706758
vn 0.08084677 -0.97624469 0.20102179
vn -0.02069940 -0.99635541 -0.08274814
vn 0.24531382 -0.96312398 0.11051375
vn 0.26351151 -0.96420121 0.02962262
vn 0.27391207 -0.88613075 -0.37382394
vn 0.00659205 -0.89219248 0.45160732
vn -0.29032364 -0.80250722 0.52124286
vn -0.56607217 -0.82356906 0.03600360
vn -0.10676011 -0.87706333 -0.46836093
vn 0.30147249 -0.26316896 -0.91643673
vn -0.91361004 -0.26415175 0.30909619
vn -0.29965356 -0.93738621 -0.17752382
vn -0.02011877 -0.99692571 -0.07572550
vn -0.27690071 -0.94979340 0.14566551
vn -0.42640799 -0.85348547 0.29956403
vn 0.14780042 -0.98133475 -0.12303285
vn -0.33182624 -0.87244403 0.35879338
vn -0.40095580 -0.90982670 0.10700282
vn -0.21765830 -0.27563691 0.93629539
vn -0.23889026 -0.89702833 -0.37184873
vn -0.28358898 -0.93586618 -0.20912109
vn -0.22050171 -0.83516234 -0.50386798
vn -0.32900727 -0.93574488 -0.12702635
vn -0.45772040 -0.88526624 -0.08243550
vn -0.65552461 -0.29228434 -0.69631696
vn 0.00024964 -0.85119486 0.52484959
vn 0.16110384 -0.95987713 0.22952431
vn -0.20524856 -0.95620292 0.20868354
vn -0.25985578 -0.92946577 0.26185519
vn -0.25850406 -0.93043137 0.25975579
vn -0.20289619 -0.95763558 0.20436996
vn 0.18495473 -0.93090981 0.31495813
vn 0.33126235 -0.94353211 -0.00351392
vn 0.30820853 -0.94840682 -0.07437790
vn 0.45928016 -0.85884070 -0.22683540
vn 0.29138067 -0.95609635 -0.03125710
vn 0.72553927 -0.55711031 0.40400574
vn -0.01144610 -0.87895381 -0.47676939
vn -0.80586249 -0.59134668 0.02991152
vn -0.66129905 -0.37868094 -0.64752156
vn -0.27138898 -0.96042126 -0.06275997
vn -0.17398190 -0.97407633 -0.14458756
vn 0.04128764 -0.99153250 0.12311950
vn -0.14967880 -0.69196302 0.70624596
vn -0.14169990 -0.71492624 0.68469095
vn -0.98357117 -0.18052039 -0.00000017
vn -0.86096007 -0.10799883 0.49707532
vn -0.49911645 -0.05943730 0.86449409
vn -0.00000044 -0.21395345 0.97684383
vn 0.41474879 -0.55850863 0.71836722
vn 0.71836662 -0.55850875 0.41474971
vn 0.61560124 -0.78805780 0.00000007
vn 0.53312624 -0.78805780 -0.30780059
vn 0.41474935 -0.55850875 -0.71836680
vn 0.00000001 -0.21395351 -0.97684383
vn -0.49911615 -0.05943739 -0.86449414
vn -0.86096007 -0.10799882 -0.49707550
vn -0.90627563 -0.32187131 0.27397695
vn 0.19942120 -0.92868960 0.31267664
vn -0.17366509 -0.98468190 -0.01555401
vn -0.19244345 -0.97984201 0.05362026
vn -0.86604321 -0.00004689 0.49996912
vn 0.28772128 -0.95160848 -0.10797113
vn -0.29468238 -0.44655988 0.84483516
vn 0.09629441 -0.99486262 0.03123495
vn -0.08012006 -0.83892238 0.53832144
vn -0.34705511 -0.88547748 0.30900207
vn -0.33262807 -0.90740252 -0.25686383
vn -0.41686520 -0.90790057 0.04404413
vn 0.18009767 -0.90033132 -0.39619213
vn 0.04462950 -0.95784080 -0.28381154
vn 0.26770467 -0.82798469 -0.49272254
vn 0.32134956 -0.77324885 -0.54664481
vn 0.50000888 0.00001500 -0.86602032
vn 0.49999693 -0.00000323 -0.86602712
vn -0.27945256 -0.84287179 0.45986226
vn -0.16943604 -0.93839628 0.30117053
vn -0.07259277 -0.90909129 0.41022348
vn -0.39299503 -0.91345346 0.10562918
vn 0.00405735 -0.81188703 0.58380026
vn -0.39066237 -0.51264423 -0.76457745
vn -0.29366541 -0.91173440 -0.28722972
vn -0.35073504 -0.84646499 -0.40060171
vn -0.24194674 -0.78694528 -0.56760806
vn -0.05076725 -0.58491355 0.80950528
vn -0.24550609 -0.95974112 -0.13646846
vn 0.08488756 -0.97445798 0.20790817
vn -0.21597156 -0.97476834 -0.05641675
vn 0.03541854 -0.99744463 -0.06204525
vn 0.19255014 -0.88916862 0.41509455
vn 0.33524859 -0.94207013 0.01058571
vn 0.19686586 -0.97792268 0.07007802
vn -0.04915929 -0.84643531 -0.53021753
vn -0.00698080 -0.94764364 -0.31925336
vn -0.37545937 -0.66252863 -0.64814043
vn -0.03823320 -0.99123430 -0.12646256
vn -0.04605567 -0.98923039 -0.13893156
vn 0.08351841 -0.99625486 -0.02237769
vn -0.99415106 -0.10799877 -0.00000011
vn -0.86449432 -0.05943739 0.49911597
vn -0.48842233 -0.21395335 0.84597141
vn -0.00000035 -0.55850875 0.82949859
vn 0.30780032 -0.78805786 0.53312647
vn 0.53312612 -0.78805780 0.30780077
vn 0.33926183 -0.94069189 0.00000005
vn 0.29380935 -0.94069189 -0.16963090
vn 0.30780059 -0.78805780 -0.53312618
vn -0.00000006 -0.55850893 -0.82949847
vn -0.48842213 -0.21395348 -0.84597152
vn -0.86449426 -0.05943739 -0.49911609
vn -0.45612261 -0.80057567 0.38862678
vn -0.04863994 -0.96982789 0.23888880
vn 0.23887254 -0.36659473 -0.89919317
vn 0.18463089 -0.95603108 0.22785056
vn -0.40961197 -0.58712131 -0.69821668
vn -0.09138317 -0.91084689 0.40250078
vn -0.14413635 -0.97751874 -0.15388861
vn 0.22012098 -0.97355342 -0.06115837
vn 0.27510878 -0.31106386 -0.90970033
vn 0.31625167 -0.89131206 -0.32488093
vn -0.22515368 -0.93656945 0.26859519
vn -0.16908310 -0.98476678 0.04056234
vn -0.23921834 -0.32352656 0.91548073
vn -0.09864078 -0.97104692 -0.21757258
vn -0.12050630 -0.98514551 -0.12233774
vn -0.19436277 -0.97681230 -0.08978115
vn -0.12180746 -0.93193799 -0.34154716
vn -0.65721512 -0.33235136 -0.67646945
vn 0.02631400 -0.93628275 0.35026002
vn -0.09381212 -0.98987967 -0.10647713
vn 0.01809871 -0.99981195 0.00695616
vn 0.09933953 -0.96249354 -0.25246355
vn -0.01526904 -0.94433761 -0.32862324
vn -0.08762294 -0.98046845 -0.17607906
vn -0.04128673 -0.99565732 -0.08343693
vn 0.00804400 -0.99445117 -0.10489053
vn -0.09827048 -0.94292814 -0.31816554
vn 0.03898782 -0.95622140 0.29003564
vn -0.09253754 -0.63773006 0.76468110
vn -0.07953065 -0.63392508 0.76929426
vn -0.02762290 -0.99961561 0.00229926
vn -0.02715475 -0.99963027 0.00130347
vn -0.18184479 -0.98222399 0.04656491
vn -0.99823201 -0.05943738 -0.00000014
vn -0.84597170 -0.21395345 0.48842189
vn -0.41474956 -0.55850875 0.71836674
vn -0.00000032 -0.78805774 0.61560124
vn 0.16963069 -0.94069189 0.29380935
vn 0.29380926 -0.94069189 0.16963109
vn -0.00000002 -0.99999988 0.00000002
vn 0.16963087 -0.94069189 -0.29380932
vn -0.00000009 -0.78805786 -0.61560106
vn -0.41474935 -0.55850887 -0.71836668
vn -0.84597147 -0.21395335 -0.48842204
vn -0.26447991 -0.38262430 0.88523954
vn -0.41595116 -0.57358253 -0.70568234
vn -0.40485549 -0.57015532 -0.71485305
vn 0.10725141 -0.91193849 0.39606240
vn 0.16981442 -0.94240016 0.28817523
vn -0.13117574 -0.96028006 0.24628218
vn -0.20682731 -0.97673333 0.05669578
vn 0.28828213 -0.95069677 -0.11431986
vn 0.31062666 -0.92608637 -0.21418457
vn -0.06693355 -0.98365444 0.16716395
vn -0.01021596 -0.97267795 0.23193370
vn -0.13591646 -0.97230703 0.19011989
vn 0.01610994 -0.96176255 -0.27341029
vn -0.19993693 -0.90331322 -0.37953955
vn 0.13224572 -0.98733610 0.08762722
vn 0.04562851 -0.99627918 0.07311546
vn -0.00895735 -0.99602985 0.08856681
vn -0.97684383 -0.21395347 -0.00000007
vn -0.71836692 -0.55850863 0.41474909
vn -0.30780074 -0.78805780 0.53312618
vn -0.00000017 -0.94069189 0.33926177
vn -0.00000003 -0.94069189 -0.33926183
vn -0.30780053 -0.78805780 -0.53312624
vn -0.71836680 -0.55850881 -0.41474929
vn 0.16606086 -0.95804757 0.23359922
vn 0.14955135 -0.97649872 0.15519240
vn -0.82949847 -0.55850887 -0.00000002
vn -0.53312641 -0.78805774 0.30780047
vn -0.16963094 -0.94069189 0.29380924
vn -0.16963090 -0.94069189 -0.29380926
vn -0.53312612 -0.78805780 -0.30780059
vn -0.61560112 -0.78805780 -0.00000008
vn -0.29380932 -0.94069189 0.16963078
vn -0.29380926 -0.94069195 -0.16963087
vn -0.33926171 -0.94069189 -0.00000009
vn -0.00000000 0.99999994 -0.00000000
vn -0.05087417 0.99567640 0.07771835
vn -0.00519914 0.99567646 0.09274315
vn 0.04186900 0.99567640 0.08291748
vn -0.08291751 0.99567640 0.04186897
vn -0.10048020 0.98256540 0.15642515
vn -0.00880575 0.98256534 0.18570821
vn 0.07771838 0.99567646 0.05087413
vn 0.08522809 0.98256534 0.16523097
vn -0.09274313 0.99567640 -0.00519917
vn -0.16523094 0.98256540 0.08522805
vn -0.04536818 0.96057594 0.27429086
vn -0.15770157 0.96330148 0.21721059
vn 0.09274316 0.99567640 0.00519912
vn 0.15642521 0.98256540 0.10048015
vn 0.10923476 0.96349382 0.24443242
vn -0.07771833 0.99567646 -0.05087420
vn -0.18570825 0.98256540 -0.00880588
vn -0.25559852 0.96222907 0.09372599
vn 0.08291750 0.99567646 -0.04186898
vn 0.18570827 0.98256540 0.00880576
vn 0.20864281 0.96234089 0.17426449
vn -0.04186897 0.99567646 -0.08291751
vn -0.15642513 0.98256540 -0.10048025
vn -0.25211886 0.96750706 -0.01913431
vn -0.15517411 0.95892793 0.23744078
vn -0.01569354 0.95903087 0.28286642
vn 0.13334286 0.95769942 0.25501263
vn 0.05087417 0.99567646 -0.07771837
vn 0.16408332 0.98331392 -0.07855093
vn 0.24627183 0.96908790 0.01479232
vn 0.23011985 0.95210421 0.20135112
vn 0.00519912 0.99567646 -0.09274319
vn -0.08522806 0.98256540 -0.16523102
vn -0.21077488 0.96216094 -0.17268540
vn -0.24988297 0.95994943 0.12671021
vn 0.08665174 0.98637813 -0.13981962
vn 0.24561898 0.96599114 -0.08082236
vn 0.26918355 0.96250767 0.03345315
vn 0.00761032 0.98458230 -0.17475559
vn -0.11794272 0.96578860 -0.23095872
vn -0.27491376 0.96106088 -0.02800633
vn -0.33232290 0.80172569 0.49678692
vn -0.03524350 0.81393963 0.57987946
vn 0.12998837 0.90858090 0.39696822
vn 0.03942785 0.90978181 0.41320968
vn 0.25672042 0.86420244 0.43272251
vn 0.60440636 0.74617422 0.27913600
vn 0.14407685 0.96415764 -0.22280471
vn 0.26909032 0.95563215 -0.11982309
vn 0.28837961 0.94605333 0.14771616
vn 0.30617249 0.94999856 0.06132726
vn 0.01800758 0.96128273 -0.27497470
vn -0.25994828 0.94796723 -0.18380629
vn -0.26397997 0.94858462 0.17464751
vn -0.19250070 0.95805436 0.21230887
vn -0.08607496 0.95244330 0.29230595
vn 0.34775150 0.85164207 0.39214107
vn -0.10524535 0.94541454 0.30840626
vn 0.12204953 0.80443811 0.58136320
vn 0.21784346 0.94998568 0.22376633
vn 0.15277651 0.94723177 -0.28179961
vn 0.35256737 0.93259466 -0.07722204
vn 0.20912085 0.93380404 0.29030722
vn -0.13300298 0.94710308 -0.29207155
vn -0.40119085 0.91563237 0.02575313
vn -0.37670556 0.91508657 0.14390820
vn -0.34217289 0.93867928 0.04241389
vn 0.06941487 0.87456709 0.47991028
vn -0.17665511 0.82671618 0.53416598
vn -0.15369217 0.87067968 0.46722105
vn -0.15456036 0.86995363 0.46828589
vn -0.05197545 0.89806348 0.43678424
vn -0.34014618 0.87455398 0.34562385
vn 0.31215879 0.79155117 0.52536035
vn -0.16919030 0.85844916 0.48418960
vn 0.10527856 0.80566627 0.58293915
vn 0.12757769 0.80376142 0.58111233
vn 0.69558263 0.70635223 0.13126805
vn 0.34708777 0.84228754 0.41240966
vn 0.14731571 0.89673769 0.41732424
vn 0.17976224 0.88393992 0.43166625
vn -0.02926500 0.89966124 -0.43560657
vn 0.42232293 0.88836187 -0.18015678
vn 0.47915280 0.87618506 -0.05207728
vn 0.50743157 0.85788274 -0.08093406
vn 0.41384596 0.90692395 -0.07886953
vn 0.39489660 0.91683167 -0.05896074
vn 0.44453993 0.89512724 -0.03363665
vn 0.33986306 0.87839931 -0.33601743
vn 0.52888268 0.79408109 0.29952994
vn 0.40708417 0.91289943 -0.02994843
vn 0.26001510 0.91745013 0.30112657
vn -0.34030700 0.92607689 -0.16301106
vn -0.37437487 0.92449939 -0.07172258
vn -0.32627362 0.94398052 0.04945934
vn -0.37933806 0.89304888 0.24200454
vn -0.24318454 0.94531125 0.21736601
vn -0.43640131 0.89702410 0.07001138
vn -0.42137364 0.84923881 0.31817874
vn 0.05964204 0.83443636 0.54786742
vn -0.17822808 0.82510823 0.53612608
vn -0.12830608 0.67849785 0.72331059
vn 0.00481591 0.71046907 0.70371193
vn 0.22339547 0.62645745 0.74675667
vn -0.04952049 0.89811581 0.43696186
vn -0.37033540 0.84075248 0.39495176
vn 0.75038546 0.59463328 0.28867424
vn 0.22641176 0.80969757 0.54141259
vn -0.10388437 0.79853004 0.59292305
vn -0.20732899 0.87838548 0.43064326
vn 0.05570849 0.81441957 0.57759601
vn 0.13767640 0.67191213 0.72772199
vn 0.21713808 0.68249965 0.69788635
vn 0.17489915 0.81175238 0.55719680
vn 0.52600098 0.72171146 0.44995055
vn 0.36027417 0.72342980 0.58894116
vn 0.34938329 0.89500427 0.27730569
vn 0.17382486 0.81051248 0.55933398
vn 0.25880668 0.77832586 0.57203841
vn 0.20882879 0.94352067 -0.25721461
vn 0.27855393 0.94291472 -0.18253581
vn 0.36790887 0.92982477 0.00830035
vn 0.79389328 0.43820509 -0.42155638
vn 0.66743416 0.62248868 -0.40870464
vn 0.62845469 0.66345358 -0.40604672
vn 0.27136630 0.95373535 -0.12941816
vn 0.72187310 0.69171029 0.02088503
vn 0.79473162 0.60644120 -0.02511258
vn 0.84583569 0.52157009 -0.11192253
vn 0.89237231 0.42993328 -0.13721910
vn 0.68174982 0.71760982 -0.14231400
vn 0.87913775 0.26927385 -0.39320269
vn 0.53620291 0.69904941 -0.47309220
vn 0.58593619 0.81002104 0.02333779
vn 0.85234159 0.44147763 0.28037724
vn 0.53395802 0.82785463 0.17188740
vn 0.70118773 0.67731059 0.22267903
vn 0.30463880 0.81848705 0.48710778
vn -0.28055730 0.90719581 -0.31350142
vn -0.28526381 0.90396374 -0.31854993
vn -0.22244757 0.94263369 -0.24891518
vn -0.22244751 0.94263095 -0.24892557
vn -0.22244422 0.94263726 -0.24890473
vn -0.22244695 0.94264609 -0.24886870
vn -0.31023687 0.87582201 -0.36971435
vn -0.53591031 0.83680332 0.11207313
vn -0.53558964 0.83706540 0.11164700
vn -0.59825575 0.79145581 0.12525080
vn -0.60063660 0.78953117 0.12600087
vn -0.47147679 0.87273085 0.12668982
vn -0.53442752 0.83923620 -0.10034830
vn -0.21907212 0.92796749 0.30146912
vn -0.22077315 0.93008327 0.29360554
vn -0.20957415 0.93286866 0.29297537
vn -0.33055121 0.77142334 0.54372954
vn -0.22268185 0.83667034 0.50039530
vn -0.30206713 0.91310203 0.27386135
vn -0.29857907 0.91630632 0.26689529
vn -0.29829958 0.91643125 0.26677901
vn -0.51405817 0.85774285 0.00462059
vn 0.14384791 0.79821992 0.58493823
vn -0.43199220 0.70580316 0.56144863
vn -0.32617569 0.68289721 0.65365195
vn -0.23090078 0.68299049 0.69297087
vn -0.01093365 0.75068957 0.66056466
vn -0.08326311 0.83995271 0.53623372
vn -0.41828421 0.82439107 0.38133663
vn -0.39918584 0.80373251 0.44120815
vn 0.57039899 0.63553149 0.52033132
vn 0.00309039 0.81709766 0.57649082
vn -0.59618759 0.60030496 0.53309864
vn 0.07401749 0.68653148 0.72332281
vn 0.16447237 0.67616916 0.71815330
vn 0.30705333 0.68814743 0.65739739
vn 0.53567678 -0.66895294 0.51531756
vn 0.76976055 -0.50591111 0.38925895
vn 0.67711824 -0.50019044 0.53974086
vn 0.10619483 0.82773578 0.55097735
vn 0.26687381 0.85371709 -0.44715253
vn 0.07369222 0.82024968 -0.56723881
vn 0.11030643 0.88577604 -0.45081398
vn 0.52891600 0.79968864 -0.28415817
vn 0.60458213 0.67311686 -0.42590383
vn 0.79130173 0.41444728 -0.44952732
vn 0.71019447 0.22861272 -0.66585290
vn 0.62405413 0.78132367 -0.00947475
vn 0.34463993 0.60979140 -0.71370709
vn 0.32145596 0.89924043 0.29670301
vn 0.46629938 0.87375844 0.13824286
vn 0.21367976 0.70179027 0.67958164
vn 0.95109820 -0.07697468 -0.29914370
vn 0.91568226 0.39254758 -0.08621166
vn 0.96635634 0.11318422 -0.23096508
vn -0.10506032 0.94264174 -0.31684184
vn -0.03992888 0.94085646 -0.33644402
vn -0.53197664 0.83533460 -0.13862447
vn -0.29148668 0.87010849 -0.39742529
vn -0.11402498 0.82802862 -0.54896891
vn -0.23761739 0.90685052 -0.34808049
vn -0.41323936 0.69717956 -0.58581048
vn -0.19186464 0.87522745 -0.44403258
vn -0.26399261 0.85295182 -0.45031208
vn -0.48459175 0.68821222 -0.53993940
vn -0.41084841 0.88257867 -0.22860093
vn -0.52481467 0.71126688 -0.46762031
vn -0.40930501 0.86074215 -0.30264214
vn -0.71088976 0.70133621 -0.05256549
vn -0.61082309 0.68511462 -0.39687926
vn -0.48851147 0.80935740 0.32603216
vn -0.65282804 0.75717378 -0.02243456
vn -0.75143975 0.65688157 0.06200676
vn -0.76850682 0.61913812 0.16144702
vn -0.76748204 0.62072504 0.16022362
vn -0.70925099 0.66212106 0.24198903
vn -0.57900572 0.76449507 0.28337190
vn -0.58005983 0.58460933 0.56724113
vn -0.41330621 0.88695997 0.20610659
vn -0.58776611 0.80328208 -0.09627499
vn -0.45206282 0.88173991 0.13481057
vn -0.40725049 0.86037242 0.30644101
vn -0.43961719 0.81503958 0.37742174
vn -0.55858964 0.68781632 0.46355814
vn -0.52057451 0.69036257 0.50239593
vn -0.42284179 0.81785619 0.39027676
vn -0.74351197 0.64349854 -0.18193255
vn -0.47823176 0.77200311 0.41869515
vn 0.07331106 0.78225315 0.61863184
vn -0.33383060 0.71431553 0.61506939
vn -0.23600659 0.65383720 0.71888649
vn -0.10284931 0.69901985 0.70766735
vn 0.55558830 0.02503589 0.83108050
vn 0.03947033 0.66629267 0.74464488
vn -0.98222166 -0.09379942 0.16261105
vn -0.95089614 0.07747710 0.29965594
vn -0.92889482 0.25804746 0.26564270
vn -0.37010843 0.76909214 0.52107286
vn 0.99727082 0.06924441 0.02561303
vn 0.43831965 0.67395633 0.59469211
vn -0.18504164 0.68509877 0.70455605
vn -0.38445359 0.63387287 0.67111897
vn -0.90168059 0.32050410 0.29025692
vn 0.66843402 -0.07242020 0.74023730
vn 0.56059754 0.28242192 0.77843964
vn 0.57271755 0.07046368 0.81671870
vn -0.02549404 0.69689345 0.71672136
vn 0.14106691 0.54301643 0.82778811
vn 0.20612699 0.53068918 0.82211959
vn 0.31517002 0.49803370 0.80785537
vn 0.51701128 0.41476402 0.74877906
vn 0.44738007 -0.37338746 0.81267011
vn 0.31176135 -0.62741023 0.71355540
vn 0.56255966 -0.78329802 0.26451981
vn 0.21411468 -0.22168413 0.95132059
vn -0.39203128 -0.01777711 0.91978014
vn -0.25538537 0.13837691 0.95688576
vn -0.25822458 0.33731407 0.90528411
vn -0.18579555 -0.38101813 0.90570700
vn -0.06263484 -0.02301504 0.99777120
vn 0.07981966 -0.53004861 0.84420216
vn 0.27634707 0.90066713 -0.33530745
vn 0.28289464 0.88523436 -0.36922982
vn 0.20025539 0.84538174 -0.49520445
vn 0.27220854 0.91822112 -0.28770190
vn 0.00122027 0.86371744 -0.50397485
vn 0.42581671 0.90302128 -0.05685477
vn 0.50848824 0.84384865 0.17134458
vn 0.78753042 0.09408368 -0.60905176
vn 0.40982533 0.87865764 -0.24495712
vn 0.98427647 0.03168647 0.17376970
vn 0.99581480 -0.07251151 0.05563213
vn 0.98248225 -0.15671813 -0.10083607
vn 0.93337095 -0.31188595 -0.17761144
vn 0.86270487 -0.03250995 -0.50466174
vn 0.55851603 0.82833278 0.04387167
vn 0.71297598 0.46450782 -0.52525973
vn 0.46431106 0.81412935 0.34872434
vn 0.53368336 0.82705420 0.17653152
vn 0.69797039 0.69535643 0.17122152
vn 0.88168675 0.47174338 -0.00930495
vn 0.03103150 -0.10825014 0.99363923
vn 0.96487468 -0.00740855 -0.26260620
vn -0.26177844 0.92915791 -0.26103184
vn -0.55729914 0.81686258 -0.14883941
vn -0.13160439 0.81561011 -0.56343633
vn -0.38463396 0.90005183 -0.20484950
vn -0.19197334 0.79287469 -0.57835609
vn -0.27578419 0.75557548 -0.59417909
vn -0.37764242 0.69671577 -0.60989612
vn -0.48489201 0.68599743 -0.54248250
vn -0.55125749 0.63980597 -0.53550285
vn -0.55751526 0.70684445 -0.43537065
vn -0.55545801 0.76514721 -0.32560092
vn -0.55537128 0.79923528 -0.22975111
vn -0.56906068 0.81788266 0.08507545
vn -0.51526558 0.84010100 -0.16950364
vn -0.51528609 0.84008843 -0.16950372
vn -0.51523989 0.84011686 -0.16950351
vn -0.51478702 0.84039485 -0.16950138
vn -0.40020496 0.82612127 -0.39668569
vn -0.16868454 0.60756809 -0.77614844
vn -0.78867382 0.61400127 0.03155818
vn -0.80372459 0.55103511 0.22447020
vn -0.73644006 0.61277187 0.28664699
vn -0.82890803 0.54656744 0.11906065
vn -0.84927905 -0.48072174 0.21824662
vn -0.86476690 -0.48231965 0.13980663
vn -0.71840352 -0.68854183 0.09902735
vn -0.69760060 -0.68825477 0.19914509
vn -0.63862610 0.68716425 0.34635535
vn -0.60042411 0.78952992 -0.12701699
vn -0.65509069 0.74809593 -0.10587141
vn -0.26843777 0.87533140 0.40216407
vn -0.20776652 0.91103441 0.35615909
vn -0.30989325 0.89473689 0.32157722
vn -0.43755010 0.88159138 0.17704904
vn -0.47378945 0.84644502 0.24301071
vn -0.44042116 0.70808554 0.55194569
vn -0.73380286 0.33479944 0.59113669
vn -0.66525847 0.33146968 0.66899848
vn -0.71298450 0.25884297 -0.65165430
vn -0.33813655 -0.10325605 0.93541533
vn -0.43785763 0.25159812 0.86312169
vn -0.45994547 0.04478403 0.88681716
vn 0.63590181 -0.31409907 0.70496148
vn 0.41240123 -0.08493730 0.90703410
vn -0.28187045 -0.41350776 0.86577147
vn 0.02941627 -0.55704504 0.82996112
vn -0.07220057 -0.37887719 0.92262614
vn -0.52482373 -0.54905856 0.65045714
vn -0.49150172 -0.37479463 0.78610116
vn 0.22439383 -0.56259382 0.79569805
vn 0.15821397 -0.25914365 0.95279211
vn 0.47168657 -0.43796578 0.76530886
vn 0.58004570 0.32513854 0.74688148
vn -0.84827769 -0.42126980 0.32086864
vn -0.87851232 -0.07410399 0.47193709
vn -0.93919754 -0.29944003 0.16805887
vn -0.66594982 -0.55175108 0.50207710
vn -0.70002031 -0.25056732 0.66872090
vn 0.94502920 0.30872232 -0.10775081
vn 0.91228724 0.15337564 0.37974712
vn -0.92382950 0.05990588 0.37808782
vn 0.02971202 0.49260959 0.86974299
vn 0.13849331 0.51152802 0.84803230
vn 0.76932114 0.27451724 0.57687533
vn 0.36846757 -0.87282425 0.32001474
vn -0.37253055 -0.24292880 0.89565986
vn -0.21468624 0.54694873 -0.80917042
vn 0.10753798 0.94262797 -0.31605053
vn 0.18848239 0.80923015 -0.55643582
vn 0.10904098 0.94160390 -0.31857836
vn 0.11552251 0.91520268 -0.38608089
vn 0.39411110 0.81125635 -0.43190217
vn 0.36974749 0.77398223 -0.51404101
vn 0.25568819 0.83493209 -0.48735198
vn 0.32742754 0.91660726 -0.22939545
vn 0.47489974 0.87316686 -0.10977080
vn 0.48710808 0.87185973 0.05085460
vn 0.52059698 -0.31756029 -0.79254925
vn 0.43432429 -0.55007184 -0.71329051
vn 0.96317762 0.14894475 0.22383985
vn 0.88391650 -0.20446058 -0.42057994
vn 0.27789944 0.31168264 -0.90863955
vn 0.85018474 0.48978585 -0.19312106
vn 0.35627803 0.61690122 0.70178252
vn 0.57619119 0.71862084 0.38934273
vn 0.52414459 0.58695722 0.61705238
vn 0.65635061 0.70075613 0.27954370
vn 0.85848337 0.44206566 0.25996977
vn 0.84365392 0.44456860 0.30100942
vn 0.88472193 0.44077942 0.15159360
vn 0.06908770 0.18691288 0.97994417
vn 0.73038435 -0.53860617 -0.42004997
vn -0.16585356 0.73483104 -0.65765935
vn -0.18115914 0.77221918 -0.60898173
vn -0.22810796 0.77840656 -0.58485037
vn 0.00806267 0.93038702 -0.36648998
vn -0.06732468 0.76992029 -0.63457859
vn -0.95734346 0.00258796 0.28894091
vn -0.91923892 0.36249858 0.15360492
vn -0.97339779 0.17719854 0.14524914
vn 0.33862507 -0.10320301 -0.93524450
vn 0.20527226 0.05970319 -0.97688216
vn 0.22798325 0.22962148 -0.94620162
vn -0.99863833 0.05137517 -0.00904827
vn -0.73656994 0.67635781 0.00217301
vn -0.91595060 0.21115144 -0.34124732
vn -0.47715542 0.63047004 -0.61223370
vn -0.62593144 -0.44867596 -0.63788688
vn -0.56350780 -0.45075271 -0.69230115
vn -0.44994348 -0.67371750 -0.58622128
vn -0.53602558 -0.67201322 -0.51095456
vn -0.75611717 -0.37738878 -0.53466296
vn -0.67186719 -0.63053048 -0.38862020
vn -0.60670453 0.79375452 0.04316558
vn -0.67093140 0.68587124 -0.28183624
vn -0.82500935 0.48967934 -0.28208801
vn -0.96382189 0.02483226 -0.26538765
vn -0.83070773 0.49085629 -0.26264942
vn -0.93263203 0.03286875 -0.35932887
vn -0.70703948 0.68635172 -0.17034194
vn -0.45684239 0.79900932 -0.39099759
vn 0.14410664 0.21903530 -0.96501637
vn -0.54963738 0.73811823 0.39125445
vn -0.72082192 0.69132972 -0.04978831
vn -0.66061383 -0.66144687 0.35507384
vn -0.82551575 -0.42745328 0.36852062
vn -0.89903891 -0.43786341 -0.00215595
vn -0.41966665 -0.90545362 0.06350943
vn -0.40830538 -0.90608978 0.11085074
vn -0.43667740 0.06760536 0.89707434
vn -0.76329523 0.44035649 0.47272232
vn -0.69580907 -0.20099825 -0.68952835
vn -0.79818195 -0.05298029 -0.60008222
vn -0.77901602 0.12788698 -0.61382335
vn -0.12024544 0.70741343 0.69649637
vn -0.30320784 0.72112668 0.62292957
vn -0.76527274 0.64354122 -0.01456606
vn -0.71829218 0.68438804 0.12517671
vn -0.60101634 0.69766372 0.38992912
vn -0.53319108 0.30396348 0.78950191
vn -0.83890706 0.27682626 0.46861738
vn -0.76619524 -0.08140651 0.63743055
vn -0.86169249 0.14450370 -0.48642033
vn -0.31651297 -0.33882713 0.88601112
vn -0.17775172 -0.82430577 0.53751665
vn -0.17809282 -0.82330042 0.53894281
vn -0.22801188 -0.68618429 0.69076896
vn 0.31143859 0.07205687 0.94753045
vn 0.62614143 -0.48719427 0.60875988
vn -0.74402118 -0.66442466 -0.07051450
vn -0.99779928 -0.06562690 -0.00946682
vn 0.91578436 -0.37132323 -0.15316014
vn -0.56093162 0.20272847 0.80265605
vn -0.21586819 0.37277171 0.90246451
vn -0.78441811 0.08099366 0.61492133
vn -0.93521076 -0.32153553 0.14830969
vn 0.62356889 -0.66877246 0.40485182
vn 0.24337813 0.47537848 0.84544802
vn 0.43006444 0.18721703 0.88317281
vn 0.64783752 -0.07827414 0.75774640
vn 0.86464125 -0.24158198 0.44049236
vn 0.15210323 -0.88564539 0.43874454
vn 0.41336870 -0.89636475 0.16017587
vn -0.48420778 -0.61948174 0.61788750
vn -0.43243071 -0.63358802 0.64153713
vn -0.26565850 -0.74941599 0.60646605
vn -0.04249064 -0.84804708 0.52821451
vn 0.31886774 0.54823279 -0.77315205
vn 0.73403412 0.40003321 -0.54878706
vn 0.87998897 0.09206604 -0.46598637
vn -0.01524410 0.85382515 -0.52033645
vn 0.18834855 0.81913310 -0.54179859
vn 0.09757429 0.67059058 -0.73538250
vn 0.09745491 0.67044318 -0.73553264
vn 0.03841016 0.69087017 -0.72195774
vn 0.40713108 0.83439082 -0.37153202
vn 0.35055718 0.73654437 -0.57845646
vn 0.34178784 0.81092376 -0.47495645
vn 0.26289988 0.76237428 -0.59132814
vn 0.17807661 0.76514900 -0.61873716
vn -0.50265318 -0.03459182 -0.86379582
vn -0.40989271 0.62303233 -0.66619718
vn -0.30252990 0.18994322 -0.93402207
vn 0.35165799 0.88190454 -0.31397593
vn 0.51580250 0.72360039 -0.45863935
vn 0.35042885 0.88229823 -0.31424418
vn 0.57133698 0.81789416 -0.06799250
vn 0.48081502 0.86042118 -0.16879641
vn 0.74543327 0.14408755 0.65082097
vn 0.74663955 -0.25353405 0.61502028
vn 0.68383074 0.53914148 0.49163198
vn 0.48968565 -0.62889558 -0.60390258
vn 0.88520598 0.01120422 -0.46506420
vn 0.64644420 -0.70696479 0.28689820
vn 0.66014022 -0.74013436 0.12812513
vn 0.65988445 -0.75082624 -0.02850276
vn 0.62249714 -0.74006987 -0.25454634
vn 0.57165056 -0.68418837 -0.45288169
vn 0.66094118 -0.13325170 -0.73851264
vn 0.67092204 0.53655565 0.51183164
vn 0.78437698 0.47568688 0.39808881
vn 0.92352289 -0.11447102 0.36606273
vn 0.96003258 -0.11420439 0.25552818
vn 0.96600169 -0.19490884 -0.16985650
vn 0.98301804 -0.16237710 0.08549365
vn 0.87776065 -0.19349274 -0.43828839
vn -0.20392987 -0.39326328 0.89652467
vn 0.67862856 -0.59557873 -0.42982465
vn -0.60655522 0.51764619 -0.60343438
vn -0.54412597 0.56682289 -0.61857778
vn -0.02751901 0.76281101 -0.64603561
vn -0.05851960 0.75917333 -0.64825255
vn -0.12776884 0.81067079 -0.57139122
vn -0.93635374 -0.22162516 0.27225718
vn 0.13884656 -0.43157205 -0.89132893
vn 0.02229598 -0.09123456 -0.99557978
vn -0.88589382 0.43937835 0.14879113
vn 0.31501931 -0.31188655 -0.89637583
vn -0.79280823 0.20779346 -0.57295454
vn -0.10571665 -0.55939460 -0.82213235
vn -0.23279196 -0.26418993 -0.93595487
vn -0.31914651 -0.64040589 -0.69858837
vn -0.44873449 -0.39213771 -0.80303514
vn -0.28792855 -0.87778383 -0.38287410
vn -0.35021162 -0.87869281 -0.32442352
vn -0.83010632 -0.53031659 -0.17230150
vn -0.92307389 -0.21577401 -0.31839636
vn -0.42265373 -0.88315326 -0.20347938
vn -0.92347473 -0.37424433 0.08447253
vn -0.99878848 -0.00062454 -0.04920799
vn -0.77480263 0.63212401 0.01000396
vn -0.87710655 0.34758726 0.33146203
vn -0.61958528 0.62216824 -0.47856098
vn -0.86246371 0.12704650 -0.48991373
vn -0.98698288 0.10979926 -0.11751112
vn -0.67521727 -0.68016243 -0.28541300
vn -0.71095765 -0.68190330 -0.17189273
vn -0.32710174 0.49476084 -0.80511880
vn -0.50250494 0.39242598 -0.77038342
vn 0.09624226 0.04795577 -0.99420196
vn -0.59933758 -0.12637568 0.79045790
vn -0.74416208 -0.66591531 -0.05271997
vn -0.91348308 -0.33756247 -0.22715695
vn -0.57323933 -0.58818328 0.57047093
vn -0.74485558 -0.30455860 0.59366179
vn -0.38432056 -0.91966540 -0.08070397
vn -0.39312941 -0.88467366 0.25060269
vn -0.43750903 -0.46530259 0.76946694
vn -0.30693877 0.35613418 0.88258547
vn -0.70973253 -0.50108814 -0.49516693
vn -0.86868197 -0.19343272 -0.45604327
vn -0.65148121 -0.40146762 -0.64373606
vn -0.74925530 -0.60421175 -0.27119091
vn -0.65825719 0.70160162 0.27286014
vn -0.27606884 0.25083935 0.92782837
vn -0.71454406 -0.10693187 0.69136995
vn -0.51420379 -0.13722017 0.84661984
vn -0.58943599 -0.18496469 -0.78635442
vn -0.04241195 -0.67080814 0.74041706
vn 0.62469447 -0.20553103 0.75333518
vn -0.16243702 -0.85604453 0.49071565
vn -0.16241732 -0.85578543 0.49117392
vn 0.10404698 -0.87829614 0.46665832
vn 0.23024437 -0.82045346 0.52330053
vn 0.45972666 -0.72989619 0.50586838
vn 0.63959897 -0.41842800 0.64484960
vn -0.68603241 -0.71821612 0.11629740
vn -0.50613832 -0.81697071 0.27637425
vn -0.70494699 -0.70178050 -0.10273137
vn -0.36756879 -0.87750101 0.30803406
vn 0.92314464 -0.27970463 -0.26376018
vn 0.91720271 -0.37500936 0.13456309
vn -0.89915788 -0.40181801 0.17337076
vn -0.02144526 0.23358656 0.97209948
vn 0.13321170 0.38381031 0.91375285
vn 0.32167155 -0.91283691 0.25150773
vn -0.48764202 -0.66555232 0.56501800
vn -0.25080523 -0.83356935 0.49219790
vn -0.06058723 -0.90994877 0.41027096
vn 0.59703523 0.34412432 -0.72465670
vn -0.02379388 0.80287576 -0.59567130
vn -0.56344825 -0.66981328 -0.48360738
vn -0.57001585 -0.57923704 -0.58272308
vn -0.53818893 -0.31507879 -0.78171474
vn 0.35645840 0.73323596 -0.57905287
vn 0.26391369 0.59127980 -0.76206154
vn 0.26286411 0.56322581 -0.78337669
vn -0.02121225 -0.38042980 -0.92456651
vn -0.18115576 -0.61921775 -0.76403660
vn -0.12292684 -0.36638162 -0.92230880
vn 0.99012947 -0.03281916 -0.13625927
vn 0.95110518 0.13499363 -0.27780536
vn 0.91566855 0.32051629 -0.24252895
vn 0.86921686 -0.39059228 -0.30314955
vn 0.88938147 -0.03334042 -0.45594856
vn 0.68307352 -0.53714889 -0.49485499
vn 0.71098781 -0.23221876 -0.66375518
vn 0.56232101 -0.57218915 -0.59698790
vn 0.61958742 -0.30586734 -0.72288078
vn 0.37181106 0.80891472 -0.45542663
vn -0.05107770 -0.44020936 -0.89644116
vn -0.23415112 -0.32820058 -0.91512710
vn -0.12651075 0.00704382 -0.99194020
vn 0.07592233 -0.11466634 -0.99049848
vn -0.57726729 0.32931346 -0.74720478
vn 0.51357800 0.72968584 -0.45143771
vn 0.56152946 0.81144619 -0.16198649
vn 0.74273413 -0.41441107 0.52593684
vn 0.80271190 -0.01387867 0.59620535
vn 0.48901811 0.83121526 -0.26446638
vn 0.15924712 -0.77593148 -0.61038554
vn 0.25601721 -0.83252376 -0.49128336
vn 0.61335725 -0.69700372 0.37145475
vn 0.46607891 -0.88446170 -0.02231600
vn 0.17293687 -0.17381497 -0.96947467
vn 0.43268144 0.02481939 0.90120512
vn 0.19708928 0.11196434 0.97397113
vn 0.67797911 -0.04739832 0.73355150
vn 0.84799534 -0.09232873 0.52189982
vn 0.85622734 -0.46650952 0.22190885
vn 0.74841511 -0.62173331 -0.23091625
vn -0.06532848 -0.21219869 0.97504044
vn 0.61918497 -0.65077144 -0.43943855
vn -0.11910457 0.79723531 -0.59180218
vn 0.24194635 0.48805508 -0.83860844
vn -0.25278819 0.40804091 -0.87726891
vn -0.25983676 0.65748072 -0.70725101
vn -0.31888503 0.68863672 -0.65122318
vn -0.68033653 -0.60016870 0.42064166
vn -0.93076438 -0.30611548 0.19992702
vn 0.43258438 -0.66265035 -0.61136335
vn 0.37687337 -0.67937058 -0.62962043
vn -0.88528305 -0.39713645 -0.24198474
vn -0.23350650 -0.92639148 -0.29542071
vn -0.27206063 -0.92511237 -0.26485848
vn -0.53369689 -0.84551078 -0.01670924
vn -0.60458654 -0.25205404 0.75560826
vn -0.61979729 -0.62787914 -0.47076434
vn -0.76405436 -0.64510268 0.00795728
vn -0.46079817 -0.88137287 -0.10414796
vn -0.96878934 0.22359587 0.10701469
vn -0.71134156 0.25395218 -0.65536362
vn 0.29842794 -0.36797917 -0.88064307
vn -0.29839084 -0.85804778 0.41799128
vn -0.45952860 -0.88568443 -0.06630630
vn -0.32064423 -0.91814166 0.23281552
vn -0.24221022 -0.35859421 0.90152335
vn -0.33514407 -0.70945758 -0.61995834
vn -0.36711276 -0.72907311 -0.57765096
vn 0.05517942 0.16999169 0.98389941
vn -0.99431294 0.10332777 -0.02579258
vn -0.96922332 0.03122498 -0.24419494
vn -0.95001459 0.19049643 0.24735270
vn -0.17298308 -0.29404134 0.94000870
vn -0.87895459 -0.13390815 0.45771986
vn -0.83075607 -0.32697114 0.45048219
vn -0.75176853 -0.25193906 -0.60940200
vn -0.08986482 -0.69752705 0.71090102
vn -0.13373561 -0.90463912 0.40465128
vn -0.13426606 -0.90423030 0.40538901
vn -0.13416506 -0.90430820 0.40524855
vn -0.13358815 -0.90475267 0.40444621
vn -0.10600069 0.99397177 -0.02800017
vn -0.10600068 0.99397171 -0.02800017
vn -0.10600068 0.99397165 -0.02800016
vn -0.05731257 0.88192797 0.46788701
vn -0.05996938 0.88587207 0.46003720
vn -0.21215534 0.97670406 -0.03223602
vn 0.43813652 -0.47095585 0.76566100
vn 0.57432610 -0.64254969 0.50722712
vn 0.34302220 0.92052847 0.18698424
vn -0.03457814 0.95152944 0.30560774
vn -0.04409359 0.95358109 0.29789054
vn 0.25047815 0.96524978 0.07452149
vn 0.25488648 0.96434397 0.07122779
vn -0.82278395 -0.56788850 -0.02300373
vn 0.55571258 -0.53751498 0.63424057
vn 0.85242146 -0.46898592 -0.23114868
vn -0.67353082 -0.45446953 0.58293545
vn -0.35952482 -0.14447400 0.92188346
vn -0.80057675 -0.50744736 0.31870678
vn -0.83927369 -0.53380930 0.10328212
vn 0.59501225 -0.52315378 0.61013979
vn 0.25932753 0.37873474 0.88843071
vn 0.46575952 0.15574077 0.87109870
vn 0.68624526 -0.11786372 0.71775728
vn 0.73137444 -0.65586585 0.18689960
vn 0.71617687 -0.69473052 -0.06663460
vn 0.10038846 -0.93601447 0.33734089
vn 0.46921727 -0.86842191 0.16024530
vn 0.88741428 -0.37209287 -0.27210808
vn -0.41747788 -0.72357118 0.54968810
vn 0.89819807 -0.38535091 -0.21152978
vn -0.55421376 -0.52586567 -0.64522266
vn -0.36279041 -0.31807601 -0.87590563
vn 0.22818202 -0.69872224 -0.67802668
vn 0.28099534 -0.46582836 -0.83907419
vn 0.28437352 -0.45582485 -0.84341884
vn -0.05675630 -0.62561554 -0.77806407
vn -0.40284660 -0.56161469 -0.72270572
vn 0.95657289 -0.25396770 -0.14306891
vn 0.35417220 0.73974431 -0.57213658
vn -0.16403969 -0.76333302 -0.62483072
vn -0.31704322 -0.66330379 -0.67787284
vn 0.19146015 -0.56133598 -0.80513662
vn 0.33203524 -0.26832029 -0.90429908
vn -0.56117278 -0.48470497 -0.67092925
vn 0.47407916 0.82817912 -0.29894516
vn 0.60107565 0.59828073 -0.52987576
vn 0.88365084 -0.36850327 0.28873271
vn 0.77121913 -0.57727593 0.26827854
vn 0.85340393 -0.12941918 0.50492811
vn 0.56201136 0.78704363 -0.25437298
vn 0.60988450 -0.30918634 0.72968811
vn 0.16499726 -0.79912060 -0.57808489
vn 0.32717770 -0.88013208 0.34398004
vn 0.36373863 -0.85234249 0.37577444
vn 0.39412042 -0.90958202 0.13164112
vn 0.40934703 -0.89683527 -0.16769481
vn 0.36788514 -0.85567915 -0.36396906
vn 0.40263259 -0.75715268 -0.51439935
vn 0.40745792 -0.52931851 -0.74417728
vn 0.83023059 -0.55621511 0.03663128
vn 0.80951387 -0.48475528 0.33120921
vn 0.61331981 -0.62207627 -0.48668262
vn -0.18726216 -0.38181880 0.90506762
vn 0.61878282 -0.65148783 -0.43894345
vn -0.35339725 -0.39585063 0.84759218
vn -0.69583523 0.12411360 -0.70739603
vn -0.05196319 0.63363403 -0.77188575
vn -0.12013725 0.37867320 -0.91770017
vn 0.02013727 0.65840644 -0.75239313
vn 0.45503759 0.09584250 -0.88529938
vn -0.18040474 -0.10755492 -0.97769421
vn -0.53835446 0.02118220 -0.84245235
vn -0.69574124 -0.62113434 0.36074394
vn 0.22523472 -0.77493972 -0.59054017
vn 0.02065958 -0.85470623 -0.51870072
vn -0.92854530 -0.06994099 0.36457074
vn 0.37946296 -0.72374427 -0.57636958
vn -0.16202593 -0.88401335 -0.43848386
vn -0.32493544 -0.93626994 -0.13347490
vn -0.36693710 -0.91498297 -0.16781892
vn -0.63691497 -0.74505639 0.19806594
vn -0.47108659 -0.88207787 0.00398271
vn -0.71467209 -0.39393127 0.57798088
vn -0.43060544 -0.88253301 -0.18898250
vn -0.47384831 -0.50797307 -0.71932685
vn -0.46419001 -0.88442504 0.04816507
vn -0.78402036 -0.54966271 0.28841442
vn -0.24499764 -0.32457188 -0.91358036
vn -0.04864638 -0.15669580 -0.98644811
vn 0.24540608 -0.40005943 -0.88302225
vn -0.18430582 -0.78447461 0.59214091
vn -0.25153410 -0.88909012 0.38242540
vn -0.43879822 -0.86365253 -0.24811351
vn -0.36880928 -0.92625231 0.07769331
vn -0.39403248 -0.91533142 0.08310625
vn -0.39303386 -0.91580492 0.08261675
vn -0.36741340 -0.92685813 0.07707947
vn -0.18495853 -0.20895463 0.96027499
vn -0.40387142 -0.80212682 -0.43986407
vn -0.32265151 -0.76107740 -0.56272298
vn 0.20302446 -0.40717730 0.89049858
vn -0.48775813 -0.34036383 0.80389339
vn -0.04747153 -0.48633209 0.87248355
vn -0.64983928 -0.42395380 -0.63085020
vn -0.04854655 -0.73610276 0.67512643
vn -0.34658927 0.93761003 -0.02762435
vn -0.34894732 0.93657047 -0.03273079
vn -0.29453832 -0.92802566 0.22806910
vn -0.40818736 -0.88954157 0.20518006
vn -0.04198392 -0.96314716 0.26567814
vn -0.10571346 -0.94166702 0.31951198
vn -0.10570858 -0.94125754 0.32071757
vn -0.13734737 -0.96178526 0.23686454
vn 0.09119396 -0.92894751 0.35880363
vn 0.17976090 -0.91306704 0.36605266
vn 0.19226180 -0.89012110 0.41318250
vn -0.21315455 0.97635424 -0.03601863
vn 0.48488793 -0.70018101 0.52405155
vn 0.34804347 0.91908342 0.18480109
vn 0.14328583 0.98967057 -0.00459156
vn 0.14328584 0.98967063 -0.00459156
vn -0.64932150 -0.75907809 -0.04671155
vn 0.49802172 -0.74577111 0.44249269
vn -0.89817673 -0.42032501 0.12886204
vn 0.60122192 -0.72209865 0.34220707
vn -0.10225283 0.08189433 0.99138170
vn 0.12967138 -0.07225034 0.98892123
vn 0.27336586 -0.09113353 0.95758331
vn 0.28915837 -0.93673003 0.19729233
vn 0.70167267 -0.67125088 -0.23890944
vn -0.47952774 -0.67572480 0.55986524
vn -0.21719415 -0.90755278 0.35940853
vn -0.06507464 -0.95478213 0.29009709
vn 0.06219871 -0.96799654 0.24313359
vn 0.84976995 -0.15147127 -0.50492316
vn -0.54953313 -0.74697328 -0.37422472
vn 0.22963475 -0.69129866 -0.68510872
vn -0.19038531 -0.86335963 -0.46729383
vn -0.38017067 -0.80486763 -0.45569524
vn 0.77306318 -0.62598461 0.10254912
vn 0.79122269 -0.61131692 0.01607244
vn 0.65831494 -0.74741012 -0.08943918
vn 0.47937161 -0.84513134 -0.23654971
vn 0.38493544 -0.86909431 -0.31064379
vn 0.41911048 0.71234149 -0.56295276
vn -0.32222670 -0.72627717 -0.60719949
vn 0.03742840 -0.84919512 -0.52675104
vn 0.58032328 -0.41233936 -0.70228285
vn 0.42915663 -0.64548939 -0.63179749
vn -0.68000942 -0.31028432 -0.66431236
vn 0.56724864 0.75795078 -0.32208639
vn 0.60567665 0.58557969 -0.53875059
vn 0.88983560 -0.45588154 -0.01909385
vn 0.76607585 -0.06750251 0.63919580
vn 0.69599634 -0.71769434 0.02244790
vn 0.08540894 -0.80157888 -0.59175718
vn 0.13058643 -0.80524516 -0.57838327
vn 0.40975183 -0.89777040 -0.16159089
vn 0.43307266 -0.90135521 -0.00260342
vn 0.48444113 -0.86100805 0.15486084
vn 0.13249306 -0.50074309 -0.85539573
vn 0.23702399 -0.39957312 0.88552868
vn 0.50648481 -0.47901633 0.71694952
vn 0.01977203 -0.30120972 0.95335293
vn 0.71286136 -0.49646440 0.49533007
vn 0.77136099 -0.60447341 0.19903296
vn 0.74115694 -0.67123812 0.01121443
vn 0.64751846 -0.72048885 -0.24822511
vn 0.51143819 -0.71284473 -0.47987837
vn 0.61653686 -0.65421265 -0.43805003
vn -0.35557851 -0.39351866 0.84776598
vn 0.30887222 0.04337076 -0.95011419
vn 0.12710857 -0.02804025 -0.99149233
vn -0.04212502 -0.09896930 -0.99419844
vn -0.22834592 -0.10253095 -0.96816605
vn -0.36908138 -0.07449891 -0.92640638
vn -0.63718498 -0.67594558 0.37026051
vn 0.22870968 -0.81563777 -0.53143835
vn 0.03843465 -0.89002943 -0.45428017
vn -0.75859302 -0.65146410 -0.01144357
vn -0.84738374 -0.46321455 0.25956297
vn -0.90897334 -0.15748981 0.38595915
vn 0.43950096 -0.70364177 -0.55832523
vn -0.76581621 -0.51474088 -0.38544422
vn -0.12887499 -0.91697884 -0.37754589
vn -0.09831406 -0.93675530 -0.33589250
vn -0.57519084 -0.79187059 0.20517370
vn -0.34776777 -0.59543580 0.72423321
vn -0.35168731 -0.87829363 -0.32390776
vn -0.45519727 -0.84208435 0.28929102
vn -0.38957790 -0.91702026 -0.08545709
vn -0.38474414 -0.92138046 0.05504454
vn -0.20771790 -0.82260746 -0.52931100
vn 0.28616616 -0.53303111 -0.79623288
vn -0.14727546 -0.82063872 0.55214298
vn -0.37949389 -0.89443439 -0.23658296
vn -0.26081932 -0.93142927 0.25379673
vn -0.22771241 -0.91258532 0.33961028
vn -0.34015408 -0.93137604 -0.12974513
vn -0.29801151 -0.95250720 0.06260324
vn -0.29615697 -0.95313442 0.06185284
vn -0.17267767 -0.51953089 0.83682138
vn -0.28270420 -0.74093771 -0.60917121
vn -0.35596219 -0.83411103 -0.42136642
vn -0.90031779 -0.40876269 -0.14946891
vn -0.94151539 -0.29514882 0.16259122
vn -0.81120414 -0.46084249 -0.35996118
vn 0.34841809 -0.57501763 0.74024290
vn -0.72523344 -0.55392963 0.40889907
vn -0.52940869 -0.25259039 -0.80989170
vn 0.00948778 -0.71649098 0.69753176
vn -0.37482387 -0.90956950 0.17941597
vn 0.08026905 -0.94899905 0.30488941
vn 0.13770473 -0.95458955 0.26418951
vn -0.25552347 -0.94811696 0.18916096
vn -0.11129300 -0.98105955 0.15854341
vn -0.00352859 -0.98137593 0.19206430
vn 0.36522418 -0.85484898 0.36857077
vn 0.38711762 -0.82414073 0.41343924
vn 0.53431368 -0.76809722 0.35289583
vn -0.52713597 -0.84712088 0.06718421
vn -0.56291527 -0.82200271 0.08624268
vn -0.69444901 -0.71299118 -0.09687162
vn 0.53411150 -0.56495887 0.62892479
vn 0.76341623 -0.63618284 -0.11165599
vn 0.76341617 -0.63618279 -0.11165597
vn -0.60919034 -0.74103355 0.28241158
vn -0.37501842 -0.27848732 0.88419795
vn -0.70327485 -0.66919178 0.23997255
vn -0.89173245 -0.43299913 0.13162392
vn 0.48493502 -0.20923333 0.84915215
vn 0.17725374 -0.37240970 0.91098416
vn 0.77753669 -0.24138634 0.58066285
vn 0.67354822 0.53652614 0.50840175
vn 0.67354822 0.53652614 0.50840169
vn 0.67354828 0.53652620 0.50840175
vn 0.49121115 -0.86008471 -0.13771619
vn 0.56285012 -0.80039120 0.20633329
vn 0.88017946 -0.39690572 -0.26028791
vn -0.35166642 -0.83447945 0.42423427
vn 0.88503784 -0.44010234 -0.15171693
vn -0.52341276 -0.72901803 -0.44110304
vn 0.15680312 -0.87060565 -0.46632427
vn 0.15678461 -0.87055135 -0.46643201
vn -0.09578078 -0.87590820 -0.47287506
vn 0.75557518 -0.65343314 0.04616499
vn 0.61525184 -0.78610921 -0.05913978
vn 0.43406984 -0.87996572 -0.19298562
vn -0.17254515 -0.81963772 -0.54628026
vn 0.65688401 -0.69412172 -0.29444578
vn -0.52298439 -0.62622947 -0.57820743
vn 0.83589089 -0.24199623 0.49267039
vn 0.82783675 -0.48631394 0.27961561
vn 0.61392677 -0.71959710 -0.32445914
vn 0.57461518 -0.49666610 0.65049219
vn 0.55569047 -0.38502994 0.73685825
vn 0.21803376 -0.87293881 -0.43639326
vn 0.24852653 -0.48233610 -0.83999193
vn 0.46568245 -0.72843975 0.50250900
vn 0.36168191 -0.87923282 0.31005770
vn 0.40960392 -0.85197246 0.32614020
vn 0.39414299 -0.90739197 0.14591394
vn 0.32055163 -0.89319044 -0.31536877
vn 0.32327804 -0.62428790 -0.71116507
vn 0.72820896 -0.61356133 0.30537519
vn -0.01993278 -0.42807442 0.90352362
vn 0.56484056 -0.71169269 -0.41767034
vn -0.24705686 -0.54083949 0.80402446
vn 0.46999556 -0.58329070 -0.66247720
vn 0.62721461 -0.50019604 -0.59699726
vn -0.09713265 -0.72112280 -0.68596435
vn -0.19057284 -0.71995044 -0.66734791
vn 0.04301756 -0.70785815 -0.70504349
vn -0.34222347 -0.69848061 -0.62849635
vn -0.55845839 -0.63317746 -0.53592008
vn -0.61803710 -0.65644997 0.43255457
vn -0.71921748 -0.69400740 0.03286096
vn -0.73736405 -0.60790825 0.29451936
vn 0.36478215 -0.75992960 -0.53799701
vn 0.20804137 -0.84972167 -0.48444998
vn -0.22046381 -0.94397944 -0.24555713
vn -0.21829535 -0.94490451 -0.24393098
vn -0.19831289 -0.95487815 -0.22108726
vn -0.41739821 -0.90871680 0.00352889
vn -0.52068502 -0.83329177 0.18577372
vn -0.41015327 -0.72617710 0.55176169
vn -0.36219260 -0.91782165 -0.16254206
vn -0.36834347 -0.88768464 0.27629492
vn -0.01455114 -0.68201345 -0.73119479
vn 0.14083447 -0.52469420 -0.83956033
vn 0.31740597 -0.45003161 -0.83470052
vn 0.18551597 -0.60696155 -0.77277511
vn -0.13934298 -0.85352618 0.50207210
vn -0.16161796 -0.95484358 0.24930561
vn -0.34429884 -0.91444230 -0.21272865
vn -0.19087982 -0.96264809 0.19202450
vn -0.25495049 -0.96187401 -0.09898727
vn -0.21405332 -0.97579265 0.04483161
vn -0.21261171 -0.97613364 0.04426381
vn -0.27485198 -0.66319335 0.69615442
vn -0.18178612 -0.30968073 0.93330145
vn -0.30409089 -0.78599709 -0.53827244
vn -0.33133250 -0.86202216 -0.38358369
vn -0.87984234 -0.46478605 0.09925424
vn -0.43599638 -0.57479072 0.69247586
vn -0.00675707 -0.66764718 0.74444717
vn 0.33286548 -0.68848234 0.64435428
vn -0.52864039 -0.25185686 -0.81062168
vn -0.56756115 -0.74963117 -0.34048072
vn -0.03737068 -0.76374316 0.64443737
vn 0.09688380 -0.98170203 0.16393462
vn -0.27924052 -0.95211363 0.12451605
vn -0.05416822 -0.99558192 0.07669749
vn -0.00059005 -0.99563187 0.09336312
vn 0.28617486 -0.91873264 0.27209231
vn 0.43073037 -0.82421100 0.36762413
vn -0.40599608 -0.91315854 0.03617669
vn -0.52694714 -0.84875792 -0.04400927
vn 0.40429118 -0.86271995 0.30374804
vn 0.52855331 -0.82017684 -0.21895480
vn -0.87168264 -0.37433815 0.31629151
vn -0.76475579 -0.62943786 0.13768214
vn -0.76862699 -0.62405920 0.14057966
vn -0.70537043 -0.70673251 0.05460505
vn 0.59023124 -0.73170984 0.34092173
vn -0.12409814 -0.23906764 0.96304017
vn 0.35280174 -0.71352023 0.60532612
vn 0.50330794 -0.86370468 0.02636760
vn 0.21513425 -0.96441209 0.15370832
vn -0.46077946 -0.69558257 0.55122334
vn -0.17131555 -0.96705043 0.18831995
vn -0.06889428 -0.98443997 0.16165207
vn 0.02531407 -0.98766381 0.15452936
vn 0.81621331 -0.50912714 -0.27310312
vn -0.51718795 -0.75413889 -0.40471110
vn 0.13938661 -0.89964068 -0.41378483
vn 0.13833544 -0.90058273 -0.41208482
vn -0.18420540 -0.89236611 -0.41200852
vn -0.36840600 -0.83341080 -0.41195068
vn 0.72957540 -0.67030042 0.13570938
vn 0.34564888 -0.90292710 -0.25543949
vn -0.31050551 -0.79509670 -0.52096790
vn 0.01292508 -0.89190334 -0.45204115
vn 0.24676110 -0.88166857 -0.40220582
vn -0.64887071 -0.41899967 -0.63514256
vn 0.83021134 -0.55737156 -0.00928109
vn 0.61637843 -0.60114759 0.50862485
vn 0.09252008 -0.81376517 -0.57378227
vn 0.55522561 -0.39490488 0.73196620
vn 0.09985022 -0.92543256 -0.36551943
vn 0.35890660 -0.83992499 0.40707740
vn 0.39627105 -0.82651412 0.39980432
vn 0.25382924 -0.96196240 -0.10098933
vn 0.22647288 -0.97391516 -0.01411606
vn 0.07546587 -0.67602760 -0.73300165
vn 0.17415766 -0.53198415 0.82865053
vn 0.42284912 -0.61395466 0.66652697
vn 0.62509465 -0.63177174 0.45838964
vn 0.60968989 -0.77580267 0.16250701
vn 0.61074597 -0.79182249 -0.00250472
vn 0.53022790 -0.81679004 -0.22740327
vn 0.41798475 -0.80106944 -0.42845818
vn 0.26369259 -0.71960783 -0.64236349
vn -0.05152196 -0.60102504 0.79756778
vn 0.61093622 -0.66181761 -0.43445867
vn -0.34853435 -0.41506445 0.84038413
vn 0.24929522 -0.66445279 -0.70452416
vn -0.05888573 -0.88252145 -0.46657082
vn -0.13739592 -0.88309246 -0.44863111
vn -0.44671193 -0.85103685 -0.27601552
vn -0.59232938 -0.72019291 0.36120358
vn 0.03675697 -0.91271138 -0.40694806
vn -0.63965559 -0.75687820 -0.13407485
vn -0.90762669 -0.18668012 0.37598449
vn -0.63866919 -0.76758957 0.05392421
vn 0.42866081 -0.71490151 -0.55241805
vn -0.25892314 -0.96466327 -0.04882165
vn -0.29760709 -0.95459265 0.01351837
vn -0.19589888 -0.95582342 -0.21914648
vn -0.28034085 -0.91785038 -0.28099769
vn -0.32714501 -0.78773558 0.52196610
vn -0.31523439 -0.94686341 -0.06384969
vn -0.30418327 -0.95048070 0.06371035
vn -0.28303024 -0.92339027 0.25931495
vn -0.14111178 -0.87413889 -0.46472430
vn 0.03885474 -0.75314021 -0.65671146
vn 0.31237066 -0.46151796 -0.83031660
vn 0.21701024 -0.70435846 -0.67585915
vn -0.09296421 -0.92085904 0.37865043
vn -0.09234782 -0.98341203 0.15611714
vn -0.25156441 -0.95390195 -0.16366504
vn -0.12195652 -0.98321754 0.13568291
vn -0.17143166 -0.98276192 -0.06921096
vn -0.09222984 -0.99554956 0.01935998
vn -0.09348492 -0.99542135 0.01992359
vn -0.10390916 -0.67842793 0.72728139
vn -0.20120728 -0.73946685 0.64242059
vn -0.28260514 -0.75184983 -0.59569794
vn -0.79560089 -0.57044351 -0.20399353
vn -0.29394513 -0.84228426 0.45183340
vn -0.48595002 -0.82826674 0.27897450
vn -0.75626868 -0.65031326 0.07176452
vn -0.54302567 -0.56000394 -0.62571454
vn 0.00235447 -0.72996283 0.68348271
vn 0.19652769 -0.96638077 0.16578561
vn 0.06243922 -0.99519682 0.07539526
vn -0.18181136 -0.98094416 0.06850504
vn -0.00384683 -0.99995625 0.00852683
vn 0.44471949 -0.84943753 0.28404313
vn -0.67622781 -0.73183823 -0.08443092
vn 0.50138777 -0.60466623 0.61886096
vn -0.65408880 0.45448449 0.60465831
vn -0.53855997 0.59741193 0.59418178
vn -0.44367009 0.59389234 0.67115474
vn -0.65027982 0.25759932 0.71468782
vn -0.71823943 0.06449752 0.69280022
vn -0.86420918 -0.41115683 0.28998697
vn -0.87662798 -0.46081120 0.13847886
vn -0.42718101 -0.25228506 0.86825603
vn 0.45869899 -0.83612764 0.30080837
vn 0.10343837 -0.88676488 0.45049801
vn 0.05556742 -0.99529421 0.07938328
vn 0.07194532 -0.97706300 0.20042843
vn -0.07523814 -0.75749034 0.64849651
vn 0.32031250 -0.92974538 -0.18158546
vn 0.34444889 -0.91463113 -0.21167111
vn 0.59866560 -0.76400006 0.24063130
vn 0.86674106 -0.43671706 -0.24091126
vn -0.25780469 -0.93490666 0.24389777
vn -0.01669948 -0.99790502 0.06250269
vn 0.75363547 -0.63040191 -0.18608290
vn 0.88206553 -0.44918132 -0.14211479
vn -0.55147702 -0.75546855 -0.35375196
vn 0.12128382 -0.92483395 -0.36051691
vn -0.09479051 -0.90596342 -0.41260743
vn 0.67126566 -0.73762351 0.07289684
vn 0.54615158 -0.83599287 -0.05323716
vn 0.38674042 -0.90541220 -0.17510143
vn 0.30069345 -0.92777508 -0.22094485
vn -0.17159194 -0.87342566 -0.45572340
vn 0.20962735 -0.91581434 -0.34254968
vn 0.60669690 -0.76396579 -0.21971574
vn -0.45926040 -0.75381005 -0.46994698
vn 0.57156891 -0.75330979 0.32532024
vn 0.48087078 -0.87270629 0.08454075
vn 0.50703037 -0.72466129 0.46667561
vn 0.46917984 -0.65832615 0.58862305
vn 0.12164699 -0.97495222 -0.18619926
vn 0.34040064 -0.86168796 0.37632596
vn 0.18146360 -0.97783697 0.10443055
vn 0.18497922 -0.98150867 0.04922814
vn 0.13906099 -0.98259938 -0.12312730
vn 0.19379784 -0.35413671 -0.91489327
vn 0.54447246 -0.81072879 0.21510082
vn 0.11686660 -0.68711871 0.71708447
vn 0.39292511 -0.85613519 -0.33562255
vn -0.09688414 -0.80836606 0.58065277
vn -0.25732213 -0.76040095 0.59630156
vn 0.45747852 -0.79966128 -0.38891518
vn 0.25688684 -0.86570317 -0.42961276
vn 0.60085535 -0.72171181 -0.34366393
vn -0.04761914 -0.91474700 -0.40121096
vn -0.12003465 -0.91430515 -0.38683009
vn -0.26038516 -0.88588780 -0.38392994
vn 0.07003637 -0.88846415 -0.45357057
vn -0.61071670 -0.67162347 0.41946018
vn -0.58853829 -0.80376929 -0.08704852
vn -0.54445350 -0.77955830 0.30961123
vn -0.48133686 -0.87211615 0.08790905
vn 0.17849113 -0.91367251 -0.36516216
vn 0.30681217 -0.84715033 -0.43382311
vn 0.03997117 -0.95417225 -0.29657620
vn -0.17887907 -0.98354518 0.02531997
vn -0.02387671 -0.96404976 -0.26464662
vn -0.13801764 -0.97835559 -0.15417914
vn -0.38336188 -0.91010565 0.15729353
vn -0.47260937 -0.82661390 0.30553162
vn -0.29115111 -0.94705987 -0.13530892
vn -0.24326688 -0.84400463 0.47799292
vn -0.07990886 -0.91481692 -0.39588436
vn 0.29088670 -0.67917693 -0.67387199
vn 0.08451936 -0.82077819 -0.56495970
vn -0.02020206 -0.85911226 0.51138830
vn -0.04257460 -0.97242844 0.22928202
vn -0.04233099 -0.99435538 0.09729028
vn -0.15211444 -0.98228949 -0.10940050
vn -0.11218179 -0.99236625 -0.05122920
vn -0.02896368 -0.99956191 -0.00608363
vn -0.02296413 -0.99956983 0.01823594
vn -0.07944005 -0.99153101 0.10273962
vn -0.19343664 -0.34824640 0.91722769
vn -0.24356626 -0.92139512 -0.30283093
vn -0.23494212 -0.87036383 -0.43274564
vn 0.04424248 -0.88776422 0.45816717
vn -0.13080673 -0.97224587 0.19397789
vn -0.22317789 -0.96539927 0.13489178
vn 0.29107553 -0.86154151 0.41595805
vn -0.53029209 -0.27780372 -0.80100900
vn -0.33209038 -0.90520149 -0.26519093
vn -0.68825877 -0.70502704 -0.17098735
vn 0.11743439 -0.99034220 0.07369799
vn -0.09558702 -0.99524677 0.01862144
vn -0.00369650 -0.99995536 0.00867851
vn 0.02701912 -0.99963450 -0.00090093
vn 0.32139763 -0.92807138 0.18811430
vn 0.33920562 -0.91436797 0.22106688
vn -0.26703215 -0.96367145 0.00557433
vn -0.36751834 -0.92887545 -0.04604785
vn 0.31107631 -0.93425781 0.17433810
vn -0.40490544 0.63823676 0.65475589
vn -0.54029584 -0.84120816 0.02119614
vn -0.55329186 -0.83298486 -0.00209056
vn 0.56955212 -0.74866271 0.33928490
vn 0.23665291 -0.97049248 0.04625735
vn 0.17014806 -0.98369145 0.05831406
vn 0.11564159 -0.82276875 0.55648786
vn -0.07356668 -0.96334654 0.25797525
vn 0.28983685 -0.95243424 -0.09414604
vn 0.12591638 -0.98762256 0.09352310
vn -0.45770782 -0.69693440 0.55207425
vn -0.14421710 -0.98608840 0.08265053
vn -0.08190950 -0.99475300 0.06129460
vn 0.87747431 -0.45786211 -0.14283222
vn 0.58665866 -0.75592917 -0.29052141
vn -0.49010468 -0.79206944 -0.36390004
vn 0.11862611 -0.92679662 -0.35633650
vn -0.16273253 -0.91698581 -0.36421835
vn -0.33153275 -0.86698568 -0.37205088
vn 0.71672040 -0.68593389 0.12572363
vn -0.27844140 -0.88320094 -0.37739408
vn -0.00886265 -0.92756879 -0.37354699
vn -0.62819332 -0.45148465 -0.63366765
vn 0.37435722 -0.91396987 -0.15657511
vn 0.46250916 -0.83416510 0.30042255
vn 0.09462184 -0.81399643 -0.57311106
vn 0.55451256 -0.42545676 0.71519393
vn 0.16871117 -0.92332917 -0.34496340
vn 0.21558079 -0.95734757 0.19238140
vn -0.00293764 -0.81923240 -0.57345396
vn 0.16517895 -0.82799929 -0.53584790
vn 0.32916918 -0.75502867 0.56707960
vn 0.50706369 -0.76970631 0.38786417
vn 0.39885166 -0.91678780 -0.02042957
vn 0.33368504 -0.92529726 -0.18021969
vn 0.26577994 -0.90322816 -0.33695650
vn 0.03124183 -0.86172926 0.50640541
vn 0.59570765 -0.67972887 -0.42790306
vn -0.33009580 -0.46376190 0.82216895
vn -0.08452318 -0.95301133 -0.29090393
vn -0.23045850 -0.91856039 -0.32114714
vn -0.40244383 -0.88884658 -0.21906784
vn -0.90390164 -0.23598732 0.35675177
vn -0.50867802 -0.85944915 -0.05092832
vn 0.40700060 -0.73516464 -0.54211003
vn -0.16917591 -0.98546773 -0.01525565
vn -0.23076686 -0.96545452 0.12101296
vn -0.13630615 -0.97881693 -0.15276822
vn -0.20978750 -0.94832170 -0.23806505
vn -0.10544875 -0.91413295 0.39146069
vn -0.16943932 -0.98318595 0.06808577
vn -0.15735811 -0.98698330 -0.03319896
vn -0.13903266 -0.96562856 0.21961614
vn 0.29658210 -0.49305844 -0.81788284
vn 0.14982575 -0.90511566 -0.39789191
vn 0.25231481 -0.83617473 -0.48697937
vn -0.00343134 -0.94654435 0.32255539
vn -0.00843140 -0.99225509 0.12392998
vn -0.07860581 -0.99451894 -0.06894327
vn -0.02037649 -0.99915248 -0.03576181
vn 0.02301676 -0.99972349 -0.00480483
vn -0.00302041 -0.99892789 0.04619282
vn -0.01434252 -0.82812268 0.56036341
vn -0.07936062 -0.84561181 0.52786601
vn -0.28739145 -0.78918391 -0.54276586
vn 0.07530218 -0.96826237 0.23832220
vn -0.48124012 -0.87652999 0.01015142
vn -0.02999493 -0.99757808 -0.06275442
vn -0.36418128 -0.78415996 -0.50245893
vn -0.02596530 -0.77124071 0.63601375
vn -0.44648886 -0.87874031 -0.16870974
vn 0.18791850 -0.97799426 0.09062922
vn 0.04701279 -0.99887663 -0.00593045
vn -0.02233034 -0.99958587 -0.01814582
vn 0.01065442 -0.99941623 -0.03245765
vn 0.01067882 -0.99941587 -0.03246338
vn 0.23488186 -0.94456255 0.22941665
vn -0.61992210 -0.78292257 -0.05223817
vn 0.45677996 -0.66056818 0.59582019
vn -0.44128096 -0.88496274 0.14870085
vn -0.52406842 -0.83129883 0.18518800
vn -0.30584544 -0.86404842 0.39984843
vn -0.48204464 -0.87613630 -0.00423297
vn -0.84765011 -0.51004666 0.14608829
vn 0.07036003 -0.99037993 -0.11915042
vn -0.00376277 -0.99985570 -0.01656400
vn 0.03189301 -0.98763382 0.15349908
vn 0.03109293 -0.98800248 0.15127529
vn -0.20153248 -0.97371376 0.10614159
vn 0.11739073 -0.97845876 -0.16981696
vn 0.16857906 -0.96349525 -0.20798552
vn 0.84034377 -0.49749139 -0.21523178
vn 0.02014651 -0.99977839 -0.00609997
vn 0.02014652 -0.99977845 -0.00609997
vn -0.44760558 -0.71769559 0.53344357
vn -0.44760564 -0.71769565 0.53344363
vn -0.44760561 -0.71769565 0.53344363
vn -0.10543705 -0.99433285 0.01360400
vn -0.07754841 -0.99697834 -0.00451713
vn -0.01604331 -0.99669117 -0.07968137
vn 0.66631871 -0.73724687 -0.11174213
vn -0.54132134 -0.76367748 -0.35180646
vn 0.53022259 -0.81260228 -0.24195342
vn -0.08021319 -0.93277729 -0.35141447
vn 0.09788892 -0.95102227 -0.29321384
vn 0.41159379 -0.91107196 -0.02320159
vn 0.52200955 -0.85028583 0.06723070
vn 0.28393549 -0.95120221 -0.12080900
vn 0.22368248 -0.96065009 -0.16467369
vn -0.16684099 -0.93445635 -0.31457138
vn 0.16200019 -0.94463307 -0.28534928
vn -0.37385598 -0.86976689 -0.32208249
vn 0.38939512 -0.91670042 0.08961989
vn 0.30937302 -0.94353694 -0.11843274
vn 0.29523107 -0.92053318 0.25584605
vn 0.33204648 -0.86211663 0.38275310
vn 0.09398971 -0.82121080 -0.56283092
vn 0.31485167 -0.82640731 0.46681824
vn 0.33811140 -0.86597586 0.36846498
vn 0.25101373 -0.96633089 0.05653714
vn 0.21042651 -0.41132089 -0.88686848
vn 0.18586977 -0.90174937 0.39025676
vn 0.32508183 -0.90397668 0.27775508
vn 0.13244629 -0.96011645 -0.24624030
vn 0.54293793 -0.76394361 -0.34872392
vn -0.03546811 -0.95000458 0.31021479
vn -0.12645242 -0.92055321 0.36958280
vn -0.24568667 -0.89394259 0.37483928
vn 0.44031337 -0.83468789 -0.33078724
vn 0.24908528 -0.89719087 -0.36469856
vn 0.07358101 -0.91995144 -0.38506502
vn -0.20000191 -0.94396192 -0.26255491
vn -0.03999336 -0.95503610 -0.29377976
vn -0.34450236 -0.92367250 -0.16777074
vn -0.59820950 -0.69728857 0.39488474
vn -0.34368050 -0.89184362 0.29410651
vn -0.30331641 -0.94535220 0.11961686
vn -0.36864844 -0.92950493 0.01089931
vn 0.13933283 -0.96368802 -0.22779758
vn 0.04258681 -0.98232561 -0.18227054
vn 0.23308083 -0.92747694 -0.29233474
vn -0.00544026 -0.98504466 -0.17221302
vn -0.10306550 -0.99385512 0.04036545
vn -0.10867152 -0.98982745 0.09182560
vn -0.04995159 -0.99722159 -0.05526159
vn -0.05130560 -0.99704534 -0.05716794
vn -0.31440762 -0.92113370 0.22947833
vn -0.14308326 -0.98757255 -0.06501964
vn -0.09675745 -0.98254573 -0.15887669
vn 0.01655760 -0.96248066 -0.27084461
vn 0.27773428 -0.82914615 -0.48516008
vn 0.00770348 -0.97701776 0.21301812
vn 0.01840588 -0.99865425 0.04848599
vn -0.13820919 -0.97069192 -0.19660947
vn -0.06065736 -0.99161589 -0.11409898
vn -0.25254193 -0.89286405 -0.37284878
vn -0.06341551 -0.99252671 -0.10425527
vn -0.49766335 -0.83017009 0.25129369
vn -0.55663586 -0.83017021 -0.03120499
vn -0.58546704 -0.80980605 -0.03797888
vn -0.54332912 -0.79487270 0.27013084
vn -0.11121994 -0.88159561 0.45871481
vn -0.10594030 -0.89016539 0.44315034
vn -0.21047102 -0.40660828 0.88902843
vn -0.13962050 -0.95067120 -0.27700216
vn 0.07833710 -0.99509996 0.06032534
vn -0.25680545 -0.96582490 -0.03511717
vn 0.08145510 -0.99594319 -0.03823771
vn -0.53252006 -0.33583811 -0.77693963
vn -0.23704296 -0.95882970 -0.15638456
vn -0.19760831 -0.95415783 -0.22479665
vn 0.14280789 -0.98840463 0.05159621
vn -0.14326847 -0.98953158 -0.01735705
vn -0.49747139 -0.86726421 -0.01936322
vn -0.04922095 -0.99845117 -0.02593059
vn -0.05535279 -0.99813139 -0.02587956
vn -0.03120462 -0.83017021 0.55663586
vn -0.30534202 -0.83017015 0.46645853
vn -0.31659293 -0.80671978 0.49897105
vn -0.03255231 -0.81327999 0.58096129
vn 0.37327781 -0.86957598 0.32326648
vn 0.36174589 -0.87885004 0.31106639
vn 0.06176114 -0.99809027 0.00117170
vn 0.50644171 -0.79660720 0.33005109
vn 0.25028351 -0.96450984 0.08413556
vn -0.19943783 -0.97902107 -0.04173888
vn 0.22746305 -0.97169989 0.06371607
vn -0.38935980 -0.91887432 -0.06378730
vn 0.06838949 -0.99433953 -0.08131222
vn -0.00316392 -0.99991512 -0.01263306
vn -0.09667158 -0.99321252 -0.06467863
vn 0.18772781 -0.96117681 -0.20223048
vn 0.80417699 -0.56540072 -0.18336156
vn -0.14446852 -0.98735583 0.06524755
vn -0.35911626 -0.79720503 0.48528302
vn 0.86335987 -0.48274040 -0.14687185
vn -0.39685288 -0.87386000 -0.28084952
vn 0.39287513 -0.87834984 -0.27230614
vn -0.12493275 -0.95590413 -0.26577994
vn 0.09469898 -0.95300061 -0.28778768
vn -0.25958127 -0.92631757 -0.27304414
vn 0.68016094 -0.72692931 0.09462995
vn -0.23378040 -0.94900340 -0.21151653
vn -0.03893026 -0.96642590 -0.25397918
vn -0.59567910 -0.49952900 -0.62899703
vn 0.25144225 -0.96316588 0.09533234
vn 0.54857641 -0.48244160 0.68287194
vn 0.35871831 -0.90849560 -0.21437544
vn -0.07168031 -0.90796936 -0.41286021
vn 0.07132208 -0.90629596 -0.41658220
vn 0.06577533 -0.97023672 0.23305379
vn 0.16940035 -0.97608954 -0.13620839
vn 0.27020168 -0.95857680 0.09011956
vn 0.31892639 -0.94180286 0.10626931
vn 0.32048008 -0.94124925 0.10649964
vn 0.26699886 -0.95960194 0.08874421
vn -0.30057088 -0.52725714 0.79476851
vn -0.08473891 -0.98564768 0.14600639
vn -0.13965876 -0.97136486 0.19221228
vn 0.22320579 -0.92658132 -0.30269814
vn -0.15514004 -0.97326165 -0.16939035
vn -0.89238882 -0.30846775 0.32937786
vn 0.34978348 -0.78691274 -0.50835013
vn -0.12088832 -0.99264967 0.00569511
vn -0.17223920 -0.97248179 0.15688477
vn 0.00971275 -0.99339539 -0.11433017
vn -0.00269907 -0.99999344 -0.00237306
vn 0.01311002 -0.95286477 0.30311179
vn 0.02744144 -0.91237646 0.40843120
vn -0.04707129 -0.99584436 0.07796256
vn -0.01397589 -0.98324329 0.18176123
vn 0.27022457 -0.54935104 -0.79069090
vn 0.19529079 -0.95136875 -0.23824097
vn 0.09771535 -0.98255342 -0.15824175
vn 0.26789522 -0.91540343 -0.30044729
vn -0.04858454 -0.80874938 0.58614331
vn 0.01190031 -0.98222375 0.18733633
vn -0.00403580 -0.99837458 -0.05684873
vn -0.27891067 -0.86832350 -0.41014984
vn -0.06778370 -0.98395193 -0.16505724
vn -0.46645844 -0.83017015 -0.30534232
vn -0.48681900 -0.81345516 -0.31827322
vn -0.61388177 -0.78668314 0.06541122
vn -0.55165255 -0.77492809 0.30848956
vn -0.07440898 -0.96058965 -0.26782599
vn 0.02558685 -0.98773462 -0.15403073
vn -0.53096259 -0.50810397 -0.67816591
vn 0.03993184 -0.99919885 -0.00261588
vn 0.06090071 -0.91564667 0.39734384
vn -0.28648406 -0.82301688 -0.49047932
vn 0.18232214 -0.98012424 0.07819906
vn 0.11661175 -0.99036437 -0.07469863
vn 0.08537807 -0.99091727 -0.10389179
vn -0.19470336 -0.91446757 -0.35473874
vn 0.45287773 -0.83092481 0.32321131
vn -0.03908907 -0.99860793 -0.03541392
vn -0.55477649 -0.83180386 -0.01803186
vn -0.14941092 -0.98766530 -0.04683486
vn -0.28415719 -0.78856659 0.54535973
vn -0.03436894 -0.79002631 0.61210883
vn 0.25129390 -0.83017021 0.49766317
vn 0.26227435 -0.81336367 0.51927990
vn -0.26608402 -0.96291482 -0.04465670
vn -0.13228746 -0.98002017 -0.14852723
vn -0.76331580 -0.62358838 0.16877905
vn 0.01510892 -0.99883026 -0.04593131
vn -0.57172102 -0.82010096 -0.02386421
vn 0.40471166 -0.71754134 0.56687117
vn -0.30415207 -0.95259982 -0.00670617
vn -0.36929318 -0.92653209 -0.07183725
vn -0.80902535 -0.56668973 0.15601468
vn 0.04259786 -0.97390378 -0.22292775
vn -0.04495297 -0.97597235 -0.21320669
vn -0.04495404 -0.97597259 -0.21320514
vn -0.11595023 -0.98919076 -0.08976013
vn 0.54044956 -0.77359492 -0.33085501
vn 0.06407626 -0.97911006 -0.19297032
vn -0.36207414 -0.79094762 0.49325871
vn -0.18107277 -0.97319549 0.14178498
vn 0.15592729 -0.97274339 -0.17162986
vn 0.42968735 -0.89008784 -0.15202729
vn 0.51968879 -0.85422224 -0.01509273
vn -0.49843338 -0.79343092 -0.34933010
vn 0.31216758 -0.93607068 -0.16224322
vn -0.06538004 -0.96271998 -0.26247942
vn 0.06987825 -0.97484356 -0.21165232
vn 0.24626206 -0.96919382 0.00428093
vn 0.17506240 -0.98246282 -0.06418573
vn 0.31771338 -0.94661593 0.05455631
vn 0.15048826 -0.98267847 -0.10814830
vn -0.15615736 -0.97407192 -0.16370277
vn 0.10433894 -0.97397196 -0.20122582
vn -0.28802812 -0.93948185 -0.18550892
vn 0.21455744 -0.97380155 -0.07533505
vn 0.13144350 -0.97010612 0.20400171
vn 0.11229580 -0.98854834 0.10080513
vn 0.15859807 -0.94428110 0.28840896
vn 0.17104381 -0.92339045 0.34364820
vn 0.34253326 -0.93654406 -0.07453919
vn 0.46960703 -0.88282514 -0.00943328
vn 0.45068097 0.00019781 0.89268512
vn 0.45088997 -0.00043494 0.89257938
vn 0.22510323 -0.48685130 -0.84398133
vn -0.03045054 -0.99418080 0.10332994
vn 0.10225535 -0.97808880 0.18134549
vn 0.16677785 -0.98270315 -0.08049563
vn 0.03893600 -0.99915838 0.01290153
vn 0.04200708 -0.99901092 0.01457121
vn 0.01660834 -0.98640358 -0.16349909
vn -0.00962918 -0.95120537 -0.30840805
vn -0.22797658 -0.95492327 0.19012594
vn -0.12461850 -0.99204463 0.01781768
vn -0.16462755 -0.97321981 0.16043921
vn 0.06912543 -0.94375867 -0.32332835
vn -0.24677388 -0.96554512 -0.08261456
vn 0.06480251 -0.97307420 -0.22119454
vn -0.56089711 -0.75557572 0.33837795
vn -0.20373487 -0.92899901 0.30895433
vn -0.20673044 -0.96828395 0.14031586
vn -0.22114871 -0.97277337 0.06931905
vn 0.10628118 -0.98806041 -0.11153926
vn 0.04587465 -0.99380255 -0.10125094
vn 0.15127292 -0.97720140 -0.14897555
vn -0.08035377 -0.99524647 0.05502308
vn -0.02087789 -0.99725682 0.07101246
vn -0.13084131 -0.98134410 0.14086892
vn 0.04851491 -0.99670553 -0.06499393
vn -0.00280454 -0.99999106 -0.00313766
vn 0.00617041 -0.99572116 -0.09220174
vn 0.25760347 -0.91684449 -0.30501869
vn 0.17198865 -0.98370224 -0.05243728
vn 0.23076250 -0.96784180 -0.10015428
vn -0.07181360 -0.84798133 0.52513844
vn -0.07891954 -0.98104697 -0.17696986
vn 0.17254408 -0.98220581 0.07416302
vn 0.00912469 -0.96200329 0.27288520
vn -0.25848892 -0.66145301 0.70403367
vn -0.28742778 -0.86052817 -0.42056692
vn -0.28147656 -0.85838360 -0.42889199
vn 0.17421912 -0.98365676 0.04546355
vn 0.16378458 -0.96258688 -0.21587262
vn -0.25129378 -0.83017021 -0.49766329
vn -0.26194698 -0.81313735 -0.51979941
vn 0.20062701 -0.96736050 0.15479739
vn -0.06764498 -0.96896231 -0.23777309
vn -0.08095991 -0.85016978 0.52024692
vn -0.22717908 -0.48844039 0.84250557
vn 0.13925059 -0.98934090 -0.04258784
vn -0.07087279 -0.98604447 -0.15064254
vn 0.15958560 -0.98691028 -0.02324741
vn -0.53358197 -0.41581759 -0.73646867
vn 0.44593170 -0.83349723 0.32623184
vn 0.34852383 -0.76829106 0.53689831
vn -0.56820631 -0.82270747 -0.01713988
vn 0.27604404 -0.79022932 0.54711723
vn -0.05719421 -0.98344469 -0.17194527
vn 0.22651309 -0.96312433 -0.14520030
vn -0.01333561 -0.98301637 -0.18303256
vn 0.46645865 -0.83017015 0.30534205
vn 0.48660234 -0.81352472 0.31842697
vn -0.24722847 -0.96239227 -0.11260156
vn -0.25191554 -0.95796591 -0.13725828
vn -0.13306333 -0.97195655 -0.19389279
vn -0.26059338 -0.59673554 0.75894511
vn 0.76091218 -0.63218063 -0.14615139
vn 0.83577931 -0.52776778 -0.15143973
vn -0.25208995 -0.95365989 -0.16426632
vn 0.17746753 -0.96640354 -0.18592857
vn -0.08443855 -0.98322767 -0.16165790
vn -0.16667956 -0.97370577 -0.15528944
vn 0.06790638 -0.97596836 -0.20706129
vn 0.63610691 -0.76872694 0.06653266
vn -0.17508081 -0.98448759 -0.01143167
vn -0.06970472 -0.98930484 -0.12812918
vn -0.54897076 -0.56810623 -0.61309564
vn 0.10704009 -0.99406028 -0.01966119
vn -0.03572378 -0.99320608 0.11074953
vn 0.53913999 -0.55080998 0.63713139
vn 0.09623823 -0.96540678 0.24233781
vn -0.03429651 -0.98728883 0.15519129
vn 0.52685422 -0.62136918 0.57993525
vn 0.05474475 -0.96891528 0.24125943
vn -0.13037898 -0.95222300 -0.27617493
vn -0.11639049 -0.99320143 -0.00198921
vn 0.01177235 -0.99521011 0.09704681
vn 0.03134653 -0.99478215 -0.09708527
vn -0.09281935 -0.99458849 -0.04667109
vn -0.10904377 -0.99380475 -0.02148514
vn 0.05513861 -0.99609715 -0.06892057
vn -0.14685346 -0.98914903 0.00424737
vn -0.03235238 -0.98831260 -0.14896791
vn -0.04031951 -0.98105043 -0.18951024
vn -0.03975233 -0.98133308 -0.18816237
vn -0.03113106 -0.98871589 -0.14653240
vn -0.86988908 -0.39697969 0.29274583
vn 0.29881093 -0.82488900 -0.47986445
vn -0.52675188 -0.80053151 0.28580007
vn 0.03833104 -0.99834436 0.04288394
vn 0.03833105 -0.99834448 0.04288394
vn 0.03833104 -0.99834442 0.04288394
vn 0.12114400 -0.96849108 0.21759838
vn 0.12330862 -0.94756401 0.29481739
vn 0.10491049 -0.98406106 0.14358844
vn -0.01081463 -0.99993455 -0.00371896
vn 0.08484064 -0.99600840 0.02773534
vn 0.08283342 -0.99618632 0.02741151
vn -0.01193299 -0.99992114 -0.00389593
vn 0.23472816 -0.61444217 -0.75323540
vn 0.23795637 -0.97044998 0.04004230
vn 0.26107535 -0.96509987 0.02053604
vn 0.13044119 -0.99054044 -0.04259789
vn 0.27523121 -0.94983733 -0.14851497
vn 0.14554313 -0.97553039 0.16479579
vn -0.24326874 -0.57752877 0.77928221
vn 0.19729367 -0.97880781 -0.05486745
vn 0.21449225 -0.97061765 0.10906123
vn 0.03120487 -0.83017027 -0.55663592
vn 0.03252606 -0.81402296 -0.57992119
vn -0.27470699 -0.78977162 -0.54844940
vn -0.41980228 -0.78179359 -0.46104753
vn 0.12200467 -0.95728713 0.26213744
vn 0.51214874 -0.79061985 0.33559477
vn 0.58035147 -0.81371945 0.03244576
vn -0.18381765 -0.97549051 -0.12095124
vn -0.24820413 -0.94129032 0.22883902
vn -0.21643637 -0.97413152 0.06498422
vn 0.21971042 -0.97430682 -0.04953192
vn 0.30368045 -0.95171398 -0.04492675
vn 0.37091944 -0.92621219 0.06745047
vn -0.45351085 -0.82345086 -0.34096414
vn 0.12969616 -0.98917222 -0.06868152
vn -0.05320546 -0.98287749 -0.17641145
vn 0.03006259 -0.99600095 -0.08413227
vn 0.12136695 -0.99242663 0.01895734
vn 0.08529272 -0.99620879 -0.01711771
vn 0.09250253 -0.99402219 -0.05799188
vn 0.18729478 -0.98125261 0.04542875
vn -0.14766093 -0.98902684 0.00468651
vn 0.03477067 -0.99385595 -0.10507701
vn -0.20956294 -0.97534788 -0.06913531
vn -0.03095047 -0.98698562 0.15780096
vn 0.00841171 -0.97944951 0.20151378
vn -0.04064198 -0.99863553 0.03278947
vn 0.05601135 -0.00010496 -0.99843013
vn -0.08645793 -0.99076223 0.10447550
vn 0.23877315 -0.56842041 -0.78732800
vn -0.09141131 -0.99357396 -0.06674303
vn -0.08823451 -0.99226093 -0.08736566
vn -0.04237721 -0.93203092 -0.35989222
vn -0.18028188 -0.98335403 -0.02265321
vn -0.16431424 -0.97752762 -0.13206257
vn -0.11340345 -0.99326646 -0.02368901
vn 0.08443629 -0.99335796 -0.07816824
vn 0.01651687 -0.99933487 0.03251127
vn -0.19926791 -0.97992092 -0.00687176
vn -0.09267591 -0.98508233 0.14499636
vn -0.05538985 -0.98644835 0.15443948
vn -0.03844216 -0.95677006 0.28829336
vn -0.07007334 -0.98847133 0.13421682
vn 0.07463841 -0.99708152 -0.01604629
vn 0.13744098 -0.98419112 -0.11170311
vn -0.52754235 -0.80318940 0.27674103
vn 0.26597217 -0.86274022 -0.43004417
vn 0.08294237 -0.99439955 -0.06549723
vn 0.08611475 -0.99370426 -0.07166568
vn -0.47040516 -0.84521359 0.25363907
vn -0.08711313 -0.99238974 0.08702649
vn -0.08042934 -0.99321127 0.08403751
vn 0.08015873 -0.99031496 0.11336129
vn 0.20656653 -0.97629029 0.06471057
vn 0.20458266 -0.97631472 0.07039449
vn 0.23640347 -0.95954007 -0.15295765
vn 0.27942115 -0.95778692 -0.06758612
vn 0.23806071 -0.96300489 0.12628731
vn 0.24164079 -0.96266526 0.12200504
vn 0.19188760 -0.67879879 -0.70880973
vn 0.27321586 -0.96096230 0.04363964
vn 0.26604125 -0.96159858 0.06745403
vn 0.27454901 -0.96077579 0.03914869
vn 0.06594769 -0.97482115 0.21301295
vn 0.35894302 -0.92606187 0.11648714
vn -0.27069503 -0.91356027 0.30353224
vn 0.02101736 -0.97241485 0.23230928
vn 0.30534211 -0.83017021 -0.46645847
vn 0.31810281 -0.81400687 -0.48600769
vn 0.03462066 -0.79084569 -0.61103535
vn 0.61072057 -0.79109251 0.03453759
vn -0.19931599 -0.97867012 -0.04977839
vn -0.04720072 -0.94421309 -0.32593513
vn -0.19322424 -0.97759837 -0.08345992
vn 0.51861048 -0.81389582 -0.26194775
vn 0.79724234 -0.58240354 -0.15877841
vn -0.16193572 -0.98275036 -0.08932257
vn -0.05237453 -0.99582297 -0.07478993
vn -0.09654482 -0.99291182 -0.06931823
vn 0.03111277 -0.99533057 -0.09137314
vn -0.04320453 -0.99283874 -0.11137590
vn 0.58170098 -0.81264424 0.03511606
vn -0.10771734 -0.99395502 0.02121899
vn -0.49124926 -0.64095080 -0.58979338
vn -0.17575678 -0.96757185 -0.18142225
vn 0.25234705 -0.64666450 -0.71982360
vn -0.11614455 -0.99047416 0.07396768
vn -0.21102847 -0.96744007 -0.13973707
vn -0.18178058 -0.98327160 -0.01152148
vn -0.08438697 -0.99435025 0.06439058
vn 0.07043353 -0.99746525 -0.01010460
vn -0.00784411 -0.99995309 0.00568708
vn -0.24387603 -0.96906435 -0.03792847
vn -0.10009447 -0.98466748 0.14286670
vn -0.83484167 -0.49205729 0.24681775
vn 0.28988710 -0.82747936 -0.48087764
vn -0.51545364 -0.81244212 0.27247959
vn 0.28488928 -0.83600909 -0.46896338
vn 0.22154193 -0.96547067 0.13705927
vn 0.18421260 -0.95846295 0.21774825
vn 0.26927304 -0.95898777 0.08851274
vn 0.13390784 -0.96713579 0.21614084
vn 0.03546896 -0.98640865 0.16043591
vn 0.03139850 -0.98637718 0.16147456
vn -0.00812741 -0.99963540 0.02574593
vn -0.00767766 -0.99964231 0.02561777
vn -0.00837491 -0.99963152 0.02581646
vn -0.00850447 -0.99962956 0.02585338
vn 0.33461082 -0.79179019 -0.51098329
vn 0.54564333 -0.79152060 -0.27526051
vn 0.11368584 -0.99003541 0.08309803
vn 0.09890871 -0.99502456 0.01195792
vn 0.22967935 -0.97302693 0.02158505
vn -0.40167579 -0.85475290 -0.32871550
vn 0.27008212 -0.95200437 0.14402549
vn 0.00686001 -0.99990839 -0.01166277
vn -0.03455621 -0.99901170 -0.02795137
vn 0.04202388 -0.99860096 0.03209461
vn 0.04616599 -0.99891806 0.00559034
vn 0.16703159 -0.98477626 0.04812512
vn -0.15061684 -0.98847967 0.01491419
vn -0.42613727 -0.70860732 -0.56239009
vn -0.14345630 -0.98533583 -0.09237683
vn -0.15159543 -0.98533124 -0.07836539
vn -0.07321877 -0.99681908 0.03147472
vn 0.75010997 -0.63905549 -0.17012657
vn 0.11016770 -0.98928672 -0.09578454
vn 0.10967343 -0.99339467 -0.03374185
vn -0.06286310 -0.99788713 -0.01641490
vn -0.32480201 -0.88753247 -0.32678699
vn -0.31379259 -0.89623928 -0.31351125
vn -0.13626158 -0.98853081 -0.06511214
vn -0.04314182 -0.99906832 -0.00107821
vn 0.00657311 -0.99990481 -0.01212915
vn 0.57860851 -0.81515145 0.02720771
vn 0.49556676 -0.86815572 0.02681769
vn 0.07093241 -0.99730319 0.01883958
vn 0.56503421 -0.82460105 0.02773750
vn -0.19487651 -0.98082501 -0.00231410
vn 0.14009698 -0.98626155 0.08752626
vn 0.06348602 -0.99780804 0.01866944
vn -0.01348294 -0.99906880 0.04098340
vn 0.08047718 -0.99029988 0.11326714
vn 0.14708441 -0.98530704 0.08681060
vn -0.39397109 -0.85712212 -0.33185598
# 3493 vertex normals

vt 0.67071164 0.70121992 0.00000000
vt 0.65022904 0.65912122 0.00000000
vt 0.66613775 0.64124382 0.00000000
vt 0.69962233 0.70545775 0.00000000
vt 0.67033577 0.80571043 0.00000000
vt 0.65206534 0.79064673 0.00000000
vt 0.66748798 0.74683833 0.00000000
vt 0.69157946 0.76269132 0.00000000
vt 0.71371478 0.64858818 0.00000000
vt 0.70099038 0.75684685 0.00000000
vt 0.67783040 0.75513947 0.00000000
vt 0.66443884 0.69945592 0.00000000
vt 0.68878841 0.69111025 0.00000000
vt 0.72315133 0.78610498 0.00000000
vt 0.72141737 0.65749115 0.00000000
vt 0.67746103 0.63746464 0.00000000
vt 0.74976820 0.74586570 0.00000000
vt 0.74955708 0.70827127 0.00000000
vt 0.71285582 0.82243329 0.00000000
vt 0.70148754 0.76248938 0.00000000
vt 0.72125345 0.66828066 0.00000000
vt 0.72054571 0.65260041 0.00000000
vt 0.71235931 0.82714343 0.00000000
vt 0.67911708 0.81554711 0.00000000
vt 0.70566422 0.64287943 0.00000000
vt 0.68970221 0.82415402 0.00000000
vt 0.66779512 0.80295408 0.00000000
vt 0.75166053 0.74996036 0.00000000
vt 0.70792049 0.69989544 0.00000000
vt 0.77432376 0.72558135 0.00000000
vt 0.64817089 0.65932840 0.00000000
vt 0.67682761 0.63810891 0.00000000
vt 0.71781951 0.72161251 0.00000000
vt 0.73286778 0.80116564 0.00000000
vt 0.72734928 0.82095367 0.00000000
vt 0.72667319 0.78380120 0.00000000
vt 0.71838659 0.74932444 0.00000000
vt 0.72260076 0.66231710 0.00000000
vt 0.71888632 0.65049058 0.00000000
vt 0.72238857 0.65730309 0.00000000
vt 0.71257746 0.83051336 0.00000000
vt 0.68561238 0.63483000 0.00000000
vt 0.71078712 0.64473039 0.00000000
vt 0.73765236 0.80043566 0.00000000
vt 0.71103376 0.76022780 0.00000000
vt 0.76060826 0.74432987 0.00000000
vt 0.75076514 0.70422345 0.00000000
vt 0.77374512 0.71967661 0.00000000
vt 0.77403826 0.73022634 0.00000000
vt 0.71813005 0.73442852 0.00000000
vt 0.70087981 0.69182819 0.00000000
vt 0.71503931 0.82645738 0.00000000
vt 0.72762501 0.82202154 0.00000000
vt 0.73396707 0.81334919 0.00000000
vt 0.73429942 0.81209993 0.00000000
vt 0.70990705 0.76218486 0.00000000
vt 0.71544021 0.69478881 0.00000000
vt 0.72521430 0.66556841 0.00000000
vt 0.71453327 0.64753455 0.00000000
vt 0.72225171 0.64967722 0.00000000
vt 0.72512668 0.65623611 0.00000000
vt 0.68553746 0.82337904 0.00000000
vt 0.71007353 0.64054388 0.00000000
vt 0.71411330 0.64241552 0.00000000
vt 0.65023106 0.65832496 0.00000000
vt 0.67562491 0.64307332 0.00000000
vt 0.69408727 0.68650275 0.00000000
vt 0.66614968 0.70086473 0.00000000
vt 0.73745686 0.81338114 0.00000000
vt 0.75344235 0.75253594 0.00000000
vt 0.76727927 0.73975527 0.00000000
vt 0.75820082 0.70742232 0.00000000
vt 0.77088577 0.71511900 0.00000000
vt 0.78143388 0.72220802 0.00000000
vt 0.78037423 0.73110056 0.00000000
vt 0.77169532 0.73512733 0.00000000
vt 0.69269443 0.82502294 0.00000000
vt 0.66587460 0.79857904 0.00000000
vt 0.67264867 0.75128525 0.00000000
vt 0.70470440 0.75514966 0.00000000
vt 0.71187109 0.63540107 0.00000000
vt 0.72608179 0.72446835 0.00000000
vt 0.72660637 0.73258901 0.00000000
vt 0.73093230 0.67288661 0.00000000
vt 0.71956784 0.70743227 0.00000000
vt 0.72977382 0.78902102 0.00000000
vt 0.73506922 0.80651927 0.00000000
vt 0.73860949 0.81187201 0.00000000
vt 0.73727995 0.81706613 0.00000000
vt 0.72952610 0.78223681 0.00000000
vt 0.72259396 0.74343711 0.00000000
vt 0.72363532 0.74807370 0.00000000
vt 0.72560030 0.66056579 0.00000000
vt 0.72025818 0.64743084 0.00000000
vt 0.72370404 0.65221995 0.00000000
vt 0.71335542 0.83355975 0.00000000
vt 0.72289121 0.82807499 0.00000000
vt 0.69087750 0.63196951 0.00000000
vt 0.71722049 0.64484304 0.00000000
vt 0.70424527 0.64456570 0.00000000
vt 0.73999381 0.81778437 0.00000000
vt 0.73911023 0.80615157 0.00000000
vt 0.73384517 0.79145914 0.00000000
vt 0.73663586 0.79632348 0.00000000
vt 0.71914726 0.76341492 0.00000000
vt 0.77060241 0.74187773 0.00000000
vt 0.76584440 0.71110672 0.00000000
vt 0.75190324 0.70159972 0.00000000
vt 0.77995080 0.71784329 0.00000000
vt 0.78150493 0.72652352 0.00000000
vt 0.77821338 0.73521578 0.00000000
vt 0.72827184 0.66927755 0.00000000
vt 0.71168900 0.63094699 0.00000000
vt 0.72532451 0.71911621 0.00000000
vt 0.72988838 0.72806865 0.00000000
vt 0.73000193 0.72911727 0.00000000
vt 0.72506559 0.73792738 0.00000000
vt 0.73327035 0.67492473 0.00000000
vt 0.70986164 0.69278830 0.00000000
vt 0.72334105 0.71352535 0.00000000
vt 0.72231585 0.82477617 0.00000000
vt 0.73159832 0.81834948 0.00000000
vt 0.73296034 0.79552895 0.00000000
vt 0.73435849 0.80104709 0.00000000
vt 0.73525500 0.82124746 0.00000000
vt 0.74272013 0.81306922 0.00000000
vt 0.74113971 0.81901979 0.00000000
vt 0.71698797 0.76140285 0.00000000
vt 0.72186548 0.69017333 0.00000000
vt 0.72792619 0.66477060 0.00000000
vt 0.72610873 0.65097439 0.00000000
vt 0.72241896 0.64540583 0.00000000
vt 0.72743887 0.65506536 0.00000000
vt 0.72806925 0.65949565 0.00000000
vt 0.68963683 0.83038694 0.00000000
vt 0.71628886 0.64032668 0.00000000
vt 0.71237594 0.63813573 0.00000000
vt 0.71949404 0.64276105 0.00000000
vt 0.69626087 0.76275426 0.00000000
vt 0.66828787 0.74479026 0.00000000
vt 0.72031850 0.68186837 0.00000000
vt 0.68319166 0.63759458 0.00000000
vt 0.69830710 0.82798541 0.00000000
vt 0.74156576 0.81007397 0.00000000
vt 0.74189156 0.80545813 0.00000000
vt 0.74037945 0.79736573 0.00000000
vt 0.74121398 0.80115587 0.00000000
vt 0.75564963 0.75447601 0.00000000
vt 0.77502292 0.73880184 0.00000000
vt 0.77412325 0.71121538 0.00000000
vt 0.76952630 0.70883828 0.00000000
vt 0.77746218 0.71418917 0.00000000
vt 0.78478974 0.72166449 0.00000000
vt 0.78515953 0.72658151 0.00000000
vt 0.78450257 0.73108357 0.00000000
vt 0.78259271 0.73511839 0.00000000
vt 0.67558503 0.70225877 0.00000000
vt 0.71711195 0.68859893 0.00000000
vt 0.72833931 0.79642171 0.00000000
vt 0.72706139 0.80366826 0.00000000
vt 0.71496534 0.81435430 0.00000000
vt 0.72411132 0.78028888 0.00000000
vt 0.74028218 0.65274400 0.00000000
vt 0.73413324 0.63587928 0.00000000
vt 0.68269336 0.63122344 0.00000000
vt 0.72947013 0.72320986 0.00000000
vt 0.72979194 0.73401779 0.00000000
vt 0.73297459 0.72762108 0.00000000
vt 0.73311168 0.72944927 0.00000000
vt 0.72846359 0.73845303 0.00000000
vt 0.73716229 0.66299021 0.00000000
vt 0.72456831 0.70866394 0.00000000
vt 0.72718239 0.71381855 0.00000000
vt 0.72822982 0.82665569 0.00000000
vt 0.73222107 0.82437563 0.00000000
vt 0.73575974 0.79335308 0.00000000
vt 0.73807120 0.79817832 0.00000000
vt 0.73951793 0.80712938 0.00000000
vt 0.73900867 0.82301116 0.00000000
vt 0.74352473 0.80849200 0.00000000
vt 0.74582320 0.81436646 0.00000000
vt 0.73233861 0.78095937 0.00000000
vt 0.72645563 0.74299628 0.00000000
vt 0.72681230 0.74795926 0.00000000
vt 0.72699374 0.82978451 0.00000000
vt 0.71534199 0.83714110 0.00000000
vt 0.69439161 0.62657416 0.00000000
vt 0.71481377 0.63498402 0.00000000
vt 0.72202867 0.73762310 0.00000000
vt 0.72406197 0.68535733 0.00000000
vt 0.73386443 0.64476848 0.00000000
vt 0.74100745 0.65919000 0.00000000
vt 0.70411503 0.63950378 0.00000000
vt 0.70458949 0.83054513 0.00000000
vt 0.74406081 0.81087971 0.00000000
vt 0.73841447 0.79328567 0.00000000
vt 0.72585309 0.76640379 0.00000000
vt 0.77537781 0.74179322 0.00000000
vt 0.75342876 0.69925112 0.00000000
vt 0.78384477 0.71726739 0.00000000
vt 0.78729624 0.72175241 0.00000000
vt 0.77964121 0.73870301 0.00000000
vt 0.70109284 0.82600224 0.00000000
vt 0.71234310 0.75844938 0.00000000
vt 0.72711504 0.78616959 0.00000000
vt 0.72841918 0.79133898 0.00000000
vt 0.73058605 0.80168748 0.00000000
vt 0.72086406 0.81140208 0.00000000
vt 0.72469234 0.80795622 0.00000000
vt 0.74095774 0.64331669 0.00000000
vt 0.74109280 0.64370000 0.00000000
vt 0.72447270 0.63211298 0.00000000
vt 0.71205264 0.62767810 0.00000000
vt 0.72872996 0.71857518 0.00000000
vt 0.73282909 0.73418671 0.00000000
vt 0.73609889 0.72776842 0.00000000
vt 0.73610449 0.72892839 0.00000000
vt 0.74007452 0.65763402 0.00000000
vt 0.73561543 0.67633212 0.00000000
vt 0.74187440 0.66039449 0.00000000
vt 0.71696949 0.69416827 0.00000000
vt 0.73924732 0.80268067 0.00000000
vt 0.73600721 0.82593465 0.00000000
vt 0.74464118 0.81997508 0.00000000
vt 0.74289602 0.82419842 0.00000000
vt 0.72334033 0.76046014 0.00000000
vt 0.72766846 0.68602175 0.00000000
vt 0.73114961 0.66411710 0.00000000
vt 0.72516996 0.64357823 0.00000000
vt 0.72859091 0.64896357 0.00000000
vt 0.73008245 0.65325457 0.00000000
vt 0.73102218 0.65806538 0.00000000
vt 0.69170827 0.83795041 0.00000000
vt 0.71902430 0.63781124 0.00000000
vt 0.72235811 0.64055771 0.00000000
vt 0.71117944 0.60127211 0.00000000
vt 0.71690506 0.74984252 0.00000000
vt 0.72011536 0.72328550 0.00000000
vt 0.72159773 0.72945511 0.00000000
vt 0.72203916 0.73589027 0.00000000
vt 0.71355200 0.71037787 0.00000000
vt 0.71752340 0.71695846 0.00000000
vt 0.70501804 0.69039983 0.00000000
vt 0.73865455 0.66989785 0.00000000
vt 0.74215150 0.65958232 0.00000000
vt 0.68871349 0.63288349 0.00000000
vt 0.74229866 0.82007891 0.00000000
vt 0.74444050 0.80623561 0.00000000
vt 0.74312431 0.79783225 0.00000000
vt 0.74398607 0.80193287 0.00000000
vt 0.75888091 0.75645310 0.00000000
vt 0.77846879 0.71081352 0.00000000
vt 0.78161138 0.71370459 0.00000000
vt 0.77415437 0.70832139 0.00000000
vt 0.78814644 0.72613400 0.00000000
vt 0.78841358 0.73048812 0.00000000
vt 0.78698462 0.73436254 0.00000000
vt 0.78465050 0.73795724 0.00000000
vt 0.67534161 0.63577545 0.00000000
vt 0.65024757 0.65893167 0.00000000
vt 0.74124825 0.74121207 0.00000000
vt 0.72027183 0.81574464 0.00000000
vt 0.72877836 0.78219599 0.00000000
vt 0.74438715 0.74795586 0.00000000
vt 0.73071635 0.78701562 0.00000000
vt 0.73145509 0.79139692 0.00000000
vt 0.73135376 0.79574555 0.00000000
vt 0.73084557 0.80033314 0.00000000
vt 0.72949874 0.80618072 0.00000000
vt 0.72755873 0.80986679 0.00000000
vt 0.72463489 0.81303918 0.00000000
vt 0.73835480 0.63859415 0.00000000
vt 0.74492049 0.64455330 0.00000000
vt 0.74280596 0.63912773 0.00000000
vt 0.74205494 0.64858222 0.00000000
vt 0.73076659 0.63335353 0.00000000
vt 0.68698728 0.62465000 0.00000000
vt 0.73260295 0.72286248 0.00000000
vt 0.73147631 0.73857594 0.00000000
vt 0.73929161 0.72371638 0.00000000
vt 0.73634881 0.73381311 0.00000000
vt 0.72947770 0.74298871 0.00000000
vt 0.74120885 0.65293717 0.00000000
vt 0.74421787 0.65623951 0.00000000
vt 0.73015648 0.71382219 0.00000000
vt 0.72774100 0.70878953 0.00000000
vt 0.73171532 0.71839684 0.00000000
vt 0.73214948 0.82810688 0.00000000
vt 0.74204820 0.79974490 0.00000000
vt 0.73992658 0.79501694 0.00000000
vt 0.74326652 0.80413234 0.00000000
vt 0.74013668 0.82721317 0.00000000
vt 0.74727798 0.81002504 0.00000000
vt 0.75346231 0.81302011 0.00000000
vt 0.73618859 0.77984077 0.00000000
vt 0.73093957 0.74797702 0.00000000
vt 0.72737849 0.64242148 0.00000000
vt 0.73020905 0.64719307 0.00000000
vt 0.73014468 0.65321499 0.00000000
vt 0.73109829 0.65805846 0.00000000
vt 0.73174113 0.83159333 0.00000000
vt 0.72202939 0.85345608 0.00000000
vt 0.71909636 0.63775152 0.00000000
vt 0.72244066 0.64050055 0.00000000
vt 0.71516168 0.63503444 0.00000000
vt 0.70091885 0.86875391 0.00000000
vt 0.65295941 0.78882468 0.00000000
vt 0.67811763 0.81481969 0.00000000
vt 0.70452446 0.76169640 0.00000000
vt 0.72137302 0.74394846 0.00000000
vt 0.72272879 0.71668750 0.00000000
vt 0.72453016 0.72229683 0.00000000
vt 0.72567880 0.72782129 0.00000000
vt 0.72606993 0.73344994 0.00000000
vt 0.72604221 0.68727094 0.00000000
vt 0.72449386 0.64044446 0.00000000
vt 0.74258739 0.65471715 0.00000000
vt 0.70439488 0.63513142 0.00000000
vt 0.70904809 0.83312386 0.00000000
vt 0.74646705 0.81248754 0.00000000
vt 0.74137086 0.79343355 0.00000000
vt 0.73262328 0.76942062 0.00000000
vt 0.78101581 0.74165368 0.00000000
vt 0.75604147 0.69632703 0.00000000
vt 0.78747302 0.71733665 0.00000000
vt 0.78919667 0.72194022 0.00000000
vt 0.71272552 0.64411837 0.00000000
vt 0.74283946 0.74507362 0.00000000
vt 0.74638987 0.71353251 0.00000000
vt 0.70747662 0.82785678 0.00000000
vt 0.71884143 0.76147467 0.00000000
vt 0.74620187 0.75016481 0.00000000
vt 0.73350286 0.80068111 0.00000000
vt 0.73312855 0.80297887 0.00000000
vt 0.73190677 0.80746913 0.00000000
vt 0.73491991 0.63543785 0.00000000
vt 0.74075639 0.63550568 0.00000000
vt 0.74577045 0.64863342 0.00000000
vt 0.74559379 0.63726366 0.00000000
vt 0.74826300 0.64401644 0.00000000
vt 0.72921067 0.62989998 0.00000000
vt 0.73397690 0.63103586 0.00000000
vt 0.71302885 0.62469047 0.00000000
vt 0.73517126 0.73835963 0.00000000
vt 0.73625451 0.72308397 0.00000000
vt 0.73922080 0.73329729 0.00000000
vt 0.74511772 0.66000670 0.00000000
vt 0.73894125 0.67743182 0.00000000
vt 0.72434914 0.69569129 0.00000000
vt 0.73232168 0.70886701 0.00000000
vt 0.73656231 0.82958937 0.00000000
vt 0.74896580 0.82584214 0.00000000
vt 0.74734575 0.82938147 0.00000000
vt 0.75113475 0.77605790 0.00000000
vt 0.73338121 0.74296999 0.00000000
vt 0.73463607 0.74805647 0.00000000
vt 0.73141629 0.66395098 0.00000000
vt 0.73155755 0.64547497 0.00000000
vt 0.72933394 0.64165276 0.00000000
vt 0.73233479 0.65100473 0.00000000
vt 0.74406064 0.83759201 0.00000000
vt 0.71994787 0.63173223 0.00000000
vt 0.72420925 0.85503370 0.00000000
vt 0.70817918 0.81716526 0.00000000
vt 0.72527325 0.78550476 0.00000000
vt 0.71201152 0.76064306 0.00000000
vt 0.72406173 0.73835176 0.00000000
vt 0.72244871 0.74908388 0.00000000
vt 0.72007841 0.71078318 0.00000000
vt 0.71276528 0.69396627 0.00000000
vt 0.74120378 0.66474569 0.00000000
vt 0.74384189 0.66700298 0.00000000
vt 0.73031175 0.64137995 0.00000000
vt 0.73884571 0.64676178 0.00000000
vt 0.74685186 0.65874314 0.00000000
vt 0.69227135 0.62776291 0.00000000
vt 0.74530107 0.82282168 0.00000000
vt 0.74726731 0.80778807 0.00000000
vt 0.74487311 0.79332894 0.00000000
vt 0.74635100 0.79881138 0.00000000
vt 0.74707776 0.80337566 0.00000000
vt 0.76980585 0.76162332 0.00000000
vt 0.78376299 0.71059138 0.00000000
vt 0.78605455 0.71374547 0.00000000
vt 0.78053826 0.70727068 0.00000000
vt 0.76724559 0.68915993 0.00000000
vt 0.78998321 0.72573000 0.00000000
vt 0.79146540 0.72987729 0.00000000
vt 0.79204792 0.73358130 0.00000000
vt 0.79134780 0.73704332 0.00000000
vt 0.78985327 0.74173850 0.00000000
vt 0.72177160 0.65540236 0.00000000
vt 0.70236266 0.63955116 0.00000000
vt 0.70827293 0.64123130 0.00000000
vt 0.74520802 0.74365932 0.00000000
vt 0.74771631 0.70984095 0.00000000
vt 0.72319102 0.81769311 0.00000000
vt 0.73332393 0.78721601 0.00000000
vt 0.73169327 0.78240126 0.00000000
vt 0.75126565 0.74357384 0.00000000
vt 0.73400664 0.79168504 0.00000000
vt 0.73398948 0.79607528 0.00000000
vt 0.73613822 0.80181313 0.00000000
vt 0.73582411 0.80359519 0.00000000
vt 0.72997999 0.81122053 0.00000000
vt 0.73482800 0.80839169 0.00000000
vt 0.72718632 0.81458151 0.00000000
vt 0.74325496 0.63372505 0.00000000
vt 0.74889332 0.64824194 0.00000000
vt 0.75117457 0.64272702 0.00000000
vt 0.74537772 0.65252727 0.00000000
vt 0.73795480 0.63275707 0.00000000
vt 0.68938184 0.61776757 0.00000000
vt 0.73845893 0.73794389 0.00000000
vt 0.73559725 0.71863079 0.00000000
vt 0.74237716 0.73276031 0.00000000
vt 0.74249256 0.72426355 0.00000000
vt 0.74727523 0.65576774 0.00000000
vt 0.73428756 0.71396601 0.00000000
vt 0.73615092 0.70884746 0.00000000
vt 0.74767512 0.80187631 0.00000000
vt 0.74788928 0.80604142 0.00000000
vt 0.74693209 0.79718149 0.00000000
vt 0.74572146 0.83301032 0.00000000
vt 0.75650775 0.81432182 0.00000000
vt 0.75235486 0.75590336 0.00000000
vt 0.75505108 0.66796738 0.00000000
vt 0.72530949 0.63871962 0.00000000
vt 0.73410052 0.64896500 0.00000000
vt 0.73135287 0.64102781 0.00000000
vt 0.73274952 0.64362705 0.00000000
vt 0.73393530 0.65509123 0.00000000
vt 0.73553580 0.65935701 0.00000000
vt 0.72283465 0.63540488 0.00000000
vt 0.71362954 0.59829909 0.00000000
vt 0.70244896 0.87200129 0.00000000
vt 0.70880485 0.82167190 0.00000000
vt 0.72855628 0.78283370 0.00000000
vt 0.72565371 0.74372965 0.00000000
vt 0.72625875 0.71663815 0.00000000
vt 0.72800577 0.72199887 0.00000000
vt 0.72915423 0.72724271 0.00000000
vt 0.72917140 0.73376274 0.00000000
vt 0.72786397 0.73875117 0.00000000
vt 0.72910321 0.68955463 0.00000000
vt 0.74590486 0.66285193 0.00000000
vt 0.73113495 0.63733912 0.00000000
vt 0.73460799 0.64365852 0.00000000
vt 0.73568386 0.63827628 0.00000000
vt 0.74576271 0.65008831 0.00000000
vt 0.74443990 0.64698797 0.00000000
vt 0.74693280 0.65452653 0.00000000
vt 0.70549262 0.63095862 0.00000000
vt 0.71267551 0.83762127 0.00000000
vt 0.74941200 0.81495547 0.00000000
vt 0.76242512 0.78045148 0.00000000
vt 0.75117719 0.80149919 0.00000000
vt 0.75127995 0.80586052 0.00000000
vt 0.79053599 0.71756619 0.00000000
vt 0.79557902 0.72239709 0.00000000
vt 0.79580456 0.72446644 0.00000000
vt 0.71991670 0.68771309 0.00000000
vt 0.72017515 0.65049583 0.00000000
vt 0.68471277 0.63283134 0.00000000
vt 0.71172535 0.63879001 0.00000000
vt 0.71512270 0.64115143 0.00000000
vt 0.75148845 0.71285599 0.00000000
vt 0.75750792 0.73237115 0.00000000
vt 0.71264839 0.83214533 0.00000000
vt 0.74892294 0.75236386 0.00000000
vt 0.72584701 0.76457852 0.00000000
vt 0.73536944 0.78233165 0.00000000
vt 0.75466549 0.74450308 0.00000000
vt 0.73815286 0.80306017 0.00000000
vt 0.73796380 0.80377495 0.00000000
vt 0.73298967 0.81253874 0.00000000
vt 0.74880862 0.63596785 0.00000000
vt 0.74050820 0.63111162 0.00000000
vt 0.75208807 0.64711136 0.00000000
vt 0.74841267 0.65200233 0.00000000
vt 0.73660207 0.62926376 0.00000000
vt 0.73186809 0.62768543 0.00000000
vt 0.71535206 0.62118340 0.00000000
vt 0.73694438 0.74276018 0.00000000
vt 0.73903042 0.71911240 0.00000000
vt 0.74180382 0.73728734 0.00000000
vt 0.74469352 0.73220754 0.00000000
vt 0.74483627 0.72488552 0.00000000
vt 0.74922431 0.65985882 0.00000000
vt 0.75532001 0.68038917 0.00000000
vt 0.75481647 0.70028287 0.00000000
vt 0.73801893 0.71427161 0.00000000
vt 0.75512105 0.80938989 0.00000000
vt 0.75187123 0.82656842 0.00000000
vt 0.74946660 0.82982683 0.00000000
vt 0.74698555 0.83326966 0.00000000
vt 0.75582194 0.75533754 0.00000000
vt 0.75692648 0.80099308 0.00000000
vt 0.74106640 0.74618578 0.00000000
vt 0.73566669 0.64712197 0.00000000
vt 0.72782558 0.63742149 0.00000000
vt 0.73367625 0.64050359 0.00000000
vt 0.73403627 0.64147228 0.00000000
vt 0.73625988 0.65250218 0.00000000
vt 0.74591494 0.83823252 0.00000000
vt 0.72594851 0.63346469 0.00000000
vt 0.72368902 0.62899566 0.00000000
vt 0.72615445 0.85650361 0.00000000
vt 0.72794676 0.81843042 0.00000000
vt 0.73187405 0.80974346 0.00000000
vt 0.70936799 0.82503986 0.00000000
vt 0.73808181 0.79735708 0.00000000
vt 0.73513991 0.80592281 0.00000000
vt 0.73117524 0.78112936 0.00000000
vt 0.71876371 0.75933963 0.00000000
vt 0.72626662 0.74906218 0.00000000
vt 0.72390777 0.71094829 0.00000000
vt 0.71898663 0.69712305 0.00000000
vt 0.74737936 0.66643751 0.00000000
vt 0.73917687 0.64027160 0.00000000
vt 0.74214333 0.64308155 0.00000000
vt 0.74794680 0.64476430 0.00000000
vt 0.74962866 0.64901835 0.00000000
vt 0.75049382 0.65785986 0.00000000
vt 0.75065547 0.65355456 0.00000000
vt 0.74942213 0.66210747 0.00000000
vt 0.69394529 0.62102187 0.00000000
vt 0.73240596 0.86039108 0.00000000
vt 0.75088406 0.81029832 0.00000000
vt 0.74924058 0.82438350 0.00000000
vt 0.75085199 0.79706556 0.00000000
vt 0.77246356 0.76176512 0.00000000
vt 0.78882712 0.71031910 0.00000000
vt 0.79100317 0.71388835 0.00000000
vt 0.78695184 0.70667273 0.00000000
vt 0.75790125 0.66575068 0.00000000
vt 0.79564542 0.72927558 0.00000000
vt 0.79746324 0.72302741 0.00000000
vt 0.79322273 0.73304898 0.00000000
vt 0.79133421 0.74163204 0.00000000
vt 0.72452915 0.66426498 0.00000000
vt 0.71731508 0.64677387 0.00000000
vt 0.72325790 0.65001136 0.00000000
vt 0.72464454 0.65421718 0.00000000
vt 0.70720983 0.63704669 0.00000000
vt 0.68478292 0.82153141 0.00000000
vt 0.71838224 0.64350003 0.00000000
vt 0.75907981 0.72401780 0.00000000
vt 0.74897587 0.70726556 0.00000000
vt 0.75106061 0.74030393 0.00000000
vt 0.75504148 0.73662990 0.00000000
vt 0.72642553 0.82009375 0.00000000
vt 0.73660290 0.78769666 0.00000000
vt 0.73704541 0.79249316 0.00000000
vt 0.73870528 0.78251845 0.00000000
vt 0.75569642 0.74069661 0.00000000
vt 0.73691249 0.79705709 0.00000000
vt 0.74053097 0.80949485 0.00000000
vt 0.73768604 0.80898285 0.00000000
vt 0.73025906 0.81638360 0.00000000
vt 0.73616219 0.81357598 0.00000000
vt 0.74637121 0.63201833 0.00000000
vt 0.75201225 0.65128654 0.00000000
vt 0.75747693 0.63966125 0.00000000
vt 0.75957584 0.64476234 0.00000000
vt 0.74328041 0.62902057 0.00000000
vt 0.72132576 0.60504919 0.00000000
vt 0.74124557 0.74171227 0.00000000
vt 0.74458367 0.73674011 0.00000000
vt 0.74243730 0.71978039 0.00000000
vt 0.74709600 0.73158950 0.00000000
vt 0.74726403 0.72567564 0.00000000
vt 0.75115103 0.65538496 0.00000000
vt 0.75733685 0.66006321 0.00000000
vt 0.74250221 0.71067739 0.00000000
vt 0.74230242 0.71526879 0.00000000
vt 0.75616091 0.80556607 0.00000000
vt 0.75392044 0.82659763 0.00000000
vt 0.75825751 0.81523478 0.00000000
vt 0.75725269 0.81020916 0.00000000
vt 0.75359452 0.77580482 0.00000000
vt 0.73802996 0.65077108 0.00000000
vt 0.73780996 0.64491934 0.00000000
vt 0.73006505 0.63632172 0.00000000
vt 0.74082261 0.64177620 0.00000000
vt 0.73872781 0.65580148 0.00000000
vt 0.71534461 0.59621984 0.00000000
vt 0.70347053 0.87422723 0.00000000
vt 0.73307121 0.81729376 0.00000000
vt 0.74253744 0.79956818 0.00000000
vt 0.74069220 0.80212063 0.00000000
vt 0.72922224 0.74368834 0.00000000
vt 0.72961968 0.71695554 0.00000000
vt 0.73145658 0.72217113 0.00000000
vt 0.73269778 0.72725701 0.00000000
vt 0.73272550 0.73391783 0.00000000
vt 0.73141253 0.73882818 0.00000000
vt 0.73354673 0.69032711 0.00000000
vt 0.73919368 0.63573915 0.00000000
vt 0.73457932 0.63444465 0.00000000
vt 0.74279600 0.63784140 0.00000000
vt 0.74570978 0.64075822 0.00000000
vt 0.75216228 0.64766878 0.00000000
vt 0.75451487 0.65640038 0.00000000
vt 0.70773518 0.62606263 0.00000000
vt 0.70341432 0.59202254 0.00000000
vt 0.72552651 0.60617733 0.00000000
vt 0.75063890 0.81634259 0.00000000
vt 0.76564366 0.78189236 0.00000000
vt 0.75411105 0.80340940 0.00000000
vt 0.75350696 0.80745965 0.00000000
vt 0.75260025 0.81179506 0.00000000
vt 0.77485734 0.76192409 0.00000000
vt 0.76993912 0.68854880 0.00000000
vt 0.79478878 0.71778989 0.00000000
vt 0.79781407 0.72877043 0.00000000
vt 0.79274243 0.73670238 0.00000000
vt 0.72520924 0.65881127 0.00000000
vt 0.72452617 0.68555957 0.00000000
vt 0.72718620 0.65292448 0.00000000
vt 0.69082844 0.62978077 0.00000000
vt 0.71034747 0.82815647 0.00000000
vt 0.71378660 0.63656974 0.00000000
vt 0.71720564 0.63888752 0.00000000
vt 0.72041333 0.64138877 0.00000000
vt 0.75559938 0.71641546 0.00000000
vt 0.75806129 0.72003657 0.00000000
vt 0.75622797 0.71282262 0.00000000
vt 0.76254511 0.72700685 0.00000000
vt 0.75878346 0.73750669 0.00000000
vt 0.72937500 0.82224298 0.00000000
vt 0.73988926 0.78850096 0.00000000
vt 0.74018681 0.79356700 0.00000000
vt 0.75943887 0.74597889 0.00000000
vt 0.76721656 0.76028699 0.00000000
vt 0.75838304 0.77625328 0.00000000
vt 0.75888336 0.74142224 0.00000000
vt 0.73965049 0.79830033 0.00000000
vt 0.74229574 0.79956353 0.00000000
vt 0.73344147 0.81791246 0.00000000
vt 0.75563985 0.63409770 0.00000000
vt 0.75982922 0.64960951 0.00000000
vt 0.73932213 0.62696081 0.00000000
vt 0.73502344 0.62488079 0.00000000
vt 0.70227808 0.58616769 0.00000000
vt 0.74040490 0.61931980 0.00000000
vt 0.74484658 0.74096310 0.00000000
vt 0.74747199 0.73634595 0.00000000
vt 0.74525094 0.72040886 0.00000000
vt 0.74961734 0.72655797 0.00000000
vt 0.74949622 0.73098028 0.00000000
vt 0.75776213 0.68046069 0.00000000
vt 0.76155001 0.65985215 0.00000000
vt 0.75844574 0.70085198 0.00000000
vt 0.75149518 0.83013529 0.00000000
vt 0.75580293 0.82634979 0.00000000
vt 0.75968969 0.81611651 0.00000000
vt 0.74885827 0.83375245 0.00000000
vt 0.75822634 0.75493592 0.00000000
vt 0.74604982 0.74494690 0.00000000
vt 0.75816059 0.80140382 0.00000000
vt 0.75697893 0.80598718 0.00000000
vt 0.74087995 0.64871162 0.00000000
vt 0.73294574 0.63482291 0.00000000
vt 0.73741591 0.63299036 0.00000000
vt 0.74077314 0.65401822 0.00000000
vt 0.74760890 0.83935535 0.00000000
vt 0.72803676 0.63193208 0.00000000
vt 0.72552270 0.62698567 0.00000000
vt 0.72796714 0.85791332 0.00000000
vt 0.73708123 0.81546676 0.00000000
vt 0.73629671 0.81937361 0.00000000
vt 0.73193234 0.82042021 0.00000000
vt 0.74022484 0.81310076 0.00000000
vt 0.74461710 0.80340528 0.00000000
vt 0.73407298 0.78000110 0.00000000
vt 0.74183220 0.80633098 0.00000000
vt 0.72519386 0.75802469 0.00000000
vt 0.73413944 0.74333280 0.00000000
vt 0.72721130 0.71145594 0.00000000
vt 0.73570400 0.72815597 0.00000000
vt 0.72635508 0.69998300 0.00000000
vt 0.75362819 0.66615301 0.00000000
vt 0.75387168 0.65210742 0.00000000
vt 0.75194532 0.64323622 0.00000000
vt 0.75437891 0.66090101 0.00000000
vt 0.73538750 0.86251855 0.00000000
vt 0.70489156 0.58857632 0.00000000
vt 0.75058335 0.82452983 0.00000000
vt 0.75475699 0.79943782 0.00000000
vt 0.79053503 0.71074957 0.00000000
vt 0.79242665 0.71435326 0.00000000
vt 0.78861719 0.70642829 0.00000000
vt 0.75985396 0.66425747 0.00000000
vt 0.79484636 0.73265731 0.00000000
vt 0.79894620 0.71875465 0.00000000
vt 0.79689169 0.71820515 0.00000000
vt 0.79324061 0.74184370 0.00000000
vt 0.77711737 0.76208925 0.00000000
vt 0.72760904 0.66306800 0.00000000
vt 0.72574997 0.64867622 0.00000000
vt 0.72788787 0.65757948 0.00000000
vt 0.68870097 0.82786202 0.00000000
vt 0.70944977 0.63455486 0.00000000
vt 0.75957620 0.71589917 0.00000000
vt 0.76168895 0.71922559 0.00000000
vt 0.76263976 0.72291273 0.00000000
vt 0.75079870 0.70496529 0.00000000
vt 0.76205218 0.73004287 0.00000000
vt 0.76081455 0.73400277 0.00000000
vt 0.74089646 0.84862912 0.00000000
vt 0.76715517 0.74800617 0.00000000
vt 0.76965106 0.76064748 0.00000000
vt 0.74388456 0.78595823 0.00000000
vt 0.74337149 0.79043013 0.00000000
vt 0.74253523 0.80953443 0.00000000
vt 0.73926413 0.81413448 0.00000000
vt 0.73750496 0.81865633 0.00000000
vt 0.75332099 0.62892306 0.00000000
vt 0.75925905 0.65457708 0.00000000
vt 0.76126057 0.63783324 0.00000000
vt 0.76316452 0.64376003 0.00000000
vt 0.76315886 0.64903712 0.00000000
vt 0.74574012 0.62210011 0.00000000
vt 0.74988139 0.62520766 0.00000000
vt 0.70425707 0.58296287 0.00000000
vt 0.74370682 0.61644340 0.00000000
vt 0.74846935 0.74059880 0.00000000
vt 0.74999803 0.73626858 0.00000000
vt 0.74822319 0.72097093 0.00000000
vt 0.51874751 0.50965983 0.00000000
vt 0.51575530 0.51570976 0.00000000
vt 0.51007026 0.50655818 0.00000000
vt 0.51617056 0.50570858 0.00000000
vt 0.74585718 0.71608669 0.00000000
vt 0.74740475 0.71190053 0.00000000
vt 0.75353426 0.83037817 0.00000000
vt 0.75930512 0.81096154 0.00000000
vt 0.76612610 0.81292123 0.00000000
vt 0.75578749 0.77555865 0.00000000
vt 0.75885534 0.80654889 0.00000000
vt 0.74461204 0.65186119 0.00000000
vt 0.74339169 0.64723247 0.00000000
vt 0.49636662 0.89353341 0.00000000
vt 0.49112499 0.89620030 0.00000000
vt 0.46028417 0.87099236 0.00000000
vt 0.49519092 0.85122156 0.00000000
vt 0.75070757 0.83459210 0.00000000
vt 0.71633989 0.59498578 0.00000000
vt 0.70404887 0.87495518 0.00000000
vt 0.73846704 0.82124388 0.00000000
vt 0.73404014 0.82261753 0.00000000
vt 0.74183220 0.81025153 0.00000000
vt 0.74702287 0.80322051 0.00000000
vt 0.74497992 0.79901594 0.00000000
vt 0.74552113 0.80681556 0.00000000
vt 0.73687214 0.74780792 0.00000000
vt 0.73854977 0.71216071 0.00000000
vt 0.73709452 0.71840459 0.00000000
vt 0.73587501 0.72331166 0.00000000
vt 0.73556745 0.73336577 0.00000000
vt 0.73450392 0.73830974 0.00000000
vt 0.76106924 0.68900883 0.00000000
vt 0.74429989 0.63206339 0.00000000
vt 0.74736762 0.63525039 0.00000000
vt 0.74035949 0.62894452 0.00000000
vt 0.74988341 0.63883108 0.00000000
vt 0.75812131 0.64400905 0.00000000
vt 0.76070875 0.64856660 0.00000000
vt 0.76239777 0.65289456 0.00000000
vt 0.76354551 0.65748549 0.00000000
vt 0.72762549 0.60456508 0.00000000
vt 0.75174004 0.81796867 0.00000000
vt 0.76782197 0.78285223 0.00000000
vt 0.75639886 0.80474484 0.00000000
vt 0.75556618 0.80897725 0.00000000
vt 0.75414306 0.81344539 0.00000000
vt 0.77237117 0.68798751 0.00000000
vt 0.79643703 0.73238361 0.00000000
vt 0.79937077 0.72796625 0.00000000
vt 0.79429120 0.73659790 0.00000000
vt 0.73131442 0.68205518 0.00000000
vt 0.73024988 0.65104836 0.00000000
vt 0.73144579 0.65593392 0.00000000
vt 0.71219867 0.83204311 0.00000000
vt 0.69498527 0.62411475 0.00000000
vt 0.71175826 0.63124466 0.00000000
vt 0.71636462 0.63385582 0.00000000
vt 0.71996832 0.63656950 0.00000000
vt 0.72314417 0.63953733 0.00000000
vt 0.76280963 0.71529192 0.00000000
vt 0.75956464 0.71192461 0.00000000
vt 0.76595604 0.72679180 0.00000000
vt 0.76536906 0.73068410 0.00000000
vt 0.76595747 0.72258693 0.00000000
vt 0.76191640 0.73821443 0.00000000
vt 0.76400888 0.73473185 0.00000000
vt 0.73553181 0.82351589 0.00000000
vt 0.74297166 0.79493159 0.00000000
vt 0.76309764 0.74241728 0.00000000
vt 0.76196563 0.77787799 0.00000000
vt 0.77150285 0.74851829 0.00000000
vt 0.74196529 0.81439078 0.00000000
vt 0.74401271 0.80074823 0.00000000
vt 0.75932962 0.63313890 0.00000000
vt 0.76262105 0.65423590 0.00000000
vt 0.75268459 0.62353289 0.00000000
vt 0.72327876 0.60334432 0.00000000
vt 0.74451232 0.84979868 0.00000000
vt 0.74859619 0.62007505 0.00000000
vt 0.75081354 0.74442512 0.00000000
vt 0.75094044 0.74075025 0.00000000
vt 0.75070637 0.72112674 0.00000000
vt 0.75363708 0.72154164 0.00000000
vt 0.51459002 0.53624654 0.00000000
vt 0.48471165 0.51053154 0.00000000
vt 0.75299579 0.73622000 0.00000000
vt 0.76000571 0.68049628 0.00000000
vt 0.76378137 0.66006726 0.00000000
vt 0.76095176 0.70122772 0.00000000
vt 0.75564504 0.83063871 0.00000000
vt 0.76134509 0.81167191 0.00000000
vt 0.76055646 0.83033806 0.00000000
vt 0.75962013 0.75470251 0.00000000
vt 0.76076573 0.80695099 0.00000000
vt 0.75990230 0.80157042 0.00000000
vt 0.74725324 0.65120047 0.00000000
vt 0.73058683 0.62927270 0.00000000
vt 0.71886414 0.59116733 0.00000000
vt 0.72824055 0.61908895 0.00000000
vt 0.45122015 0.84298128 0.00000000
vt 0.47763759 0.82597303 0.00000000
vt 0.76390725 0.66129231 0.00000000
vt 0.76279497 0.66211861 0.00000000
vt 0.76097864 0.66341531 0.00000000
vt 0.74851680 0.84044826 0.00000000
vt 0.72760922 0.62269831 0.00000000
vt 0.72975028 0.85932308 0.00000000
vt 0.73977858 0.81777596 0.00000000
vt 0.74097764 0.82347298 0.00000000
vt 0.73622620 0.82529789 0.00000000
vt 0.74207574 0.81950754 0.00000000
vt 0.74548244 0.81003588 0.00000000
vt 0.74910277 0.80732775 0.00000000
vt 0.73801237 0.77882355 0.00000000
vt 0.75557137 0.75263762 0.00000000
vt 0.74036866 0.74670780 0.00000000
vt 0.73855019 0.73273015 0.00000000
vt 0.73846751 0.72815299 0.00000000
vt 0.75549090 0.70855683 0.00000000
vt 0.76413417 0.66284919 0.00000000
vt 0.75856185 0.64154744 0.00000000
vt 0.74920732 0.62388498 0.00000000
vt 0.73746198 0.86394894 0.00000000
vt 0.75146282 0.62265080 0.00000000
vt 0.70590854 0.58619833 0.00000000
vt 0.75148034 0.82447386 0.00000000
vt 0.75732225 0.80055100 0.00000000
vt 0.75555450 0.81517857 0.00000000
vt 0.79187435 0.71094966 0.00000000
vt 0.79407102 0.71461117 0.00000000
vt 0.78995329 0.70638978 0.00000000
vt 0.79794616 0.73233348 0.00000000
vt 0.80122286 0.72685272 0.00000000
vt 0.79572892 0.71471238 0.00000000
vt 0.79565901 0.73680276 0.00000000
vt 0.79463154 0.74234909 0.00000000
vt 0.76906198 0.78339148 0.00000000
vt 0.73192799 0.66166157 0.00000000
vt 0.72836256 0.64664775 0.00000000
vt 0.69000703 0.83521372 0.00000000
vt 0.71248114 0.63008475 0.00000000
vt 0.71747243 0.63273072 0.00000000
vt 0.72116959 0.63564861 0.00000000
vt 0.76493490 0.71878976 0.00000000
vt 0.75405574 0.70254070 0.00000000
vt 0.76909244 0.72721058 0.00000000
vt 0.76856828 0.73073405 0.00000000
vt 0.76574802 0.73884445 0.00000000
vt 0.76980984 0.74361616 0.00000000
vt 0.77184808 0.76095635 0.00000000
vt 0.77390659 0.74910158 0.00000000
vt 0.74642253 0.79226822 0.00000000
vt 0.74811840 0.78864115 0.00000000
vt 0.74529433 0.79628032 0.00000000
vt 0.74438381 0.81455982 0.00000000
vt 0.74451411 0.80935442 0.00000000
vt 0.74105179 0.81918561 0.00000000
vt 0.74051476 0.82444012 0.00000000
vt 0.75639391 0.62753725 0.00000000
vt 0.76476413 0.65412325 0.00000000
vt 0.76565820 0.64286685 0.00000000
vt 0.76315242 0.63632184 0.00000000
vt 0.76550114 0.64864701 0.00000000
vt 0.70559567 0.58079773 0.00000000
vt 0.75019193 0.61855292 0.00000000
vt 0.74515676 0.61461425 0.00000000
vt 0.75326884 0.74488246 0.00000000
vt 0.75392056 0.74084485 0.00000000
vt 0.74958509 0.71656007 0.00000000
vt 0.75208348 0.71649331 0.00000000
vt 0.76620311 0.70204598 0.00000000
vt 0.75768530 0.71146941 0.00000000
vt 0.49013507 0.55882502 0.00000000
vt 0.46784198 0.53698128 0.00000000
vt 0.48597813 0.50923395 0.00000000
vt 0.75245017 0.71247166 0.00000000
vt 0.75213498 0.83561307 0.00000000
vt 0.46474606 0.46895686 0.00000000
vt 0.47188830 0.43738493 0.00000000
vt 0.48335791 0.43743208 0.00000000
vt 0.48976088 0.47470394 0.00000000
vt 0.75785851 0.77536315 0.00000000
vt 0.76180047 0.66282028 0.00000000
vt 0.73204631 0.62648869 0.00000000
vt 0.71788234 0.59272021 0.00000000
vt 0.44769943 0.49572685 0.00000000
vt 0.44074565 0.52134806 0.00000000
vt 0.44025666 0.82031453 0.00000000
vt 0.46012461 0.80429816 0.00000000
vt 0.52314603 0.82335818 0.00000000
vt 0.49944317 0.80241215 0.00000000
vt 0.77933532 0.68637103 0.00000000
vt 0.71704435 0.59400618 0.00000000
vt 0.70442545 0.87551868 0.00000000
vt 0.74253905 0.81569391 0.00000000
vt 0.73850507 0.82786828 0.00000000
vt 0.74492145 0.82135862 0.00000000
vt 0.74512476 0.81740779 0.00000000
vt 0.74839944 0.79966193 0.00000000
vt 0.75029141 0.80426008 0.00000000
vt 0.74929130 0.81183040 0.00000000
vt 0.75292397 0.77677184 0.00000000
vt 0.73903435 0.74215418 0.00000000
vt 0.74233621 0.71959573 0.00000000
vt 0.74004763 0.72365785 0.00000000
vt 0.73760891 0.73754168 0.00000000
vt 0.76376480 0.68856084 0.00000000
vt 0.74615711 0.71634614 0.00000000
vt 0.75245661 0.62818593 0.00000000
vt 0.75484699 0.63226599 0.00000000
vt 0.75683600 0.63653070 0.00000000
vt 0.76150990 0.64205825 0.00000000
vt 0.76366121 0.64712745 0.00000000
vt 0.76483291 0.65177304 0.00000000
vt 0.76563150 0.65667194 0.00000000
vt 0.76601046 0.66231817 0.00000000
vt 0.75351799 0.62125278 0.00000000
vt 0.72948521 0.60320801 0.00000000
vt 0.75267392 0.81981575 0.00000000
vt 0.75718176 0.80465657 0.00000000
vt 0.75703532 0.80993217 0.00000000
vt 0.77466315 0.68745512 0.00000000
vt 0.80092174 0.71979862 0.00000000
vt 0.77938694 0.76225919 0.00000000
vt 0.73356581 0.66115218 0.00000000
vt 0.72410953 0.63905382 0.00000000
vt 0.72914326 0.64585298 0.00000000
vt 0.73152339 0.65014046 0.00000000
vt 0.73299134 0.65514058 0.00000000
vt 0.72102165 0.84605944 0.00000000
vt 0.71534979 0.59990489 0.00000000
vt 0.76725805 0.71461159 0.00000000
vt 0.76896095 0.71855599 0.00000000
vt 0.76466429 0.71061295 0.00000000
vt 0.77488446 0.69444412 0.00000000
vt 0.76198518 0.66912645 0.00000000
vt 0.77302814 0.72824222 0.00000000
vt 0.77257252 0.73042911 0.00000000
vt 0.76754165 0.73505765 0.00000000
vt 0.76951289 0.72273308 0.00000000
vt 0.76443446 0.77894658 0.00000000
vt 0.77329779 0.74394816 0.00000000
vt 0.74353635 0.81978166 0.00000000
vt 0.74563706 0.80207288 0.00000000
vt 0.76171887 0.63284349 0.00000000
vt 0.75868517 0.62654144 0.00000000
vt 0.75457847 0.62219477 0.00000000
vt 0.72506171 0.60180634 0.00000000
vt 0.74700367 0.85057676 0.00000000
vt 0.75588781 0.74546522 0.00000000
vt 0.75515807 0.71634787 0.00000000
vt 0.76469284 0.70176882 0.00000000
vt 0.53336126 0.57015473 0.00000000
vt 0.50661838 0.58589512 0.00000000
vt 0.46690375 0.57877892 0.00000000
vt 0.44985598 0.55949461 0.00000000
vt 0.49219728 0.47462383 0.00000000
vt 0.76186264 0.75435418 0.00000000
vt 0.76217300 0.68046904 0.00000000
vt 0.76567006 0.66055900 0.00000000
vt 0.76239371 0.70143843 0.00000000
vt 0.75411773 0.84050840 0.00000000
vt 0.76281410 0.80660099 0.00000000
vt 0.46239072 0.46827045 0.00000000
vt 0.76063746 0.75453627 0.00000000
vt 0.44712240 0.49408832 0.00000000
vt 0.42999405 0.54365790 0.00000000
vt 0.41846889 0.79459000 0.00000000
vt 0.43148220 0.77977169 0.00000000
vt 0.47674328 0.78393990 0.00000000
vt 0.52876008 0.87975830 0.00000000
vt 0.54891086 0.86228561 0.00000000
vt 0.54277319 0.78992915 0.00000000
vt 0.51607263 0.77423984 0.00000000
vt 0.78195792 0.68573874 0.00000000
vt 0.77695060 0.68692911 0.00000000
vt 0.44661474 0.49272624 0.00000000
vt 0.46027541 0.46753719 0.00000000
vt 0.74328548 0.82522470 0.00000000
vt 0.75133038 0.80823278 0.00000000
vt 0.75190508 0.79975349 0.00000000
vt 0.75903785 0.75177211 0.00000000
vt 0.74814725 0.74438840 0.00000000
vt 0.74062610 0.73224467 0.00000000
vt 0.74068493 0.72862107 0.00000000
vt 0.75884515 0.70989251 0.00000000
vt 0.76137036 0.64108700 0.00000000
vt 0.75481147 0.62724274 0.00000000
vt 0.73866743 0.86477888 0.00000000
vt 0.75700861 0.62630934 0.00000000
vt 0.70648319 0.58480668 0.00000000
vt 0.75677031 0.82687074 0.00000000
vt 0.76994640 0.78377730 0.00000000
vt 0.76253968 0.80554509 0.00000000
vt 0.76186186 0.81331044 0.00000000
vt 0.79334551 0.71088773 0.00000000
vt 0.79171413 0.70599824 0.00000000
vt 0.79611319 0.74492663 0.00000000
vt 0.56695974 0.89948034 0.00000000
vt 0.56213421 0.90409791 0.00000000
vt 0.54564118 0.89744610 0.00000000
vt 0.56272763 0.88252419 0.00000000
vt 0.79720867 0.71466070 0.00000000
vt 0.72673810 0.63763607 0.00000000
vt 0.69929510 0.86614543 0.00000000
vt 0.71824288 0.62650752 0.00000000
vt 0.72128344 0.63031650 0.00000000
vt 0.72409201 0.63387918 0.00000000
vt 0.77124023 0.70916814 0.00000000
vt 0.76560974 0.66741937 0.00000000
vt 0.77600622 0.73031944 0.00000000
vt 0.77251494 0.73525137 0.00000000
vt 0.77160418 0.73950380 0.00000000
vt 0.77393782 0.76121050 0.00000000
vt 0.77574098 0.74981159 0.00000000
vt 0.77559233 0.74435323 0.00000000
vt 0.74872506 0.79348236 0.00000000
vt 0.74737000 0.79751033 0.00000000
vt 0.75077367 0.78992850 0.00000000
vt 0.74731028 0.81498766 0.00000000
vt 0.74653721 0.82128513 0.00000000
vt 0.74733877 0.80360234 0.00000000
vt 0.74662328 0.80897713 0.00000000
vt 0.74329162 0.82542205 0.00000000
vt 0.76674598 0.65435201 0.00000000
vt 0.76816106 0.64184958 0.00000000
vt 0.76785231 0.64849049 0.00000000
vt 0.70634753 0.57954568 0.00000000
vt 0.75139999 0.61693323 0.00000000
vt 0.75631917 0.62075734 0.00000000
vt 0.74603570 0.61278158 0.00000000
vt 0.75493467 0.71208107 0.00000000
vt 0.53537393 0.52809042 0.00000000
vt 0.51543933 0.53529125 0.00000000
vt 0.76343995 0.70159066 0.00000000
vt 0.55351949 0.54793262 0.00000000
vt 0.54894078 0.60405040 0.00000000
vt 0.51943016 0.61537772 0.00000000
vt 0.48056924 0.60129637 0.00000000
vt 0.43251145 0.60288310 0.00000000
vt 0.42094946 0.58630854 0.00000000
vt 0.76226872 0.77545005 0.00000000
vt 0.75995594 0.77529502 0.00000000
vt 0.46757549 0.44192657 0.00000000
vt 0.40795565 0.57125592 0.00000000
vt 0.39654988 0.78212953 0.00000000
vt 0.40597653 0.76707578 0.00000000
vt 0.44225180 0.76274949 0.00000000
vt 0.48960656 0.76027763 0.00000000
vt 0.78445536 0.76270753 0.00000000
vt 0.77219832 0.78477395 0.00000000
vt 0.77100557 0.78424382 0.00000000
vt 0.56666100 0.83275390 0.00000000
vt 0.55966830 0.75444758 0.00000000
vt 0.52836722 0.74383271 0.00000000
vt 0.79425520 0.70224959 0.00000000
vt 0.79282004 0.70540422 0.00000000
vt 0.74114680 0.82992303 0.00000000
vt 0.74720025 0.82257301 0.00000000
vt 0.74815583 0.81884652 0.00000000
vt 0.75321513 0.80479914 0.00000000
vt 0.75376451 0.80905217 0.00000000
vt 0.75140971 0.81187999 0.00000000
vt 0.75512439 0.80039823 0.00000000
vt 0.75555521 0.77720219 0.00000000
vt 0.74471235 0.74036020 0.00000000
vt 0.74449682 0.72044307 0.00000000
vt 0.74233419 0.72421479 0.00000000
vt 0.74226320 0.73654819 0.00000000
vt 0.76618361 0.68819016 0.00000000
vt 0.74804759 0.71760201 0.00000000
vt 0.76796448 0.66203266 0.00000000
vt 0.75726533 0.63155228 0.00000000
vt 0.75943017 0.63587642 0.00000000
vt 0.76577264 0.64589417 0.00000000
vt 0.76691878 0.65080070 0.00000000
vt 0.76768327 0.65604955 0.00000000
vt 0.73954576 0.86540896 0.00000000
vt 0.75882179 0.62534320 0.00000000
vt 0.75481641 0.61986363 0.00000000
vt 0.73121291 0.60200018 0.00000000
vt 0.76332039 0.80030435 0.00000000
vt 0.78178382 0.76245445 0.00000000
vt 0.73849595 0.65722603 0.00000000
vt 0.73122060 0.64392275 0.00000000
vt 0.73397291 0.64804620 0.00000000
vt 0.73622715 0.65247983 0.00000000
vt 0.72284979 0.84796381 0.00000000
vt 0.71820736 0.59742486 0.00000000
vt 0.77348709 0.71409982 0.00000000
vt 0.77449596 0.71882206 0.00000000
vt 0.77437520 0.72343653 0.00000000
vt 0.77734113 0.69411761 0.00000000
vt 0.77702045 0.70928508 0.00000000
vt 0.77567983 0.73542112 0.00000000
vt 0.77627361 0.72922331 0.00000000
vt 0.77478325 0.73975807 0.00000000
vt 0.76585793 0.77954143 0.00000000
vt 0.74676025 0.82807422 0.00000000
vt 0.75255775 0.80035663 0.00000000
vt 0.76126474 0.62567985 0.00000000
vt 0.72678810 0.60037410 0.00000000
vt 0.74843991 0.85104120 0.00000000
vt 0.75758517 0.61922419 0.00000000
vt 0.75203156 0.61534369 0.00000000
vt 0.76941592 0.68013716 0.00000000
vt 0.76682079 0.68029517 0.00000000
vt 0.70805067 0.57603002 0.00000000
vt 0.73286444 0.59595597 0.00000000
vt 0.73053831 0.59745777 0.00000000
vt 0.56838679 0.52565777 0.00000000
vt 0.55967265 0.51568878 0.00000000
vt 0.57259727 0.57580066 0.00000000
vt 0.56775868 0.56602240 0.00000000
vt 0.55870092 0.63998574 0.00000000
vt 0.52800405 0.64647770 0.00000000
vt 0.49109900 0.62617493 0.00000000
vt 0.44226515 0.62098670 0.00000000
vt 0.40383297 0.61682874 0.00000000
vt 0.39500695 0.60142702 0.00000000
vt 0.76440358 0.68037212 0.00000000
vt 0.76690036 0.66131216 0.00000000
vt 0.38548028 0.58620667 0.00000000
vt 0.37237388 0.77211314 0.00000000
vt 0.37903774 0.75780356 0.00000000
vt 0.41364491 0.75141484 0.00000000
vt 0.45049006 0.74396861 0.00000000
vt 0.49848515 0.73459816 0.00000000
vt 0.55323809 0.83278620 0.00000000
vt 0.56045341 0.83386248 0.00000000
vt 0.57313573 0.82624233 0.00000000
vt 0.56963837 0.80000031 0.00000000
vt 0.58438879 0.77898103 0.00000000
vt 0.56788772 0.71514267 0.00000000
vt 0.53405076 0.71150446 0.00000000
vt 0.79452580 0.71055084 0.00000000
vt 0.74562520 0.82670689 0.00000000
vt 0.75022227 0.81960231 0.00000000
vt 0.75321203 0.81282592 0.00000000
vt 0.75581914 0.80551583 0.00000000
vt 0.76143473 0.75116831 0.00000000
vt 0.76281333 0.75081831 0.00000000
vt 0.59108114 0.73853761 0.00000000
vt 0.58853054 0.74291629 0.00000000
vt 0.59066200 0.73492026 0.00000000
vt 0.58417219 0.72522181 0.00000000
vt 0.58818358 0.72970694 0.00000000
vt 0.76114547 0.71081805 0.00000000
vt 0.75953293 0.63092601 0.00000000
vt 0.76170629 0.63549095 0.00000000
vt 0.76977986 0.65567088 0.00000000
vt 0.70686668 0.58375621 0.00000000
vt 0.76058197 0.62411994 0.00000000
vt 0.75577486 0.61816812 0.00000000
vt 0.76164061 0.63043952 0.00000000
vt 0.74051934 0.86632019 0.00000000
vt 0.72879672 0.63688147 0.00000000
vt 0.70083261 0.86949784 0.00000000
vt 0.72465289 0.62852097 0.00000000
vt 0.72276807 0.62383020 0.00000000
vt 0.72668409 0.63264477 0.00000000
vt 0.77807677 0.71928710 0.00000000
vt 0.77779841 0.71453422 0.00000000
vt 0.76813257 0.66626662 0.00000000
vt 0.74230123 0.65425307 0.00000000
vt 0.77791786 0.73535997 0.00000000
vt 0.77606297 0.76143235 0.00000000
vt 0.77784979 0.75373036 0.00000000
vt 0.77757847 0.74487609 0.00000000
vt 0.77719653 0.73993820 0.00000000
vt 0.75196826 0.79462475 0.00000000
vt 0.75003338 0.79886103 0.00000000
vt 0.75496745 0.79096776 0.00000000
vt 0.75020146 0.81491923 0.00000000
vt 0.74919939 0.82302034 0.00000000
vt 0.74894333 0.83094513 0.00000000
vt 0.76837552 0.65492398 0.00000000
vt 0.77011037 0.64871538 0.00000000
vt 0.76343113 0.62580824 0.00000000
vt 0.76967162 0.64032096 0.00000000
vt 0.70686024 0.57860565 0.00000000
vt 0.75940120 0.61432886 0.00000000
vt 0.75112104 0.61128938 0.00000000
vt 0.74612147 0.61131638 0.00000000
vt 0.77476966 0.65137941 0.00000000
vt 0.70743722 0.57743073 0.00000000
vt 0.74334019 0.60647786 0.00000000
vt 0.57164955 0.52034444 0.00000000
vt 0.56567669 0.51325464 0.00000000
vt 0.76958191 0.78097361 0.00000000
vt 0.75785720 0.79096037 0.00000000
vt 0.75219345 0.85276043 0.00000000
vt 0.58931512 0.62095690 0.00000000
vt 0.58099282 0.59562910 0.00000000
vt 0.56346262 0.67679793 0.00000000
vt 0.53261834 0.67867965 0.00000000
vt 0.49834365 0.65259558 0.00000000
vt 0.44995618 0.64043748 0.00000000
vt 0.41149157 0.63275605 0.00000000
vt 0.37524742 0.62791646 0.00000000
vt 0.36819106 0.61357433 0.00000000
vt 0.36097872 0.59904879 0.00000000
vt 0.35547042 0.76683581 0.00000000
vt 0.36075348 0.75287586 0.00000000
vt 0.38455272 0.74365157 0.00000000
vt 0.41943091 0.73512876 0.00000000
vt 0.45599371 0.72394961 0.00000000
vt 0.50267106 0.70755500 0.00000000
vt 0.74166352 0.86741841 0.00000000
vt 0.56833756 0.80198818 0.00000000
vt 0.56130350 0.75465751 0.00000000
vt 0.59996927 0.81226116 0.00000000
vt 0.60735828 0.80379176 0.00000000
vt 0.56365359 0.75486910 0.00000000
vt 0.74255717 0.83132595 0.00000000
vt 0.74965590 0.82376528 0.00000000
vt 0.75628012 0.80997854 0.00000000
vt 0.75611514 0.81418353 0.00000000
vt 0.75769365 0.80594581 0.00000000
vt 0.75727546 0.80052716 0.00000000
vt 0.75792098 0.77761418 0.00000000
vt 0.57046825 0.71521389 0.00000000
vt 0.58458471 0.74659419 0.00000000
vt 0.57930040 0.74941695 0.00000000
vt 0.76845074 0.68789023 0.00000000
vt 0.76988894 0.66213137 0.00000000
vt 0.76246852 0.71136343 0.00000000
vt 0.76889598 0.64985454 0.00000000
vt 0.76722932 0.64458680 0.00000000
vt 0.76363558 0.63559425 0.00000000
vt 0.73294407 0.60082018 0.00000000
vt 0.76149219 0.62033474 0.00000000
vt 0.75400114 0.61401594 0.00000000
vt 0.76400131 0.63002175 0.00000000
vt 0.70728141 0.58243668 0.00000000
vt 0.73593187 0.64615864 0.00000000
vt 0.73259032 0.64230967 0.00000000
vt 0.73889804 0.65021151 0.00000000
vt 0.72456402 0.84968776 0.00000000
vt 0.72018051 0.59570312 0.00000000
vt 0.77750754 0.72406787 0.00000000
vt 0.77942145 0.70902699 0.00000000
vt 0.77959335 0.69395775 0.00000000
vt 0.78015006 0.71464437 0.00000000
vt 0.77961910 0.72473103 0.00000000
vt 0.76689994 0.77995330 0.00000000
vt 0.74947906 0.85144842 0.00000000
vt 0.72858173 0.59896439 0.00000000
vt 0.76898134 0.66572344 0.00000000
vt 0.75072718 0.85203528 0.00000000
vt 0.76815677 0.78042799 0.00000000
vt 0.75489438 0.79531521 0.00000000
vt 0.77360296 0.66395980 0.00000000
vt 0.78905499 0.69551498 0.00000000
vt 0.78644764 0.69462126 0.00000000
vt 0.78096056 0.76137763 0.00000000
vt 0.60618001 0.60702485 0.00000000
vt 0.60191053 0.59402692 0.00000000
vt 0.59280974 0.65054077 0.00000000
vt 0.59405750 0.65794754 0.00000000
vt 0.50225282 0.67993999 0.00000000
vt 0.45536214 0.66088891 0.00000000
vt 0.41765010 0.64927888 0.00000000
vt 0.38154805 0.64226264 0.00000000
vt 0.35705447 0.63446552 0.00000000
vt 0.35041648 0.62064850 0.00000000
vt 0.34364480 0.60624290 0.00000000
vt 0.23218578 0.32272041 0.00000000
vt 0.21268256 0.31827140 0.00000000
vt 0.21757047 0.30940914 0.00000000
vt 0.23198757 0.31260151 0.00000000
vt 0.36572784 0.73963147 0.00000000
vt 0.38886833 0.72943598 0.00000000
vt 0.42323476 0.71829349 0.00000000
vt 0.45858812 0.70311922 0.00000000
vt 0.70768857 0.58085114 0.00000000
vt 0.73481214 0.59954709 0.00000000
vt 0.58709234 0.81079584 0.00000000
vt 0.58599257 0.77723730 0.00000000
vt 0.76807553 0.62966514 0.00000000
vt 0.77417690 0.64724690 0.00000000
vt 0.76863378 0.64307612 0.00000000
vt 0.59293985 0.67898375 0.00000000
vt 0.59248853 0.70526767 0.00000000
vt 0.74711806 0.82778597 0.00000000
vt 0.75316250 0.82065684 0.00000000
vt 0.75818998 0.81076676 0.00000000
vt 0.76567686 0.63598025 0.00000000
vt 0.77176172 0.65570521 0.00000000
vt 0.77131623 0.66270339 0.00000000
vt 0.59378499 0.81268704 0.00000000
vt 0.73102772 0.63629949 0.00000000
vt 0.70186251 0.87179768 0.00000000
vt 0.72769487 0.62662184 0.00000000
vt 0.72937727 0.63147819 0.00000000
vt 0.72622681 0.62074137 0.00000000
vt 0.78051758 0.71965343 0.00000000
vt 0.76961040 0.66562110 0.00000000
vt 0.74689710 0.65163714 0.00000000
vt 0.77963305 0.74011940 0.00000000
vt 0.77995348 0.73501521 0.00000000
vt 0.78139663 0.72572404 0.00000000
vt 0.78519547 0.74110943 0.00000000
vt 0.77834558 0.76144856 0.00000000
vt 0.78002977 0.74720794 0.00000000
vt 0.77099937 0.65786147 0.00000000
vt 0.77205265 0.66460150 0.00000000
vt 0.78838980 0.72152823 0.00000000
vt 0.78723407 0.72099155 0.00000000
vt 0.74314737 0.63949060 0.00000000
vt 0.45830131 0.68193465 0.00000000
vt 0.42205811 0.66630459 0.00000000
vt 0.38669121 0.65671003 0.00000000
vt 0.36293781 0.64793581 0.00000000
vt 0.19801661 0.30466622 0.00000000
vt 0.19211845 0.28555033 0.00000000
vt 0.20223738 0.28535315 0.00000000
vt 0.20668097 0.29943550 0.00000000
vt 0.22218114 0.30087078 0.00000000
vt 0.23171130 0.30290172 0.00000000
vt 0.25130004 0.31682205 0.00000000
vt 0.24606907 0.30815780 0.00000000
vt 0.36967009 0.72666109 0.00000000
vt 0.39173788 0.71506375 0.00000000
vt 0.42494595 0.70105928 0.00000000
vt 0.56262159 0.75479382 0.00000000
vt 0.60380888 0.79091787 0.00000000
vt 0.77092451 0.64891392 0.00000000
vt 0.76645416 0.74968499 0.00000000
vt 0.76735741 0.78001767 0.00000000
vt 0.76492864 0.77911973 0.00000000
vt 0.73227978 0.85542893 0.00000000
vt 0.70341188 0.87693053 0.00000000
vt 0.70311421 0.87541473 0.00000000
vt 0.62675601 0.69305658 0.00000000
vt 0.74356443 0.83264512 0.00000000
vt 0.75147760 0.82459337 0.00000000
vt 0.75793958 0.81538212 0.00000000
vt 0.75548202 0.82129115 0.00000000
vt 0.75925678 0.80610603 0.00000000
vt 0.76000136 0.81148785 0.00000000
vt 0.75897151 0.80031884 0.00000000
vt 0.76015890 0.77805090 0.00000000
vt 0.76501870 0.75016594 0.00000000
vt 0.76380259 0.75054401 0.00000000
vt 0.77070302 0.68765283 0.00000000
vt 0.73812032 0.64409763 0.00000000
vt 0.74206388 0.64799315 0.00000000
vt 0.73389900 0.64050937 0.00000000
vt 0.72625941 0.85129970 0.00000000
vt 0.72130084 0.59466875 0.00000000
vt 0.78227293 0.71464843 0.00000000
vt 0.78139400 0.70858222 0.00000000
vt 0.78176391 0.69397587 0.00000000
vt 0.78298020 0.72009593 0.00000000
vt 0.78412640 0.72851866 0.00000000
vt 0.78384697 0.74107975 0.00000000
vt 0.78399575 0.69418865 0.00000000
vt 0.72410083 0.59144449 0.00000000
vt 0.73620415 0.62882972 0.00000000
vt 0.72852683 0.61428261 0.00000000
vt 0.75277448 0.65094954 0.00000000
vt 0.42453218 0.68364489 0.00000000
vt 0.39041162 0.67127413 0.00000000
vt 0.36769998 0.66123962 0.00000000
vt 0.19656917 0.26604649 0.00000000
vt 0.20543067 0.27093583 0.00000000
vt 0.21193719 0.28507766 0.00000000
vt 0.21494325 0.29434669 0.00000000
vt 0.22654465 0.29248086 0.00000000
vt 0.23129514 0.29345414 0.00000000
vt 0.24098000 0.29776096 0.00000000
vt 0.26490426 0.30215728 0.00000000
vt 0.25604212 0.29726902 0.00000000
vt 0.37229586 0.71372592 0.00000000
vt 0.39298725 0.70053500 0.00000000
vt 0.58747798 0.77566540 0.00000000
vt 0.60679138 0.79745728 0.00000000
vt 0.77481288 0.65770060 0.00000000
vt 0.76370323 0.82205808 0.00000000
vt 0.73000896 0.85414982 0.00000000
vt 0.72302115 0.59276295 0.00000000
vt 0.74832845 0.82882226 0.00000000
vt 0.75986439 0.81683940 0.00000000
vt 0.76247758 0.81170082 0.00000000
vt 0.76245493 0.77852648 0.00000000
vt 0.77326876 0.66659260 0.00000000
vt 0.73512053 0.63865924 0.00000000
vt 0.70241976 0.87314105 0.00000000
vt 0.72953248 0.62469888 0.00000000
vt 0.73177052 0.63035357 0.00000000
vt 0.73337352 0.63599384 0.00000000
vt 0.72742891 0.61789989 0.00000000
vt 0.77070522 0.66515726 0.00000000
vt 0.74960911 0.65118355 0.00000000
vt 0.78331625 0.73315495 0.00000000
vt 0.78426552 0.70519370 0.00000000
vt 0.73145771 0.62206745 0.00000000
vt 0.39254057 0.68590939 0.00000000
vt 0.37111753 0.67446464 0.00000000
vt 0.21017577 0.25138193 0.00000000
vt 0.21540500 0.26004717 0.00000000
vt 0.21396855 0.27554750 0.00000000
vt 0.22138488 0.28466201 0.00000000
vt 0.22291721 0.28926271 0.00000000
vt 0.23073602 0.28410310 0.00000000
vt 0.23589581 0.28978711 0.00000000
vt 0.24750385 0.29052341 0.00000000
vt 0.26935381 0.28265542 0.00000000
vt 0.25923482 0.28285268 0.00000000
vt 0.37344861 0.70072335 0.00000000
vt 0.70276839 0.87414998 0.00000000
vt 0.72209418 0.59385061 0.00000000
vt 0.72803664 0.85292584 0.00000000
vt 0.74302280 0.83650815 0.00000000
vt 0.75319880 0.82536173 0.00000000
vt 0.75792640 0.82163173 0.00000000
vt 0.76110822 0.80409712 0.00000000
vt 0.76107037 0.79646909 0.00000000
vt 0.74007022 0.64243174 0.00000000
vt 0.74438238 0.64697081 0.00000000
vt 0.78501546 0.71308297 0.00000000
vt 0.74724674 0.64583725 0.00000000
vt 0.37305570 0.68763101 0.00000000
vt 0.22929093 0.24548556 0.00000000
vt 0.22948706 0.25560454 0.00000000
vt 0.22049294 0.26831001 0.00000000
vt 0.22235826 0.27991155 0.00000000
vt 0.23911391 0.28615978 0.00000000
vt 0.24953493 0.28312832 0.00000000
vt 0.26345670 0.26354143 0.00000000
vt 0.25479183 0.26877141 0.00000000
vt 0.74883693 0.83126372 0.00000000
vt 0.75538158 0.82677901 0.00000000
vt 0.24879290 0.24993639 0.00000000
vt 0.24390352 0.25879791 0.00000000
vt 0.22976190 0.26530436 0.00000000
vt 0.22557648 0.27628425 0.00000000
vt 0.24008721 0.28354406 0.00000000
vt 0.24652913 0.27385974 0.00000000
vt 0.23929176 0.26733574 0.00000000
vt 0.23017719 0.27475199 0.00000000
vt 0.23855492 0.27894348 0.00000000
vt 0.23492762 0.27572536 0.00000000
vt 0.53918493 0.27506423 0.00000000
vt 0.57810730 0.23289704 0.00000000
vt 0.59453982 0.25790751 0.00000000
vt 0.59556228 0.28786820 0.00000000
vt 0.53898686 0.27495390 0.00000000
vt 0.59516007 0.29062366 0.00000000
vt 0.58091486 0.31758106 0.00000000
vt 0.61054575 0.19682217 0.00000000
vt 0.64220184 0.24323237 0.00000000
vt 0.58086514 0.31403118 0.00000000
vt 0.64395303 0.30005503 0.00000000
vt 0.59466517 0.25876379 0.00000000
vt 0.64393806 0.30482084 0.00000000
vt 0.61739504 0.35519511 0.00000000
vt 0.68256092 0.21994972 0.00000000
vt 0.63010287 0.15780872 0.00000000
vt 0.53917706 0.27511436 0.00000000
vt 0.57871085 0.23331428 0.00000000
vt 0.59359038 0.25942427 0.00000000
vt 0.61452806 0.34852487 0.00000000
vt 0.69069225 0.30316901 0.00000000
vt 0.57996440 0.23154747 0.00000000
vt 0.64106321 0.24547726 0.00000000
vt 0.65581834 0.38442922 0.00000000
vt 0.69003379 0.30759084 0.00000000
vt 0.59446454 0.28978556 0.00000000
vt 0.61210400 0.19597095 0.00000000
vt 0.63936329 0.24618244 0.00000000
vt 0.64892226 0.37522602 0.00000000
vt 0.53907162 0.27507967 0.00000000
vt 0.59470814 0.29180610 0.00000000
vt 0.57869750 0.31851631 0.00000000
vt 0.61589277 0.19111413 0.00000000
vt 0.68037534 0.22609383 0.00000000
vt 0.64303416 0.13413286 0.00000000
vt 0.72084951 0.22534257 0.00000000
vt 0.71745914 0.30942589 0.00000000
vt 0.58054030 0.31587070 0.00000000
vt 0.64240432 0.30235070 0.00000000
vt 0.67832512 0.22639316 0.00000000
vt 0.63678855 0.15558797 0.00000000
vt 0.66565681 0.40954757 0.00000000
vt 0.59631532 0.26078832 0.00000000
vt 0.64104730 0.30580413 0.00000000
vt 0.61273938 0.35663724 0.00000000
vt 0.64515823 0.14779848 0.00000000
vt 0.67799997 0.40521431 0.00000000
vt 0.72231865 0.33236998 0.00000000
vt 0.58200628 0.23409849 0.00000000
vt 0.61615562 0.35154027 0.00000000
vt 0.68750232 0.30312496 0.00000000
vt 0.71256834 0.20228499 0.00000000
vt 0.66693109 0.13286871 0.00000000
vt 0.64620906 0.24732411 0.00000000
vt 0.64828163 0.38531232 0.00000000
vt 0.68472284 0.30956620 0.00000000
vt 0.70857501 0.21395016 0.00000000
vt 0.72086746 0.13657641 0.00000000
vt 0.73666567 0.15013337 0.00000000
vt 0.79100513 0.29988289 0.00000000
vt 0.79563057 0.23348171 0.00000000
vt 0.74791843 0.38469756 0.00000000
vt 0.74132627 0.40595198 0.00000000
vt 0.61913663 0.19884360 0.00000000
vt 0.64979106 0.38258368 0.00000000
vt 0.72671831 0.32915169 0.00000000
vt 0.71359098 0.13170153 0.00000000
vt 0.75129163 0.19074923 0.00000000
vt 0.70258147 0.23187566 0.00000000
vt 0.68950319 0.11902171 0.00000000
vt 0.77040255 0.36864305 0.00000000
vt 0.74920976 0.42500234 0.00000000
vt 0.65919960 0.12496006 0.00000000
vt 0.79222095 0.30765903 0.00000000
vt 0.73408717 0.21512091 0.00000000
vt 0.82939959 0.26759088 0.00000000
vt 0.73323411 0.31866693 0.00000000
vt 0.64842123 0.16478556 0.00000000
vt 0.68201166 0.41614592 0.00000000
vt 0.75963765 0.28497666 0.00000000
vt 0.67751044 0.12267458 0.00000000
vt 0.67101079 0.43082857 0.00000000
vt 0.72498196 0.32384586 0.00000000
vt 0.75212443 0.26286292 0.00000000
vt 0.75547862 0.28250229 0.00000000
vt 0.73796213 0.32997841 0.00000000
vt 0.74046212 0.16770685 0.00000000
vt 0.73255354 0.14246964 0.00000000
vt 0.74864900 0.43287826 0.00000000
vt 0.69392359 0.42012310 0.00000000
vt 0.70536971 0.12896115 0.00000000
vt 0.80515498 0.29976833 0.00000000
vt 0.79653275 0.22655183 0.00000000
vt 0.82962358 0.25623667 0.00000000
vt 0.82794714 0.27651918 0.00000000
vt 0.74093473 0.41220832 0.00000000
vt 0.74733937 0.39436126 0.00000000
vt 0.74829727 0.37002289 0.00000000
vt 0.74926305 0.37827510 0.00000000
vt 0.67799312 0.12884116 0.00000000
vt 0.76304561 0.21421003 0.00000000
vt 0.75470507 0.30610794 0.00000000
vt 0.75515187 0.26206875 0.00000000
vt 0.75794297 0.27178806 0.00000000
vt 0.75938141 0.28209907 0.00000000
vt 0.74466276 0.24121523 0.00000000
vt 0.75087577 0.25190061 0.00000000
vt 0.75886708 0.19511467 0.00000000
vt 0.75724459 0.12837642 0.00000000
vt 0.77293164 0.14929444 0.00000000
vt 0.71221513 0.12337816 0.00000000
vt 0.67748356 0.41875303 0.00000000
vt 0.73737061 0.12713414 0.00000000
vt 0.76469076 0.17429769 0.00000000
vt 0.72715056 0.21401107 0.00000000
vt 0.78430045 0.39530879 0.00000000
vt 0.77186918 0.42507768 0.00000000
vt 0.77576876 0.36455786 0.00000000
vt 0.76085103 0.30439574 0.00000000
vt 0.74001831 0.15789735 0.00000000
vt 0.72886479 0.13924354 0.00000000
vt 0.73772812 0.14982349 0.00000000
vt 0.74795723 0.43762040 0.00000000
vt 0.67041606 0.11916000 0.00000000
vt 0.71436477 0.13133097 0.00000000
vt 0.79274094 0.31228340 0.00000000
vt 0.81560045 0.29295874 0.00000000
vt 0.80738658 0.23237973 0.00000000
vt 0.74415940 0.20693421 0.00000000
vt 0.82578778 0.24727547 0.00000000
vt 0.83856726 0.26222861 0.00000000
vt 0.83537281 0.28006959 0.00000000
vt 0.82315087 0.28532517 0.00000000
vt 0.74810272 0.40053564 0.00000000
vt 0.75062460 0.39300561 0.00000000
vt 0.74431765 0.32584512 0.00000000
vt 0.75322765 0.38040340 0.00000000
vt 0.75176978 0.38641220 0.00000000
vt 0.72745198 0.41738451 0.00000000
vt 0.76322091 0.37089175 0.00000000
vt 0.74050456 0.32765561 0.00000000
vt 0.75902879 0.29577094 0.00000000
vt 0.73115700 0.20710450 0.00000000
vt 0.75710672 0.25036979 0.00000000
vt 0.75966692 0.25966758 0.00000000
vt 0.76181996 0.26878661 0.00000000
vt 0.76315951 0.27817202 0.00000000
vt 0.77481723 0.16572410 0.00000000
vt 0.77443522 0.15005529 0.00000000
vt 0.68434930 0.11571586 0.00000000
vt 0.68536639 0.42458117 0.00000000
vt 0.73560983 0.39460337 0.00000000
vt 0.73029011 0.40487313 0.00000000
vt 0.70757848 0.41592592 0.00000000
vt 0.73857921 0.36975610 0.00000000
vt 0.73896933 0.11990082 0.00000000
vt 0.76150739 0.26526749 0.00000000
vt 0.76381361 0.27828103 0.00000000
vt 0.76992929 0.17934829 0.00000000
vt 0.75420523 0.24018425 0.00000000
vt 0.75275266 0.43190455 0.00000000
vt 0.77182901 0.42653179 0.00000000
vt 0.78356147 0.41474950 0.00000000
vt 0.78435791 0.41293120 0.00000000
vt 0.75062490 0.32820165 0.00000000
vt 0.74418008 0.16348982 0.00000000
vt 0.72119707 0.13533711 0.00000000
vt 0.73246711 0.13847780 0.00000000
vt 0.74043423 0.14805865 0.00000000
vt 0.70391512 0.43073487 0.00000000
vt 0.71049994 0.12570465 0.00000000
vt 0.71738523 0.12809759 0.00000000
vt 0.81868523 0.29745132 0.00000000
vt 0.81851006 0.23940235 0.00000000
vt 0.79660988 0.22241163 0.00000000
vt 0.83783698 0.25312006 0.00000000
vt 0.83775949 0.27124357 0.00000000
vt 0.83117145 0.28716779 0.00000000
vt 0.75021404 0.40151352 0.00000000
vt 0.75306499 0.37355238 0.00000000
vt 0.73987514 0.14734876 0.00000000
vt 0.75679761 0.16257274 0.00000000
vt 0.72811109 0.42477405 0.00000000
vt 0.75137341 0.32636380 0.00000000
vt 0.76133972 0.28628486 0.00000000
vt 0.76064420 0.30503863 0.00000000
vt 0.75411946 0.24060577 0.00000000
vt 0.76107883 0.19755536 0.00000000
vt 0.74418676 0.12232774 0.00000000
vt 0.77336049 0.14256960 0.00000000
vt 0.71077025 0.11738318 0.00000000
vt 0.74179137 0.41496432 0.00000000
vt 0.77039617 0.30265963 0.00000000
vt 0.78553480 0.27277231 0.00000000
vt 0.68318075 0.43368179 0.00000000
vt 0.73417526 0.33153355 0.00000000
vt 0.73936397 0.37942529 0.00000000
vt 0.73844653 0.38717157 0.00000000
vt 0.73530251 0.40260142 0.00000000
vt 0.71767956 0.41351235 0.00000000
vt 0.72482115 0.41012418 0.00000000
vt 0.77836692 0.15259147 0.00000000
vt 0.76847053 0.12833154 0.00000000
vt 0.69913280 0.11102891 0.00000000
vt 0.76353157 0.29532093 0.00000000
vt 0.76018393 0.25705266 0.00000000
vt 0.76560354 0.27071714 0.00000000
vt 0.76595116 0.27246219 0.00000000
vt 0.76407731 0.28670341 0.00000000
vt 0.77273095 0.18267030 0.00000000
vt 0.74065697 0.21520573 0.00000000
vt 0.75815654 0.24883527 0.00000000
vt 0.78025258 0.37392938 0.00000000
vt 0.78669035 0.40413308 0.00000000
vt 0.79046857 0.41274309 0.00000000
vt 0.78654158 0.42116284 0.00000000
vt 0.77894545 0.36180776 0.00000000
vt 0.76637900 0.30300599 0.00000000
vt 0.74291855 0.15501642 0.00000000
vt 0.72858351 0.13495278 0.00000000
vt 0.73633957 0.14190626 0.00000000
vt 0.74679518 0.44065881 0.00000000
vt 0.76368570 0.43507791 0.00000000
vt 0.67607772 0.11576641 0.00000000
vt 0.72306138 0.13156462 0.00000000
vt 0.79297489 0.31524730 0.00000000
vt 0.82572210 0.29293263 0.00000000
vt 0.83017677 0.23994505 0.00000000
vt 0.82348132 0.23537093 0.00000000
vt 0.75031418 0.20101845 0.00000000
vt 0.83484209 0.24578267 0.00000000
vt 0.84214675 0.26170003 0.00000000
vt 0.84150505 0.27225852 0.00000000
vt 0.83981931 0.28131026 0.00000000
vt 0.83573449 0.28821766 0.00000000
vt 0.75277978 0.39361334 0.00000000
vt 0.75062555 0.33089095 0.00000000
vt 0.75546670 0.38077462 0.00000000
vt 0.75408518 0.38697445 0.00000000
vt 0.72269422 0.13882315 0.00000000
vt 0.73209125 0.14212334 0.00000000
vt 0.75750208 0.42121589 0.00000000
vt 0.76542687 0.40888739 0.00000000
vt 0.72773463 0.42946303 0.00000000
vt 0.76918501 0.36769921 0.00000000
vt 0.76299548 0.29579633 0.00000000
vt 0.74365675 0.21173662 0.00000000
vt 0.76026666 0.24942464 0.00000000
vt 0.76245445 0.25847477 0.00000000
vt 0.76443779 0.26742452 0.00000000
vt 0.76570058 0.27874875 0.00000000
vt 0.76470315 0.28728634 0.00000000
vt 0.77576339 0.15757328 0.00000000
vt 0.77974504 0.16064066 0.00000000
vt 0.75192505 0.12339228 0.00000000
vt 0.76496065 0.13103735 0.00000000
vt 0.77969801 0.14828247 0.00000000
vt 0.68711972 0.11060220 0.00000000
vt 0.68927807 0.42829216 0.00000000
vt 0.77080506 0.31035697 0.00000000
vt 0.71359009 0.41893280 0.00000000
vt 0.74345082 0.37336624 0.00000000
vt 0.77142125 0.31577122 0.00000000
vt 0.74312443 0.38103586 0.00000000
vt 0.74177271 0.38757658 0.00000000
vt 0.73925823 0.39373654 0.00000000
vt 0.73631984 0.40061188 0.00000000
vt 0.73143369 0.40909362 0.00000000
vt 0.72680205 0.41365969 0.00000000
vt 0.72099060 0.41698194 0.00000000
vt 0.77642429 0.16616589 0.00000000
vt 0.77807510 0.13874453 0.00000000
vt 0.77828562 0.13923556 0.00000000
vt 0.75615120 0.12225795 0.00000000
vt 0.73987818 0.11522043 0.00000000
vt 0.76429021 0.26263356 0.00000000
vt 0.76708281 0.28042072 0.00000000
vt 0.76802599 0.26976693 0.00000000
vt 0.76858032 0.27286994 0.00000000
vt 0.76746857 0.28770304 0.00000000
vt 0.75981390 0.24083877 0.00000000
vt 0.76200497 0.24829483 0.00000000
vt 0.76375103 0.43016624 0.00000000
vt 0.77871048 0.42199790 0.00000000
vt 0.78464019 0.38516933 0.00000000
vt 0.78631222 0.39480734 0.00000000
vt 0.78233325 0.42739391 0.00000000
vt 0.79467762 0.41428947 0.00000000
vt 0.78976166 0.42440701 0.00000000
vt 0.75909972 0.32625121 0.00000000
vt 0.74632829 0.16304278 0.00000000
vt 0.73835051 0.14058727 0.00000000
vt 0.72974217 0.13246608 0.00000000
vt 0.74226731 0.14703441 0.00000000
vt 0.74490130 0.15427667 0.00000000
vt 0.70811737 0.43822026 0.00000000
vt 0.71827710 0.12577367 0.00000000
vt 0.71149063 0.12334585 0.00000000
vt 0.72398210 0.12907034 0.00000000
vt 0.82384670 0.29815030 0.00000000
vt 0.79607129 0.21926731 0.00000000
vt 0.84221780 0.25238013 0.00000000
vt 0.84455287 0.26239848 0.00000000
vt 0.83050060 0.29377520 0.00000000
vt 0.75230718 0.40407473 0.00000000
vt 0.75557560 0.37364513 0.00000000
vt 0.76611382 0.21403503 0.00000000
vt 0.75279528 0.15534472 0.00000000
vt 0.69313651 0.12520742 0.00000000
vt 0.73559886 0.13907051 0.00000000
vt 0.74107021 0.14305019 0.00000000
vt 0.76538599 0.42004871 0.00000000
vt 0.69084370 0.42608750 0.00000000
vt 0.77155280 0.40366048 0.00000000
vt 0.77870274 0.39187336 0.00000000
vt 0.77274555 0.36541170 0.00000000
vt 0.75908506 0.32464272 0.00000000
vt 0.76405299 0.30576557 0.00000000
vt 0.75823671 0.23994815 0.00000000
vt 0.76359946 0.20069164 0.00000000
vt 0.78045803 0.15429080 0.00000000
vt 0.75165707 0.11729842 0.00000000
vt 0.75757337 0.12679487 0.00000000
vt 0.75742942 0.11860460 0.00000000
vt 0.77520734 0.13561249 0.00000000
vt 0.77203095 0.13109797 0.00000000
vt 0.77839327 0.14204359 0.00000000
vt 0.70953715 0.11290169 0.00000000
vt 0.74315721 0.41877651 0.00000000
vt 0.77259928 0.30889559 0.00000000
vt 0.78845936 0.26590872 0.00000000
vt 0.69002730 0.43617970 0.00000000
vt 0.74028951 0.33734572 0.00000000
vt 0.77189738 0.31932271 0.00000000
vt 0.73873240 0.40120411 0.00000000
vt 0.73705405 0.40473348 0.00000000
vt 0.73275763 0.41127563 0.00000000
vt 0.77909076 0.15956247 0.00000000
vt 0.77417672 0.13217533 0.00000000
vt 0.78260469 0.14219797 0.00000000
vt 0.77903330 0.13336140 0.00000000
vt 0.77990496 0.14636523 0.00000000
vt 0.76362848 0.12408674 0.00000000
vt 0.70451355 0.10493809 0.00000000
vt 0.76725459 0.29495019 0.00000000
vt 0.76334536 0.25541866 0.00000000
vt 0.76961458 0.28097302 0.00000000
vt 0.77146292 0.26988840 0.00000000
vt 0.77177846 0.27195257 0.00000000
vt 0.77405810 0.18521291 0.00000000
vt 0.78164899 0.16415828 0.00000000
vt 0.74924052 0.21692538 0.00000000
vt 0.77106154 0.43364334 0.00000000
vt 0.77697563 0.43114161 0.00000000
vt 0.78837287 0.38148874 0.00000000
vt 0.79156220 0.38993639 0.00000000
vt 0.79283118 0.40497231 0.00000000
vt 0.78541124 0.43045259 0.00000000
vt 0.79710364 0.40657926 0.00000000
vt 0.79710352 0.41631079 0.00000000
vt 0.78074563 0.35926342 0.00000000
vt 0.76868927 0.30376649 0.00000000
vt 0.76697791 0.43743706 0.00000000
vt 0.74548852 0.44460177 0.00000000
vt 0.67847973 0.10844970 0.00000000
vt 0.71206409 0.11959410 0.00000000
vt 0.79365140 0.31854820 0.00000000
vt 0.83504808 0.23941249 0.00000000
vt 0.83950436 0.24505192 0.00000000
vt 0.82890201 0.23475260 0.00000000
vt 0.75510448 0.19595969 0.00000000
vt 0.84444070 0.27204144 0.00000000
vt 0.84384918 0.28132665 0.00000000
vt 0.84016836 0.28816897 0.00000000
vt 0.83526200 0.29372203 0.00000000
vt 0.75570649 0.39605248 0.00000000
vt 0.75626123 0.33566058 0.00000000
vt 0.75897026 0.37272584 0.00000000
vt 0.75879556 0.38146579 0.00000000
vt 0.75752544 0.38876486 0.00000000
vt 0.76257080 0.17662013 0.00000000
vt 0.74733204 0.15025640 0.00000000
vt 0.75624663 0.15491521 0.00000000
vt 0.75968438 0.16111439 0.00000000
vt 0.72884375 0.13591075 0.00000000
vt 0.74667460 0.14586806 0.00000000
vt 0.77157712 0.41778886 0.00000000
vt 0.76873493 0.42296517 0.00000000
vt 0.76225096 0.42410409 0.00000000
vt 0.72716552 0.43262184 0.00000000
vt 0.77666247 0.41490090 0.00000000
vt 0.78406757 0.39560300 0.00000000
vt 0.78090799 0.39926368 0.00000000
vt 0.76612502 0.29645675 0.00000000
vt 0.75136185 0.21564418 0.00000000
vt 0.76326627 0.24897259 0.00000000
vt 0.76545411 0.25797290 0.00000000
vt 0.76752388 0.26700968 0.00000000
vt 0.76893443 0.27911407 0.00000000
vt 0.76786864 0.28789574 0.00000000
vt 0.78284883 0.15997910 0.00000000
vt 0.76215273 0.12163103 0.00000000
vt 0.76712686 0.12552816 0.00000000
vt 0.77441227 0.12805450 0.00000000
vt 0.77865171 0.13417995 0.00000000
vt 0.78289676 0.14713895 0.00000000
vt 0.78166968 0.14085561 0.00000000
vt 0.78341228 0.15330178 0.00000000
vt 0.68575919 0.10344630 0.00000000
vt 0.69099832 0.43468624 0.00000000
vt 0.79140240 0.27072370 0.00000000
vt 0.79372579 0.29870099 0.00000000
vt 0.71492964 0.42188859 0.00000000
vt 0.74537712 0.38100314 0.00000000
vt 0.74580449 0.37327284 0.00000000
vt 0.77789003 0.31126922 0.00000000
vt 0.74402672 0.38776183 0.00000000
vt 0.74168783 0.39417928 0.00000000
vt 0.74143845 0.40352917 0.00000000
vt 0.74002177 0.40633094 0.00000000
vt 0.72785741 0.41597807 0.00000000
vt 0.73580772 0.41379559 0.00000000
vt 0.72191435 0.41946840 0.00000000
vt 0.77927411 0.15315032 0.00000000
vt 0.78343880 0.15888089 0.00000000
vt 0.76872361 0.12748665 0.00000000
vt 0.77547705 0.12790912 0.00000000
vt 0.78394997 0.14837009 0.00000000
vt 0.78122914 0.13121736 0.00000000
vt 0.78575146 0.14210385 0.00000000
vt 0.76214933 0.11896008 0.00000000
vt 0.76765943 0.12099797 0.00000000
vt 0.73978662 0.11176091 0.00000000
vt 0.76680982 0.26160842 0.00000000
vt 0.76992095 0.28841001 0.00000000
vt 0.77425909 0.26141196 0.00000000
vt 0.77342916 0.28058201 0.00000000
vt 0.76966631 0.29573077 0.00000000
vt 0.76422560 0.24710119 0.00000000
vt 0.76201987 0.23964673 0.00000000
vt 0.76568794 0.25428343 0.00000000
vt 0.79285824 0.39752340 0.00000000
vt 0.78002858 0.43382835 0.00000000
vt 0.79267466 0.42593300 0.00000000
vt 0.78847897 0.43242872 0.00000000
vt 0.76659477 0.32377726 0.00000000
vt 0.74969113 0.16279858 0.00000000
vt 0.73232919 0.12947327 0.00000000
vt 0.74089640 0.13757384 0.00000000
vt 0.74514723 0.14499241 0.00000000
vt 0.74789482 0.15331072 0.00000000
vt 0.70654094 0.44553649 0.00000000
vt 0.71980262 0.12196952 0.00000000
vt 0.72625095 0.12531865 0.00000000
vt 0.68391740 0.06837487 0.00000000
vt 0.82947004 0.29901159 0.00000000
vt 0.79591823 0.21517462 0.00000000
vt 0.84582329 0.25306559 0.00000000
vt 0.84634542 0.26323032 0.00000000
vt 0.75440013 0.40831947 0.00000000
vt 0.78236896 0.35354090 0.00000000
vt 0.76346415 0.38458824 0.00000000
vt 0.76200920 0.39255822 0.00000000
vt 0.79023916 0.26139057 0.00000000
vt 0.76193076 0.16804755 0.00000000
vt 0.77150184 0.21199584 0.00000000
vt 0.76189238 0.15998346 0.00000000
vt 0.70076877 0.12288445 0.00000000
vt 0.73639733 0.13652480 0.00000000
vt 0.74177939 0.14020658 0.00000000
vt 0.74754030 0.14316547 0.00000000
vt 0.76980531 0.42511737 0.00000000
vt 0.76334375 0.42648017 0.00000000
vt 0.69470561 0.43346941 0.00000000
vt 0.77977753 0.41096932 0.00000000
vt 0.78563392 0.40137345 0.00000000
vt 0.77486670 0.36327195 0.00000000
vt 0.78095233 0.40537447 0.00000000
vt 0.76654136 0.32210797 0.00000000
vt 0.77223641 0.29656655 0.00000000
vt 0.76115781 0.23966187 0.00000000
vt 0.77124369 0.26834977 0.00000000
vt 0.76718998 0.20167309 0.00000000
vt 0.75982660 0.11542296 0.00000000
vt 0.75403368 0.11358196 0.00000000
vt 0.76472694 0.11842799 0.00000000
vt 0.76956731 0.12237340 0.00000000
vt 0.78062820 0.13227624 0.00000000
vt 0.78664899 0.14524502 0.00000000
vt 0.70881718 0.10771489 0.00000000
vt 0.69742596 0.47179079 0.00000000
vt 0.79844683 0.28665936 0.00000000
vt 0.78815371 0.30394113 0.00000000
vt 0.78137141 0.30725133 0.00000000
vt 0.69399720 0.44270855 0.00000000
vt 0.77251071 0.32312644 0.00000000
vt 0.74716431 0.34367406 0.00000000
vt 0.74933165 0.37226850 0.00000000
vt 0.77998990 0.31402111 0.00000000
vt 0.74334460 0.40605253 0.00000000
vt 0.74261421 0.40720284 0.00000000
vt 0.73011106 0.41919559 0.00000000
vt 0.78433311 0.16503632 0.00000000
vt 0.77729774 0.12574005 0.00000000
vt 0.78669953 0.14877421 0.00000000
vt 0.78916323 0.14081967 0.00000000
vt 0.78368068 0.15380925 0.00000000
vt 0.77162063 0.12415564 0.00000000
vt 0.70567620 0.09816939 0.00000000
vt 0.77390969 0.28876364 0.00000000
vt 0.77078080 0.26127112 0.00000000
vt 0.77652979 0.27981180 0.00000000
vt 0.77565372 0.18828571 0.00000000
vt 0.75849414 0.21941745 0.00000000
vt 0.76611578 0.23702234 0.00000000
vt 0.77413535 0.43603635 0.00000000
vt 0.79549587 0.39187837 0.00000000
vt 0.79250634 0.38359839 0.00000000
vt 0.79703999 0.39928705 0.00000000
vt 0.78310955 0.43588030 0.00000000
vt 0.80038893 0.40878654 0.00000000
vt 0.80584848 0.41288507 0.00000000
vt 0.78310239 0.35583580 0.00000000
vt 0.77294815 0.30514115 0.00000000
vt 0.73498780 0.12751496 0.00000000
vt 0.74235094 0.13483608 0.00000000
vt 0.74521941 0.14488834 0.00000000
vt 0.74798727 0.15328974 0.00000000
vt 0.77008617 0.44018197 0.00000000
vt 0.73740661 0.46808243 0.00000000
vt 0.71988839 0.12185454 0.00000000
vt 0.72638804 0.12522018 0.00000000
vt 0.71280217 0.11964393 0.00000000
vt 0.69110358 0.48531270 0.00000000
vt 0.79766470 0.32946455 0.00000000
vt 0.84037197 0.23935807 0.00000000
vt 0.84399164 0.24556208 0.00000000
vt 0.83565927 0.23323017 0.00000000
vt 0.80000257 0.20353252 0.00000000
vt 0.75002998 0.16236609 0.00000000
vt 0.84626245 0.27160031 0.00000000
vt 0.84681976 0.28088009 0.00000000
vt 0.84549844 0.28846359 0.00000000
vt 0.84185290 0.29456377 0.00000000
vt 0.83690572 0.30280149 0.00000000
vt 0.75930876 0.40047395 0.00000000
vt 0.74561536 0.42317373 0.00000000
vt 0.76452410 0.37727088 0.00000000
vt 0.76542920 0.17601311 0.00000000
vt 0.75840551 0.15352052 0.00000000
vt 0.76432496 0.16720480 0.00000000
vt 0.72980565 0.13322902 0.00000000
vt 0.77400059 0.42101824 0.00000000
vt 0.77144039 0.42834437 0.00000000
vt 0.76422882 0.43003500 0.00000000
vt 0.77531660 0.42314422 0.00000000
vt 0.72687900 0.43678248 0.00000000
vt 0.78415430 0.41062599 0.00000000
vt 0.78797626 0.40056443 0.00000000
vt 0.78614062 0.39425987 0.00000000
vt 0.78553355 0.40616083 0.00000000
vt 0.77788275 0.30491346 0.00000000
vt 0.77763283 0.23891562 0.00000000
vt 0.77309823 0.24979895 0.00000000
vt 0.77115941 0.25926417 0.00000000
vt 0.77247840 0.27804959 0.00000000
vt 0.77155948 0.28732222 0.00000000
vt 0.76189882 0.21963775 0.00000000
vt 0.78832346 0.16014498 0.00000000
vt 0.78444558 0.13881844 0.00000000
vt 0.77783489 0.12585491 0.00000000
vt 0.78801101 0.15204901 0.00000000
vt 0.71287537 0.08310348 0.00000000
vt 0.67406684 0.06403142 0.00000000
vt 0.78479272 0.30997711 0.00000000
vt 0.79812318 0.28066349 0.00000000
vt 0.79589516 0.27542901 0.00000000
vt 0.79570514 0.26991010 0.00000000
vt 0.80050904 0.29167461 0.00000000
vt 0.79061133 0.30683225 0.00000000
vt 0.71650785 0.42640877 0.00000000
vt 0.74906522 0.38112748 0.00000000
vt 0.74757057 0.38879168 0.00000000
vt 0.75316375 0.37155432 0.00000000
vt 0.74499136 0.39605963 0.00000000
vt 0.74217457 0.41796744 0.00000000
vt 0.73895866 0.41589898 0.00000000
vt 0.72356361 0.42298704 0.00000000
vt 0.73302394 0.42231023 0.00000000
vt 0.78596210 0.15960753 0.00000000
vt 0.78494287 0.12969345 0.00000000
vt 0.77327573 0.12192869 0.00000000
vt 0.79051626 0.14816147 0.00000000
vt 0.78637338 0.15440184 0.00000000
vt 0.76912224 0.11872995 0.00000000
vt 0.76383817 0.11627483 0.00000000
vt 0.74007404 0.10712707 0.00000000
vt 0.77373302 0.29688436 0.00000000
vt 0.77758563 0.28850633 0.00000000
vt 0.76976991 0.25325245 0.00000000
vt 0.77981746 0.27879578 0.00000000
vt 0.77775300 0.26182449 0.00000000
vt 0.76838446 0.24531990 0.00000000
vt 0.77063322 0.23521167 0.00000000
vt 0.77720213 0.43831849 0.00000000
vt 0.79366159 0.43553782 0.00000000
vt 0.78920066 0.43942833 0.00000000
vt 0.79345214 0.34319758 0.00000000
vt 0.77722597 0.30636615 0.00000000
vt 0.74343711 0.13194060 0.00000000
vt 0.73753339 0.12591970 0.00000000
vt 0.74739528 0.14184189 0.00000000
vt 0.77940834 0.44919848 0.00000000
vt 0.71597809 0.11334968 0.00000000
vt 0.73850763 0.47110057 0.00000000
vt 0.78103507 0.17286706 0.00000000
vt 0.84864259 0.25415337 0.00000000
vt 0.85159779 0.26576769 0.00000000
vt 0.85141885 0.27020764 0.00000000
vt 0.75480324 0.41087550 0.00000000
vt 0.79989135 0.33070892 0.00000000
vt 0.78515512 0.35561860 0.00000000
vt 0.76658344 0.38766563 0.00000000
vt 0.76441115 0.39533436 0.00000000
vt 0.76087272 0.40328252 0.00000000
vt 0.79176921 0.25730896 0.00000000
vt 0.78015012 0.20768225 0.00000000
vt 0.76543981 0.15762657 0.00000000
vt 0.76858002 0.16564977 0.00000000
vt 0.70487612 0.11579430 0.00000000
vt 0.73029858 0.12883484 0.00000000
vt 0.73771268 0.13232201 0.00000000
vt 0.74391085 0.13614392 0.00000000
vt 0.75008231 0.14005828 0.00000000
vt 0.77836907 0.41851699 0.00000000
vt 0.76543772 0.43362045 0.00000000
vt 0.77814615 0.42636764 0.00000000
vt 0.78045261 0.42073405 0.00000000
vt 0.69343215 0.44112384 0.00000000
vt 0.78972614 0.40660816 0.00000000
vt 0.77807784 0.36052221 0.00000000
vt 0.80795974 0.31061858 0.00000000
vt 0.78212136 0.30307448 0.00000000
vt 0.77628875 0.27677387 0.00000000
vt 0.77427328 0.26803142 0.00000000
vt 0.79272664 0.20212752 0.00000000
vt 0.76289326 0.11059022 0.00000000
vt 0.76806825 0.11475992 0.00000000
vt 0.75655943 0.10685128 0.00000000
vt 0.77295429 0.11954629 0.00000000
vt 0.78513956 0.12676531 0.00000000
vt 0.79072154 0.13371581 0.00000000
vt 0.79432136 0.14080781 0.00000000
vt 0.79684901 0.14868039 0.00000000
vt 0.69857424 0.47621799 0.00000000
vt 0.67261881 0.05911201 0.00000000
vt 0.79961151 0.27409422 0.00000000
vt 0.80169338 0.27936673 0.00000000
vt 0.80191857 0.28519112 0.00000000
vt 0.79878169 0.29623526 0.00000000
vt 0.79512125 0.30215013 0.00000000
vt 0.71814042 0.43083167 0.00000000
vt 0.75294727 0.38177347 0.00000000
vt 0.75128752 0.39042753 0.00000000
vt 0.78397757 0.31835842 0.00000000
vt 0.78428680 0.34142864 0.00000000
vt 0.78858620 0.36705112 0.00000000
vt 0.78632385 0.31227398 0.00000000
vt 0.74812156 0.39843130 0.00000000
vt 0.75117105 0.40082800 0.00000000
vt 0.72586042 0.42689764 0.00000000
vt 0.78803051 0.16644621 0.00000000
vt 0.78082669 0.12344778 0.00000000
vt 0.79029560 0.15456498 0.00000000
vt 0.79643071 0.13695747 0.00000000
vt 0.79938769 0.14590412 0.00000000
vt 0.77619457 0.11897135 0.00000000
vt 0.73928154 0.08563709 0.00000000
vt 0.77772474 0.29725516 0.00000000
vt 0.77366841 0.25282764 0.00000000
vt 0.78125727 0.28741211 0.00000000
vt 0.78220832 0.27749163 0.00000000
vt 0.78044391 0.26266569 0.00000000
vt 0.78790867 0.20008969 0.00000000
vt 0.80532789 0.22663844 0.00000000
vt 0.77254605 0.24428749 0.00000000
vt 0.80055749 0.39416039 0.00000000
vt 0.80125380 0.40161037 0.00000000
vt 0.79885280 0.38568944 0.00000000
vt 0.78456700 0.44365811 0.00000000
vt 0.80810308 0.41506505 0.00000000
vt 0.81075978 0.31075257 0.00000000
vt 0.72919983 0.12196034 0.00000000
vt 0.74921972 0.13871777 0.00000000
vt 0.74048102 0.12448537 0.00000000
vt 0.74440157 0.12873966 0.00000000
vt 0.75079626 0.14955610 0.00000000
vt 0.75386870 0.15677786 0.00000000
vt 0.72291130 0.11761224 0.00000000
vt 0.68465680 0.06326789 0.00000000
vt 0.68903720 0.49002767 0.00000000
vt 0.84647954 0.23838079 0.00000000
vt 0.84926939 0.24619615 0.00000000
vt 0.84210384 0.23076332 0.00000000
vt 0.78374207 0.17031097 0.00000000
vt 0.85067987 0.28040183 0.00000000
vt 0.85305083 0.26761746 0.00000000
vt 0.84716570 0.28794605 0.00000000
vt 0.83861041 0.30329138 0.00000000
vt 0.74685597 0.42402732 0.00000000
vt 0.76850617 0.38050902 0.00000000
vt 0.77081221 0.17497623 0.00000000
vt 0.76117331 0.15050697 0.00000000
vt 0.73033065 0.12709528 0.00000000
vt 0.73829454 0.13040465 0.00000000
vt 0.74494749 0.13440245 0.00000000
vt 0.77316344 0.43122041 0.00000000
vt 0.72703046 0.45530474 0.00000000
vt 0.78902781 0.39439076 0.00000000
vt 0.79069030 0.40098435 0.00000000
vt 0.78802472 0.41307294 0.00000000
vt 0.79127669 0.35106587 0.00000000
vt 0.77835739 0.29508859 0.00000000
vt 0.80444574 0.22842723 0.00000000
vt 0.78007257 0.25065666 0.00000000
vt 0.77602220 0.25911260 0.00000000
vt 0.77517450 0.28628570 0.00000000
vt 0.79759216 0.15800613 0.00000000
vt 0.78415549 0.12300283 0.00000000
vt 0.76056451 0.09863263 0.00000000
vt 0.71358562 0.08052534 0.00000000
vt 0.80243593 0.27273202 0.00000000
vt 0.79861683 0.26796985 0.00000000
vt 0.80384380 0.29176307 0.00000000
vt 0.80143827 0.29806471 0.00000000
vt 0.80514055 0.28482074 0.00000000
vt 0.79733258 0.30416679 0.00000000
vt 0.79234070 0.30907226 0.00000000
vt 0.71565861 0.48112357 0.00000000
vt 0.79140979 0.32426971 0.00000000
vt 0.78719097 0.34258950 0.00000000
vt 0.75903469 0.37677115 0.00000000
vt 0.75665444 0.38406241 0.00000000
vt 0.74474746 0.41881031 0.00000000
vt 0.73618585 0.42479753 0.00000000
vt 0.72970968 0.43043125 0.00000000
vt 0.78990996 0.16047871 0.00000000
vt 0.79319155 0.12758851 0.00000000
vt 0.80004478 0.15390658 0.00000000
vt 0.77124846 0.11546892 0.00000000
vt 0.76557505 0.11276042 0.00000000
vt 0.70575905 0.05364412 0.00000000
vt 0.77025092 0.10559422 0.00000000
vt 0.78254426 0.29537797 0.00000000
vt 0.78453016 0.28583705 0.00000000
vt 0.77752936 0.25313127 0.00000000
vt 0.78473282 0.27572644 0.00000000
vt 0.78339529 0.26391977 0.00000000
vt 0.79666555 0.16850829 0.00000000
vt 0.77905762 0.23799545 0.00000000
vt 0.77749431 0.24492961 0.00000000
vt 0.80815876 0.40584683 0.00000000
vt 0.79615593 0.43678308 0.00000000
vt 0.79104340 0.44049239 0.00000000
vt 0.78564024 0.44426513 0.00000000
vt 0.81505334 0.30918330 0.00000000
vt 0.80801773 0.38948870 0.00000000
vt 0.78492367 0.30227047 0.00000000
vt 0.75099641 0.13562179 0.00000000
vt 0.73201162 0.11922526 0.00000000
vt 0.74413830 0.12301385 0.00000000
vt 0.74538469 0.12484503 0.00000000
vt 0.75319785 0.14594203 0.00000000
vt 0.78061402 0.45054317 0.00000000
vt 0.72566551 0.11377072 0.00000000
vt 0.71859527 0.10789168 0.00000000
vt 0.73985577 0.47416472 0.00000000
vt 0.80233908 0.33186120 0.00000000
vt 0.80226099 0.20207787 0.00000000
vt 0.85231769 0.25589740 0.00000000
vt 0.85274708 0.27942729 0.00000000
vt 0.84370399 0.29461634 0.00000000
vt 0.75486982 0.41391271 0.00000000
vt 0.78705078 0.35699683 0.00000000
vt 0.76933402 0.39024794 0.00000000
vt 0.76667047 0.39842296 0.00000000
vt 0.76216322 0.40660071 0.00000000
vt 0.79510075 0.25263149 0.00000000
vt 0.77293009 0.17467058 0.00000000
vt 0.75111324 0.13913023 0.00000000
vt 0.76191849 0.14926350 0.00000000
vt 0.76700121 0.15638119 0.00000000
vt 0.77056974 0.16485560 0.00000000
vt 0.71812171 0.07520598 0.00000000
vt 0.76644218 0.43711722 0.00000000
vt 0.78034902 0.42852724 0.00000000
vt 0.78390002 0.42329001 0.00000000
vt 0.68264538 0.48081362 0.00000000
vt 0.79163587 0.40714538 0.00000000
vt 0.79228961 0.39355212 0.00000000
vt 0.81221837 0.30908602 0.00000000
vt 0.79224002 0.29840618 0.00000000
vt 0.78740078 0.24344325 0.00000000
vt 0.77903533 0.27573997 0.00000000
vt 0.77711177 0.26872033 0.00000000
vt 0.79568100 0.20158619 0.00000000
vt 0.76817089 0.10385168 0.00000000
vt 0.77392006 0.10937715 0.00000000
vt 0.77915007 0.11536479 0.00000000
vt 0.78774399 0.12365741 0.00000000
vt 0.79352707 0.13148540 0.00000000
vt 0.79677755 0.13927978 0.00000000
vt 0.79901493 0.14778680 0.00000000
vt 0.79944938 0.15770036 0.00000000
vt 0.76160747 0.09648514 0.00000000
vt 0.69936484 0.47929317 0.00000000
vt 0.67155200 0.05564052 0.00000000
vt 0.80469114 0.27852851 0.00000000
vt 0.80740410 0.29308832 0.00000000
vt 0.80504221 0.29905683 0.00000000
vt 0.79595107 0.31170213 0.00000000
vt 0.72378141 0.43652809 0.00000000
vt 0.75437933 0.39244235 0.00000000
vt 0.78988045 0.31551051 0.00000000
vt 0.79262716 0.36956942 0.00000000
vt 0.79523355 0.32664990 0.00000000
vt 0.73946124 0.42673826 0.00000000
vt 0.75279433 0.40321589 0.00000000
vt 0.78888738 0.11909986 0.00000000
vt 0.79874671 0.16127074 0.00000000
vt 0.80051601 0.13467085 0.00000000
vt 0.80348742 0.14483756 0.00000000
vt 0.80388665 0.15338111 0.00000000
vt 0.78327310 0.11324036 0.00000000
vt 0.77703059 0.10907114 0.00000000
vt 0.70582902 0.04854870 0.00000000
vt 0.77284575 0.10202199 0.00000000
vt 0.78694999 0.29309410 0.00000000
vt 0.78824210 0.28372073 0.00000000
vt 0.78102005 0.25399035 0.00000000
vt 0.78639841 0.26548886 0.00000000
vt 0.78723514 0.27363664 0.00000000
vt 0.79117167 0.20029920 0.00000000
vt 0.80021131 0.16880542 0.00000000
vt 0.80996227 0.22776109 0.00000000
vt 0.80873680 0.39834392 0.00000000
vt 0.79844058 0.43724775 0.00000000
vt 0.80947578 0.41709208 0.00000000
vt 0.81011665 0.40720129 0.00000000
vt 0.79627287 0.34242254 0.00000000
vt 0.75520360 0.14318371 0.00000000
vt 0.75377256 0.13169122 0.00000000
vt 0.73475605 0.11668491 0.00000000
vt 0.75838286 0.12592220 0.00000000
vt 0.75706488 0.15216285 0.00000000
vt 0.68510771 0.05959368 0.00000000
vt 0.68749881 0.49332023 0.00000000
vt 0.84861636 0.23903656 0.00000000
vt 0.85079265 0.24735719 0.00000000
vt 0.84337068 0.22992718 0.00000000
vt 0.78561610 0.16861254 0.00000000
vt 0.84940767 0.28773975 0.00000000
vt 0.85623443 0.25971079 0.00000000
vt 0.85412645 0.25753039 0.00000000
vt 0.84078538 0.30477893 0.00000000
vt 0.80516636 0.33301669 0.00000000
vt 0.74785441 0.42435294 0.00000000
vt 0.77150601 0.38241947 0.00000000
vt 0.76313305 0.41013342 0.00000000
vt 0.81869084 0.23741192 0.00000000
vt 0.82420629 0.19202113 0.00000000
vt 0.75407940 0.13641167 0.00000000
vt 0.73505908 0.12030423 0.00000000
vt 0.74135667 0.12587178 0.00000000
vt 0.74774581 0.13092536 0.00000000
vt 0.77482074 0.43392408 0.00000000
vt 0.78656340 0.42483079 0.00000000
vt 0.79066551 0.41282475 0.00000000
vt 0.72753161 0.45855749 0.00000000
vt 0.79378331 0.40111184 0.00000000
vt 0.79450250 0.40808553 0.00000000
vt 0.79507005 0.39276463 0.00000000
vt 0.79426479 0.35099202 0.00000000
vt 0.78612673 0.29146117 0.00000000
vt 0.80889672 0.22944415 0.00000000
vt 0.78314888 0.25216824 0.00000000
vt 0.77898383 0.26010370 0.00000000
vt 0.78129554 0.28423196 0.00000000
vt 0.78698325 0.12210315 0.00000000
vt 0.76975095 0.10197806 0.00000000
vt 0.76250219 0.09384841 0.00000000
vt 0.71451616 0.07805902 0.00000000
vt 0.80760616 0.27142030 0.00000000
vt 0.80948335 0.27817190 0.00000000
vt 0.80465323 0.26552200 0.00000000
vt 0.81176466 0.29576653 0.00000000
vt 0.80995566 0.29956919 0.00000000
vt 0.80089277 0.30600238 0.00000000
vt 0.80944592 0.28541934 0.00000000
vt 0.71852666 0.48551154 0.00000000
vt 0.79669255 0.31986797 0.00000000
vt 0.79013652 0.34349036 0.00000000
vt 0.79783338 0.32834494 0.00000000
vt 0.76007766 0.38719273 0.00000000
vt 0.76391965 0.38134164 0.00000000
vt 0.75698811 0.39485943 0.00000000
vt 0.74282318 0.42845595 0.00000000
vt 0.74762315 0.41931307 0.00000000
vt 0.73361820 0.43358791 0.00000000
vt 0.72880584 0.44143391 0.00000000
vt 0.79748511 0.12672901 0.00000000
vt 0.80229533 0.16112310 0.00000000
vt 0.78640378 0.11100733 0.00000000
vt 0.74052000 0.08263069 0.00000000
vt 0.78005600 0.10625887 0.00000000
vt 0.79102838 0.29876244 0.00000000
vt 0.79191673 0.29044604 0.00000000
vt 0.79174125 0.28171128 0.00000000
vt 0.78512418 0.25533050 0.00000000
vt 0.79339302 0.25900739 0.00000000
vt 0.79563999 0.27846479 0.00000000
vt 0.78221703 0.24638486 0.00000000
vt 0.78565133 0.24049550 0.00000000
vt 0.79318655 0.44169712 0.00000000
vt 0.80124700 0.43747020 0.00000000
vt 0.81087339 0.41950393 0.00000000
vt 0.78726804 0.44558072 0.00000000
vt 0.81801045 0.30811715 0.00000000
vt 0.80965078 0.39027780 0.00000000
vt 0.80956662 0.39900202 0.00000000
vt 0.75865668 0.13948214 0.00000000
vt 0.73832256 0.11303699 0.00000000
vt 0.74433029 0.10786778 0.00000000
vt 0.75930935 0.14958465 0.00000000
vt 0.78177941 0.45246100 0.00000000
vt 0.72761470 0.11059827 0.00000000
vt 0.71972358 0.10402846 0.00000000
vt 0.74153757 0.47738838 0.00000000
vt 0.80471992 0.20066333 0.00000000
vt 0.85231471 0.28791493 0.00000000
vt 0.85471988 0.27776718 0.00000000
vt 0.84600174 0.29536831 0.00000000
vt 0.75460023 0.41729343 0.00000000
vt 0.78813434 0.35776508 0.00000000
vt 0.77048337 0.39027703 0.00000000
vt 0.76846367 0.40069532 0.00000000
vt 0.82916492 0.19011343 0.00000000
vt 0.81312925 0.26360238 0.00000000
vt 0.77939016 0.17005253 0.00000000
vt 0.76413506 0.14628309 0.00000000
vt 0.76996273 0.15353858 0.00000000
vt 0.77461678 0.16169173 0.00000000
vt 0.71995300 0.07025206 0.00000000
vt 0.76686585 0.43965590 0.00000000
vt 0.78281224 0.43088114 0.00000000
vt 0.68139952 0.48546743 0.00000000
vt 0.79291397 0.41437590 0.00000000
vt 0.79650545 0.40128213 0.00000000
vt 0.81512600 0.30800313 0.00000000
vt 0.81679535 0.30736929 0.00000000
vt 0.79041028 0.24532920 0.00000000
vt 0.79869688 0.20090383 0.00000000
vt 0.80154872 0.15771264 0.00000000
vt 0.77594638 0.10772341 0.00000000
vt 0.78162313 0.11391515 0.00000000
vt 0.79584032 0.12923980 0.00000000
vt 0.79934758 0.13763529 0.00000000
vt 0.80139971 0.14705175 0.00000000
vt 0.77150762 0.09977740 0.00000000
vt 0.69981647 0.48110080 0.00000000
vt 0.67088056 0.05358380 0.00000000
vt 0.81404132 0.30013180 0.00000000
vt 0.80692798 0.30817378 0.00000000
vt 0.80202240 0.31471229 0.00000000
vt 0.79539961 0.37122035 0.00000000
vt 0.80024844 0.32173830 0.00000000
vt 0.73668891 0.43624640 0.00000000
vt 0.75427371 0.40601403 0.00000000
vt 0.79245937 0.11729592 0.00000000
vt 0.80497313 0.16098559 0.00000000
vt 0.80638838 0.14350373 0.00000000
vt 0.80253685 0.13250285 0.00000000
vt 0.80680978 0.15268373 0.00000000
vt 0.70580935 0.04497904 0.00000000
vt 0.78222239 0.10426813 0.00000000
vt 0.77423787 0.09950525 0.00000000
vt 0.79774702 0.29544300 0.00000000
vt 0.79570103 0.28887147 0.00000000
vt 0.78886938 0.25665915 0.00000000
vt 0.17044711 0.08864935 0.00000000
vt 0.20998377 0.12707728 0.00000000
vt 0.14082760 0.14742857 0.00000000
vt 0.15127030 0.09429684 0.00000000
vt 0.79452074 0.20020932 0.00000000
vt 0.80256569 0.16918677 0.00000000
vt 0.81310141 0.22854429 0.00000000
vt 0.79583585 0.44315314 0.00000000
vt 0.81243706 0.40874004 0.00000000
vt 0.82326186 0.41399419 0.00000000
vt 0.79912603 0.34192210 0.00000000
vt 0.81176341 0.39996558 0.00000000
vt 0.76382673 0.14577317 0.00000000
vt 0.76175708 0.13652271 0.00000000
vt 0.04930256 0.42088249 0.00000000
vt 0.04496730 0.41122532 0.00000000
vt 0.09079356 0.35771739 0.00000000
vt 0.12498992 0.42304799 0.00000000
vt 0.78917944 0.44740856 0.00000000
vt 0.68533015 0.05738175 0.00000000
vt 0.68652737 0.49525166 0.00000000
vt 0.85058022 0.23931128 0.00000000
vt 0.85281885 0.24840498 0.00000000
vt 0.84501910 0.22938859 0.00000000
vt 0.78671044 0.16766429 0.00000000
vt 0.85580075 0.28866190 0.00000000
vt 0.85743332 0.27561522 0.00000000
vt 0.85568643 0.24925017 0.00000000
vt 0.84808028 0.29672241 0.00000000
vt 0.84234560 0.30663776 0.00000000
vt 0.75476021 0.43198514 0.00000000
vt 0.78890812 0.35832965 0.00000000
vt 0.77836788 0.39318681 0.00000000
vt 0.77451241 0.40902305 0.00000000
vt 0.82198507 0.23673952 0.00000000
vt 0.81964117 0.26321137 0.00000000
vt 0.75674134 0.13479137 0.00000000
vt 0.74475127 0.12192643 0.00000000
vt 0.73910636 0.11454505 0.00000000
vt 0.75070268 0.12814915 0.00000000
vt 0.77594137 0.43599212 0.00000000
vt 0.79015523 0.42700088 0.00000000
vt 0.72837895 0.46183956 0.00000000
vt 0.79746830 0.40909904 0.00000000
vt 0.79672271 0.41660070 0.00000000
vt 0.79863602 0.40143269 0.00000000
vt 0.79736829 0.39200425 0.00000000
vt 0.79734361 0.35121417 0.00000000
vt 0.81191337 0.23009580 0.00000000
vt 0.81363714 0.23046255 0.00000000
vt 0.77834117 0.10598516 0.00000000
vt 0.78433633 0.11265826 0.00000000
vt 0.80429447 0.14647490 0.00000000
vt 0.70013130 0.48247498 0.00000000
vt 0.77322388 0.09738189 0.00000000
vt 0.76295674 0.09115577 0.00000000
vt 0.71581030 0.07549465 0.00000000
vt 0.81533343 0.27110481 0.00000000
vt 0.81659371 0.27896297 0.00000000
vt 0.81544524 0.28730929 0.00000000
vt 0.81054956 0.30945629 0.00000000
vt 0.81503850 0.29824078 0.00000000
vt 0.80555207 0.31636268 0.00000000
vt 0.72047406 0.48861146 0.00000000
vt 0.79333407 0.34416103 0.00000000
vt 0.80026823 0.32982153 0.00000000
vt 0.80295402 0.32313561 0.00000000
vt 0.76294988 0.38984406 0.00000000
vt 0.75944740 0.39747596 0.00000000
vt 0.76731497 0.38406086 0.00000000
vt 0.74702007 0.43099463 0.00000000
vt 0.74027652 0.44075525 0.00000000
vt 0.75579411 0.40936422 0.00000000
vt 0.75096339 0.41955352 0.00000000
vt 0.73174673 0.44505197 0.00000000
vt 0.80059946 0.12701422 0.00000000
vt 0.79556930 0.11636990 0.00000000
vt 0.78919494 0.10938621 0.00000000
vt 0.74211454 0.07978624 0.00000000
vt 0.80187392 0.29460520 0.00000000
vt 0.80029070 0.28669256 0.00000000
vt 0.78786480 0.24827451 0.00000000
vt 0.79188025 0.24942929 0.00000000
vt 0.81945837 0.23035580 0.00000000
vt 0.80211270 0.24384612 0.00000000
vt 0.21307784 0.16677345 0.00000000
vt 0.15973435 0.18248451 0.00000000
vt 0.82416701 0.30572546 0.00000000
vt 0.82246125 0.30647969 0.00000000
vt 0.79325664 0.24301070 0.00000000
vt 0.79878008 0.44496918 0.00000000
vt 0.81523156 0.41051590 0.00000000
vt 0.80649769 0.44948721 0.00000000
vt 0.81971860 0.30750793 0.00000000
vt 0.81439972 0.40080214 0.00000000
vt 0.81185949 0.39056355 0.00000000
vt 0.76702964 0.14441413 0.00000000
vt 0.72988039 0.10531104 0.00000000
vt 0.68540823 0.05049706 0.00000000
vt 0.71933722 0.09020525 0.00000000
vt 0.12636366 0.34714225 0.00000000
vt 0.15367362 0.39464003 0.00000000
vt 0.12283266 0.42461678 0.00000000
vt 0.78215861 0.45440841 0.00000000
vt 0.72035652 0.09622931 0.00000000
vt 0.74361348 0.48086536 0.00000000
vt 0.80751789 0.19923514 0.00000000
vt 0.85862052 0.26245213 0.00000000
vt 0.80848843 0.33426011 0.00000000
vt 0.77936524 0.38401496 0.00000000
vt 0.83263284 0.18881136 0.00000000
vt 0.78468305 0.16626555 0.00000000
vt 0.82074839 0.27185965 0.00000000
vt 0.77241439 0.15068889 0.00000000
vt 0.76550847 0.14363736 0.00000000
vt 0.77818769 0.15862393 0.00000000
vt 0.72117621 0.06672955 0.00000000
vt 0.76719856 0.44211984 0.00000000
vt 0.78488535 0.43263543 0.00000000
vt 0.68044358 0.48869765 0.00000000
vt 0.79988873 0.41024500 0.00000000
vt 0.82135022 0.30523628 0.00000000
vt 0.80190402 0.20003611 0.00000000
vt 0.80393881 0.15814614 0.00000000
vt 0.78111196 0.10425574 0.00000000
vt 0.80206251 0.13580936 0.00000000
vt 0.79739332 0.12669992 0.00000000
vt 0.78722465 0.11223966 0.00000000
vt 0.67030495 0.05202508 0.00000000
vt 0.77507758 0.09443885 0.00000000
vt 0.76313990 0.08788192 0.00000000
vt 0.82104093 0.28010058 0.00000000
vt 0.81352228 0.30996978 0.00000000
vt 0.79698461 0.37213856 0.00000000
vt 0.73513335 0.45186973 0.00000000
vt 0.76624125 0.40451956 0.00000000
vt 0.80776846 0.16068602 0.00000000
vt 0.80505645 0.16948736 0.00000000
vt 0.80924034 0.14165694 0.00000000
vt 0.81004989 0.15162909 0.00000000
vt 0.70574331 0.04287046 0.00000000
vt 0.78458643 0.10233670 0.00000000
vt 0.79241168 0.10787487 0.00000000
vt 0.77563608 0.09690744 0.00000000
vt 0.80651426 0.29392761 0.00000000
vt 0.79681683 0.25108874 0.00000000
vt 0.81771290 0.22981763 0.00000000
vt 0.28150511 0.13662595 0.00000000
vt 0.26815629 0.17413504 0.00000000
vt 0.21663930 0.21359210 0.00000000
vt 0.17711613 0.22399594 0.00000000
vt 0.08557262 0.19388448 0.00000000
vt 0.11705249 0.21798043 0.00000000
vt 0.81004822 0.34316850 0.00000000
vt 0.79809523 0.19972867 0.00000000
vt 0.81488490 0.22900844 0.00000000
vt 0.79044795 0.44937277 0.00000000
vt 0.06303863 0.13719101 0.00000000
vt 0.02953555 0.09198962 0.00000000
vt 0.04295735 0.07633862 0.00000000
vt 0.09980216 0.10739598 0.00000000
vt 0.80229390 0.34179235 0.00000000
vt 0.78751868 0.16700506 0.00000000
vt 0.73078763 0.10027546 0.00000000
vt 0.68541622 0.05329382 0.00000000
vt 0.16762374 0.33087704 0.00000000
vt 0.18558358 0.36049724 0.00000000
vt 0.18991187 0.46155107 0.00000000
vt 0.20111214 0.42220220 0.00000000
vt 0.09415915 0.49469978 0.00000000
vt 0.78850877 0.16624868 0.00000000
vt 0.68540829 0.05561352 0.00000000
vt 0.68571889 0.49669909 0.00000000
vt 0.85328114 0.23891521 0.00000000
vt 0.84698093 0.22771788 0.00000000
vt 0.11224883 0.55333507 0.00000000
vt 0.09481570 0.56800997 0.00000000
vt 0.08573660 0.56691754 0.00000000
vt 0.84294522 0.31241965 0.00000000
vt 0.07557438 0.56062317 0.00000000
vt 0.07836724 0.53119099 0.00000000
vt 0.85887671 0.25039405 0.00000000
vt 0.70034367 0.48431230 0.00000000
vt 0.81238043 0.33556324 0.00000000
vt 0.78980577 0.35900104 0.00000000
vt 0.22945429 0.53536344 0.00000000
vt 0.22047073 0.52758116 0.00000000
vt 0.21337512 0.51602906 0.00000000
vt 0.26350302 0.45963341 0.00000000
vt 0.24614011 0.53616267 0.00000000
vt 0.82277995 0.26269025 0.00000000
vt 0.82528299 0.23663473 0.00000000
vt 0.82393748 0.27222979 0.00000000
vt 0.75995809 0.13334709 0.00000000
vt 0.74830931 0.11755240 0.00000000
vt 0.75426155 0.12527120 0.00000000
vt 0.74244529 0.10796022 0.00000000
vt 0.77696872 0.43799758 0.00000000
vt 0.79332876 0.42849600 0.00000000
vt 0.72969264 0.46525252 0.00000000
vt 0.79904020 0.41872501 0.00000000
vt 0.80059791 0.40151542 0.00000000
vt 0.80229563 0.41153437 0.00000000
vt 0.79957438 0.39130002 0.00000000
vt 0.80069911 0.35182160 0.00000000
vt 0.33502173 0.43605891 0.00000000
vt 0.33326232 0.43413204 0.00000000
vt 0.37825859 0.37557393 0.00000000
vt 0.40814745 0.43298870 0.00000000
vt 0.33768934 0.43873623 0.00000000
vt 0.81954718 0.30611831 0.00000000
vt 0.81802613 0.30683136 0.00000000
vt 0.78469276 0.10240698 0.00000000
vt 0.79070592 0.11214423 0.00000000
vt 0.79901767 0.12365782 0.00000000
vt 0.80733311 0.14640635 0.00000000
vt 0.80593729 0.15914619 0.00000000
vt 0.71758014 0.07267874 0.00000000
vt 0.77414376 0.08770835 0.00000000
vt 0.75778830 0.08207428 0.00000000
vt 0.81913263 0.28890264 0.00000000
vt 0.80863601 0.31752670 0.00000000
vt 0.82175428 0.29054141 0.00000000
vt 0.72157747 0.49045038 0.00000000
vt 0.79688460 0.34460866 0.00000000
vt 0.80271345 0.33511686 0.00000000
vt 0.80570084 0.32441771 0.00000000
vt 0.76739162 0.39320743 0.00000000
vt 0.76289302 0.40077424 0.00000000
vt 0.77329177 0.38762945 0.00000000
vt 0.75170428 0.43277586 0.00000000
vt 0.74340612 0.44539332 0.00000000
vt 0.73654181 0.45808482 0.00000000
vt 0.79922318 0.11551619 0.00000000
vt 0.74423003 0.07701302 0.00000000
vt 0.79562151 0.10676497 0.00000000
vt 0.78642106 0.10057569 0.00000000
vt 0.82096446 0.30705225 0.00000000
vt 0.79739344 0.24354738 0.00000000
vt 0.81070697 0.19541293 0.00000000
vt 0.81617367 0.22936600 0.00000000
vt 0.27385813 0.08109975 0.00000000
vt 0.22668307 0.07457033 0.00000000
vt 0.34289247 0.17453666 0.00000000
vt 0.31540918 0.20332706 0.00000000
vt 0.15325120 0.24735822 0.00000000
vt 0.10265061 0.10407631 0.00000000
vt 0.80588269 0.34221488 0.00000000
vt 0.79093659 0.45539117 0.00000000
vt 0.81754601 0.40037704 0.00000000
vt 0.74912632 0.48833704 0.00000000
vt 0.74615610 0.48455417 0.00000000
vt 0.68320799 0.50063527 0.00000000
vt 0.68461919 0.49849820 0.00000000
vt 0.21443164 0.37710142 0.00000000
vt 0.09800252 0.49661264 0.00000000
vt 0.13820396 0.52192485 0.00000000
vt 0.25697643 0.42247951 0.00000000
vt 0.09064748 0.49322432 0.00000000
vt 0.84796059 0.22574735 0.00000000
vt 0.81075829 0.19772440 0.00000000
vt 0.07077723 0.55310774 0.00000000
vt 0.70057809 0.48652464 0.00000000
vt 0.66949439 0.05007166 0.00000000
vt 0.18943468 0.46421728 0.00000000
vt 0.83467370 0.18806958 0.00000000
vt 0.79167563 0.16215873 0.00000000
vt 0.82437557 0.28118169 0.00000000
vt 0.77533954 0.14720595 0.00000000
vt 0.78282195 0.15502977 0.00000000
vt 0.76678473 0.14052087 0.00000000
vt 0.72183424 0.06460965 0.00000000
vt 0.76410139 0.44819117 0.00000000
vt 0.78704643 0.43430197 0.00000000
vt 0.67980653 0.49058402 0.00000000
vt 0.80159795 0.42149961 0.00000000
vt 0.80551344 0.41226685 0.00000000
vt 0.80879205 0.35426986 0.00000000
vt 0.80451202 0.35280710 0.00000000
vt 0.80539638 0.19895953 0.00000000
vt 0.79156685 0.09984189 0.00000000
vt 0.80508214 0.13373750 0.00000000
vt 0.81007606 0.12964010 0.00000000
vt 0.32497537 0.55054706 0.00000000
vt 0.31517088 0.54499197 0.00000000
vt 0.30693889 0.53562295 0.00000000
vt 0.81211179 0.31862903 0.00000000
vt 0.81645256 0.30982220 0.00000000
vt 0.82364637 0.29280233 0.00000000
vt 0.79814690 0.37278831 0.00000000
vt 0.72233123 0.49190950 0.00000000
vt 0.34975863 0.10999772 0.00000000
vt 0.33280569 0.09953165 0.00000000
vt 0.81026709 0.16052455 0.00000000
vt 0.80689359 0.17005479 0.00000000
vt 0.81341684 0.15036851 0.00000000
vt 0.80243266 0.11653197 0.00000000
vt 0.81064928 0.13898796 0.00000000
vt 0.70561957 0.04126543 0.00000000
vt 0.80321956 0.10350329 0.00000000
vt 0.78657770 0.09579784 0.00000000
vt 0.77610528 0.09478784 0.00000000
vt 0.80623484 0.19753987 0.00000000
vt 0.70496964 0.03681749 0.00000000
vt 0.75446808 0.06839043 0.00000000
vt 0.75036657 0.07134974 0.00000000
vt 0.26756251 0.03810548 0.00000000
vt 0.24428193 0.03492957 0.00000000
vt 0.38344479 0.23423006 0.00000000
vt 0.34663475 0.24926502 0.00000000
vt 0.28256088 0.23755807 0.00000000
vt 0.25225836 0.21828127 0.00000000
vt 0.80198550 0.19880819 0.00000000
vt 0.24857746 0.37762842 0.00000000
vt 0.30845898 0.40158799 0.00000000
vt 0.07122307 0.53517908 0.00000000
vt 0.85587811 0.23779935 0.00000000
vt 0.06933141 0.54463309 0.00000000
vt 0.14158449 0.52457345 0.00000000
vt 0.66841197 0.04774159 0.00000000
vt 0.71989888 0.06951773 0.00000000
vt 0.82705754 0.27274013 0.00000000
vt 0.82573503 0.26219571 0.00000000
vt 0.82871658 0.23718518 0.00000000
vt 0.82793981 0.28267276 0.00000000
vt 0.76798695 0.13714665 0.00000000
vt 0.75036663 0.11347353 0.00000000
vt 0.75762647 0.12245405 0.00000000
vt 0.76366526 0.13233757 0.00000000
vt 0.74301511 0.10253608 0.00000000
vt 0.77640009 0.44200003 0.00000000
vt 0.79699957 0.42955387 0.00000000
vt 0.73150784 0.46897233 0.00000000
vt 0.80303741 0.39830238 0.00000000
vt 0.80255151 0.38474995 0.00000000
vt 0.80633527 0.43191433 0.00000000
vt 0.33649987 0.43757156 0.00000000
vt 0.81296146 0.35657918 0.00000000
vt 0.34441268 0.48787794 0.00000000
vt 0.81243658 0.14940923 0.00000000
vt 0.80890280 0.16555935 0.00000000
vt 0.29108274 0.50313574 0.00000000
vt 0.82606071 0.29886729 0.00000000
vt 0.82061774 0.32165766 0.00000000
vt 0.80110055 0.34454381 0.00000000
vt 0.80914277 0.32765329 0.00000000
vt 0.77155513 0.39602911 0.00000000
vt 0.77777845 0.38903314 0.00000000
vt 0.72317535 0.49383450 0.00000000
vt 0.80110580 0.37439775 0.00000000
vt 0.72416645 0.49616718 0.00000000
vt 0.82112682 0.14857340 0.00000000
vt 0.74697971 0.07424325 0.00000000
vt 0.77239609 0.08705026 0.00000000
vt 0.70537186 0.03924173 0.00000000
vt 0.41720444 0.18842459 0.00000000
vt 0.39042234 0.14903994 0.00000000
vt 0.39596456 0.30532607 0.00000000
vt 0.35634714 0.30398685 0.00000000
vt 0.30317426 0.26687297 0.00000000
vt 0.27989191 0.36395726 0.00000000
vt 0.33645028 0.48946089 0.00000000
vt 0.34285963 0.35802606 0.00000000
vt 0.28711879 0.50460559 0.00000000
vt 0.83620489 0.18751442 0.00000000
vt 0.79619294 0.16124052 0.00000000
vt 0.77813202 0.14413148 0.00000000
vt 0.78647751 0.15309036 0.00000000
vt 0.72227353 0.06295550 0.00000000
vt 0.78979599 0.43704808 0.00000000
vt 0.67923957 0.49198771 0.00000000
vt 0.34064394 0.48851085 0.00000000
vt 0.45178419 0.33282641 0.00000000
vt 0.44129509 0.37935388 0.00000000
vt 0.34469157 0.54518747 0.00000000
vt 0.81857389 0.32115275 0.00000000
vt 0.82231170 0.30703223 0.00000000
vt 0.79954427 0.37354648 0.00000000
vt 0.81445396 0.16238922 0.00000000
vt 0.81036770 0.17484224 0.00000000
vt 0.84034133 0.18596804 0.00000000
vt 0.84033585 0.24371552 0.00000000
vt 0.83632046 0.24048257 0.00000000
vt 0.80592686 0.34415114 0.00000000
vt 0.43798703 0.15727402 0.00000000
vt 0.42426586 0.13710025 0.00000000
vt 0.44635552 0.25640503 0.00000000
vt 0.44822109 0.27037576 0.00000000
vt 0.30961066 0.30216399 0.00000000
vt 0.30127019 0.33672369 0.00000000
vt 0.83137375 0.27154350 0.00000000
vt 0.83427554 0.28618759 0.00000000
vt 0.83094662 0.25755823 0.00000000
vt 0.83236754 0.23844141 0.00000000
vt 0.78262204 0.13841051 0.00000000
vt 0.75239509 0.10813999 0.00000000
vt 0.76446837 0.11806226 0.00000000
vt 0.74310023 0.09579694 0.00000000
vt 0.73413515 0.47208774 0.00000000
vt 0.73741829 0.47541463 0.00000000
vt 0.67731708 0.49581683 0.00000000
vt 0.67842144 0.49373734 0.00000000
vt 0.50242925 0.37322032 0.00000000
vt 0.35248441 0.52323639 0.00000000
vt 0.35029244 0.53539133 0.00000000
vt 0.83811259 0.18681675 0.00000000
vt 0.83565909 0.28762412 0.00000000
vt 0.80151957 0.16059351 0.00000000
vt 0.79103392 0.15073311 0.00000000
vt 0.72273642 0.06078273 0.00000000
vt 0.72326106 0.05814958 0.00000000
# 2875 texture coords

o increasing_spout
g increasing_spout
usemtl Material__2
s off
f 1/1/1 2/2/2 3/3/3 
f 3/3/3 4/4/4 1/1/1 
f 3/5/3 2/6/2 5/7/5 
f 5/7/5 6/8/6 3/5/3 
f 4/4/4 3/3/3 7/9/7 
f 1/1/1 4/4/4 8/10/8 
f 8/10/8 9/11/9 1/1/1 
f 6/8/6 5/7/5 10/12/10 
f 10/12/10 11/13/11 6/8/6 
f 3/5/3 6/8/6 12/14/12 
f 4/4/4 7/9/7 13/15/13 
f 3/3/3 14/16/14 7/9/7 
f 15/17/15 8/10/8 4/4/4 
f 4/4/4 16/18/16 15/17/15 
f 3/5/3 12/14/12 17/19/17 
f 12/14/12 6/8/6 18/20/18 
f 4/4/4 13/15/13 19/21/19 
f 20/22/20 13/15/21 7/9/22 
f 3/5/3 21/23/23 14/24/14 
f 14/16/14 22/25/24 7/9/7 
f 9/11/9 8/10/8 23/26/25 
f 23/26/25 24/27/26 9/11/9 
f 8/10/8 15/17/15 25/28/27 
f 16/18/16 4/4/4 26/29/28 
f 16/18/16 27/30/29 15/17/15 
f 11/13/11 10/12/10 28/31/30 
f 28/31/30 29/32/31 11/13/11 
f 6/8/6 11/13/11 30/33/32 
f 3/5/3 17/19/17 21/23/23 
f 31/34/33 32/35/34 17/19/17 
f 17/19/17 12/14/12 31/34/33 
f 12/14/12 18/20/18 33/36/35 
f 6/8/6 34/37/36 18/20/18 
f 4/4/4 19/21/19 26/29/28 
f 13/15/13 35/38/37 19/21/19 
f 7/9/22 36/39/38 20/22/20 
f 20/22/39 37/40/40 13/15/13 
f 14/24/14 21/23/23 38/41/41 
f 22/25/24 14/16/14 39/42/42 
f 7/9/7 22/25/24 40/43/43 
f 23/26/25 8/10/8 41/44/44 
f 8/10/8 25/28/27 42/45/45 
f 15/17/15 43/46/46 25/28/27 
f 16/18/16 26/29/28 44/47/47 
f 16/18/16 45/48/48 27/30/29 
f 27/30/29 46/49/49 15/17/15 
f 6/8/6 30/33/32 47/50/50 
f 11/13/11 48/51/51 30/33/32 
f 17/19/52 49/52/53 21/23/54 
f 17/19/52 32/35/55 50/53/56 
f 12/14/12 33/36/35 31/34/33 
f 51/54/57 32/35/55 31/34/58 
f 31/34/58 52/55/59 51/54/57 
f 33/36/35 18/20/18 53/56/60 
f 6/8/6 47/50/50 34/37/36 
f 18/20/18 34/37/36 53/56/60 
f 26/29/28 19/21/19 54/57/61 
f 13/15/13 37/40/40 35/38/37 
f 55/58/62 19/21/19 35/38/37 
f 7/9/7 56/59/63 36/39/64 
f 20/22/20 36/39/38 57/60/65 
f 20/22/39 58/61/66 37/40/40 
f 14/24/14 38/41/41 39/62/42 
f 21/23/23 49/52/67 38/41/41 
f 22/25/24 39/42/42 59/63/68 
f 40/43/43 56/59/63 7/9/7 
f 22/25/24 60/64/69 40/43/43 
f 24/65/26 23/66/25 61/67/70 
f 61/67/70 62/68/71 24/65/26 
f 23/26/25 41/44/44 63/69/72 
f 8/10/8 42/45/45 41/44/44 
f 42/45/45 25/28/27 64/70/73 
f 15/17/15 65/71/74 43/46/46 
f 25/28/27 43/46/46 64/70/73 
f 16/18/16 44/47/47 66/72/75 
f 44/47/47 26/29/28 54/57/61 
f 16/18/16 67/73/76 45/48/48 
f 68/74/77 27/30/29 45/48/48 
f 27/30/29 69/75/78 46/49/49 
f 46/49/49 70/76/79 15/17/15 
f 29/77/31 28/78/30 71/79/80 
f 71/79/80 72/80/81 29/77/31 
f 11/13/11 29/32/31 73/81/82 
f 47/50/83 30/33/84 74/82/85 
f 74/82/85 75/83/86 47/50/83 
f 11/13/11 76/84/87 48/51/51 
f 48/51/51 77/85/88 30/33/32 
f 17/19/52 50/53/56 49/52/53 
f 32/35/55 51/54/57 50/53/56 
f 33/36/35 78/86/89 31/34/33 
f 31/34/33 79/87/90 52/55/91 
f 80/88/92 81/89/93 51/54/94 
f 51/54/94 52/55/91 80/88/92 
f 33/36/35 53/56/60 82/90/95 
f 47/50/50 83/91/96 34/37/36 
f 34/37/36 84/92/97 53/56/60 
f 19/21/19 55/58/62 54/57/61 
f 85/93/98 35/38/37 37/40/40 
f 55/58/62 35/38/37 85/93/98 
f 86/94/99 36/39/64 56/59/63 
f 20/22/39 57/60/100 87/95/101 
f 57/60/100 36/39/64 86/94/99 
f 20/22/39 87/95/101 58/61/66 
f 85/93/98 37/40/40 58/61/66 
f 88/96/102 39/62/42 38/41/41 
f 49/52/67 89/97/103 38/41/41 
f 22/25/24 59/63/68 60/64/69 
f 90/98/104 59/63/105 39/42/106 
f 40/43/43 91/99/107 56/59/63 
f 40/43/43 60/64/69 91/99/107 
f 61/67/70 23/66/25 92/100/108 
f 23/26/25 63/69/72 93/101/109 
f 41/44/44 94/102/110 63/69/72 
f 41/44/44 42/45/45 95/103/111 
f 95/103/111 96/104/112 41/44/44 
f 42/45/45 64/70/73 97/105/113 
f 15/17/15 70/76/79 65/71/74 
f 98/106/114 43/46/46 65/71/74 
f 43/46/46 98/106/114 64/70/73 
f 16/18/16 66/72/75 99/107/115 
f 66/72/75 44/47/47 100/108/116 
f 44/47/47 54/57/61 100/108/116 
f 99/107/115 67/73/76 16/18/16 
f 101/109/117 45/48/48 67/73/76 
f 68/74/77 45/48/48 101/109/117 
f 27/30/29 68/74/77 102/110/118 
f 27/30/29 102/110/118 69/75/78 
f 46/49/49 69/75/78 103/111/119 
f 46/49/49 103/111/119 70/76/79 
f 11/13/11 73/81/82 104/112/120 
f 73/81/82 29/32/31 105/113/121 
f 30/33/32 106/114/122 74/82/123 
f 107/115/124 108/116/125 75/83/86 
f 75/83/86 74/82/85 107/115/124 
f 75/83/126 109/117/127 47/50/50 
f 11/13/11 104/112/120 76/84/87 
f 48/51/51 76/84/87 110/118/128 
f 77/85/88 48/51/51 111/119/129 
f 30/33/32 77/85/88 112/120/130 
f 50/53/131 113/121/132 49/52/67 
f 51/54/94 114/122/133 50/53/131 
f 78/86/89 33/36/35 82/90/95 
f 31/34/33 78/86/89 115/123/134 
f 31/34/33 116/124/135 79/87/90 
f 80/88/92 52/55/91 79/87/90 
f 51/54/94 81/89/93 117/125/136 
f 81/89/93 80/88/92 118/126/137 
f 118/126/137 119/127/138 81/89/93 
f 120/128/139 82/90/95 53/56/60 
f 47/50/50 109/117/127 83/91/96 
f 84/92/97 34/37/36 83/91/96 
f 120/128/140 53/56/141 84/92/142 
f 121/129/143 54/57/144 55/58/145 
f 122/130/146 55/58/145 85/93/147 
f 86/94/99 56/59/63 91/99/107 
f 57/60/148 123/131/149 87/95/150 
f 124/132/151 57/60/148 86/94/152 
f 87/95/150 125/133/153 58/61/154 
f 126/134/155 85/93/147 58/61/154 
f 88/96/102 38/41/41 89/97/103 
f 88/96/102 90/135/156 39/62/42 
f 89/97/103 49/52/67 113/121/132 
f 59/63/105 127/136/157 60/64/158 
f 90/98/104 128/137/159 59/63/105 
f 60/64/158 129/138/160 91/99/161 
f 62/68/71 61/67/70 130/139/162 
f 130/139/162 131/140/163 62/68/71 
f 61/67/70 92/100/108 132/141/164 
f 92/100/108 23/66/25 133/142/165 
f 23/26/25 93/101/109 133/143/165 
f 63/69/72 134/144/166 93/101/109 
f 135/145/167 94/102/110 41/44/44 
f 134/144/166 63/69/72 94/102/110 
f 95/103/111 42/45/45 97/105/113 
f 95/103/111 136/146/168 96/104/112 
f 96/104/112 137/147/169 41/44/44 
f 138/148/170 97/105/113 64/70/73 
f 139/149/171 65/71/74 70/76/79 
f 98/106/114 65/71/74 139/149/171 
f 138/148/170 64/70/73 98/106/114 
f 66/72/75 140/150/172 99/107/115 
f 66/72/75 100/108/116 141/151/173 
f 121/129/174 100/108/116 54/57/61 
f 99/107/115 142/152/175 67/73/76 
f 101/109/117 67/73/76 142/152/175 
f 143/153/176 68/74/77 101/109/117 
f 102/110/118 68/74/77 143/153/176 
f 143/153/176 144/154/177 102/110/118 
f 102/110/118 145/155/178 69/75/78 
f 69/75/78 146/156/179 103/111/119 
f 139/149/171 70/76/79 103/111/119 
f 72/80/81 71/79/80 147/157/180 
f 147/157/180 148/158/181 72/80/81 
f 149/159/182 150/160/183 151/161/184 
f 151/161/184 29/77/185 72/80/186 
f 149/159/182 151/161/184 72/80/186 
f 149/159/182 72/80/186 152/162/187 
f 153/163/188 104/112/120 73/81/82 
f 73/81/82 154/164/189 153/163/188 
f 73/81/82 105/113/121 154/164/189 
f 105/113/121 29/32/31 155/165/190 
f 112/120/130 106/114/122 30/33/32 
f 156/166/191 74/82/123 106/114/122 
f 75/83/126 108/116/192 157/167/193 
f 107/115/194 74/82/123 156/166/191 
f 108/116/195 107/115/196 158/168/197 
f 158/168/197 159/169/198 108/116/195 
f 75/83/126 160/170/199 109/117/127 
f 161/171/200 76/84/87 104/112/120 
f 104/112/120 153/163/188 161/171/200 
f 48/51/51 110/118/128 111/119/129 
f 76/84/87 161/171/200 110/118/128 
f 77/85/88 111/119/129 162/172/201 
f 77/85/88 163/173/202 112/120/130 
f 164/174/203 113/121/132 50/53/131 
f 51/54/94 117/125/136 114/122/133 
f 114/122/133 165/175/204 50/53/131 
f 78/86/89 82/90/95 166/176/205 
f 115/123/134 116/124/135 31/34/33 
f 78/86/89 167/177/206 115/123/134 
f 168/178/207 79/87/90 116/124/135 
f 80/88/92 79/87/90 168/178/207 
f 81/89/93 169/179/208 117/125/136 
f 170/180/209 118/126/137 80/88/92 
f 80/88/92 168/178/207 170/180/209 
f 171/181/210 119/127/138 118/126/137 
f 81/89/93 119/127/138 169/179/208 
f 120/128/139 172/182/211 82/90/95 
f 173/183/212 83/91/96 109/117/127 
f 84/92/97 83/91/96 173/183/212 
f 174/184/213 120/128/140 84/92/142 
f 122/130/146 121/129/143 55/58/145 
f 122/130/146 85/93/147 126/134/155 
f 124/132/151 86/94/152 91/99/161 
f 124/132/214 123/131/215 57/60/216 
f 87/95/150 123/131/149 125/133/153 
f 126/134/155 58/61/154 125/133/153 
f 175/185/217 88/96/102 89/97/103 
f 176/186/218 90/135/156 88/96/102 
f 89/97/103 113/121/132 164/174/203 
f 59/63/105 128/137/159 127/136/157 
f 60/64/158 127/136/157 129/138/160 
f 128/137/159 90/98/104 177/187/219 
f 177/187/219 178/188/220 128/137/159 
f 124/132/151 91/99/161 129/138/160 
f 130/139/162 61/67/70 179/189/221 
f 61/67/70 132/141/164 180/190/222 
f 181/191/223 182/192/224 132/141/164 
f 132/141/164 92/100/108 181/191/223 
f 92/100/108 133/142/165 183/193/225 
f 133/143/165 93/101/109 184/194/226 
f 185/195/227 93/101/228 134/144/229 
f 135/145/167 41/44/44 137/147/169 
f 134/144/166 94/102/110 135/145/167 
f 95/103/111 97/105/113 186/196/230 
f 95/103/111 186/196/230 136/146/168 
f 96/104/112 136/146/168 137/147/169 
f 138/148/170 187/197/231 97/105/113 
f 188/198/232 98/106/114 139/149/171 
f 188/198/232 138/148/170 98/106/114 
f 66/72/75 141/151/173 140/150/172 
f 99/107/115 140/150/172 142/152/175 
f 189/199/233 141/151/173 100/108/116 
f 121/129/174 189/199/233 100/108/116 
f 190/200/234 101/109/117 142/152/175 
f 143/153/176 101/109/117 190/200/234 
f 191/201/235 144/154/177 143/153/176 
f 102/110/118 144/154/177 145/155/178 
f 69/75/78 145/155/178 146/156/179 
f 192/202/236 103/111/119 146/156/179 
f 192/202/236 139/149/171 103/111/119 
f 29/77/31 151/161/237 155/203/190 
f 152/162/238 72/80/81 193/204/239 
f 149/159/240 152/162/238 194/205/241 
f 194/205/241 195/206/242 149/159/240 
f 196/207/243 150/160/183 149/159/182 
f 197/208/244 151/161/237 150/160/245 
f 150/160/245 198/209/246 197/208/244 
f 153/163/247 154/164/248 199/210/249 
f 199/210/249 200/211/250 153/163/247 
f 105/113/121 201/212/251 154/164/189 
f 105/113/121 155/165/190 202/213/252 
f 112/120/130 203/214/253 106/114/122 
f 156/166/191 106/114/122 203/214/253 
f 75/83/126 157/167/193 160/170/199 
f 108/116/195 204/215/254 157/167/255 
f 158/168/197 107/115/196 156/166/256 
f 158/168/197 205/216/257 206/217/258 
f 206/217/258 159/169/198 158/168/197 
f 108/116/195 159/169/198 204/215/254 
f 173/183/212 109/117/127 160/170/199 
f 153/163/188 207/218/259 161/171/200 
f 208/219/260 111/119/129 110/118/128 
f 161/171/200 209/220/261 110/118/128 
f 77/85/88 162/172/201 163/173/202 
f 210/221/262 162/172/263 111/119/264 
f 112/120/130 163/173/202 203/214/253 
f 164/174/203 50/53/131 165/175/204 
f 114/122/133 117/125/136 165/175/204 
f 78/86/89 166/176/205 167/177/206 
f 172/182/211 166/176/205 82/90/95 
f 115/123/134 211/222/265 116/124/135 
f 115/123/134 167/177/206 211/222/265 
f 168/178/207 116/124/135 211/222/265 
f 117/125/136 169/179/208 212/223/266 
f 171/181/210 118/126/137 170/180/209 
f 170/180/209 168/178/207 211/222/265 
f 171/181/210 213/224/267 119/127/138 
f 119/127/138 214/225/268 169/179/208 
f 215/226/269 172/182/211 120/128/139 
f 174/184/213 84/92/142 173/183/270 
f 215/226/271 120/128/140 174/184/213 
f 216/227/272 121/129/143 122/130/146 
f 217/228/273 122/130/146 126/134/155 
f 124/132/214 218/229/274 219/230/275 
f 219/230/275 123/131/215 124/132/214 
f 220/231/276 125/133/153 123/131/149 
f 123/131/149 219/230/277 220/231/276 
f 125/133/153 220/231/276 221/232/278 
f 221/232/278 126/134/155 125/133/153 
f 175/185/217 89/97/103 164/174/203 
f 176/186/218 88/96/102 175/185/217 
f 176/186/218 177/233/279 90/135/156 
f 127/136/157 128/137/159 178/188/220 
f 178/188/220 222/234/280 127/136/157 
f 129/138/160 127/136/157 222/234/280 
f 222/234/280 223/235/281 129/138/160 
f 178/188/220 177/187/219 224/236/282 
f 218/229/283 124/132/151 129/138/160 
f 130/139/162 179/189/221 225/237/284 
f 226/238/285 227/239/286 228/240/287 
f 226/238/285 228/240/287 179/189/221 
f 179/189/221 61/67/70 229/241/288 
f 226/238/285 179/189/221 229/241/288 
f 226/238/285 229/241/288 230/242/289 
f 61/67/70 180/190/222 231/243/290 
f 132/141/164 232/244/291 180/190/222 
f 132/141/164 182/192/224 233/245/292 
f 92/100/108 183/193/225 181/191/223 
f 182/192/293 181/191/294 233/245/295 
f 183/193/225 133/142/165 184/246/226 
f 234/247/296 184/194/297 93/101/298 
f 135/145/299 235/248/300 185/195/227 
f 185/195/227 134/144/229 135/145/299 
f 185/195/227 234/247/301 93/101/228 
f 235/248/300 135/145/299 137/147/302 
f 187/197/303 186/196/304 97/105/305 
f 186/196/304 236/249/306 136/146/307 
f 136/146/307 237/250/308 137/147/302 
f 238/251/309 187/197/231 138/148/170 
f 188/198/232 139/149/171 192/202/236 
f 238/251/309 138/148/170 188/198/232 
f 141/151/173 239/252/310 140/150/172 
f 140/150/172 240/253/311 142/152/175 
f 189/199/233 241/254/312 141/151/173 
f 216/227/313 189/199/233 121/129/174 
f 190/200/234 142/152/175 240/253/311 
f 191/201/235 143/153/176 190/200/234 
f 191/201/235 242/255/314 144/154/177 
f 144/154/177 243/256/315 145/155/178 
f 145/155/178 244/257/316 146/156/179 
f 245/258/317 192/202/236 146/156/179 
f 246/259/318 148/158/181 147/157/180 
f 147/157/180 247/260/319 246/259/318 
f 72/80/81 148/158/181 248/261/320 
f 151/161/237 249/262/321 155/203/190 
f 152/162/238 193/204/239 250/263/322 
f 72/80/81 251/264/323 193/204/239 
f 152/162/238 252/265/324 194/205/241 
f 194/205/241 253/266/325 195/206/242 
f 254/267/326 149/159/240 195/206/242 
f 149/159/182 255/268/327 196/207/243 
f 150/160/245 196/207/328 256/269/329 
f 150/160/245 257/270/330 198/209/246 
f 258/271/331 197/208/244 198/209/246 
f 249/262/321 151/161/237 197/208/244 
f 154/164/189 259/272/332 199/210/333 
f 260/273/334 200/211/335 199/210/333 
f 199/210/333 261/274/336 260/273/334 
f 153/163/188 200/211/335 262/275/337 
f 201/212/251 105/113/121 202/213/252 
f 154/164/189 201/212/251 263/276/338 
f 264/277/339 202/213/252 155/165/190 
f 265/278/340 156/166/256 203/214/341 
f 157/167/255 266/279/342 160/170/343 
f 157/167/255 204/215/254 266/279/342 
f 158/168/197 156/166/256 265/278/340 
f 205/216/257 158/168/197 265/278/340 
f 205/216/257 267/280/344 206/217/258 
f 159/169/198 206/217/258 268/281/345 
f 159/169/198 268/281/345 204/215/254 
f 269/282/346 173/183/270 160/170/343 
f 153/163/188 270/283/347 207/218/259 
f 207/218/259 271/284/348 209/220/261 
f 209/220/261 161/171/200 207/218/259 
f 208/219/260 110/118/128 209/220/261 
f 208/219/260 210/221/349 111/119/129 
f 162/172/263 272/285/350 163/173/351 
f 210/221/262 273/286/352 162/172/263 
f 163/173/351 274/287/353 203/214/341 
f 275/288/354 164/174/203 165/175/204 
f 117/125/136 212/223/266 165/175/204 
f 166/176/205 276/289/355 167/177/206 
f 172/182/211 277/290/356 166/176/205 
f 167/177/206 278/291/357 211/222/265 
f 169/179/208 279/292/358 212/223/266 
f 171/181/210 170/180/209 280/293/359 
f 170/180/209 211/222/265 278/291/357 
f 171/181/210 281/294/360 213/224/267 
f 119/127/138 213/224/267 214/225/268 
f 169/179/208 214/225/268 279/292/358 
f 215/226/269 282/295/361 172/182/211 
f 174/184/213 173/183/270 269/282/346 
f 283/296/362 215/226/271 174/184/213 
f 217/228/273 216/227/272 122/130/146 
f 217/228/273 126/134/155 221/232/278 
f 219/230/363 218/229/364 284/297/365 
f 284/297/365 285/298/366 219/230/363 
f 219/230/367 286/299/368 220/231/369 
f 287/300/370 221/232/371 220/231/372 
f 175/185/217 164/174/203 275/288/354 
f 288/301/373 176/186/218 175/185/217 
f 177/233/279 176/186/218 289/302/374 
f 178/188/375 290/303/376 222/234/377 
f 222/234/377 291/304/378 223/235/379 
f 218/229/283 129/138/160 223/235/281 
f 224/236/282 292/305/380 178/188/220 
f 224/306/381 177/233/279 289/302/374 
f 247/307/319 131/140/163 130/139/162 
f 130/139/162 246/308/318 247/307/319 
f 130/139/162 225/237/284 293/309/382 
f 179/189/383 294/310/384 225/237/385 
f 229/241/288 61/67/70 231/243/290 
f 229/241/288 295/311/386 230/242/289 
f 230/242/289 296/312/387 226/238/285 
f 297/313/388 227/239/286 226/238/285 
f 298/314/389 228/240/287 227/239/286 
f 228/240/390 298/314/391 179/189/383 
f 231/243/290 180/190/222 299/315/392 
f 132/141/164 233/245/292 232/244/291 
f 180/190/222 232/244/291 299/315/392 
f 183/193/225 300/316/393 181/191/223 
f 181/191/294 301/317/394 233/245/295 
f 183/193/225 184/246/226 302/318/395 
f 234/247/296 303/319/396 184/194/297 
f 304/320/397 185/195/227 235/248/300 
f 304/320/397 234/247/301 185/195/227 
f 235/248/300 137/147/302 237/250/308 
f 187/197/303 305/321/398 186/196/304 
f 186/196/304 305/321/398 236/249/306 
f 136/146/307 236/249/306 237/250/308 
f 238/251/309 306/322/399 187/197/231 
f 307/323/400 188/198/232 192/202/236 
f 307/323/400 238/251/309 188/198/232 
f 141/151/173 241/254/312 239/252/310 
f 140/150/172 239/252/310 240/253/311 
f 308/324/401 241/254/312 189/199/233 
f 216/227/313 308/324/401 189/199/233 
f 309/325/402 190/200/234 240/253/311 
f 191/201/235 190/200/234 309/325/402 
f 191/201/235 310/326/403 242/255/314 
f 144/154/177 242/255/314 243/256/315 
f 145/155/178 243/256/315 244/257/316 
f 245/258/317 146/156/179 244/257/316 
f 307/323/400 192/202/236 245/258/317 
f 148/158/181 246/259/318 311/327/404 
f 248/261/320 312/328/405 72/80/81 
f 148/158/181 313/329/406 248/261/320 
f 264/330/407 155/203/408 249/262/409 
f 152/162/238 250/263/322 252/265/324 
f 314/331/410 250/263/411 193/204/412 
f 72/80/81 312/328/405 251/264/323 
f 315/332/413 193/204/414 251/264/415 
f 194/205/241 252/265/324 253/266/325 
f 254/267/326 195/206/242 253/266/325 
f 255/268/416 149/159/240 254/267/326 
f 196/207/417 255/268/418 316/333/419 
f 316/333/419 317/334/420 196/207/417 
f 150/160/245 256/269/329 257/270/330 
f 256/269/421 196/207/417 317/334/420 
f 317/334/420 318/335/422 256/269/421 
f 258/271/331 198/209/246 257/270/330 
f 249/262/321 197/208/244 258/271/331 
f 154/164/189 319/336/423 259/272/332 
f 259/272/332 320/337/424 261/274/336 
f 261/274/336 199/210/333 259/272/332 
f 200/211/335 260/273/334 321/338/425 
f 261/274/336 322/339/426 323/340/427 
f 323/340/427 260/273/334 261/274/336 
f 262/275/337 270/283/347 153/163/188 
f 200/211/335 321/338/425 262/275/337 
f 201/212/251 202/213/252 324/341/428 
f 263/276/338 319/336/423 154/164/189 
f 201/212/251 325/342/429 263/276/338 
f 264/277/339 326/343/430 202/213/252 
f 265/278/340 203/214/341 274/287/353 
f 269/282/346 160/170/343 266/279/342 
f 327/344/431 266/279/342 204/215/254 
f 204/215/254 268/281/345 327/344/431 
f 205/216/257 265/278/340 328/345/432 
f 205/216/257 328/345/432 267/280/344 
f 267/280/344 329/346/433 206/217/258 
f 206/217/258 329/346/433 268/281/345 
f 271/284/348 207/218/259 270/283/347 
f 330/347/434 209/220/261 271/284/348 
f 330/347/434 208/219/260 209/220/261 
f 331/348/435 210/221/349 208/219/260 
f 162/172/263 273/286/352 272/285/350 
f 163/173/351 272/285/350 274/287/353 
f 273/286/352 210/221/262 332/349/436 
f 332/349/436 333/350/437 273/286/352 
f 275/288/354 165/175/204 212/223/266 
f 166/176/205 277/290/356 276/289/355 
f 167/177/206 276/289/355 278/291/357 
f 282/295/361 277/290/356 172/182/211 
f 334/351/438 212/223/266 279/292/358 
f 171/181/210 280/293/359 281/294/360 
f 280/293/359 170/180/209 278/291/357 
f 281/294/360 335/352/439 213/224/267 
f 213/224/267 335/352/439 214/225/268 
f 214/225/268 336/353/440 279/292/358 
f 215/226/269 337/354/441 282/295/361 
f 269/282/346 338/355/442 283/296/362 
f 283/296/362 174/184/213 269/282/346 
f 215/226/271 283/296/362 339/356/443 
f 216/227/272 217/228/273 340/357/444 
f 340/357/445 217/228/446 221/232/371 
f 284/297/447 218/229/283 291/304/448 
f 341/358/449 285/298/450 284/297/451 
f 284/297/451 342/359/452 341/358/449 
f 219/230/277 285/298/453 343/360/454 
f 219/230/277 343/360/454 286/299/455 
f 287/300/370 220/231/372 286/299/456 
f 340/357/445 221/232/371 287/300/370 
f 288/301/373 175/185/217 275/288/354 
f 176/186/218 288/301/373 344/361/457 
f 289/302/374 176/186/218 344/361/457 
f 178/188/375 292/305/458 290/303/376 
f 222/234/377 290/303/376 291/304/378 
f 218/229/459 223/235/460 291/304/461 
f 292/305/380 224/236/282 345/362/462 
f 224/306/381 289/302/374 346/363/463 
f 246/308/318 130/139/162 347/364/464 
f 348/365/465 130/139/162 293/309/382 
f 293/309/466 225/237/385 349/366/467 
f 179/189/383 350/367/468 294/310/384 
f 351/368/469 225/237/385 294/310/384 
f 229/241/288 231/243/290 352/369/470 
f 229/241/288 352/369/470 295/311/386 
f 230/242/289 295/311/386 296/312/387 
f 297/313/388 226/238/285 296/312/387 
f 298/314/389 227/239/286 297/313/388 
f 298/314/391 350/367/468 179/189/383 
f 231/243/290 299/315/392 353/370/471 
f 233/245/292 354/371/472 232/244/291 
f 232/244/291 355/372/473 299/315/392 
f 300/316/393 183/193/225 302/318/395 
f 181/191/223 300/316/393 356/373/474 
f 181/191/294 357/374/475 301/317/394 
f 301/317/476 358/375/477 233/245/292 
f 303/376/478 302/318/395 184/246/226 
f 359/377/479 303/319/396 234/247/296 
f 304/320/397 235/248/300 360/378/480 
f 304/320/397 359/377/481 234/247/301 
f 360/378/480 235/248/300 237/250/308 
f 305/321/398 187/197/303 306/322/482 
f 306/322/482 361/379/483 305/321/398 
f 236/249/306 305/321/398 361/379/483 
f 361/379/483 362/380/484 236/249/306 
f 237/250/308 236/249/306 362/380/484 
f 362/380/484 363/381/485 237/250/308 
f 306/322/399 238/251/309 364/382/486 
f 364/382/486 238/251/309 307/323/400 
f 241/254/312 365/383/487 239/252/310 
f 239/252/310 366/384/488 240/253/311 
f 308/324/401 367/385/489 241/254/312 
f 216/227/313 368/386/490 308/324/401 
f 309/325/402 240/253/311 366/384/488 
f 310/326/403 191/201/235 309/325/402 
f 310/326/403 369/387/491 242/255/314 
f 242/255/314 370/388/492 243/256/315 
f 243/256/315 371/389/493 244/257/316 
f 372/390/494 245/258/317 244/257/316 
f 373/391/495 307/323/400 245/258/317 
f 148/158/181 311/327/404 374/392/496 
f 311/327/404 246/259/318 375/393/497 
f 375/393/497 376/394/498 311/327/404 
f 248/261/499 377/395/500 312/328/501 
f 313/329/406 148/158/181 378/396/502 
f 313/329/503 377/395/500 248/261/499 
f 379/397/504 264/330/407 249/262/409 
f 250/263/411 380/398/505 252/265/506 
f 315/332/413 314/331/507 193/204/414 
f 314/331/410 381/399/508 250/263/411 
f 312/328/509 377/395/510 251/264/415 
f 315/332/413 251/264/415 382/400/511 
f 252/265/506 383/401/512 253/266/513 
f 384/402/514 254/267/515 253/266/513 
f 254/267/515 384/402/514 316/333/419 
f 316/333/419 255/268/418 254/267/515 
f 317/334/420 316/333/419 385/403/516 
f 385/403/516 386/404/517 317/334/420 
f 256/269/421 387/405/518 257/270/519 
f 317/334/420 388/406/520 318/335/422 
f 256/269/421 318/335/422 387/405/518 
f 389/407/521 258/271/522 257/270/519 
f 379/397/504 249/262/409 258/271/522 
f 320/337/424 259/272/332 319/336/423 
f 320/337/424 390/408/523 322/339/426 
f 322/339/426 261/274/336 320/337/424 
f 321/338/425 260/273/334 323/340/427 
f 323/340/427 391/409/524 321/338/425 
f 392/410/525 323/340/427 322/339/426 
f 262/275/337 393/411/526 270/283/347 
f 262/275/337 321/338/425 393/411/526 
f 201/212/251 324/341/428 325/342/429 
f 326/343/430 324/341/428 202/213/252 
f 263/276/338 394/412/527 319/336/423 
f 263/276/338 325/342/429 394/412/527 
f 395/413/528 326/343/430 264/277/339 
f 328/345/432 265/278/340 274/287/353 
f 266/279/342 327/344/431 338/355/442 
f 338/355/442 269/282/346 266/279/342 
f 268/281/345 396/414/529 327/344/431 
f 267/280/344 328/345/432 397/415/530 
f 398/416/531 329/346/532 267/280/533 
f 267/280/533 399/417/534 398/416/531 
f 268/281/345 329/346/433 396/414/529 
f 271/284/348 270/283/347 393/411/526 
f 330/347/434 271/284/348 400/418/535 
f 331/348/435 208/219/260 330/347/434 
f 331/348/435 332/349/536 210/221/349 
f 273/286/352 401/419/537 272/285/350 
f 272/285/350 397/415/530 274/287/353 
f 332/349/436 402/420/538 333/350/437 
f 273/286/352 333/350/437 401/419/537 
f 334/351/438 275/288/354 212/223/266 
f 277/290/356 403/421/539 276/289/355 
f 276/289/355 404/422/540 278/291/357 
f 282/295/361 405/423/541 277/290/356 
f 406/424/542 334/351/438 279/292/358 
f 281/294/360 280/293/359 404/422/540 
f 280/293/359 278/291/357 404/422/540 
f 335/352/439 281/294/360 407/425/543 
f 214/225/268 335/352/439 336/353/440 
f 406/424/542 279/292/358 336/353/440 
f 215/226/269 408/426/544 337/354/441 
f 282/295/361 337/354/441 405/423/541 
f 339/356/443 283/296/362 338/355/442 
f 408/426/545 215/226/271 339/356/443 
f 340/357/444 409/427/546 216/227/272 
f 284/297/447 291/304/448 410/428/547 
f 285/298/453 341/358/548 411/429/549 
f 342/359/550 284/297/447 410/428/547 
f 412/430/551 413/431/552 341/358/449 
f 341/358/449 342/359/452 412/430/551 
f 285/298/453 411/429/549 343/360/454 
f 414/432/553 286/299/455 343/360/454 
f 414/432/553 287/300/554 286/299/455 
f 415/433/555 340/357/444 287/300/554 
f 288/301/373 275/288/354 334/351/438 
f 344/361/457 288/301/373 334/351/438 
f 289/302/374 344/361/457 346/363/463 
f 292/305/380 416/434/556 290/303/557 
f 290/303/557 410/428/547 291/304/448 
f 292/305/380 345/362/462 416/434/556 
f 224/236/282 417/435/558 345/362/462 
f 224/306/381 346/363/463 417/436/559 
f 347/364/464 418/437/560 246/308/318 
f 130/139/162 348/365/465 347/364/464 
f 348/365/465 293/309/382 419/438/561 
f 419/438/561 293/309/382 349/366/562 
f 225/237/385 351/368/469 349/366/467 
f 420/439/563 294/310/384 350/367/468 
f 351/368/469 294/310/384 420/439/563 
f 352/369/470 231/243/290 353/370/471 
f 352/369/470 421/440/564 295/311/386 
f 295/311/386 422/441/565 296/312/387 
f 423/442/566 297/313/388 296/312/387 
f 424/443/567 298/314/389 297/313/388 
f 298/314/391 425/444/568 350/367/468 
f 426/445/569 353/370/471 299/315/392 
f 427/446/570 354/371/472 233/245/292 
f 355/372/473 232/244/291 354/371/472 
f 426/445/569 299/315/392 355/372/473 
f 300/316/393 302/318/395 428/447/571 
f 356/373/474 429/448/572 181/191/223 
f 300/316/393 430/449/573 356/373/474 
f 181/191/223 429/448/572 357/374/574 
f 431/450/575 301/317/476 357/374/574 
f 357/374/574 432/451/576 431/450/575 
f 301/317/476 433/452/577 358/375/477 
f 427/446/570 233/245/292 358/375/477 
f 303/376/478 434/453/578 302/318/395 
f 359/377/479 435/454/579 303/319/396 
f 436/455/580 304/320/397 360/378/480 
f 359/377/481 304/320/397 436/455/580 
f 360/378/480 237/250/308 363/381/485 
f 306/322/482 437/456/581 361/379/483 
f 361/379/483 438/457/582 362/380/484 
f 362/380/484 439/458/583 363/381/485 
f 437/456/584 306/322/399 364/382/486 
f 364/382/486 307/323/400 373/391/495 
f 241/254/312 367/385/489 365/383/487 
f 239/252/310 365/383/487 366/384/488 
f 308/324/401 368/386/490 367/385/489 
f 216/227/313 409/427/585 368/386/490 
f 440/459/586 309/325/402 366/384/488 
f 310/326/403 309/325/402 440/459/586 
f 441/460/587 442/461/588 369/387/491 
f 369/387/491 310/326/403 441/460/587 
f 242/255/314 369/387/491 370/388/492 
f 243/256/315 370/388/492 371/389/493 
f 372/390/494 244/257/316 371/389/493 
f 373/391/495 245/258/317 372/390/494 
f 148/158/181 374/392/496 443/462/589 
f 311/327/590 444/463/591 374/392/592 
f 375/393/497 246/259/318 445/464/593 
f 375/393/497 446/465/594 376/394/498 
f 376/394/498 447/466/595 311/327/404 
f 313/329/503 378/396/596 448/467/597 
f 378/396/598 148/158/599 443/462/600 
f 313/329/503 449/468/601 377/395/500 
f 395/469/602 264/330/407 379/397/504 
f 250/263/411 381/399/508 380/398/505 
f 252/265/506 380/398/505 383/401/512 
f 450/470/603 314/331/507 315/332/413 
f 381/399/508 314/331/410 451/471/604 
f 451/471/604 452/472/605 381/399/508 
f 377/395/510 382/400/511 251/264/415 
f 453/473/606 315/332/413 382/400/511 
f 384/402/514 253/266/513 383/401/512 
f 385/403/516 316/333/419 384/402/514 
f 386/404/517 385/403/516 454/474/607 
f 454/474/607 455/475/608 386/404/517 
f 317/334/420 386/404/517 388/406/520 
f 389/407/521 257/270/519 387/405/518 
f 456/476/609 387/405/518 318/335/422 
f 318/335/422 388/406/520 456/476/609 
f 379/397/504 258/271/522 389/407/521 
f 320/337/424 319/336/423 394/412/527 
f 457/477/610 322/339/426 390/408/523 
f 394/412/527 458/478/611 390/408/523 
f 390/408/523 320/337/424 394/412/527 
f 323/340/427 459/479/612 391/409/524 
f 460/480/613 393/411/526 321/338/425 
f 321/338/425 391/409/524 460/480/613 
f 457/477/610 392/410/525 322/339/426 
f 323/340/427 392/410/525 459/479/612 
f 324/341/428 461/481/614 325/342/429 
f 326/343/430 462/482/615 324/341/428 
f 394/412/527 325/342/429 461/481/614 
f 461/481/614 458/478/611 394/412/527 
f 395/413/528 463/483/616 326/343/430 
f 328/345/432 274/287/353 397/415/530 
f 464/484/617 338/355/442 327/344/431 
f 464/484/617 327/344/431 396/414/529 
f 267/280/344 397/415/530 465/485/618 
f 329/346/433 398/416/619 466/486/620 
f 399/417/621 267/280/344 465/485/618 
f 467/487/622 398/416/531 399/417/534 
f 399/417/534 468/488/623 467/487/622 
f 329/346/433 466/486/620 396/414/529 
f 393/411/526 460/480/613 400/418/535 
f 400/418/535 271/284/348 393/411/526 
f 469/489/624 330/347/434 400/418/535 
f 469/489/624 331/348/435 330/347/434 
f 332/349/536 331/348/435 470/490/625 
f 272/285/350 401/419/537 397/415/530 
f 332/349/436 471/491/626 402/420/538 
f 333/350/437 402/420/538 472/492/627 
f 333/350/437 472/492/627 401/419/537 
f 277/290/356 405/423/541 403/421/539 
f 276/289/355 403/421/539 404/422/540 
f 344/361/457 334/351/438 406/424/542 
f 281/294/360 404/422/540 473/493/628 
f 335/352/439 407/425/543 474/494/629 
f 407/425/543 281/294/360 473/493/628 
f 335/352/439 475/495/630 336/353/440 
f 476/496/631 406/424/542 336/353/440 
f 337/354/441 408/426/544 477/497/632 
f 337/354/441 478/498/633 405/423/541 
f 339/356/443 338/355/442 464/484/617 
f 408/426/545 339/356/443 479/499/634 
f 409/427/546 340/357/444 415/433/555 
f 341/358/449 480/500/635 411/429/549 
f 342/359/452 410/428/547 481/501/636 
f 341/358/449 413/431/552 480/500/635 
f 412/430/551 342/359/452 481/501/636 
f 413/431/552 412/430/551 482/502/637 
f 482/502/637 483/503/638 413/431/552 
f 484/504/639 343/360/454 411/429/549 
f 484/504/639 414/432/553 343/360/454 
f 415/433/555 287/300/554 414/432/553 
f 346/363/463 344/361/457 485/505/640 
f 290/303/557 416/434/556 410/428/547 
f 345/362/462 486/506/641 416/434/556 
f 345/362/462 417/435/558 487/507/642 
f 417/436/559 346/363/463 488/508/643 
f 489/509/644 418/437/560 347/364/464 
f 347/364/464 490/510/645 489/509/644 
f 246/308/318 418/437/560 491/511/646 
f 347/364/464 348/365/465 490/510/645 
f 492/512/647 493/513/648 348/365/465 
f 348/365/465 419/438/561 492/512/647 
f 419/438/561 349/366/562 494/514/649 
f 495/515/650 349/366/467 351/368/469 
f 420/439/563 350/367/468 425/444/568 
f 496/516/651 351/368/469 420/439/563 
f 352/369/470 353/370/471 497/517/652 
f 352/369/470 497/517/652 421/440/564 
f 295/311/386 421/440/564 422/441/565 
f 423/442/566 296/312/387 422/441/565 
f 424/443/567 297/313/388 423/442/566 
f 298/314/391 424/443/653 425/444/568 
f 426/445/569 498/518/654 353/370/471 
f 355/372/473 354/371/472 427/446/570 
f 499/519/655 426/445/569 355/372/473 
f 300/316/393 428/447/571 430/449/573 
f 434/453/578 428/447/571 302/318/395 
f 356/373/474 500/520/656 429/448/572 
f 356/373/474 430/449/573 500/520/656 
f 501/521/657 357/374/574 429/448/572 
f 301/317/476 431/450/575 433/452/577 
f 432/451/576 357/374/574 501/521/657 
f 432/451/576 502/522/658 503/523/659 
f 503/523/659 431/450/575 432/451/576 
f 504/524/660 358/375/477 433/452/577 
f 433/452/577 505/525/661 504/524/660 
f 506/526/662 427/446/570 358/375/477 
f 435/527/663 434/453/578 303/376/478 
f 507/528/664 435/454/579 359/377/479 
f 436/455/580 360/378/480 508/529/665 
f 359/377/481 436/455/580 509/530/666 
f 508/529/665 360/378/480 363/381/485 
f 361/379/483 437/456/581 510/531/667 
f 361/379/483 510/531/667 438/457/582 
f 362/380/484 438/457/582 439/458/583 
f 508/529/665 363/381/485 439/458/583 
f 437/456/584 364/382/486 511/532/668 
f 364/382/669 373/391/670 511/532/671 
f 367/385/489 512/533/672 365/383/487 
f 365/383/487 513/534/673 366/384/488 
f 368/386/490 514/535/674 367/385/489 
f 368/386/490 409/427/585 515/536/675 
f 440/459/586 366/384/488 513/534/673 
f 441/460/587 310/326/403 440/459/586 
f 369/387/491 442/461/588 516/537/676 
f 442/461/588 441/460/587 517/538/677 
f 369/387/491 516/537/676 370/388/492 
f 370/388/492 518/539/678 371/389/493 
f 372/390/679 371/389/680 518/539/680 
f 519/540/681 373/391/495 372/390/494 
f 374/392/496 520/541/682 443/462/589 
f 311/327/590 521/542/683 444/463/591 
f 374/392/496 444/463/684 522/543/685 
f 522/543/685 523/544/686 374/392/496 
f 375/393/497 445/464/593 524/545/687 
f 246/308/318 491/511/646 445/546/593 
f 375/393/497 524/545/687 446/465/594 
f 376/394/498 446/465/594 447/466/595 
f 525/547/688 311/327/404 447/466/595 
f 313/329/503 448/467/597 526/548/689 
f 448/467/690 378/396/598 527/549/691 
f 378/396/598 443/462/600 527/549/691 
f 313/329/503 526/548/689 449/468/601 
f 528/550/692 377/395/510 449/468/693 
f 449/468/693 529/551/694 528/550/692 
f 530/552/695 395/469/602 379/397/504 
f 380/398/505 381/399/508 452/472/605 
f 452/472/605 531/553/696 380/398/505 
f 383/401/512 380/398/505 531/553/696 
f 531/553/696 532/554/697 383/401/512 
f 450/470/603 315/332/413 453/473/606 
f 450/470/603 451/471/698 314/331/507 
f 451/471/604 533/555/699 452/472/605 
f 528/550/692 534/556/700 382/400/511 
f 382/400/511 377/395/510 528/550/692 
f 453/473/606 382/400/511 534/556/700 
f 535/557/701 384/402/514 383/401/512 
f 385/403/516 384/402/514 535/557/701 
f 454/474/607 385/403/516 535/557/701 
f 536/558/702 455/475/608 454/474/607 
f 386/404/517 455/475/608 537/559/703 
f 386/404/517 537/559/703 388/406/520 
f 387/405/518 456/476/609 538/560/704 
f 538/560/704 389/407/521 387/405/518 
f 388/406/520 539/561/705 456/476/609 
f 530/552/695 379/397/504 389/407/521 
f 457/477/610 390/408/523 540/562/706 
f 540/562/706 390/408/523 458/478/611 
f 391/409/524 459/479/612 541/563/707 
f 391/409/524 541/563/707 460/480/613 
f 457/477/610 542/564/708 392/410/525 
f 392/410/525 543/565/709 459/479/612 
f 324/341/428 462/482/615 461/481/614 
f 463/483/616 462/482/615 326/343/430 
f 461/481/614 544/566/710 458/478/611 
f 395/413/528 545/567/711 463/483/616 
f 546/568/712 464/484/617 396/414/529 
f 401/419/537 465/485/618 397/415/530 
f 398/416/619 547/569/713 466/486/620 
f 399/417/621 465/485/618 548/570/714 
f 398/416/619 467/487/715 547/569/713 
f 468/488/716 399/417/621 548/570/714 
f 549/571/717 467/487/622 468/488/623 
f 468/488/623 550/572/718 549/571/717 
f 546/568/712 396/414/529 466/486/620 
f 551/573/719 400/418/535 460/480/613 
f 469/489/624 400/418/535 551/573/719 
f 331/348/435 469/489/624 552/574/720 
f 471/491/721 332/349/536 470/490/625 
f 470/490/625 331/348/435 552/574/720 
f 402/420/538 471/491/626 553/575/722 
f 402/420/538 554/576/723 472/492/627 
f 401/419/537 472/492/627 465/485/618 
f 405/423/541 555/577/724 403/421/539 
f 403/421/539 473/493/628 404/422/540 
f 344/361/457 406/424/542 476/496/631 
f 335/352/439 474/494/629 475/495/630 
f 556/578/725 474/494/629 407/425/543 
f 407/425/543 557/579/726 556/578/725 
f 407/425/543 473/493/628 558/580/727 
f 476/496/631 336/353/440 475/495/630 
f 337/354/441 477/497/632 559/581/728 
f 408/426/545 479/499/634 477/497/729 
f 337/354/441 559/581/728 478/498/633 
f 405/423/541 478/498/633 555/577/724 
f 479/499/634 339/356/443 464/484/617 
f 409/427/546 415/433/555 515/536/730 
f 560/582/731 411/429/549 480/500/635 
f 416/434/556 481/501/636 410/428/547 
f 413/431/552 561/583/732 480/500/635 
f 412/430/551 481/501/636 562/584/733 
f 482/502/637 412/430/551 562/584/733 
f 563/585/734 483/503/638 482/502/637 
f 413/431/552 483/503/638 561/583/732 
f 560/582/731 484/504/639 411/429/549 
f 564/586/735 414/432/553 484/504/639 
f 564/586/735 415/433/555 414/432/553 
f 346/363/463 485/505/640 488/508/643 
f 485/505/640 344/361/457 476/496/631 
f 345/362/462 487/507/642 486/506/641 
f 416/434/556 486/506/641 481/501/636 
f 417/435/558 565/587/736 487/507/642 
f 417/436/559 488/508/643 565/588/737 
f 490/510/645 566/589/738 489/509/644 
f 418/437/560 489/509/644 491/511/646 
f 348/365/465 493/513/648 490/510/645 
f 494/514/649 567/590/739 492/512/647 
f 492/512/647 419/438/561 494/514/649 
f 493/513/648 492/512/647 568/591/740 
f 495/515/741 494/514/742 349/366/743 
f 496/516/651 495/515/650 351/368/469 
f 569/592/744 420/439/563 425/444/568 
f 496/516/651 420/439/563 569/592/744 
f 498/518/654 497/517/652 353/370/471 
f 497/517/652 570/593/745 421/440/564 
f 421/440/564 571/594/746 422/441/565 
f 572/595/747 423/442/566 422/441/565 
f 572/595/747 573/596/748 424/443/567 
f 424/443/567 423/442/566 572/595/747 
f 424/443/653 574/597/749 425/444/568 
f 575/598/750 498/518/654 426/445/569 
f 499/519/655 355/372/473 427/446/570 
f 575/598/750 426/445/569 499/519/655 
f 428/447/571 576/599/751 430/449/573 
f 434/453/578 577/600/752 428/447/571 
f 501/521/657 429/448/572 500/520/656 
f 430/449/573 578/601/753 500/520/656 
f 505/525/661 433/452/577 431/450/575 
f 431/450/575 503/523/659 505/525/661 
f 501/521/657 579/602/754 502/522/658 
f 502/522/658 432/451/576 501/521/657 
f 580/603/755 503/523/659 502/522/658 
f 505/525/661 581/604/756 504/524/660 
f 506/526/662 358/375/477 504/524/660 
f 499/519/655 427/446/570 506/526/662 
f 435/527/663 582/605/757 434/453/578 
f 507/528/664 359/377/479 509/530/758 
f 435/527/663 507/606/759 583/607/760 
f 584/608/761 436/455/580 508/529/665 
f 509/530/666 436/455/580 584/608/761 
f 437/456/581 585/609/762 510/531/667 
f 510/531/667 586/610/763 438/457/582 
f 438/457/582 587/611/764 439/458/583 
f 588/612/765 508/529/665 439/458/583 
f 437/456/584 511/532/668 585/609/766 
f 511/532/668 373/391/495 589/613/767 
f 367/385/489 514/535/674 512/533/672 
f 365/383/487 512/533/672 513/534/673 
f 514/535/768 368/386/769 590/614/770 
f 368/386/490 515/536/675 590/614/771 
f 591/615/772 440/459/586 513/534/673 
f 441/460/587 440/459/586 591/615/772 
f 442/461/588 592/616/773 516/537/676 
f 442/461/588 517/538/677 592/616/773 
f 517/538/677 441/460/587 591/615/772 
f 370/388/492 516/537/676 518/539/678 
f 593/617/774 372/390/494 518/539/678 
f 519/540/681 372/390/494 593/617/774 
f 373/391/495 519/540/681 589/613/767 
f 520/541/682 374/392/496 594/618/775 
f 595/619/776 443/462/777 520/541/778 
f 525/547/688 521/542/779 311/327/404 
f 444/463/591 521/542/683 525/547/780 
f 444/463/591 525/547/780 522/543/781 
f 522/543/782 596/620/783 523/544/784 
f 594/618/775 374/392/496 523/544/686 
f 597/621/785 524/545/786 445/464/787 
f 598/622/788 445/546/789 491/511/790 
f 524/545/786 599/623/791 446/465/792 
f 446/465/792 600/624/793 447/466/794 
f 601/625/795 525/547/796 447/466/794 
f 526/548/797 448/467/690 602/626/798 
f 602/626/798 603/627/799 526/548/797 
f 448/467/690 527/549/691 604/628/800 
f 595/619/801 527/549/691 443/462/600 
f 449/468/693 526/548/797 605/629/802 
f 449/468/693 606/630/803 529/551/694 
f 534/556/700 528/550/692 529/551/694 
f 395/469/602 530/552/695 607/631/804 
f 452/472/605 608/632/805 531/553/696 
f 531/553/696 609/633/806 532/554/697 
f 535/557/701 383/401/512 532/554/697 
f 610/634/807 450/470/603 453/473/606 
f 611/635/808 612/636/809 451/471/698 
f 451/471/698 450/470/603 611/635/808 
f 451/471/604 612/636/810 533/555/699 
f 452/472/605 533/555/699 608/632/805 
f 453/473/606 534/556/700 613/637/811 
f 454/474/607 535/557/701 614/638/812 
f 454/474/607 615/639/813 536/558/702 
f 455/475/608 536/558/702 537/559/703 
f 388/406/520 537/559/703 539/561/705 
f 616/640/814 538/560/704 456/476/609 
f 530/552/695 389/407/521 538/560/704 
f 616/640/814 456/476/609 539/561/705 
f 617/641/815 457/477/610 540/562/706 
f 540/562/706 458/478/611 544/566/710 
f 459/479/612 618/642/816 541/563/707 
f 551/573/719 460/480/613 541/563/707 
f 457/477/610 617/641/815 542/564/708 
f 392/410/525 542/564/708 543/565/709 
f 459/479/612 543/565/709 618/642/816 
f 462/482/615 619/643/817 461/481/614 
f 463/483/616 620/644/818 462/482/615 
f 461/481/614 619/643/817 544/566/710 
f 395/413/528 621/645/819 545/567/711 
f 463/483/616 545/567/711 622/646/820 
f 479/499/634 464/484/617 546/568/712 
f 623/647/821 466/486/620 547/569/713 
f 472/492/627 548/570/714 465/485/618 
f 467/487/715 624/648/822 547/569/713 
f 468/488/716 548/570/714 625/649/823 
f 467/487/715 549/571/824 624/648/822 
f 550/572/825 468/488/716 625/649/823 
f 550/572/718 626/650/826 627/651/827 
f 627/651/827 549/571/717 550/572/718 
f 623/647/821 546/568/712 466/486/620 
f 552/574/720 469/489/624 551/573/719 
f 471/491/721 470/490/625 628/652/828 
f 470/490/625 552/574/720 629/653/829 
f 402/420/538 553/575/722 554/576/723 
f 471/491/626 630/654/830 553/575/722 
f 472/492/627 554/576/723 548/570/714 
f 403/421/539 555/577/724 473/493/628 
f 474/494/629 631/655/831 475/495/630 
f 474/494/629 556/578/725 631/655/831 
f 557/579/726 407/425/543 558/580/727 
f 632/656/832 556/578/725 557/579/726 
f 557/579/726 633/657/833 632/656/832 
f 555/577/724 558/580/727 473/493/628 
f 634/658/834 476/496/631 475/495/630 
f 559/581/728 477/497/632 635/659/835 
f 477/497/729 479/499/634 636/660/836 
f 478/498/633 559/581/728 637/661/837 
f 478/498/633 638/662/838 555/577/724 
f 515/536/730 415/433/555 564/586/735 
f 639/663/839 560/582/731 480/500/635 
f 639/663/839 480/500/635 561/583/732 
f 486/506/641 562/584/733 481/501/636 
f 482/502/637 562/584/733 640/664/840 
f 641/665/841 563/585/734 482/502/637 
f 483/503/638 563/585/842 561/583/732 
f 642/666/843 484/504/639 560/582/731 
f 642/666/843 564/586/735 484/504/639 
f 488/508/643 485/505/640 643/667/844 
f 485/505/640 476/496/631 634/658/834 
f 487/507/642 644/668/845 486/506/641 
f 487/507/642 565/587/736 645/669/846 
f 565/588/737 488/508/643 646/670/847 
f 490/510/645 647/671/848 566/589/738 
f 566/589/738 648/672/849 649/673/850 
f 649/673/850 489/509/644 566/589/738 
f 489/509/644 649/673/850 491/511/646 
f 493/513/851 650/674/852 490/510/853 
f 492/512/647 567/590/739 651/675/854 
f 567/590/855 494/514/742 652/676/856 
f 568/591/740 653/677/857 493/513/648 
f 492/512/647 651/675/854 568/591/740 
f 495/515/741 652/676/856 494/514/742 
f 654/678/858 495/515/650 496/516/651 
f 569/592/744 425/444/568 574/597/749 
f 496/516/651 569/592/744 655/679/859 
f 498/518/654 656/680/860 497/517/652 
f 497/517/652 656/680/860 570/593/745 
f 421/440/564 570/593/745 571/594/746 
f 572/595/747 422/441/565 571/594/746 
f 573/596/748 572/595/747 657/681/861 
f 424/443/653 573/596/748 574/597/749 
f 575/598/750 658/682/862 498/518/654 
f 659/683/863 575/598/750 499/519/655 
f 428/447/571 577/600/752 576/599/751 
f 430/449/573 576/599/751 578/601/753 
f 582/605/757 577/600/752 434/453/578 
f 579/602/754 501/521/657 500/520/656 
f 579/602/754 500/520/656 578/601/753 
f 503/523/659 660/684/864 505/525/661 
f 661/685/865 502/522/658 579/602/754 
f 661/685/865 580/603/755 502/522/658 
f 503/523/659 580/603/755 660/684/864 
f 505/525/661 660/684/864 581/604/756 
f 662/686/866 504/524/660 581/604/756 
f 662/686/866 506/526/662 504/524/660 
f 659/683/863 499/519/655 506/526/662 
f 435/527/663 583/607/760 582/605/757 
f 507/528/664 509/530/758 663/687/867 
f 583/607/760 507/606/759 663/688/868 
f 584/608/761 508/529/665 588/612/765 
f 509/530/666 584/608/761 664/689/869 
f 510/531/667 585/609/762 665/690/870 
f 510/531/667 665/690/870 586/610/763 
f 438/457/582 586/610/763 587/611/764 
f 588/612/765 439/458/583 587/611/764 
f 585/609/766 511/532/668 589/613/767 
f 666/691/871 512/533/872 514/535/768 
f 512/533/873 667/692/874 513/534/875 
f 590/614/770 668/693/876 514/535/768 
f 590/614/771 515/536/675 669/694/877 
f 591/615/772 513/534/673 667/692/878 
f 516/537/676 592/616/773 670/695/879 
f 592/616/880 517/538/881 671/696/882 
f 517/538/677 591/615/772 672/697/883 
f 516/537/676 670/695/879 518/539/678 
f 593/617/774 518/539/678 670/695/879 
f 673/698/884 519/540/681 593/617/774 
f 589/613/767 519/540/681 674/699/885 
f 675/700/886 520/541/778 594/618/887 
f 675/700/886 595/619/776 520/541/778 
f 601/625/888 522/543/889 525/547/890 
f 522/543/782 676/701/891 596/620/783 
f 677/702/892 523/544/784 596/620/783 
f 677/702/892 594/618/887 523/544/784 
f 598/622/788 597/703/893 445/546/789 
f 597/621/785 678/704/894 524/545/786 
f 598/622/788 491/511/790 649/673/895 
f 524/545/786 678/704/894 599/623/791 
f 446/465/792 599/623/791 600/624/793 
f 601/625/795 447/466/794 600/624/793 
f 448/467/690 679/705/896 602/626/798 
f 602/626/798 680/706/897 603/627/799 
f 681/707/898 526/548/797 603/627/799 
f 448/467/690 604/628/800 679/705/896 
f 682/708/899 604/628/800 527/549/691 
f 595/619/801 682/708/899 527/549/691 
f 605/629/802 683/709/900 449/468/693 
f 605/629/802 526/548/797 681/707/898 
f 449/468/693 684/710/901 606/630/803 
f 534/556/700 529/551/694 606/630/803 
f 621/711/902 395/469/602 607/631/804 
f 607/631/804 530/552/695 538/560/704 
f 531/553/696 608/632/805 609/633/806 
f 614/638/812 532/554/697 609/633/806 
f 614/638/812 535/557/701 532/554/697 
f 610/634/807 453/473/606 613/637/811 
f 450/470/603 610/634/807 685/712/903 
f 612/636/809 611/635/808 686/713/904 
f 611/635/808 450/470/603 685/712/903 
f 533/555/699 612/636/810 687/714/905 
f 533/555/699 688/715/906 608/632/805 
f 613/637/811 534/556/700 606/630/803 
f 454/474/607 614/638/812 615/639/813 
f 536/558/907 615/639/908 689/716/909 
f 537/559/703 536/558/702 690/717/910 
f 537/559/703 690/717/910 539/561/705 
f 607/631/804 538/560/704 616/640/814 
f 691/718/911 616/640/814 539/561/705 
f 617/641/815 540/562/706 692/719/912 
f 692/719/912 540/562/706 544/566/710 
f 541/563/707 618/642/816 693/720/913 
f 693/720/913 551/573/719 541/563/707 
f 542/564/708 617/641/815 694/721/914 
f 542/564/708 695/722/915 543/565/709 
f 543/565/709 696/723/916 618/642/816 
f 462/482/615 620/644/818 619/643/817 
f 463/483/616 622/646/820 620/644/818 
f 544/566/710 619/643/817 697/724/917 
f 697/724/917 698/725/918 544/566/710 
f 545/567/711 621/645/819 699/726/919 
f 622/646/820 545/567/711 700/727/920 
f 636/660/836 479/499/634 546/568/712 
f 701/728/921 623/647/821 547/569/713 
f 701/728/921 547/569/713 624/648/822 
f 554/576/723 625/649/823 548/570/714 
f 549/571/824 702/729/922 624/648/822 
f 550/572/825 625/649/823 703/730/923 
f 626/650/924 550/572/825 703/730/923 
f 626/731/826 704/732/925 705/733/926 
f 705/733/926 627/734/827 626/731/826 
f 549/571/824 627/651/927 702/729/922 
f 636/660/836 546/568/712 623/647/821 
f 552/574/720 551/573/719 693/720/913 
f 471/491/721 628/652/828 630/654/928 
f 470/490/625 629/653/829 628/652/828 
f 629/653/829 552/574/720 693/720/913 
f 553/575/722 706/735/929 554/576/723 
f 553/575/722 630/654/830 707/736/930 
f 634/658/834 475/495/630 631/655/831 
f 556/578/725 708/737/931 631/655/831 
f 557/579/726 558/580/727 709/738/932 
f 556/578/725 632/656/832 708/737/931 
f 633/657/833 557/579/726 709/738/932 
f 633/657/833 710/739/933 632/656/832 
f 555/577/724 638/662/838 558/580/727 
f 559/581/728 635/659/835 711/740/934 
f 477/497/729 636/660/836 635/659/935 
f 478/498/633 637/661/837 712/741/936 
f 559/581/728 711/740/934 637/661/837 
f 478/498/633 712/741/936 638/662/838 
f 515/536/730 564/586/735 669/694/937 
f 713/742/938 560/582/731 639/663/839 
f 714/743/939 639/663/839 561/583/732 
f 486/506/641 644/668/845 562/584/733 
f 641/665/940 482/502/637 640/664/840 
f 644/668/845 640/664/840 562/584/733 
f 563/744/842 641/745/940 715/746/941 
f 715/746/941 716/747/942 563/744/842 
f 714/743/939 561/583/732 563/585/842 
f 713/742/938 642/666/843 560/582/731 
f 669/694/937 564/586/735 642/666/843 
f 488/508/643 643/667/844 646/670/847 
f 717/748/943 643/667/844 485/505/640 
f 485/505/640 634/658/834 717/748/943 
f 487/507/642 645/669/846 644/668/845 
f 565/587/736 718/749/944 645/669/846 
f 565/588/737 646/670/847 718/750/945 
f 650/674/946 647/671/848 490/510/645 
f 648/672/849 566/589/738 647/671/848 
f 648/672/947 719/751/948 720/752/949 
f 720/752/949 649/673/895 648/672/947 
f 493/513/851 721/753/950 650/674/852 
f 567/590/855 722/754/951 651/675/952 
f 567/590/855 652/676/856 723/755/953 
f 568/591/740 724/756/954 653/677/857 
f 493/513/648 653/677/857 721/753/955 
f 568/591/740 651/675/854 724/756/954 
f 654/678/956 652/676/856 495/515/741 
f 654/678/858 496/516/651 725/757/957 
f 655/679/859 569/592/744 574/597/749 
f 725/757/957 496/516/651 655/679/859 
f 656/680/860 498/518/654 726/758/958 
f 570/593/745 656/680/860 726/758/958 
f 571/594/746 570/593/745 727/759/959 
f 572/595/747 571/594/746 728/760/960 
f 573/596/748 657/681/861 729/761/961 
f 572/595/747 728/760/960 657/681/861 
f 574/597/749 573/596/748 730/762/962 
f 658/682/862 575/598/750 731/763/963 
f 498/518/654 658/682/862 726/758/958 
f 731/763/963 575/598/750 659/683/863 
f 577/600/752 732/764/964 576/599/751 
f 576/599/751 733/765/965 578/601/753 
f 582/605/757 734/766/966 577/600/752 
f 735/767/967 579/602/754 578/601/753 
f 661/685/865 579/602/754 735/767/967 
f 661/685/865 736/768/968 580/603/755 
f 580/603/755 737/769/969 660/684/864 
f 660/684/864 738/770/970 581/604/756 
f 739/771/971 662/686/866 581/604/756 
f 659/683/863 506/526/662 662/686/866 
f 582/605/757 583/607/760 734/766/966 
f 663/687/867 509/530/758 664/689/972 
f 583/607/760 663/688/868 740/772/973 
f 741/773/974 584/608/761 588/612/765 
f 664/689/869 584/608/761 741/773/974 
f 585/609/762 742/774/975 665/690/870 
f 665/690/870 743/775/976 586/610/763 
f 586/610/763 744/776/977 587/611/764 
f 744/776/977 745/777/978 588/612/765 
f 588/612/765 587/611/764 744/776/977 
f 585/609/766 589/613/767 742/774/979 
f 514/535/768 668/693/876 666/691/871 
f 512/533/873 666/691/980 667/692/874 
f 668/693/981 590/614/771 746/778/982 
f 590/614/771 669/694/877 746/778/982 
f 672/697/883 591/615/772 667/692/878 
f 747/779/983 670/695/879 592/616/773 
f 592/616/773 748/780/984 747/779/983 
f 671/696/882 748/780/985 592/616/880 
f 517/538/677 672/697/883 671/696/986 
f 670/695/879 747/779/983 749/781/987 
f 749/781/987 593/617/774 670/695/879 
f 673/698/884 593/617/774 749/781/987 
f 519/540/681 673/698/884 674/699/885 
f 742/774/979 589/613/767 674/699/885 
f 675/700/886 594/618/887 677/702/892 
f 750/782/988 595/619/776 675/700/886 
f 601/625/888 676/701/989 522/543/889 
f 676/701/891 751/783/990 596/620/783 
f 752/784/991 677/702/892 596/620/783 
f 753/785/992 597/703/893 598/622/788 
f 678/704/894 597/621/785 754/786/993 
f 754/786/993 755/787/994 678/704/894 
f 720/752/949 598/622/788 649/673/895 
f 599/623/791 678/704/894 755/787/994 
f 755/787/994 756/788/995 599/623/791 
f 600/624/793 599/623/791 756/788/995 
f 756/788/995 757/789/996 600/624/793 
f 758/790/997 601/625/795 600/624/793 
f 602/626/798 679/705/896 680/706/897 
f 681/707/898 603/627/799 680/706/897 
f 604/628/800 759/791/998 679/705/896 
f 682/708/899 760/792/999 604/628/800 
f 750/782/1000 682/708/899 595/619/801 
f 683/709/900 605/629/802 761/793/1001 
f 761/793/1001 762/794/1002 683/709/900 
f 449/468/693 683/709/900 684/710/901 
f 681/707/898 763/795/1003 761/793/1001 
f 761/793/1001 605/629/802 681/707/898 
f 764/796/1004 606/630/803 684/710/901 
f 684/710/901 765/797/1005 764/796/1004 
f 621/711/902 607/631/804 766/798/1006 
f 608/632/805 767/799/1007 609/633/806 
f 615/639/813 614/638/812 609/633/806 
f 610/634/807 613/637/811 768/800/1008 
f 685/712/903 610/634/807 768/800/1008 
f 612/636/809 686/713/904 769/801/1009 
f 611/635/808 770/802/1010 686/713/904 
f 611/635/808 685/712/903 770/802/1010 
f 533/555/699 687/714/905 688/715/906 
f 612/636/810 769/801/1011 687/714/905 
f 608/632/805 688/715/906 767/799/1007 
f 613/637/811 606/630/803 764/796/1004 
f 536/558/702 689/716/1012 771/803/1013 
f 615/639/908 772/804/1014 689/716/909 
f 536/558/702 771/803/1013 690/717/910 
f 691/718/911 539/561/705 690/717/910 
f 766/798/1006 607/631/804 616/640/814 
f 766/798/1006 616/640/814 691/718/911 
f 773/805/1015 617/641/815 692/719/912 
f 692/719/912 544/566/710 698/725/918 
f 696/723/916 774/806/1016 693/720/913 
f 693/720/913 618/642/816 696/723/916 
f 542/564/708 694/721/914 695/722/915 
f 617/641/815 773/805/1015 694/721/914 
f 543/565/709 695/722/915 696/723/916 
f 620/644/818 697/724/917 619/643/817 
f 620/644/818 622/646/820 697/724/917 
f 697/724/917 775/807/1017 698/725/918 
f 545/567/711 699/726/919 776/808/1018 
f 621/711/902 766/798/1006 699/809/1019 
f 622/646/820 700/727/920 777/810/1020 
f 545/567/711 776/808/1018 700/727/920 
f 778/811/1021 623/647/821 701/728/921 
f 779/812/1022 701/728/921 624/648/822 
f 554/576/723 706/735/929 625/649/823 
f 779/812/1022 624/648/822 702/729/922 
f 706/735/929 703/730/923 625/649/823 
f 626/650/924 703/730/923 780/813/1023 
f 704/814/1024 626/650/924 780/813/1023 
f 704/732/1024 781/815/1025 782/816/1026 
f 782/816/1026 705/733/1027 704/732/1024 
f 627/651/927 705/817/1027 702/729/922 
f 778/811/1021 636/660/836 623/647/821 
f 630/654/928 628/652/828 783/818/1028 
f 628/652/828 629/653/829 784/819/1029 
f 629/653/829 693/720/913 774/806/1016 
f 553/575/722 707/736/930 706/735/929 
f 630/654/830 785/820/1030 707/736/930 
f 717/748/943 634/658/834 631/655/831 
f 717/748/943 631/655/831 708/737/931 
f 638/662/838 709/738/932 558/580/727 
f 632/656/832 786/821/1031 708/737/931 
f 633/657/833 709/738/932 787/822/1032 
f 633/657/833 787/822/1032 710/739/933 
f 710/739/933 788/823/1033 632/656/832 
f 711/740/934 635/659/835 789/824/1034 
f 635/659/935 636/660/836 778/811/1021 
f 637/661/837 790/825/1035 712/741/936 
f 637/661/837 711/740/934 791/826/1036 
f 638/662/838 712/741/936 709/738/932 
f 792/827/1037 713/742/938 639/663/839 
f 792/827/1037 639/663/839 714/743/939 
f 793/828/1038 641/665/940 640/664/840 
f 644/668/845 793/828/1038 640/664/840 
f 715/829/1039 641/665/1040 794/830/1041 
f 716/747/1042 715/746/1043 795/831/1044 
f 795/831/1044 796/832/1045 716/747/1042 
f 716/833/1046 797/834/1047 563/585/1048 
f 792/827/1037 714/743/939 563/585/842 
f 713/742/938 798/835/1049 642/666/843 
f 669/694/937 642/666/843 798/835/1049 
f 799/836/1050 646/670/847 643/667/844 
f 799/836/1050 643/667/844 717/748/943 
f 645/669/846 793/828/1038 644/668/845 
f 800/837/1051 645/669/846 718/749/944 
f 801/838/1052 718/750/945 646/670/847 
f 650/674/946 802/839/1053 647/671/848 
f 648/672/849 647/671/848 802/839/1053 
f 719/751/948 803/840/1054 804/841/1055 
f 804/841/1055 720/752/949 719/751/948 
f 802/839/1056 805/842/1057 719/751/948 
f 719/751/948 648/672/947 802/839/1056 
f 650/674/852 721/753/950 806/843/1058 
f 567/590/855 723/755/953 722/754/951 
f 651/675/952 722/754/951 807/844/1059 
f 808/845/1060 723/755/953 652/676/856 
f 806/843/1061 653/677/857 724/756/954 
f 806/843/1061 721/753/955 653/677/857 
f 651/675/952 807/844/1059 724/756/1062 
f 654/678/956 808/845/1060 652/676/856 
f 809/846/1063 654/678/858 725/757/957 
f 655/679/859 574/597/749 730/762/962 
f 810/847/1064 725/757/957 655/679/859 
f 570/593/745 726/758/958 727/759/959 
f 571/594/746 727/759/959 728/760/960 
f 573/596/748 729/761/961 730/762/962 
f 657/681/861 811/848/1065 729/761/961 
f 812/849/1066 657/681/861 728/760/1067 
f 813/850/1068 658/682/862 731/763/963 
f 658/682/862 813/850/1068 726/758/958 
f 731/763/963 659/683/863 814/851/1069 
f 577/600/752 734/766/966 732/764/964 
f 576/599/751 732/764/964 733/765/965 
f 735/767/967 578/601/753 733/765/965 
f 815/852/1070 661/685/865 735/767/967 
f 661/685/865 815/852/1070 736/768/968 
f 580/603/755 736/768/968 737/769/969 
f 660/684/864 737/769/969 738/770/970 
f 739/771/971 581/604/756 738/770/970 
f 814/851/1069 662/686/866 739/771/971 
f 814/851/1069 659/683/863 662/686/866 
f 583/607/760 816/853/1071 734/766/966 
f 663/687/867 664/689/972 817/854/1072 
f 583/607/760 740/772/973 818/855/1073 
f 740/772/973 663/688/868 817/856/1074 
f 741/773/974 588/612/765 745/777/978 
f 664/689/869 741/773/974 819/857/1075 
f 665/690/870 742/774/975 820/858/1076 
f 665/690/870 820/858/1076 743/775/976 
f 586/610/763 743/775/976 744/776/977 
f 821/859/1077 745/777/978 744/776/977 
f 668/693/981 822/860/1078 666/691/1079 
f 666/691/1079 823/861/1080 667/692/878 
f 668/693/981 746/778/982 824/862/1081 
f 746/778/982 669/694/877 798/835/1082 
f 672/697/883 667/692/878 823/861/1080 
f 748/780/984 825/863/1083 747/779/983 
f 826/864/1084 748/780/1085 671/696/1086 
f 827/865/1087 671/696/986 672/697/883 
f 672/697/883 823/861/1080 827/865/1087 
f 828/866/1088 749/781/987 747/779/983 
f 829/867/1089 673/698/884 749/781/987 
f 829/867/1089 674/699/885 673/698/884 
f 742/774/979 674/699/885 830/868/1090 
f 831/869/1091 675/700/886 677/702/892 
f 831/869/1091 750/782/988 675/700/886 
f 601/625/888 758/790/1092 832/870/1093 
f 832/870/1093 676/701/989 601/625/888 
f 676/701/891 832/870/1094 751/783/990 
f 752/784/991 596/620/783 751/783/990 
f 831/869/1091 677/702/892 752/784/991 
f 720/752/949 804/841/1055 753/785/992 
f 753/785/992 598/622/788 720/752/949 
f 753/785/992 754/871/1095 597/703/893 
f 754/786/993 833/872/1096 755/787/994 
f 755/787/994 834/873/1097 756/788/995 
f 756/788/995 835/874/1098 757/789/996 
f 758/790/997 600/624/793 757/789/996 
f 679/705/896 836/875/1099 680/706/897 
f 763/795/1003 681/707/898 680/706/897 
f 604/628/800 760/792/999 759/791/998 
f 679/705/896 759/791/998 836/875/1099 
f 837/876/1100 760/792/999 682/708/899 
f 750/782/1000 837/876/1100 682/708/899 
f 762/794/1002 761/793/1001 838/877/1101 
f 838/877/1101 839/878/1102 762/794/1002 
f 684/710/901 683/709/900 762/794/1002 
f 762/794/1002 765/797/1005 684/710/901 
f 838/877/1101 761/793/1001 763/795/1003 
f 765/797/1005 840/879/1103 764/796/1004 
f 615/639/813 609/633/806 767/799/1007 
f 768/800/1008 613/637/811 764/796/1004 
f 685/712/903 768/800/1008 841/880/1104 
f 769/801/1009 686/713/904 842/881/1105 
f 686/713/904 770/802/1010 843/882/1106 
f 770/802/1010 685/712/903 841/880/1104 
f 687/714/905 844/883/1107 688/715/906 
f 687/714/905 769/801/1011 845/884/1108 
f 688/715/906 846/885/1109 767/799/1007 
f 689/716/1012 847/886/1110 771/803/1013 
f 772/804/1111 615/639/813 767/799/1007 
f 689/716/909 772/804/1014 848/887/1112 
f 849/888/1113 690/717/910 771/803/1013 
f 849/888/1113 691/718/911 690/717/910 
f 850/889/1114 766/798/1006 691/718/911 
f 773/805/1015 692/719/912 851/890/1115 
f 775/807/1017 851/890/1115 692/719/912 
f 692/719/912 698/725/918 775/807/1017 
f 852/891/1116 774/806/1016 696/723/916 
f 694/721/914 853/892/1117 695/722/915 
f 694/721/914 773/805/1015 854/893/1118 
f 695/722/915 855/894/1119 696/723/916 
f 622/646/820 777/810/1020 697/724/917 
f 697/724/917 777/810/1020 775/807/1017 
f 776/808/1018 699/726/919 856/895/1120 
f 699/809/1019 766/798/1006 850/889/1114 
f 700/727/920 857/896/1121 777/810/1020 
f 700/727/920 776/808/1018 858/897/1122 
f 859/898/1123 778/811/1021 701/728/921 
f 859/898/1123 701/728/921 779/812/1022 
f 860/899/1124 779/812/1022 702/729/922 
f 706/735/929 861/900/1125 703/730/923 
f 861/900/1125 780/813/1023 703/730/923 
f 862/901/1126 704/814/1024 780/813/1023 
f 781/902/1127 704/814/925 863/903/1128 
f 782/816/1129 781/815/1130 864/904/1131 
f 864/904/1131 865/905/1132 782/816/1129 
f 782/816/1133 866/906/1134 705/733/926 
f 860/899/1124 702/729/922 705/817/1027 
f 630/654/928 783/818/1028 785/820/1135 
f 628/652/828 784/819/1029 783/818/1028 
f 784/819/1029 629/653/829 774/806/1016 
f 707/736/930 861/900/1125 706/735/929 
f 707/736/930 785/820/1030 867/907/1136 
f 868/908/1137 717/748/943 708/737/931 
f 788/823/1033 786/821/1031 632/656/832 
f 868/908/1137 708/737/931 786/821/1031 
f 712/741/936 787/822/1032 709/738/932 
f 790/825/1035 710/739/933 787/822/1032 
f 869/909/1138 788/910/1033 710/911/933 
f 710/911/933 870/912/1139 869/909/1138 
f 711/740/934 789/824/1034 871/913/1140 
f 635/659/935 778/811/1021 789/824/1141 
f 637/661/837 791/826/1036 790/825/1035 
f 712/741/936 790/825/1035 787/822/1032 
f 711/740/934 871/913/1140 791/826/1036 
f 792/827/1037 872/914/1142 713/742/938 
f 793/828/1038 873/915/1143 641/665/940 
f 715/829/1039 794/830/1041 874/916/1144 
f 641/665/940 873/915/1143 794/830/1145 
f 715/917/1043 782/816/1129 865/905/1132 
f 865/905/1132 795/918/1044 715/917/1043 
f 796/832/1045 795/831/1044 875/919/1146 
f 875/919/1146 876/920/1147 796/832/1045 
f 877/921/1148 716/747/1042 796/832/1045 
f 796/832/1045 878/922/1149 877/921/1148 
f 716/833/1150 879/923/1151 797/834/1152 
f 797/834/1047 792/827/1153 563/585/1048 
f 713/742/938 872/914/1142 798/835/1049 
f 799/836/1050 801/838/1052 646/670/847 
f 799/836/1050 717/748/943 868/908/1137 
f 645/669/846 800/837/1051 793/828/1038 
f 880/924/1154 800/837/1051 718/749/944 
f 801/838/1052 880/925/1155 718/750/945 
f 650/674/946 881/926/1156 802/839/1053 
f 882/927/1157 804/841/1055 803/840/1054 
f 805/842/1057 883/928/1158 803/840/1054 
f 803/840/1054 719/751/948 805/842/1057 
f 802/839/1056 881/926/1159 884/929/1160 
f 884/929/1160 805/842/1057 802/839/1056 
f 650/674/852 806/843/1058 881/926/1161 
f 885/930/1162 722/754/951 723/755/953 
f 886/931/1163 807/844/1059 722/754/951 
f 808/845/1060 885/930/1162 723/755/953 
f 806/843/1164 724/756/1062 887/932/1165 
f 724/756/1062 807/844/1059 887/932/1165 
f 654/678/956 888/933/1166 808/845/1060 
f 810/847/1064 809/846/1063 725/757/957 
f 654/678/956 809/846/1167 888/933/1166 
f 889/934/1168 655/679/859 730/762/962 
f 889/934/1168 810/847/1064 655/679/859 
f 726/758/1169 890/935/1170 727/759/1171 
f 727/759/1171 891/936/1172 728/760/1067 
f 729/761/961 892/937/1173 730/762/962 
f 657/681/861 812/849/1066 811/848/1065 
f 729/761/961 811/848/1065 892/937/1173 
f 812/849/1066 728/760/1067 891/936/1172 
f 813/850/1068 731/763/963 893/938/1174 
f 726/758/1169 813/850/1175 894/939/1176 
f 731/763/963 814/851/1069 893/938/1174 
f 734/766/966 895/940/1177 732/764/964 
f 732/764/964 896/941/1178 733/765/965 
f 897/942/1179 735/767/967 733/765/965 
f 815/852/1070 735/767/967 897/942/1179 
f 736/768/968 815/852/1070 898/943/1180 
f 736/768/968 899/944/1181 737/769/969 
f 737/769/969 900/945/1182 738/770/970 
f 901/946/1183 739/771/971 738/770/970 
f 902/947/1184 814/851/1069 739/771/971 
f 816/853/1071 583/607/760 818/855/1073 
f 734/766/966 816/853/1071 895/940/1177 
f 817/854/1072 664/689/972 819/857/1185 
f 818/855/1073 740/772/973 903/948/1186 
f 740/772/973 817/856/1074 904/949/1187 
f 905/950/1188 741/773/974 745/777/978 
f 905/950/1188 819/857/1075 741/773/974 
f 742/774/975 830/868/1189 820/858/1076 
f 820/858/1076 906/951/1190 743/775/976 
f 743/775/976 907/952/1191 744/776/977 
f 821/859/1077 744/776/977 907/952/1191 
f 905/950/1188 745/777/978 821/859/1077 
f 668/693/981 824/862/1081 822/860/1078 
f 666/691/1079 822/860/1078 823/861/1080 
f 824/862/1081 746/778/982 908/953/1192 
f 746/778/982 798/835/1082 908/953/1192 
f 748/780/984 826/864/1193 825/863/1083 
f 828/866/1088 747/779/983 825/863/1083 
f 909/954/1194 826/864/1084 671/696/1086 
f 909/954/1195 671/696/986 827/865/1087 
f 822/860/1078 827/865/1087 823/861/1080 
f 829/867/1089 749/781/987 828/866/1088 
f 829/867/1089 910/955/1196 674/699/885 
f 910/955/1196 830/868/1090 674/699/885 
f 750/782/988 831/869/1091 911/956/1197 
f 832/870/1093 758/790/1092 912/957/1198 
f 912/957/1198 913/958/1199 832/870/1093 
f 832/870/1094 914/959/1200 751/783/990 
f 915/960/1201 752/784/991 751/783/990 
f 911/956/1197 831/869/1091 752/784/991 
f 753/785/992 804/841/1055 882/927/1157 
f 754/871/1095 753/785/992 916/961/1202 
f 754/786/993 917/962/1203 833/872/1096 
f 755/787/994 833/872/1096 834/873/1097 
f 756/788/995 834/873/1097 835/874/1098 
f 912/957/1204 757/789/996 835/874/1098 
f 912/957/1204 758/790/997 757/789/996 
f 763/795/1003 680/706/897 836/875/1099 
f 760/792/999 918/963/1205 759/791/998 
f 759/791/998 919/964/1206 836/875/1099 
f 837/876/1100 920/965/1207 760/792/999 
f 921/966/1208 837/876/1100 750/782/1000 
f 750/782/1000 922/967/1209 921/966/1208 
f 839/878/1102 838/877/1101 923/968/1210 
f 923/968/1210 924/969/1211 839/878/1102 
f 762/794/1002 839/878/1102 925/970/1212 
f 762/794/1002 925/970/1212 765/797/1005 
f 838/877/1101 763/795/1003 926/971/1213 
f 765/797/1005 925/970/1212 840/879/1103 
f 768/800/1008 764/796/1004 840/879/1103 
f 841/880/1104 768/800/1008 840/879/1103 
f 769/801/1009 842/881/1105 927/972/1214 
f 686/713/904 843/882/1106 842/881/1105 
f 843/882/1106 770/802/1010 928/973/1215 
f 770/802/1010 841/880/1104 928/973/1215 
f 687/714/905 845/884/1108 844/883/1107 
f 688/715/906 844/883/1107 846/885/1109 
f 769/801/1011 927/972/1216 845/884/1108 
f 772/804/1111 767/799/1007 846/885/1109 
f 689/716/1012 848/887/1217 847/886/1110 
f 929/974/1218 771/803/1013 847/886/1110 
f 772/804/1014 930/975/1219 848/887/1112 
f 929/974/1218 849/888/1113 771/803/1013 
f 850/889/1114 691/718/911 849/888/1113 
f 931/976/1220 773/805/1015 851/890/1115 
f 932/977/1221 851/890/1115 775/807/1017 
f 852/891/1116 696/723/916 855/894/1119 
f 784/819/1029 774/806/1016 852/891/1116 
f 694/721/914 854/893/1118 853/892/1117 
f 695/722/915 853/892/1117 855/894/1119 
f 773/805/1015 931/976/1220 854/893/1118 
f 777/810/1020 933/978/1222 775/807/1017 
f 776/808/1018 856/895/1120 934/979/1223 
f 699/809/1019 850/889/1114 856/980/1224 
f 700/727/920 858/897/1122 857/896/1121 
f 777/810/1020 857/896/1121 933/978/1222 
f 776/808/1018 934/979/1223 858/897/1122 
f 859/898/1123 789/824/1141 778/811/1021 
f 935/981/1225 859/898/1123 779/812/1022 
f 935/981/1225 779/812/1022 860/899/1124 
f 861/900/1125 862/901/1126 780/813/1023 
f 862/901/1126 936/982/1226 704/814/1024 
f 781/902/1127 863/903/1128 937/983/1227 
f 704/814/1024 936/982/1226 863/903/1228 
f 781/815/1130 938/984/1229 939/985/1230 
f 939/985/1230 864/904/1131 781/815/1130 
f 865/905/1132 864/904/1131 940/986/1231 
f 940/986/1231 941/987/1232 865/905/1132 
f 782/816/1233 942/988/1234 866/906/1235 
f 866/989/1134 935/981/1236 705/817/926 
f 935/981/1225 860/899/1124 705/817/1027 
f 785/820/1135 783/818/1028 943/990/1237 
f 783/818/1028 784/819/1029 944/991/1238 
f 707/736/930 867/907/1136 861/900/1125 
f 785/820/1030 945/992/1239 867/907/1136 
f 946/993/1240 786/821/1031 788/823/1033 
f 946/993/1240 868/908/1137 786/821/1031 
f 790/825/1035 947/994/1241 710/739/933 
f 869/909/1138 948/995/1242 788/910/1033 
f 949/996/1243 871/913/1140 789/824/1034 
f 791/826/1036 947/994/1241 790/825/1035 
f 947/994/1241 791/826/1036 871/913/1140 
f 792/827/1037 797/834/1244 872/914/1142 
f 800/837/1051 873/915/1143 793/828/1038 
f 869/909/1138 715/917/1245 874/997/1246 
f 874/916/1247 794/830/1145 880/924/1154 
f 800/837/1051 794/830/1145 873/915/1143 
f 869/909/1138 870/912/1139 782/816/1233 
f 782/816/1233 715/917/1245 869/909/1138 
f 795/918/1044 865/905/1132 941/987/1232 
f 941/987/1232 875/998/1146 795/918/1044 
f 876/920/1147 875/919/1146 950/999/1248 
f 950/999/1248 951/1000/1249 876/920/1147 
f 878/922/1149 796/832/1045 876/920/1147 
f 876/920/1147 952/1001/1250 878/922/1149 
f 953/1002/1251 716/747/1150 877/921/1252 
f 877/921/1252 954/1003/1253 953/1002/1251 
f 955/1004/1254 877/921/1148 878/922/1149 
f 878/922/1149 956/1005/1255 955/1004/1254 
f 716/833/1150 953/1006/1251 879/923/1151 
f 797/834/1152 879/923/1151 957/1007/1256 
f 872/914/1257 908/953/1192 798/835/1082 
f 946/993/1240 801/838/1052 799/836/1050 
f 946/993/1240 799/836/1050 868/908/1137 
f 794/830/1145 800/837/1051 880/924/1154 
f 948/995/1242 880/1008/1155 801/1009/1052 
f 882/927/1157 803/840/1054 958/1010/1258 
f 958/1010/1258 803/840/1054 883/928/1158 
f 884/929/1160 883/928/1158 805/842/1057 
f 884/929/1160 881/926/1159 806/843/1164 
f 885/930/1162 886/931/1163 722/754/951 
f 886/931/1163 959/1011/1259 807/844/1059 
f 808/845/1060 960/1012/1260 885/930/1162 
f 884/929/1160 806/843/1164 887/932/1165 
f 807/844/1059 959/1011/1259 887/932/1165 
f 808/845/1060 888/933/1166 960/1012/1260 
f 810/847/1064 961/1013/1261 809/846/1063 
f 888/933/1166 809/846/1167 961/1013/1262 
f 889/934/1168 730/762/962 892/937/1173 
f 962/1014/1263 810/847/1064 889/934/1168 
f 726/758/1169 894/939/1176 890/935/1170 
f 727/759/1171 890/935/1170 891/936/1172 
f 812/849/1066 963/1015/1264 811/848/1065 
f 811/848/1065 963/1015/1264 892/937/1173 
f 964/1016/1265 812/849/1066 891/936/1172 
f 813/850/1068 893/938/1174 965/1017/1266 
f 813/850/1175 965/1017/1267 894/939/1176 
f 814/851/1069 902/947/1184 893/938/1174 
f 732/764/964 895/940/1177 896/941/1178 
f 897/942/1179 733/765/965 896/941/1178 
f 966/1018/1268 815/852/1070 897/942/1179 
f 736/768/968 898/943/1180 899/944/1181 
f 815/852/1070 966/1018/1268 898/943/1180 
f 737/769/969 899/944/1181 900/945/1182 
f 901/946/1183 738/770/970 900/945/1182 
f 902/947/1184 739/771/971 901/946/1183 
f 816/853/1071 818/855/1073 967/1019/1269 
f 816/853/1071 967/1019/1269 895/940/1177 
f 817/854/1072 819/857/1185 968/1020/1270 
f 818/855/1073 903/948/1186 969/1021/1271 
f 740/772/973 904/949/1187 903/948/1186 
f 904/949/1187 817/856/1074 968/1022/1272 
f 970/1023/1273 819/857/1273 905/950/1273 
f 971/1024/1274 820/858/1275 830/868/1276 
f 820/858/1076 972/1025/1277 906/951/1190 
f 743/775/976 906/951/1190 907/952/1191 
f 821/859/1077 907/952/1191 973/1026/1278 
f 970/1023/1279 905/950/1188 821/859/1077 
f 824/862/1081 974/1027/1280 822/860/1078 
f 824/862/1081 908/953/1192 975/1028/1281 
f 976/1029/1282 825/863/1083 826/864/1193 
f 976/1029/1282 828/866/1088 825/863/1083 
f 826/1030/1084 909/1031/1194 977/1032/1283 
f 977/1032/1283 976/1033/1284 826/1030/1084 
f 909/954/1195 827/865/1087 978/1034/1285 
f 822/860/1078 974/1027/1280 827/865/1087 
f 976/1029/1282 829/867/1089 828/866/1088 
f 976/1029/1282 910/955/1196 829/867/1089 
f 910/955/1196 971/1024/1286 830/868/1090 
f 922/967/1287 750/782/988 911/956/1197 
f 913/958/1199 912/957/1198 979/1035/1288 
f 832/870/1094 913/958/1289 914/959/1200 
f 915/960/1201 751/783/990 914/959/1200 
f 911/956/1197 752/784/991 915/960/1201 
f 916/961/1202 753/785/992 882/927/1157 
f 917/1036/1290 754/871/1095 916/961/1202 
f 833/872/1096 917/962/1203 980/1037/1291 
f 833/872/1096 981/1038/1292 834/873/1097 
f 834/873/1097 982/1039/1293 835/874/1098 
f 979/1035/1294 912/957/1204 835/874/1098 
f 926/971/1213 763/795/1003 836/875/1099 
f 760/792/999 920/965/1207 918/963/1205 
f 759/791/998 918/963/1205 919/964/1206 
f 926/971/1213 836/875/1099 919/964/1206 
f 837/876/1100 983/1040/1295 920/965/1207 
f 921/966/1208 922/967/1209 984/1041/1296 
f 837/876/1100 921/966/1208 983/1040/1295 
f 923/968/1210 838/877/1101 926/971/1213 
f 924/969/1211 923/968/1210 985/1042/1297 
f 839/878/1102 924/969/1211 986/1043/1298 
f 839/878/1102 986/1043/1298 925/970/1212 
f 987/1044/1299 840/879/1103 925/970/1212 
f 925/970/1212 986/1043/1298 987/1044/1299 
f 841/880/1104 840/879/1103 987/1044/1299 
f 927/972/1214 842/881/1105 988/1045/1300 
f 842/881/1105 843/882/1106 989/1046/1301 
f 843/882/1106 928/973/1215 990/1047/1302 
f 928/973/1215 841/880/1104 987/1044/1299 
f 845/884/1108 991/1048/1303 844/883/1107 
f 844/883/1107 992/1049/1304 846/885/1109 
f 845/884/1108 927/972/1216 993/1050/1305 
f 930/975/1306 772/804/1111 846/885/1109 
f 848/887/1217 994/1051/1307 847/886/1110 
f 995/1052/1308 929/974/1218 847/886/1110 
f 930/975/1219 996/1053/1309 997/1054/1310 
f 997/1054/1310 848/887/1112 930/975/1219 
f 998/1055/1311 849/888/1113 929/974/1218 
f 998/1055/1311 850/889/1114 849/888/1113 
f 931/976/1220 851/890/1115 932/977/1221 
f 932/977/1221 775/807/1017 933/978/1222 
f 999/1056/1312 852/891/1116 855/894/1119 
f 944/991/1238 784/819/1029 852/891/1116 
f 854/893/1118 1000/1057/1313 853/892/1117 
f 853/892/1117 1001/1058/1314 855/894/1119 
f 854/893/1118 931/976/1220 1000/1057/1313 
f 934/979/1223 856/895/1120 1002/1059/1315 
f 856/980/1224 850/889/1114 998/1055/1311 
f 858/897/1122 1003/1060/1316 857/896/1121 
f 1004/1061/1317 933/978/1222 857/896/1121 
f 857/896/1121 1003/1060/1316 1004/1061/1317 
f 858/897/1122 934/979/1223 1005/1062/1318 
f 859/898/1123 949/996/1319 789/824/1141 
f 935/981/1225 949/996/1319 859/898/1123 
f 867/907/1136 862/901/1126 861/900/1125 
f 1006/1063/1320 936/982/1226 862/901/1126 
f 1007/1064/1321 781/815/1322 937/1065/1323 
f 937/983/1324 863/903/1228 1008/1066/1325 
f 1006/1063/1320 863/903/1228 936/982/1226 
f 1009/1067/1326 938/984/1327 781/815/1322 
f 781/815/1322 1007/1064/1321 1009/1067/1326 
f 938/984/1229 1010/1068/1328 1011/1069/1329 
f 1011/1069/1329 939/985/1230 938/984/1229 
f 864/904/1131 939/985/1230 1012/1070/1330 
f 1012/1070/1330 940/986/1231 864/904/1131 
f 941/987/1232 940/986/1231 1013/1071/1331 
f 1013/1071/1331 1014/1072/1332 941/987/1232 
f 782/816/1233 870/912/1139 942/988/1234 
f 866/989/1235 942/1073/1234 1015/1074/1333 
f 935/981/1225 866/989/1334 949/996/1319 
f 785/820/1135 943/990/1237 945/992/1335 
f 783/818/1028 944/991/1238 943/990/1237 
f 1006/1063/1320 867/907/1136 945/992/1239 
f 948/995/1242 946/1075/1240 788/910/1033 
f 942/1073/1234 710/739/933 947/994/1241 
f 870/912/1139 710/911/933 942/988/1234 
f 869/909/1138 874/997/1246 948/995/1242 
f 949/996/1243 1015/1074/1333 871/913/1140 
f 1015/1074/1333 947/994/1241 871/913/1140 
f 797/834/1152 957/1007/1256 872/914/1257 
f 948/995/1242 874/997/1246 880/1008/1155 
f 875/998/1146 941/987/1232 1014/1072/1332 
f 1014/1072/1332 950/1076/1248 875/998/1146 
f 951/1000/1249 950/999/1248 1016/1077/1336 
f 1016/1077/1336 1017/1078/1337 951/1000/1249 
f 952/1001/1250 876/920/1147 951/1000/1249 
f 951/1000/1249 1018/1079/1338 952/1001/1250 
f 956/1005/1255 878/922/1149 952/1001/1250 
f 952/1001/1250 1019/1080/1339 956/1005/1255 
f 954/1081/1253 877/1082/1252 1020/1083/1340 
f 976/1033/1282 977/1032/1341 953/1002/1251 
f 953/1002/1251 954/1003/1253 976/1033/1282 
f 877/921/1342 955/1004/1343 973/1084/1278 
f 1021/1085/1344 955/1004/1254 956/1005/1255 
f 956/1005/1255 1022/1086/1345 1021/1085/1344 
f 953/1006/1251 977/1087/1341 879/923/1151 
f 957/1007/1256 879/923/1151 977/1087/1341 
f 977/1087/1341 1023/1088/1346 957/1007/1256 
f 872/914/1257 957/1007/1256 908/953/1192 
f 946/1075/1240 948/995/1242 801/1009/1052 
f 1024/1089/1347 882/927/1157 958/1010/1258 
f 958/1010/1258 883/928/1158 1025/1090/1348 
f 884/929/1160 1026/1091/1349 883/928/1158 
f 885/930/1162 1027/1092/1350 886/931/1163 
f 886/931/1163 1028/1093/1351 959/1011/1259 
f 885/930/1162 960/1012/1260 1027/1092/1350 
f 884/929/1160 887/932/1165 1029/1094/1352 
f 959/1011/1259 1029/1094/1352 887/932/1165 
f 960/1012/1260 888/933/1166 1030/1095/1353 
f 961/1013/1261 810/847/1064 962/1014/1263 
f 888/933/1166 961/1013/1262 1031/1096/1354 
f 1032/1097/1355 889/934/1168 892/937/1173 
f 962/1014/1263 889/934/1168 1032/1097/1355 
f 894/939/1176 1033/1098/1356 890/935/1170 
f 890/935/1170 1034/1099/1357 891/936/1172 
f 812/849/1066 964/1016/1265 963/1015/1264 
f 963/1015/1264 1035/1100/1358 892/937/1173 
f 964/1016/1265 891/936/1172 1034/1099/1357 
f 965/1017/1266 893/938/1174 1036/1101/1359 
f 894/939/1176 965/1017/1267 1037/1102/1360 
f 893/938/1174 902/947/1184 1038/1103/1361 
f 896/941/1178 895/940/1177 967/1019/1269 
f 967/1019/1269 1039/1104/1362 896/941/1178 
f 1040/1105/1363 897/942/1179 896/941/1178 
f 966/1018/1268 897/942/1179 1040/1105/1363 
f 898/943/1180 1041/1106/1364 899/944/1181 
f 1041/1106/1364 898/943/1180 966/1018/1268 
f 899/944/1181 1042/1107/1365 900/945/1182 
f 900/945/1182 1042/1107/1365 1043/1108/1366 
f 1043/1108/1366 901/946/1183 900/945/1182 
f 1038/1103/1361 902/947/1184 901/946/1183 
f 818/855/1073 969/1021/1271 967/1019/1269 
f 1044/1109/1367 968/1020/1270 819/857/1185 
f 1045/1110/1368 969/1021/1271 903/948/1186 
f 903/948/1186 1046/1111/1369 1045/1110/1368 
f 903/948/1186 904/949/1187 1046/1111/1369 
f 904/949/1187 968/1022/1272 1047/1112/1370 
f 970/1023/1279 1044/1109/1367 819/857/1185 
f 1048/1113/1371 820/858/1076 971/1024/1372 
f 820/858/1076 1048/1113/1371 972/1025/1277 
f 906/951/1190 972/1025/1277 973/1026/1278 
f 906/951/1190 973/1026/1278 907/952/1191 
f 970/1023/1279 821/859/1077 973/1026/1278 
f 824/862/1081 975/1028/1281 974/1027/1280 
f 1023/1088/1346 975/1028/1281 908/953/1192 
f 977/1087/1341 909/954/1195 978/1034/1285 
f 974/1027/1280 978/1034/1285 827/865/1087 
f 976/1029/1282 1049/1114/1373 910/955/1196 
f 1049/1114/1373 971/1024/1286 910/955/1196 
f 922/967/1287 911/956/1197 1050/1115/1374 
f 913/958/1199 979/1035/1288 1051/1116/1375 
f 913/958/1289 1052/1117/1376 914/959/1200 
f 1053/1118/1377 915/960/1201 914/959/1200 
f 1050/1115/1374 911/956/1197 915/960/1201 
f 916/961/1202 882/927/1157 1024/1089/1347 
f 917/1036/1290 916/961/1202 1054/1119/1378 
f 833/872/1096 980/1037/1291 981/1038/1292 
f 917/962/1203 1055/1120/1379 980/1037/1291 
f 834/873/1097 981/1038/1292 982/1039/1293 
f 979/1035/1294 835/874/1098 982/1039/1293 
f 920/965/1207 1056/1121/1380 918/963/1205 
f 919/964/1206 918/963/1205 1056/1121/1380 
f 1056/1121/1380 1057/1122/1381 919/964/1206 
f 1058/1123/1382 926/971/1213 919/964/1206 
f 920/965/1207 983/1040/1295 1056/1121/1380 
f 921/966/1208 984/1041/1296 1059/1124/1383 
f 922/967/1287 1050/1115/1374 984/1041/1384 
f 983/1040/1295 921/966/1208 1060/1125/1385 
f 923/968/1210 926/971/1213 1058/1123/1382 
f 924/969/1211 985/1042/1297 1061/1126/1386 
f 923/968/1210 1062/1127/1387 985/1042/1297 
f 924/969/1211 1061/1126/1386 986/1043/1298 
f 986/1043/1298 1063/1128/1388 987/1044/1299 
f 927/972/1214 988/1045/1300 1064/1129/1389 
f 842/881/1105 989/1046/1301 988/1045/1300 
f 989/1046/1301 843/882/1106 990/1047/1302 
f 990/1047/1302 928/973/1215 1063/1128/1388 
f 928/973/1215 987/1044/1299 1063/1128/1388 
f 845/884/1108 993/1050/1305 991/1048/1303 
f 844/883/1107 991/1048/1303 992/1049/1304 
f 930/975/1306 846/885/1109 992/1049/1304 
f 927/972/1216 1064/1129/1390 993/1050/1305 
f 848/887/1217 997/1054/1391 994/1051/1307 
f 995/1052/1308 847/886/1110 994/1051/1307 
f 1065/1130/1392 929/974/1218 995/1052/1308 
f 996/1053/1393 930/975/1306 992/1049/1304 
f 1066/1131/1394 997/1054/1310 996/1053/1309 
f 1065/1130/1392 998/1055/1311 929/974/1218 
f 931/976/1220 932/977/1221 1067/1132/1395 
f 1067/1132/1395 932/977/1221 933/978/1222 
f 999/1056/1312 855/894/1119 1001/1058/1314 
f 944/991/1238 852/891/1116 999/1056/1312 
f 853/892/1117 1000/1057/1313 1001/1058/1314 
f 931/976/1220 1067/1132/1395 1000/1057/1313 
f 934/979/1223 1002/1059/1315 1068/1133/1396 
f 856/980/1224 998/1055/1311 1002/1134/1397 
f 858/897/1122 1005/1062/1318 1003/1060/1316 
f 1069/1135/1398 1004/1061/1317 1003/1060/1316 
f 1003/1060/1316 1070/1136/1399 1069/1135/1398 
f 1067/1132/1395 933/978/1222 1004/1061/1317 
f 934/979/1223 1068/1133/1396 1005/1062/1318 
f 867/907/1136 1006/1063/1320 862/901/1126 
f 1007/1137/1321 937/983/1323 1071/1138/1400 
f 1071/1138/1400 937/983/1323 1008/1066/1401 
f 863/903/1228 1006/1063/1320 1008/1066/1325 
f 938/1139/1327 1009/1140/1326 1072/1141/1402 
f 1073/1142/1403 1009/1067/1326 1007/1064/1321 
f 1007/1064/1321 1074/1143/1404 1073/1142/1403 
f 1066/1144/1405 1010/1068/1406 938/984/1407 
f 938/984/1407 1075/1145/1408 1066/1144/1405 
f 1010/1068/1328 1076/1146/1409 1077/1147/1410 
f 1077/1147/1410 1011/1069/1329 1010/1068/1328 
f 939/985/1230 1011/1069/1329 1078/1148/1411 
f 1078/1148/1411 1012/1070/1330 939/985/1230 
f 940/986/1231 1012/1070/1330 1079/1149/1412 
f 1079/1149/1412 1013/1071/1331 940/986/1231 
f 1014/1072/1332 1013/1071/1331 1080/1150/1413 
f 1080/1150/1413 1081/1151/1414 1014/1072/1332 
f 866/989/1235 1015/1074/1333 949/996/1243 
f 942/1073/1234 947/994/1241 1015/1074/1333 
f 1082/1152/1415 945/992/1335 943/990/1237 
f 1083/1153/1416 943/990/1237 944/991/1238 
f 1008/1066/1325 1006/1063/1320 945/992/1239 
f 950/1076/1248 1014/1072/1332 1081/1151/1414 
f 1081/1151/1414 1016/1154/1336 950/1076/1248 
f 1017/1078/1337 1016/1077/1336 1084/1155/1417 
f 1084/1155/1417 1085/1156/1418 1017/1078/1337 
f 1018/1079/1338 951/1000/1249 1017/1078/1337 
f 1017/1078/1337 1086/1157/1419 1018/1079/1338 
f 1019/1080/1339 952/1001/1250 1018/1079/1338 
f 1018/1079/1338 1087/1158/1420 1019/1080/1339 
f 1022/1086/1345 956/1005/1255 1019/1080/1339 
f 1019/1080/1339 1088/1159/1421 1022/1086/1345 
f 954/1081/1253 1020/1083/1340 1049/1114/1373 
f 877/1082/1342 1048/1113/1371 1020/1083/1422 
f 954/1081/1253 1049/1114/1373 976/1029/1282 
f 1048/1160/1371 877/921/1342 973/1084/1278 
f 973/1084/1278 972/1161/1277 1048/1160/1371 
f 955/1004/1343 970/1162/1279 973/1084/1278 
f 1089/1163/1423 955/1004/1424 1021/1085/1425 
f 1021/1085/1425 1090/1164/1426 1089/1163/1423 
f 1091/1165/1427 1021/1085/1344 1022/1086/1345 
f 1022/1086/1345 1092/1166/1428 1091/1165/1427 
f 1023/1088/1346 977/1087/1341 1093/1167/1429 
f 957/1007/1256 1023/1088/1346 908/953/1192 
f 1024/1089/1347 958/1010/1258 1094/1168/1430 
f 1094/1168/1430 958/1010/1258 1025/1090/1348 
f 1025/1090/1348 883/928/1158 1026/1091/1349 
f 1026/1091/1349 1095/1169/1431 1025/1090/1348 
f 1026/1091/1349 884/929/1160 1029/1094/1352 
f 886/931/1163 1027/1092/1350 1028/1093/1351 
f 1096/1170/1432 959/1011/1259 1028/1093/1351 
f 960/1012/1260 1097/1171/1433 1027/1092/1350 
f 1096/1170/1432 1029/1094/1352 959/1011/1259 
f 960/1012/1260 1030/1095/1353 1097/1171/1433 
f 888/933/1166 1031/1096/1354 1030/1095/1353 
f 961/1013/1261 962/1014/1263 1098/1172/1434 
f 1031/1096/1354 961/1013/1262 1098/1172/1435 
f 1032/1097/1355 892/937/1173 1035/1100/1358 
f 1099/1173/1436 962/1014/1263 1032/1097/1355 
f 894/939/1176 1037/1102/1360 1033/1098/1356 
f 890/935/1170 1033/1098/1356 1034/1099/1357 
f 964/1174/1265 1034/1175/1357 963/1176/1264 
f 1032/1177/1355 1035/1178/1358 963/1176/1264 
f 965/1017/1266 1036/1101/1359 1100/1179/1437 
f 893/938/1174 1038/1103/1361 1036/1101/1359 
f 965/1017/1267 1100/1179/1438 1037/1102/1360 
f 1101/1180/1439 1039/1104/1362 967/1019/1269 
f 967/1019/1269 969/1021/1271 1101/1180/1439 
f 1040/1105/1363 896/941/1178 1039/1104/1362 
f 966/1018/1268 1040/1105/1363 1102/1181/1440 
f 899/944/1181 1041/1106/1364 1042/1107/1365 
f 966/1018/1268 1102/1181/1440 1041/1106/1364 
f 1103/1182/1441 1043/1108/1366 1042/1107/1365 
f 1038/1103/1361 901/946/1183 1043/1108/1366 
f 1044/1183/1442 1047/1112/1370 968/1022/1272 
f 1104/1184/1443 1045/1110/1368 1046/1111/1369 
f 1046/1111/1369 1105/1185/1444 1104/1184/1443 
f 1106/1186/1445 1101/1180/1439 969/1021/1271 
f 969/1021/1271 1045/1110/1368 1106/1186/1445 
f 904/949/1187 1047/1112/1370 1046/1111/1369 
f 970/1023/1279 1107/1187/1446 1044/1109/1367 
f 1020/1083/1422 1048/1113/1371 971/1024/1372 
f 975/1028/1281 1093/1167/1429 974/1027/1280 
f 975/1028/1281 1023/1088/1346 1093/1167/1429 
f 977/1087/1341 978/1034/1285 1093/1167/1429 
f 974/1027/1280 1093/1167/1429 978/1034/1285 
f 1049/1114/1373 1020/1083/1340 971/1024/1286 
f 913/958/1289 1051/1116/1447 1052/1117/1376 
f 1051/1116/1375 979/1035/1288 1108/1188/1448 
f 1053/1118/1377 914/959/1200 1052/1117/1376 
f 1050/1115/1374 915/960/1201 1053/1118/1377 
f 916/961/1202 1024/1089/1347 1054/1119/1378 
f 917/1036/1290 1054/1119/1378 1055/1189/1449 
f 980/1037/1291 1109/1190/1450 981/1038/1292 
f 980/1037/1291 1055/1120/1379 1110/1191/1451 
f 981/1038/1292 1111/1192/1452 982/1039/1293 
f 1108/1188/1453 979/1035/1294 982/1039/1293 
f 1056/1121/1380 1112/1193/1454 1057/1122/1381 
f 1058/1123/1382 919/964/1206 1057/1122/1381 
f 983/1040/1295 1113/1194/1455 1056/1121/1380 
f 921/966/1208 1059/1124/1383 1060/1125/1385 
f 1059/1124/1383 984/1041/1296 1114/1195/1456 
f 984/1041/1384 1050/1115/1374 1115/1196/1457 
f 983/1040/1295 1060/1125/1385 1113/1194/1455 
f 1062/1127/1387 923/968/1210 1058/1123/1382 
f 985/1042/1297 1116/1197/1458 1061/1126/1386 
f 1116/1197/1458 985/1042/1297 1062/1127/1387 
f 986/1043/1298 1061/1126/1386 1063/1128/1388 
f 1117/1198/1459 1064/1129/1389 988/1045/1300 
f 1118/1199/1460 988/1045/1300 989/1046/1301 
f 989/1046/1301 990/1047/1302 1119/1200/1461 
f 990/1047/1302 1063/1128/1388 1120/1201/1462 
f 993/1050/1305 1121/1202/1463 991/1048/1303 
f 991/1048/1303 1122/1203/1464 992/1049/1304 
f 1123/1204/1465 993/1050/1305 1064/1129/1390 
f 997/1054/1391 1075/1205/1466 994/1051/1307 
f 1124/1206/1467 995/1052/1308 994/1051/1307 
f 1125/1207/1468 1065/1130/1392 995/1052/1308 
f 996/1053/1393 992/1049/1304 1122/1203/1464 
f 1066/1131/1469 996/1053/1393 1122/1203/1464 
f 1066/1131/1394 1075/1205/1470 997/1054/1310 
f 1065/1130/1392 1002/1134/1397 998/1055/1311 
f 1126/1208/1471 999/1056/1312 1001/1058/1314 
f 1083/1153/1416 944/991/1238 999/1056/1312 
f 1000/1057/1313 1127/1209/1472 1001/1058/1314 
f 1067/1132/1473 1128/1210/1474 1129/1211/1475 
f 1129/1211/1475 1000/1057/1476 1067/1132/1473 
f 1130/1212/1477 1068/1133/1396 1002/1059/1315 
f 1005/1062/1318 1070/1136/1399 1003/1060/1316 
f 1073/1213/1403 1069/1135/1398 1070/1136/1399 
f 1070/1136/1399 1131/1214/1478 1073/1213/1403 
f 1128/1210/1479 1004/1061/1317 1069/1135/1398 
f 1128/1210/1479 1067/1132/1395 1004/1061/1317 
f 1132/1215/1480 1005/1062/1318 1068/1133/1396 
f 1007/1137/1481 1071/1138/1482 1074/1216/1483 
f 1071/1138/1400 1008/1066/1401 1082/1152/1415 
f 938/1139/1327 1072/1141/1402 1133/1217/1484 
f 1009/1140/1485 1134/1218/1486 1072/1141/1487 
f 1009/1140/1485 1073/1213/1488 1134/1218/1486 
f 1128/1219/1474 1073/1142/1488 1074/1143/1483 
f 1074/1143/1483 1129/1220/1475 1128/1219/1474 
f 1010/1221/1489 1066/1131/1490 1135/1222/1491 
f 938/1223/1492 1125/1207/1493 1075/1205/1494 
f 1136/1224/1495 1076/1146/1496 1010/1068/1497 
f 1010/1068/1497 1137/1225/1498 1136/1224/1495 
f 1076/1146/1409 1138/1226/1499 1139/1227/1500 
f 1139/1227/1500 1077/1147/1410 1076/1146/1409 
f 1011/1069/1329 1077/1147/1410 1140/1228/1501 
f 1140/1228/1501 1078/1148/1411 1011/1069/1329 
f 1012/1070/1330 1078/1148/1411 1141/1229/1502 
f 1141/1229/1502 1079/1149/1412 1012/1070/1330 
f 1013/1071/1331 1079/1149/1412 1142/1230/1503 
f 1142/1230/1503 1080/1150/1413 1013/1071/1331 
f 1081/1151/1414 1080/1150/1413 1143/1231/1504 
f 1143/1231/1504 1144/1232/1505 1081/1151/1414 
f 1083/1153/1416 1082/1152/1415 943/990/1237 
f 1082/1152/1415 1008/1066/1401 945/992/1335 
f 1016/1154/1336 1081/1151/1414 1144/1232/1505 
f 1144/1232/1505 1084/1233/1417 1016/1154/1336 
f 1085/1156/1418 1084/1155/1417 1145/1234/1506 
f 1145/1234/1506 1146/1235/1507 1085/1156/1418 
f 1086/1157/1419 1017/1078/1337 1085/1156/1418 
f 1085/1156/1418 1147/1236/1508 1086/1157/1419 
f 1087/1158/1420 1018/1079/1338 1086/1157/1419 
f 1086/1157/1419 1148/1237/1509 1087/1158/1420 
f 1088/1159/1421 1019/1080/1339 1087/1158/1420 
f 1087/1158/1420 1149/1238/1510 1088/1159/1421 
f 1092/1166/1428 1022/1086/1345 1088/1159/1421 
f 1088/1159/1421 1150/1239/1511 1092/1166/1428 
f 955/1240/1343 1107/1187/1446 970/1023/1279 
f 955/1004/1424 1089/1163/1423 1151/1241/1512 
f 1090/1164/1426 1021/1085/1425 1152/1242/1513 
f 1153/1243/1514 1089/1163/1423 1090/1164/1426 
f 1090/1164/1426 1154/1244/1515 1153/1243/1514 
f 1091/1165/1427 963/1176/1264 1155/1245/1516 
f 1091/1165/1427 1155/1245/1516 1152/1242/1517 
f 1091/1165/1427 1152/1242/1517 1021/1085/1344 
f 1138/1226/1499 1091/1165/1427 1092/1166/1428 
f 1092/1166/1428 1139/1227/1500 1138/1226/1499 
f 1156/1246/1518 1024/1089/1347 1094/1168/1430 
f 1094/1168/1430 1025/1090/1348 1157/1247/1519 
f 1095/1169/1431 1026/1091/1349 1029/1094/1352 
f 1095/1169/1431 1157/1247/1519 1025/1090/1348 
f 1027/1092/1350 1158/1248/1520 1028/1093/1351 
f 1159/1249/1521 1096/1170/1432 1028/1093/1351 
f 1027/1092/1350 1097/1171/1433 1158/1248/1520 
f 1095/1169/1431 1029/1094/1352 1096/1170/1432 
f 1030/1095/1353 1160/1250/1522 1097/1171/1433 
f 1030/1095/1353 1031/1096/1354 1161/1251/1523 
f 1098/1172/1524 962/1014/1524 1099/1173/1525 
f 1031/1096/1354 1098/1172/1435 1162/1252/1526 
f 1099/1253/1436 1032/1177/1355 963/1176/1264 
f 1033/1254/1356 1037/1255/1360 1155/1245/1516 
f 1034/1175/1357 1033/1254/1356 963/1176/1264 
f 1100/1179/1437 1036/1101/1359 1163/1256/1527 
f 1036/1101/1359 1038/1103/1361 1164/1257/1528 
f 1100/1179/1438 1155/1258/1516 1037/1102/1360 
f 1101/1180/1439 1102/1181/1440 1040/1105/1363 
f 1040/1105/1363 1039/1104/1362 1101/1180/1439 
f 1041/1106/1364 1165/1259/1529 1042/1107/1365 
f 1166/1260/1530 1041/1106/1531 1102/1181/1532 
f 1102/1181/1532 1167/1261/1533 1166/1260/1530 
f 1103/1182/1441 1042/1107/1365 1165/1259/1529 
f 1164/1257/1528 1043/1108/1366 1103/1182/1441 
f 1164/1257/1528 1038/1103/1361 1043/1108/1366 
f 1044/1183/1442 1168/1262/1534 1047/1112/1370 
f 1105/1185/1444 1046/1111/1369 1047/1112/1370 
f 1169/1263/1535 1104/1184/1443 1105/1185/1444 
f 1105/1185/1444 1170/1264/1536 1169/1263/1535 
f 1171/1265/1537 1106/1186/1445 1045/1110/1368 
f 1045/1110/1368 1104/1184/1443 1171/1265/1537 
f 1106/1186/1445 1167/1261/1538 1102/1181/1440 
f 1102/1181/1440 1101/1180/1439 1106/1186/1445 
f 1107/1266/1539 1168/1262/1534 1044/1183/1442 
f 1051/1116/1447 1172/1267/1540 1052/1117/1376 
f 1051/1116/1375 1108/1188/1448 1173/1268/1541 
f 1174/1269/1542 1053/1118/1377 1052/1117/1376 
f 1115/1196/1457 1050/1115/1374 1053/1118/1377 
f 1054/1119/1378 1024/1089/1347 1156/1246/1518 
f 1055/1189/1449 1054/1119/1378 1175/1270/1543 
f 980/1037/1291 1110/1191/1451 1109/1190/1450 
f 981/1038/1292 1109/1190/1450 1111/1192/1452 
f 1055/1120/1379 1176/1271/1544 1110/1191/1451 
f 1108/1188/1453 982/1039/1293 1111/1192/1452 
f 1056/1121/1380 1113/1194/1455 1112/1193/1454 
f 1177/1272/1545 1057/1122/1381 1112/1193/1454 
f 1177/1272/1545 1058/1123/1382 1057/1122/1381 
f 1060/1125/1385 1059/1124/1383 1178/1273/1546 
f 1059/1124/1383 1114/1195/1456 1179/1274/1547 
f 984/1041/1384 1115/1196/1457 1114/1195/1548 
f 1060/1125/1385 1180/1275/1549 1113/1194/1455 
f 1062/1127/1387 1058/1123/1382 1177/1272/1545 
f 1061/1126/1386 1116/1197/1458 1120/1201/1462 
f 1062/1127/1387 1181/1276/1550 1116/1197/1458 
f 1061/1126/1386 1120/1201/1462 1063/1128/1388 
f 1118/1199/1460 1117/1198/1459 988/1045/1300 
f 1117/1198/1459 1182/1277/1551 1064/1129/1389 
f 1118/1199/1460 989/1046/1301 1119/1200/1461 
f 1119/1200/1461 990/1047/1302 1120/1201/1462 
f 993/1050/1305 1123/1204/1465 1121/1202/1463 
f 991/1048/1303 1121/1202/1463 1122/1203/1464 
f 1182/1277/1552 1123/1204/1465 1064/1129/1390 
f 1124/1206/1467 994/1051/1307 1075/1205/1466 
f 1125/1207/1468 995/1052/1308 1124/1206/1467 
f 1125/1207/1468 1130/1278/1553 1065/1130/1392 
f 1121/1202/1463 1066/1131/1469 1122/1203/1464 
f 1065/1130/1392 1130/1278/1553 1002/1134/1397 
f 1126/1208/1471 1001/1058/1314 1127/1209/1472 
f 1083/1153/1416 999/1056/1312 1126/1208/1471 
f 1000/1057/1313 1129/1211/1554 1127/1209/1472 
f 1130/1212/1477 1183/1279/1555 1068/1133/1396 
f 1005/1062/1318 1132/1215/1480 1070/1136/1399 
f 1132/1215/1480 1131/1214/1478 1070/1136/1399 
f 1073/1213/1403 1131/1214/1478 1134/1218/1556 
f 1128/1210/1479 1069/1135/1398 1073/1213/1403 
f 1183/1279/1555 1132/1215/1480 1068/1133/1396 
f 1071/1138/1482 1184/1280/1557 1074/1216/1483 
f 1184/1280/1558 1071/1138/1400 1082/1152/1415 
f 938/1223/1492 1133/1281/1559 1125/1207/1493 
f 1133/1217/1484 1072/1141/1402 1183/1279/1555 
f 1072/1141/1402 1134/1218/1556 1183/1279/1555 
f 1129/1211/1554 1074/1216/1404 1127/1209/1472 
f 1010/1221/1489 1135/1222/1491 1185/1282/1560 
f 1066/1131/1469 1186/1283/1561 1135/1222/1562 
f 1125/1207/1468 1124/1206/1467 1075/1205/1466 
f 1076/1284/1496 1136/1285/1495 1187/1286/1563 
f 1137/1287/1498 1010/1221/1497 1185/1282/1564 
f 1188/1288/1565 1136/1224/1495 1137/1225/1498 
f 1137/1225/1498 1189/1289/1566 1188/1288/1565 
f 1190/1290/1567 1191/1291/1568 1138/1226/1569 
f 1138/1226/1569 1076/1146/1570 1190/1290/1567 
f 1077/1147/1410 1139/1227/1500 1192/1292/1571 
f 1192/1292/1571 1140/1228/1501 1077/1147/1410 
f 1078/1148/1411 1140/1228/1501 1193/1293/1572 
f 1193/1293/1572 1141/1229/1502 1078/1148/1411 
f 1079/1149/1412 1141/1229/1502 1194/1294/1573 
f 1194/1294/1573 1142/1230/1503 1079/1149/1412 
f 1080/1150/1413 1142/1230/1503 1195/1295/1574 
f 1195/1295/1574 1143/1231/1504 1080/1150/1413 
f 1144/1232/1505 1143/1231/1504 1196/1296/1575 
f 1196/1296/1575 1197/1297/1576 1144/1232/1505 
f 1184/1280/1558 1082/1152/1415 1083/1153/1416 
f 1084/1233/1417 1144/1232/1505 1197/1297/1576 
f 1197/1297/1576 1145/1298/1506 1084/1233/1417 
f 1146/1299/1507 1145/1300/1506 1198/1301/1577 
f 1198/1301/1577 1199/1302/1578 1146/1299/1507 
f 1147/1236/1508 1085/1156/1418 1146/1235/1507 
f 1146/1235/1507 1200/1303/1579 1147/1236/1508 
f 1148/1237/1509 1086/1157/1419 1147/1236/1508 
f 1147/1236/1508 1201/1304/1580 1148/1237/1509 
f 1149/1238/1510 1087/1158/1420 1148/1237/1509 
f 1148/1237/1509 1202/1305/1581 1149/1238/1510 
f 1150/1239/1511 1088/1159/1421 1149/1238/1510 
f 1149/1238/1510 1203/1306/1582 1150/1239/1511 
f 1139/1227/1500 1092/1166/1428 1150/1239/1511 
f 1150/1239/1511 1192/1292/1571 1139/1227/1500 
f 955/1307/1424 1151/1308/1512 1107/1266/1539 
f 1089/1163/1583 1170/1309/1584 1151/1241/1585 
f 1090/1164/1426 1152/1242/1513 1204/1310/1586 
f 1089/1163/1583 1153/1243/1587 1170/1309/1584 
f 1090/1164/1588 1204/1310/1589 1154/1244/1590 
f 1153/1311/1587 1154/1312/1590 1205/1313/1591 
f 1206/1314/1592 1207/1315/1593 1091/1165/1594 
f 1091/1165/1594 1138/1226/1595 1206/1314/1592 
f 1156/1246/1518 1094/1168/1430 1208/1316/1596 
f 1208/1316/1596 1094/1168/1430 1157/1247/1519 
f 1095/1169/1431 1209/1317/1597 1157/1247/1519 
f 1159/1249/1521 1028/1093/1351 1158/1248/1520 
f 1159/1249/1521 1209/1317/1597 1095/1169/1431 
f 1095/1169/1431 1096/1170/1432 1159/1249/1521 
f 1097/1171/1433 1210/1318/1598 1158/1248/1520 
f 1030/1095/1353 1161/1251/1523 1160/1250/1522 
f 1097/1171/1433 1160/1250/1522 1210/1318/1598 
f 1031/1096/1354 1162/1252/1526 1161/1251/1523 
f 1162/1252/1526 1098/1172/1435 1099/1173/1599 
f 1091/1165/1427 1099/1253/1436 963/1176/1264 
f 1033/1254/1356 1155/1245/1516 963/1176/1264 
f 1100/1179/1437 1163/1256/1527 1155/1258/1600 
f 1036/1101/1359 1164/1257/1528 1163/1256/1527 
f 1041/1106/1364 1166/1260/1601 1165/1259/1529 
f 1167/1261/1533 1211/1319/1602 1205/1313/1591 
f 1205/1313/1591 1166/1260/1530 1167/1261/1533 
f 1212/1320/1603 1103/1182/1441 1165/1259/1529 
f 1213/1321/1604 1164/1257/1528 1103/1182/1441 
f 1168/1262/1534 1105/1185/1444 1047/1112/1370 
f 1170/1264/1536 1105/1185/1444 1168/1262/1534 
f 1153/1243/1514 1169/1322/1535 1170/1309/1536 
f 1153/1311/1514 1171/1265/1537 1104/1184/1443 
f 1104/1184/1443 1169/1263/1535 1153/1311/1514 
f 1171/1265/1537 1211/1319/1605 1167/1261/1538 
f 1167/1261/1538 1106/1186/1445 1171/1265/1537 
f 1107/1266/1539 1151/1308/1512 1168/1262/1534 
f 1051/1116/1447 1173/1268/1606 1172/1267/1540 
f 1174/1269/1542 1052/1117/1376 1172/1267/1540 
f 1173/1268/1541 1108/1188/1448 1214/1323/1607 
f 1115/1196/1457 1053/1118/1377 1174/1269/1542 
f 1054/1119/1378 1156/1246/1518 1175/1270/1543 
f 1055/1189/1449 1175/1270/1543 1176/1324/1608 
f 1110/1191/1451 1215/1325/1609 1109/1190/1450 
f 1109/1190/1450 1216/1326/1610 1111/1192/1452 
f 1110/1191/1451 1176/1271/1544 1217/1327/1611 
f 1214/1323/1612 1108/1188/1453 1111/1192/1452 
f 1113/1194/1455 1218/1328/1613 1112/1193/1454 
f 1181/1276/1550 1177/1272/1545 1112/1193/1454 
f 1060/1125/1385 1178/1273/1546 1180/1275/1549 
f 1059/1124/1383 1179/1274/1547 1178/1273/1546 
f 1179/1274/1547 1114/1195/1456 1219/1329/1614 
f 1114/1195/1548 1115/1196/1457 1220/1330/1615 
f 1113/1194/1455 1180/1275/1549 1218/1328/1613 
f 1062/1127/1387 1177/1272/1545 1181/1276/1550 
f 1116/1197/1458 1221/1331/1616 1120/1201/1462 
f 1222/1332/1617 1116/1197/1618 1181/1276/1619 
f 1181/1276/1619 1223/1333/1620 1222/1332/1617 
f 1189/1334/1621 1117/1198/1622 1118/1199/1623 
f 1224/1335/1624 1182/1277/1551 1117/1198/1459 
f 1118/1199/1460 1119/1200/1461 1225/1336/1625 
f 1119/1200/1461 1120/1201/1462 1221/1331/1616 
f 1123/1204/1465 1186/1283/1561 1121/1202/1463 
f 1135/1222/1562 1123/1204/1465 1182/1277/1552 
f 1125/1207/1468 1133/1281/1626 1130/1278/1553 
f 1121/1202/1463 1186/1283/1561 1066/1131/1469 
f 1226/1337/1627 1126/1208/1471 1127/1209/1472 
f 1184/1280/1558 1083/1153/1416 1126/1208/1471 
f 1133/1217/1484 1183/1279/1555 1130/1212/1477 
f 1132/1215/1480 1134/1218/1556 1131/1214/1478 
f 1134/1218/1556 1132/1215/1480 1183/1279/1555 
f 1184/1280/1558 1226/1337/1627 1074/1216/1404 
f 1226/1337/1627 1127/1209/1472 1074/1216/1404 
f 1185/1282/1628 1135/1222/1562 1182/1277/1552 
f 1123/1204/1465 1135/1222/1562 1186/1283/1561 
f 1076/1284/1496 1187/1286/1563 1227/1338/1629 
f 1136/1285/1495 1188/1339/1565 1187/1286/1563 
f 1137/1287/1498 1185/1282/1564 1224/1335/1624 
f 1137/1287/1498 1224/1335/1624 1189/1334/1566 
f 1188/1339/1630 1189/1334/1621 1228/1340/1631 
f 1190/1341/1632 1076/1284/1633 1227/1338/1634 
f 1140/1228/1501 1192/1292/1571 1229/1342/1635 
f 1229/1342/1635 1193/1293/1572 1140/1228/1501 
f 1141/1229/1502 1193/1293/1572 1230/1343/1636 
f 1230/1343/1636 1194/1294/1573 1141/1229/1502 
f 1142/1230/1503 1194/1294/1573 1231/1344/1637 
f 1231/1344/1637 1195/1295/1574 1142/1230/1503 
f 1143/1231/1504 1195/1295/1574 1232/1345/1638 
f 1232/1345/1638 1196/1296/1575 1143/1231/1504 
f 1197/1346/1576 1196/1347/1575 1233/1348/1639 
f 1233/1348/1639 1234/1349/1640 1197/1346/1576 
f 1145/1300/1506 1197/1346/1576 1234/1349/1640 
f 1234/1349/1640 1198/1301/1577 1145/1300/1506 
f 1199/1302/1578 1198/1301/1577 1235/1350/1641 
f 1235/1350/1641 1236/1351/1642 1199/1302/1578 
f 1200/1352/1579 1146/1299/1507 1199/1302/1578 
f 1199/1302/1578 1237/1353/1643 1200/1352/1579 
f 1201/1304/1580 1147/1236/1508 1200/1303/1579 
f 1200/1303/1579 1238/1354/1644 1201/1304/1580 
f 1202/1305/1581 1148/1237/1509 1201/1304/1580 
f 1201/1304/1580 1239/1355/1645 1202/1305/1581 
f 1203/1306/1582 1149/1238/1510 1202/1305/1581 
f 1202/1305/1581 1240/1356/1646 1203/1306/1582 
f 1192/1292/1571 1150/1239/1511 1203/1306/1582 
f 1203/1306/1582 1229/1342/1635 1192/1292/1571 
f 1151/1308/1512 1170/1264/1536 1168/1262/1534 
f 1204/1310/1586 1152/1242/1513 1241/1357/1647 
f 1204/1310/1589 1242/1358/1648 1154/1244/1590 
f 1153/1311/1587 1205/1313/1591 1211/1319/1602 
f 1205/1313/1649 1154/1312/1515 1243/1359/1650 
f 1155/1245/1516 1241/1357/1651 1152/1242/1517 
f 1091/1360/1594 1207/1361/1593 1244/1362/1652 
f 1206/1363/1592 1138/1364/1595 1245/1365/1653 
f 1207/1315/1593 1206/1314/1592 1246/1366/1654 
f 1247/1367/1655 1156/1246/1518 1208/1316/1596 
f 1208/1316/1596 1157/1247/1519 1248/1368/1656 
f 1209/1317/1597 1248/1368/1656 1157/1247/1519 
f 1249/1369/1657 1159/1249/1521 1158/1248/1520 
f 1250/1370/1658 1209/1317/1597 1159/1249/1521 
f 1249/1369/1657 1158/1248/1520 1210/1318/1598 
f 1161/1251/1523 1251/1371/1659 1160/1250/1522 
f 1252/1372/1660 1210/1318/1598 1160/1250/1522 
f 1160/1250/1522 1251/1371/1659 1252/1372/1660 
f 1161/1251/1523 1162/1252/1526 1253/1373/1661 
f 1162/1252/1526 1099/1173/1599 1254/1374/1662 
f 1099/1173/1436 1091/1360/1427 1255/1375/1663 
f 1255/1375/1663 1256/1376/1664 1099/1173/1436 
f 1257/1377/1665 1155/1258/1600 1163/1256/1527 
f 1213/1321/1604 1163/1256/1527 1164/1257/1528 
f 1166/1260/1601 1243/1359/1650 1165/1259/1529 
f 1166/1260/1601 1205/1313/1649 1243/1359/1650 
f 1212/1320/1603 1165/1259/1529 1243/1359/1650 
f 1213/1321/1604 1103/1182/1441 1212/1320/1603 
f 1153/1311/1514 1211/1319/1605 1171/1265/1537 
f 1173/1268/1606 1258/1378/1666 1172/1267/1540 
f 1259/1379/1667 1174/1269/1542 1172/1267/1540 
f 1173/1268/1541 1214/1323/1607 1260/1380/1668 
f 1220/1330/1615 1115/1196/1457 1174/1269/1542 
f 1175/1270/1543 1156/1246/1518 1247/1367/1655 
f 1176/1324/1608 1175/1270/1543 1261/1381/1669 
f 1110/1191/1451 1217/1327/1611 1215/1325/1609 
f 1109/1190/1450 1215/1325/1609 1216/1326/1610 
f 1214/1323/1612 1111/1192/1452 1216/1326/1610 
f 1176/1271/1544 1262/1382/1670 1217/1327/1611 
f 1181/1276/1550 1112/1193/1454 1218/1328/1613 
f 1178/1273/1546 1263/1383/1671 1180/1275/1549 
f 1178/1273/1546 1179/1274/1547 1264/1384/1672 
f 1179/1274/1547 1219/1329/1614 1265/1385/1673 
f 1114/1195/1548 1220/1330/1615 1219/1329/1674 
f 1180/1275/1549 1266/1386/1675 1218/1328/1613 
f 1116/1197/1458 1222/1332/1676 1221/1331/1616 
f 1223/1333/1677 1181/1276/1550 1218/1328/1613 
f 1267/1387/1678 1222/1332/1617 1223/1333/1620 
f 1189/1334/1621 1118/1199/1623 1268/1388/1679 
f 1189/1334/1621 1224/1335/1680 1117/1198/1622 
f 1224/1335/1624 1185/1282/1564 1182/1277/1551 
f 1118/1199/1460 1225/1336/1625 1268/1388/1681 
f 1225/1336/1625 1119/1200/1461 1221/1331/1616 
f 1184/1280/1558 1126/1208/1471 1226/1337/1627 
f 1227/1338/1629 1187/1286/1563 1269/1389/1682 
f 1187/1286/1683 1188/1339/1630 1228/1340/1631 
f 1189/1334/1621 1267/1387/1678 1228/1340/1631 
f 1138/1390/1684 1191/1391/1685 1270/1392/1686 
f 1190/1341/1632 1227/1338/1634 1271/1393/1687 
f 1193/1293/1572 1229/1342/1635 1272/1394/1688 
f 1272/1394/1688 1230/1343/1636 1193/1293/1572 
f 1194/1294/1573 1230/1343/1636 1273/1395/1689 
f 1273/1395/1689 1231/1344/1637 1194/1294/1573 
f 1195/1295/1574 1231/1344/1637 1274/1396/1690 
f 1274/1396/1690 1232/1345/1638 1195/1295/1574 
f 1196/1347/1575 1232/1397/1638 1275/1398/1691 
f 1275/1398/1691 1233/1348/1639 1196/1347/1575 
f 1234/1349/1640 1233/1348/1639 1276/1399/1692 
f 1276/1399/1692 1277/1400/1693 1234/1349/1640 
f 1198/1301/1577 1234/1349/1640 1277/1400/1693 
f 1277/1400/1693 1235/1350/1641 1198/1301/1577 
f 1236/1351/1642 1235/1350/1641 1278/1401/1694 
f 1278/1401/1694 1279/1402/1695 1236/1351/1642 
f 1237/1353/1643 1199/1302/1578 1236/1351/1642 
f 1236/1351/1642 1280/1403/1696 1237/1353/1643 
f 1238/1404/1644 1200/1352/1579 1237/1353/1643 
f 1237/1353/1643 1281/1405/1697 1238/1404/1644 
f 1239/1355/1645 1201/1304/1580 1238/1354/1644 
f 1238/1354/1644 1282/1406/1698 1239/1355/1645 
f 1240/1356/1646 1202/1305/1581 1239/1355/1645 
f 1239/1355/1645 1283/1407/1699 1240/1356/1646 
f 1229/1342/1635 1203/1306/1582 1240/1356/1646 
f 1240/1356/1646 1272/1394/1688 1229/1342/1635 
f 1204/1310/1586 1241/1357/1647 1257/1408/1665 
f 1242/1358/1700 1204/1310/1586 1257/1408/1665 
f 1242/1358/1700 1284/1409/1701 1154/1244/1515 
f 1284/1410/1701 1243/1359/1650 1154/1312/1515 
f 1257/1408/1665 1241/1357/1647 1155/1245/1600 
f 1091/1360/1594 1244/1362/1652 1255/1375/1702 
f 1207/1361/1593 1246/1411/1654 1244/1362/1652 
f 1206/1363/1592 1245/1365/1653 1285/1412/1703 
f 1138/1390/1684 1270/1392/1686 1245/1413/1704 
f 1206/1363/1592 1285/1412/1703 1246/1411/1654 
f 1247/1367/1655 1208/1316/1596 1286/1414/1705 
f 1286/1414/1705 1208/1316/1596 1248/1368/1656 
f 1209/1317/1597 1250/1370/1658 1248/1368/1656 
f 1250/1370/1658 1159/1249/1521 1249/1369/1657 
f 1287/1415/1706 1249/1369/1657 1210/1318/1598 
f 1161/1251/1523 1253/1373/1661 1251/1371/1659 
f 1251/1371/1659 1288/1416/1707 1252/1372/1660 
f 1287/1415/1706 1210/1318/1598 1252/1372/1660 
f 1162/1252/1526 1254/1374/1662 1253/1373/1661 
f 1256/1376/1708 1254/1374/1662 1099/1173/1599 
f 1255/1375/1702 1289/1417/1709 1256/1376/1708 
f 1213/1321/1604 1257/1377/1665 1163/1256/1527 
f 1284/1410/1701 1212/1320/1603 1243/1359/1650 
f 1242/1418/1700 1213/1321/1604 1212/1320/1603 
f 1173/1268/1606 1260/1380/1710 1258/1378/1666 
f 1259/1379/1667 1172/1267/1540 1258/1378/1666 
f 1220/1330/1615 1174/1269/1542 1259/1379/1667 
f 1290/1419/1711 1260/1380/1668 1214/1323/1607 
f 1175/1270/1543 1247/1367/1655 1261/1381/1669 
f 1176/1324/1608 1261/1381/1669 1262/1420/1712 
f 1217/1327/1611 1291/1421/1713 1215/1325/1609 
f 1215/1325/1609 1292/1422/1714 1216/1326/1610 
f 1293/1423/1715 1214/1323/1612 1216/1326/1610 
f 1294/1424/1716 1217/1327/1611 1262/1382/1670 
f 1178/1273/1546 1264/1384/1672 1263/1383/1671 
f 1180/1275/1549 1263/1383/1671 1266/1386/1675 
f 1179/1274/1547 1265/1385/1673 1264/1384/1672 
f 1295/1425/1717 1265/1385/1673 1219/1329/1614 
f 1296/1426/1718 1219/1329/1674 1220/1330/1615 
f 1223/1333/1677 1218/1328/1613 1266/1386/1675 
f 1222/1332/1676 1268/1388/1681 1221/1331/1616 
f 1267/1387/1719 1223/1333/1677 1266/1386/1675 
f 1267/1387/1678 1297/1427/1720 1222/1332/1617 
f 1189/1334/1621 1268/1388/1679 1297/1427/1720 
f 1225/1336/1625 1221/1331/1616 1268/1388/1681 
f 1227/1338/1629 1269/1389/1682 1295/1425/1717 
f 1187/1286/1683 1298/1428/1721 1269/1389/1722 
f 1187/1286/1683 1228/1340/1631 1298/1428/1721 
f 1189/1334/1621 1297/1427/1720 1267/1387/1678 
f 1267/1387/1719 1266/1386/1675 1228/1340/1723 
f 1191/1391/1724 1299/1429/1725 1270/1392/1726 
f 1271/1393/1727 1227/1338/1728 1295/1425/1729 
f 1191/1391/1730 1190/1341/1731 1293/1423/1732 
f 1230/1343/1636 1272/1394/1688 1300/1430/1733 
f 1300/1430/1733 1273/1395/1689 1230/1343/1636 
f 1231/1344/1637 1273/1395/1689 1301/1431/1734 
f 1301/1431/1734 1274/1396/1690 1231/1344/1637 
f 1232/1397/1638 1274/1432/1690 1302/1433/1735 
f 1302/1433/1735 1275/1398/1691 1232/1397/1638 
f 1233/1348/1639 1275/1398/1691 1303/1434/1736 
f 1303/1434/1736 1276/1399/1692 1233/1348/1639 
f 1277/1400/1693 1276/1399/1692 1304/1435/1737 
f 1304/1435/1737 1305/1436/1738 1277/1400/1693 
f 1235/1350/1641 1277/1400/1693 1305/1436/1738 
f 1305/1436/1738 1278/1401/1694 1235/1350/1641 
f 1278/1401/1694 1306/1437/1739 1279/1402/1695 
f 1280/1403/1696 1236/1351/1642 1279/1402/1695 
f 1279/1402/1695 1307/1438/1740 1280/1403/1696 
f 1281/1405/1697 1237/1353/1643 1280/1403/1696 
f 1280/1403/1696 1308/1439/1741 1281/1405/1697 
f 1282/1440/1698 1238/1404/1644 1281/1405/1697 
f 1281/1405/1697 1309/1441/1742 1282/1440/1698 
f 1283/1407/1699 1239/1355/1645 1282/1406/1698 
f 1282/1406/1698 1310/1442/1743 1283/1407/1699 
f 1272/1394/1688 1240/1356/1646 1283/1407/1699 
f 1283/1407/1699 1300/1430/1733 1272/1394/1688 
f 1242/1418/1700 1257/1377/1665 1213/1321/1604 
f 1242/1418/1700 1212/1320/1603 1284/1410/1701 
f 1255/1375/1702 1244/1362/1652 1289/1417/1709 
f 1246/1411/1654 1288/1416/1707 1244/1362/1652 
f 1285/1412/1703 1245/1365/1653 1311/1443/1744 
f 1245/1413/1745 1270/1392/1726 1311/1444/1746 
f 1285/1412/1703 1312/1445/1747 1246/1411/1654 
f 1313/1446/1748 1247/1367/1655 1286/1414/1705 
f 1286/1414/1705 1248/1368/1656 1314/1447/1749 
f 1250/1370/1658 1314/1447/1749 1248/1368/1656 
f 1287/1415/1706 1315/1448/1750 1250/1370/1658 
f 1250/1370/1658 1249/1369/1657 1287/1415/1706 
f 1316/1449/1751 1251/1371/1659 1253/1373/1661 
f 1253/1373/1661 1317/1450/1752 1316/1449/1751 
f 1251/1371/1659 1316/1449/1751 1288/1416/1707 
f 1246/1411/1654 1252/1372/1660 1288/1416/1707 
f 1246/1411/1654 1287/1415/1706 1252/1372/1660 
f 1317/1450/1752 1253/1373/1661 1254/1374/1662 
f 1256/1376/1708 1289/1417/1709 1254/1374/1662 
f 1260/1380/1710 1318/1451/1753 1258/1378/1666 
f 1319/1452/1754 1259/1379/1667 1258/1378/1666 
f 1296/1426/1718 1220/1330/1615 1259/1379/1667 
f 1293/1423/1732 1290/1419/1711 1214/1323/1607 
f 1260/1380/1710 1290/1419/1755 1318/1451/1753 
f 1313/1446/1748 1261/1381/1669 1247/1367/1655 
f 1312/1445/1747 1262/1420/1712 1261/1381/1669 
f 1217/1327/1611 1294/1424/1716 1291/1421/1713 
f 1215/1325/1609 1291/1421/1713 1292/1422/1714 
f 1293/1423/1715 1216/1326/1610 1292/1422/1714 
f 1311/1444/1746 1294/1424/1716 1262/1382/1670 
f 1264/1384/1672 1320/1453/1756 1263/1383/1671 
f 1263/1383/1671 1228/1340/1723 1266/1386/1675 
f 1298/1428/1757 1264/1384/1672 1265/1385/1673 
f 1296/1426/1718 1295/1425/1729 1219/1329/1674 
f 1295/1425/1717 1269/1389/1682 1265/1385/1673 
f 1222/1332/1676 1297/1427/1758 1268/1388/1681 
f 1269/1389/1682 1298/1428/1757 1265/1385/1673 
f 1228/1340/1723 1320/1453/1756 1298/1428/1757 
f 1291/1421/1713 1299/1429/1725 1191/1391/1724 
f 1294/1424/1716 1270/1392/1726 1299/1429/1725 
f 1271/1393/1727 1321/1454/1759 1190/1341/1760 
f 1271/1393/1727 1295/1425/1729 1296/1426/1718 
f 1293/1423/1715 1292/1422/1714 1191/1391/1724 
f 1190/1341/1731 1290/1419/1711 1293/1423/1732 
f 1273/1395/1689 1300/1430/1733 1322/1455/1761 
f 1322/1455/1761 1301/1431/1734 1273/1395/1689 
f 1274/1432/1690 1301/1456/1734 1323/1457/1762 
f 1323/1457/1762 1302/1433/1735 1274/1432/1690 
f 1275/1398/1691 1302/1433/1735 1324/1458/1763 
f 1324/1458/1763 1303/1434/1736 1275/1398/1691 
f 1276/1399/1692 1303/1434/1736 1325/1459/1764 
f 1325/1459/1764 1304/1435/1737 1276/1399/1692 
f 1304/1435/1737 1306/1437/1739 1305/1436/1738 
f 1305/1436/1738 1306/1437/1739 1278/1401/1694 
f 1279/1402/1695 1306/1437/1739 1307/1438/1740 
f 1308/1439/1741 1280/1403/1696 1307/1438/1740 
f 1307/1438/1740 1326/1460/1765 1308/1439/1741 
f 1309/1441/1742 1281/1405/1697 1308/1439/1741 
f 1308/1439/1741 1327/1461/1766 1309/1441/1742 
f 1310/1462/1743 1282/1440/1698 1309/1441/1742 
f 1309/1441/1742 1328/1463/1767 1310/1462/1743 
f 1300/1430/1733 1283/1407/1699 1310/1442/1743 
f 1310/1442/1743 1322/1455/1761 1300/1430/1733 
f 1317/1450/1752 1289/1417/1709 1244/1362/1652 
f 1288/1416/1707 1317/1450/1752 1244/1362/1652 
f 1285/1412/1703 1311/1443/1744 1312/1445/1747 
f 1270/1392/1726 1294/1424/1716 1311/1444/1746 
f 1329/1464/1768 1330/1465/1769 1246/1411/1654 
f 1246/1411/1654 1312/1445/1747 1313/1446/1748 
f 1329/1464/1768 1246/1411/1654 1313/1446/1748 
f 1313/1446/1748 1286/1414/1705 1329/1464/1768 
f 1329/1464/1768 1286/1414/1705 1314/1447/1749 
f 1250/1370/1658 1315/1448/1750 1314/1447/1749 
f 1246/1411/1654 1315/1448/1750 1287/1415/1706 
f 1288/1416/1707 1316/1449/1751 1317/1450/1752 
f 1289/1417/1709 1317/1450/1752 1254/1374/1662 
f 1319/1452/1754 1258/1378/1666 1318/1451/1753 
f 1296/1426/1718 1259/1379/1667 1319/1452/1754 
f 1290/1419/1755 1190/1341/1760 1318/1451/1753 
f 1313/1446/1748 1312/1445/1747 1261/1381/1669 
f 1312/1445/1747 1311/1443/1744 1262/1420/1712 
f 1294/1424/1716 1299/1429/1725 1291/1421/1713 
f 1291/1421/1713 1191/1391/1724 1292/1422/1714 
f 1264/1384/1672 1298/1428/1757 1320/1453/1756 
f 1263/1383/1671 1320/1453/1756 1228/1340/1723 
f 1271/1393/1727 1319/1452/1754 1321/1454/1759 
f 1321/1454/1759 1318/1451/1753 1190/1341/1760 
f 1271/1393/1727 1296/1426/1718 1319/1452/1754 
f 1301/1456/1734 1322/1466/1761 1331/1467/1770 
f 1331/1467/1770 1323/1457/1762 1301/1456/1734 
f 1302/1433/1735 1323/1457/1762 1332/1468/1771 
f 1332/1468/1771 1324/1458/1763 1302/1433/1735 
f 1303/1434/1736 1324/1458/1763 1333/1469/1772 
f 1333/1469/1772 1325/1459/1764 1303/1434/1736 
f 1325/1459/1764 1306/1437/1739 1304/1435/1737 
f 1307/1438/1740 1306/1437/1739 1326/1460/1765 
f 1327/1461/1766 1308/1439/1741 1326/1460/1765 
f 1326/1460/1765 1334/1470/1773 1327/1461/1766 
f 1328/1463/1767 1309/1441/1742 1327/1461/1766 
f 1327/1461/1766 1335/1471/1774 1328/1463/1767 
f 1322/1466/1761 1310/1462/1743 1328/1463/1767 
f 1328/1463/1767 1331/1467/1770 1322/1466/1761 
f 1329/1464/1768 1314/1447/1749 1330/1465/1769 
f 1315/1448/1750 1246/1411/1654 1330/1465/1769 
f 1315/1448/1750 1330/1465/1769 1314/1447/1749 
f 1321/1454/1759 1319/1452/1754 1318/1451/1753 
f 1323/1457/1762 1331/1467/1770 1336/1472/1775 
f 1336/1472/1775 1332/1468/1771 1323/1457/1762 
f 1324/1458/1763 1332/1468/1771 1337/1473/1776 
f 1337/1473/1776 1333/1469/1772 1324/1458/1763 
f 1333/1469/1772 1306/1437/1739 1325/1459/1764 
f 1326/1460/1765 1306/1437/1739 1334/1470/1773 
f 1335/1471/1774 1327/1461/1766 1334/1470/1773 
f 1334/1470/1773 1338/1474/1777 1335/1471/1774 
f 1331/1467/1770 1328/1463/1767 1335/1471/1774 
f 1335/1471/1774 1336/1472/1775 1331/1467/1770 
f 1332/1468/1771 1336/1472/1775 1339/1475/1778 
f 1339/1475/1778 1337/1473/1776 1332/1468/1771 
f 1337/1473/1776 1306/1437/1739 1333/1469/1772 
f 1334/1470/1773 1306/1437/1739 1338/1474/1777 
f 1336/1472/1775 1335/1471/1774 1338/1474/1777 
f 1338/1474/1777 1339/1475/1778 1336/1472/1775 
f 1339/1475/1778 1306/1437/1739 1337/1473/1776 
f 1338/1474/1777 1306/1437/1739 1339/1475/1778 
f 1340/1476/1779 1341/1477/1780 1342/1478/1781 
f 1340/1476/1779 1342/1478/1781 1343/1479/1782 
f 1340/1480/1779 1344/1481/1783 1341/1482/1780 
f 1342/1478/1781 1341/1477/1780 1345/1483/1784 
f 1345/1483/1784 1346/1484/1785 1342/1478/1781 
f 1340/1476/1779 1343/1479/1782 1347/1485/1786 
f 1343/1479/1782 1342/1478/1781 1346/1484/1785 
f 1346/1484/1785 1348/1486/1787 1343/1479/1782 
f 1340/1480/1779 1349/1487/1788 1344/1481/1783 
f 1341/1482/1780 1344/1481/1783 1350/1488/1789 
f 1350/1488/1789 1345/1489/1784 1341/1482/1780 
f 1351/1490/1790 1346/1484/1785 1345/1483/1784 
f 1345/1483/1784 1352/1491/1791 1351/1490/1790 
f 1340/1492/1779 1347/1493/1786 1353/1494/1792 
f 1347/1485/1786 1343/1479/1782 1348/1486/1787 
f 1348/1486/1787 1354/1495/1793 1347/1485/1786 
f 1355/1496/1794 1348/1486/1787 1346/1484/1785 
f 1346/1484/1785 1351/1490/1790 1355/1496/1794 
f 1340/1480/1779 1356/1497/1795 1349/1487/1788 
f 1344/1481/1783 1349/1487/1788 1357/1498/1796 
f 1357/1498/1796 1350/1488/1789 1344/1481/1783 
f 1352/1499/1791 1345/1489/1784 1350/1488/1789 
f 1350/1488/1789 1358/1500/1797 1352/1499/1791 
f 1340/1492/1779 1353/1494/1792 1359/1501/1798 
f 1353/1494/1792 1347/1493/1786 1354/1502/1793 
f 1354/1502/1793 1360/1503/1799 1353/1494/1792 
f 1361/1504/1800 1354/1495/1793 1348/1486/1787 
f 1348/1486/1787 1355/1496/1794 1361/1504/1800 
f 1340/1505/1779 1362/1506/1801 1356/1507/1795 
f 1349/1487/1788 1356/1497/1795 1363/1508/1802 
f 1363/1508/1802 1357/1498/1796 1349/1487/1788 
f 1358/1500/1797 1350/1488/1789 1357/1498/1796 
f 1357/1498/1796 1364/1509/1803 1358/1500/1797 
f 1351/1490/1790 1352/1491/1791 1365/1510/1804 
f 1365/1510/1804 1366/1511/1805 1351/1490/1790 
f 1367/1512/1806 1355/1496/1794 1351/1490/1790 
f 1351/1490/1790 1366/1511/1805 1367/1512/1806 
f 1340/1492/1779 1359/1501/1798 1368/1513/1807 
f 1359/1501/1798 1353/1494/1792 1360/1503/1799 
f 1360/1503/1799 1369/1514/1808 1359/1501/1798 
f 1370/1515/1809 1360/1503/1799 1354/1502/1793 
f 1354/1502/1793 1361/1516/1800 1370/1515/1809 
f 1371/1517/1810 1361/1504/1800 1355/1496/1794 
f 1355/1496/1794 1367/1512/1806 1371/1517/1810 
f 1340/1505/1779 1372/1518/1811 1362/1506/1801 
f 1356/1507/1795 1362/1506/1801 1373/1519/1812 
f 1373/1519/1812 1363/1520/1802 1356/1507/1795 
f 1364/1509/1803 1357/1498/1796 1363/1508/1802 
f 1363/1508/1802 1374/1521/1813 1364/1509/1803 
f 1365/1522/1804 1352/1499/1791 1358/1500/1797 
f 1358/1500/1797 1375/1523/1814 1365/1522/1804 
f 1340/1505/1779 1368/1524/1807 1372/1518/1811 
f 1368/1513/1807 1359/1501/1798 1369/1514/1808 
f 1369/1514/1808 1376/1525/1815 1368/1513/1807 
f 1377/1526/1816 1369/1514/1808 1360/1503/1799 
f 1360/1503/1799 1370/1515/1809 1377/1526/1816 
f 1378/1527/1817 1370/1515/1809 1361/1516/1800 
f 1361/1516/1800 1371/1528/1810 1378/1527/1817 
f 1362/1506/1801 1372/1518/1811 1379/1529/1818 
f 1379/1529/1818 1373/1519/1812 1362/1506/1801 
f 1374/1530/1813 1363/1520/1802 1373/1519/1812 
f 1373/1519/1812 1380/1531/1819 1374/1530/1813 
f 1375/1523/1814 1358/1500/1797 1364/1509/1803 
f 1364/1509/1803 1381/1532/1820 1375/1523/1814 
f 1366/1511/1805 1365/1510/1804 1382/1533/1821 
f 1382/1533/1821 1383/1534/1822 1366/1511/1805 
f 1384/1535/1823 1367/1512/1806 1366/1511/1805 
f 1366/1511/1805 1385/1536/1824 1384/1535/1823 
f 1371/1517/1810 1367/1512/1806 1386/1537/1825 
f 1386/1537/1825 1387/1538/1826 1371/1517/1810 
f 1372/1518/1811 1368/1524/1807 1376/1539/1815 
f 1376/1539/1815 1379/1529/1818 1372/1518/1811 
f 1388/1540/1827 1376/1525/1815 1369/1514/1808 
f 1369/1514/1808 1377/1526/1816 1388/1540/1827 
f 1389/1541/1828 1377/1526/1816 1370/1515/1809 
f 1370/1515/1809 1378/1527/1817 1389/1541/1828 
f 1378/1527/1817 1371/1528/1810 1390/1542/1829 
f 1390/1542/1829 1391/1543/1830 1378/1527/1817 
f 1380/1531/1819 1373/1519/1812 1379/1529/1818 
f 1379/1529/1818 1392/1544/1831 1380/1531/1819 
f 1381/1532/1820 1364/1509/1803 1374/1521/1813 
f 1374/1521/1813 1393/1545/1832 1381/1532/1820 
f 1365/1522/1804 1375/1523/1814 1394/1546/1833 
f 1394/1546/1833 1395/1547/1834 1365/1522/1804 
f 1365/1510/1804 1396/1548/1835 1382/1533/1821 
f 1367/1512/1806 1384/1535/1823 1397/1549/1836 
f 1385/1536/1824 1366/1511/1805 1398/1550/1837 
f 1385/1536/1824 1399/1551/1838 1384/1535/1823 
f 1367/1512/1806 1400/1552/1839 1386/1537/1825 
f 1392/1544/1831 1379/1529/1818 1376/1539/1815 
f 1376/1539/1815 1388/1553/1827 1392/1544/1831 
f 1388/1540/1827 1377/1526/1816 1389/1541/1828 
f 1389/1541/1828 1401/1554/1840 1388/1540/1827 
f 1389/1541/1828 1378/1527/1817 1402/1555/1841 
f 1390/1542/1829 1371/1528/1810 1403/1556/1842 
f 1393/1557/1832 1374/1530/1813 1380/1531/1819 
f 1380/1531/1819 1404/1558/1843 1393/1557/1832 
f 1375/1523/1814 1381/1532/1820 1405/1559/1844 
f 1405/1559/1844 1406/1560/1845 1375/1523/1814 
f 1394/1546/1833 1375/1523/1814 1407/1561/1846 
f 1366/1511/1805 1383/1534/1822 1408/1562/1847 
f 1409/1563/1848 1383/1534/1849 1382/1533/1850 
f 1365/1522/1804 1410/1564/1851 1396/1565/1835 
f 1396/1548/1835 1411/1566/1852 1382/1533/1821 
f 1367/1512/1806 1397/1549/1836 1400/1552/1839 
f 1384/1535/1823 1412/1567/1853 1397/1549/1836 
f 1385/1536/1824 1398/1550/1837 1413/1568/1854 
f 1366/1511/1805 1408/1562/1847 1398/1550/1837 
f 1385/1536/1824 1414/1569/1855 1399/1551/1838 
f 1399/1551/1838 1415/1570/1856 1384/1535/1823 
f 1371/1517/1810 1387/1538/1826 1416/1571/1857 
f 1386/1537/1825 1417/1572/1858 1387/1538/1826 
f 1386/1537/1825 1400/1552/1839 1418/1573/1859 
f 1418/1573/1859 1419/1574/1860 1386/1537/1825 
f 1392/1544/1831 1388/1553/1827 1401/1575/1840 
f 1401/1575/1840 1420/1576/1861 1392/1544/1831 
f 1389/1541/1828 1402/1555/1841 1421/1577/1862 
f 1422/1578/1863 1423/1579/1864 1424/1580/1865 
f 1422/1578/1863 1424/1580/1865 1402/1555/1841 
f 1402/1555/1841 1378/1527/1817 1425/1581/1866 
f 1422/1578/1863 1402/1555/1841 1425/1581/1866 
f 1422/1578/1863 1425/1581/1866 1426/1582/1867 
f 1378/1527/1817 1391/1543/1830 1427/1583/1868 
f 1428/1584/1869 1429/1585/1870 1391/1543/1830 
f 1391/1543/1830 1390/1542/1829 1428/1584/1869 
f 1390/1542/1829 1403/1556/1842 1430/1586/1871 
f 1371/1517/1810 1416/1571/1857 1403/1587/1842 
f 1404/1558/1843 1380/1531/1819 1392/1544/1831 
f 1392/1544/1831 1420/1576/1861 1404/1558/1843 
f 1381/1532/1820 1393/1545/1832 1431/1588/1872 
f 1431/1588/1872 1432/1589/1873 1381/1532/1820 
f 1381/1532/1820 1433/1590/1874 1405/1559/1844 
f 1365/1522/1804 1395/1547/1834 1410/1564/1851 
f 1434/1591/1875 1435/1592/1876 1395/1547/1834 
f 1395/1547/1834 1394/1546/1833 1434/1591/1875 
f 1394/1546/1833 1407/1561/1846 1436/1593/1877 
f 1375/1523/1814 1437/1594/1878 1407/1561/1846 
f 1383/1534/1822 1438/1595/1879 1408/1562/1847 
f 1382/1533/1850 1439/1596/1880 1409/1563/1848 
f 1409/1563/1881 1440/1597/1882 1383/1534/1822 
f 1396/1565/1835 1410/1564/1851 1441/1598/1883 
f 1411/1566/1852 1396/1548/1835 1442/1599/1884 
f 1382/1533/1821 1411/1566/1852 1443/1600/1885 
f 1400/1552/1839 1397/1549/1836 1444/1601/1886 
f 1384/1535/1823 1445/1602/1887 1412/1567/1853 
f 1397/1549/1836 1412/1567/1853 1444/1601/1886 
f 1385/1536/1824 1413/1568/1854 1446/1603/1888 
f 1413/1568/1854 1398/1550/1837 1447/1604/1889 
f 1398/1550/1837 1408/1562/1847 1447/1604/1889 
f 1385/1536/1824 1448/1605/1890 1414/1569/1855 
f 1449/1606/1891 1399/1551/1838 1414/1569/1855 
f 1399/1551/1838 1450/1607/1892 1415/1570/1856 
f 1415/1570/1856 1451/1608/1893 1384/1535/1823 
f 1387/1538/1826 1452/1609/1894 1416/1571/1857 
f 1453/1610/1895 1417/1572/1858 1386/1537/1825 
f 1452/1609/1894 1387/1538/1826 1417/1572/1858 
f 1418/1573/1859 1400/1552/1839 1454/1611/1896 
f 1418/1573/1859 1455/1612/1897 1419/1574/1860 
f 1419/1574/1860 1456/1613/1898 1386/1537/1825 
f 1457/1614/1899 1401/1554/1840 1389/1541/1828 
f 1389/1541/1828 1458/1615/1900 1457/1614/1899 
f 1389/1541/1828 1421/1577/1862 1459/1616/1901 
f 1402/1555/1902 1460/1617/1903 1421/1577/1904 
f 1425/1581/1866 1378/1527/1817 1461/1618/1905 
f 1425/1581/1866 1462/1619/1906 1426/1582/1867 
f 1426/1582/1867 1463/1620/1907 1422/1578/1863 
f 1464/1621/1908 1423/1579/1864 1422/1578/1863 
f 1465/1622/1909 1424/1580/1865 1423/1579/1864 
f 1424/1580/1910 1465/1622/1911 1402/1555/1902 
f 1378/1527/1817 1427/1583/1868 1461/1618/1905 
f 1391/1543/1830 1466/1623/1912 1427/1583/1868 
f 1391/1543/1830 1429/1585/1870 1467/1624/1913 
f 1390/1542/1829 1430/1586/1871 1428/1584/1869 
f 1429/1585/1914 1428/1584/1915 1467/1624/1916 
f 1430/1586/1871 1403/1556/1842 1468/1625/1917 
f 1403/1587/1842 1416/1571/1857 1468/1626/1917 
f 1469/1627/1918 1470/1628/1919 1471/1629/1920 
f 1471/1629/1920 1393/1557/1921 1404/1558/1922 
f 1469/1627/1918 1471/1629/1920 1404/1558/1922 
f 1469/1627/1918 1404/1558/1922 1472/1630/1923 
f 1431/1588/1872 1393/1545/1832 1473/1631/1924 
f 1375/1523/1814 1406/1560/1845 1437/1594/1878 
f 1406/1560/1925 1405/1559/1926 1474/1632/1927 
f 1474/1632/1927 1475/1633/1928 1406/1560/1925 
f 1381/1532/1820 1476/1634/1929 1433/1590/1874 
f 1433/1590/1874 1477/1635/1930 1405/1559/1844 
f 1395/1547/1931 1478/1636/1932 1410/1564/1933 
f 1395/1547/1931 1435/1592/1934 1479/1637/1935 
f 1394/1546/1833 1436/1593/1877 1434/1591/1875 
f 1480/1638/1936 1435/1592/1934 1434/1591/1937 
f 1434/1591/1937 1481/1639/1938 1480/1638/1936 
f 1436/1593/1877 1407/1561/1846 1482/1640/1939 
f 1407/1561/1846 1437/1594/1878 1482/1640/1939 
f 1383/1534/1822 1440/1597/1882 1438/1595/1879 
f 1483/1641/1940 1408/1562/1847 1438/1595/1879 
f 1382/1533/1821 1484/1642/1941 1439/1596/1942 
f 1409/1563/1848 1439/1596/1880 1485/1643/1943 
f 1409/1563/1881 1486/1644/1944 1440/1597/1882 
f 1396/1565/1835 1441/1598/1883 1442/1645/1884 
f 1410/1564/1851 1478/1636/1945 1441/1598/1883 
f 1411/1566/1852 1442/1599/1884 1487/1646/1946 
f 1443/1600/1885 1484/1642/1941 1382/1533/1821 
f 1411/1566/1852 1488/1647/1947 1443/1600/1885 
f 1400/1552/1839 1444/1601/1886 1454/1611/1896 
f 1384/1535/1823 1451/1608/1893 1445/1602/1887 
f 1489/1648/1948 1412/1567/1853 1445/1602/1887 
f 1412/1567/1853 1489/1648/1948 1444/1601/1886 
f 1385/1536/1824 1446/1603/1888 1490/1649/1949 
f 1446/1603/1888 1413/1568/1854 1491/1650/1950 
f 1413/1568/1854 1447/1604/1889 1491/1650/1950 
f 1408/1562/1847 1483/1641/1940 1447/1604/1889 
f 1490/1649/1949 1448/1605/1890 1385/1536/1824 
f 1492/1651/1951 1414/1569/1855 1448/1605/1890 
f 1449/1606/1891 1414/1569/1855 1492/1651/1951 
f 1399/1551/1838 1449/1606/1891 1493/1652/1952 
f 1399/1551/1838 1493/1652/1952 1450/1607/1892 
f 1415/1570/1856 1450/1607/1892 1494/1653/1953 
f 1415/1570/1856 1494/1653/1953 1451/1608/1893 
f 1495/1654/1954 1416/1571/1955 1452/1609/1956 
f 1453/1610/1895 1386/1537/1825 1456/1613/1898 
f 1452/1609/1894 1417/1572/1858 1453/1610/1895 
f 1418/1573/1859 1454/1611/1896 1496/1655/1957 
f 1418/1573/1859 1496/1655/1957 1455/1612/1897 
f 1419/1574/1860 1455/1612/1897 1456/1613/1898 
f 1420/1576/1861 1401/1575/1840 1497/1656/1958 
f 1497/1656/1958 1498/1657/1959 1420/1576/1861 
f 1457/1614/1899 1499/1658/1960 1401/1554/1840 
f 1458/1615/1900 1389/1541/1828 1459/1616/1901 
f 1459/1616/1961 1421/1577/1904 1500/1659/1962 
f 1402/1555/1902 1501/1660/1963 1460/1617/1903 
f 1502/1661/1964 1421/1577/1904 1460/1617/1903 
f 1425/1581/1866 1461/1618/1905 1503/1662/1965 
f 1425/1581/1866 1503/1662/1965 1462/1619/1906 
f 1426/1582/1867 1462/1619/1906 1463/1620/1907 
f 1464/1621/1908 1422/1578/1863 1463/1620/1907 
f 1465/1622/1909 1423/1579/1864 1464/1621/1908 
f 1465/1622/1911 1501/1660/1963 1402/1555/1902 
f 1461/1618/1905 1427/1583/1868 1504/1663/1966 
f 1391/1543/1830 1467/1624/1913 1466/1623/1912 
f 1427/1583/1868 1466/1623/1912 1504/1663/1966 
f 1430/1586/1871 1505/1664/1967 1428/1584/1869 
f 1428/1584/1915 1506/1665/1968 1467/1624/1916 
f 1430/1586/1871 1468/1625/1917 1507/1666/1969 
f 1508/1667/1970 1468/1626/1971 1416/1571/1972 
f 1509/1668/1973 1404/1558/1843 1420/1576/1861 
f 1420/1576/1861 1510/1669/1974 1509/1668/1973 
f 1393/1557/1832 1471/1629/1975 1511/1670/1976 
f 1472/1630/1977 1404/1558/1843 1512/1671/1978 
f 1469/1627/1979 1472/1630/1977 1513/1672/1980 
f 1513/1672/1980 1514/1673/1981 1469/1627/1979 
f 1515/1674/1982 1470/1628/1919 1469/1627/1918 
f 1516/1675/1983 1471/1629/1975 1470/1628/1984 
f 1470/1628/1984 1517/1676/1985 1516/1675/1983 
f 1381/1532/1820 1432/1589/1873 1476/1634/1929 
f 1518/1677/1986 1432/1589/1873 1431/1588/1872 
f 1431/1588/1872 1519/1678/1987 1518/1677/1986 
f 1431/1588/1872 1473/1631/1924 1519/1678/1987 
f 1473/1631/1924 1393/1545/1832 1511/1679/1976 
f 1406/1560/1845 1520/1680/1988 1437/1594/1878 
f 1405/1559/1844 1521/1681/1989 1474/1632/1990 
f 1522/1682/1991 1523/1683/1992 1475/1633/1928 
f 1475/1633/1928 1474/1632/1927 1522/1682/1991 
f 1475/1633/1993 1524/1684/1994 1406/1560/1845 
f 1433/1590/1874 1476/1634/1929 1525/1685/1995 
f 1477/1635/1930 1433/1590/1874 1526/1686/1996 
f 1405/1559/1844 1477/1635/1930 1527/1687/1997 
f 1395/1547/1931 1479/1637/1935 1478/1636/1932 
f 1435/1592/1934 1480/1638/1936 1479/1637/1935 
f 1436/1593/1877 1528/1688/1998 1434/1591/1875 
f 1434/1591/1875 1529/1689/1999 1481/1639/2000 
f 1530/1690/2001 1531/1691/2002 1480/1638/2003 
f 1480/1638/2003 1481/1639/2000 1530/1690/2001 
f 1436/1593/1877 1482/1640/1939 1532/1692/2004 
f 1437/1594/1878 1533/1693/2005 1482/1640/1939 
f 1534/1694/2006 1438/1595/1879 1440/1597/1882 
f 1483/1641/1940 1438/1595/1879 1534/1694/2006 
f 1535/1695/2007 1439/1596/1942 1484/1642/1941 
f 1409/1563/1881 1485/1643/2008 1536/1696/2009 
f 1485/1643/2008 1439/1596/1942 1535/1695/2007 
f 1409/1563/1881 1536/1696/2009 1486/1644/1944 
f 1534/1694/2006 1440/1597/1882 1486/1644/1944 
f 1537/1697/2010 1442/1645/1884 1441/1598/1883 
f 1478/1636/1945 1538/1698/2011 1441/1598/1883 
f 1411/1566/1852 1487/1646/1946 1488/1647/1947 
f 1539/1699/2012 1487/1646/2013 1442/1599/2014 
f 1443/1600/1885 1540/1700/2015 1484/1642/1941 
f 1443/1600/1885 1488/1647/1947 1540/1700/2015 
f 1541/1701/2016 1454/1611/1896 1444/1601/1886 
f 1542/1702/2017 1445/1602/1887 1451/1608/1893 
f 1489/1648/1948 1445/1602/1887 1542/1702/2017 
f 1541/1701/2016 1444/1601/1886 1489/1648/1948 
f 1446/1603/1888 1543/1703/2018 1490/1649/1949 
f 1446/1603/1888 1491/1650/1950 1544/1704/2019 
f 1545/1705/2020 1491/1650/1950 1447/1604/1889 
f 1545/1705/2021 1447/1604/2022 1483/1641/2023 
f 1490/1649/1949 1546/1706/2024 1448/1605/1890 
f 1492/1651/1951 1448/1605/1890 1546/1706/2024 
f 1547/1707/2025 1449/1606/1891 1492/1651/1951 
f 1449/1606/1891 1547/1707/2025 1548/1708/2026 
f 1548/1708/2026 1493/1652/1952 1449/1606/1891 
f 1493/1652/1952 1549/1709/2027 1450/1607/1892 
f 1450/1607/1892 1550/1710/2028 1494/1653/1953 
f 1542/1702/2017 1451/1608/1893 1494/1653/1953 
f 1453/1610/2029 1551/1711/2030 1495/1654/1954 
f 1495/1654/1954 1452/1609/1956 1453/1610/2029 
f 1495/1654/1954 1508/1667/2031 1416/1571/1955 
f 1551/1711/2030 1453/1610/2029 1456/1613/2032 
f 1552/1712/2033 1496/1655/2034 1454/1611/2035 
f 1496/1655/2034 1553/1713/2036 1455/1612/2037 
f 1455/1612/2037 1554/1714/2038 1456/1613/2032 
f 1497/1656/1958 1401/1575/1840 1555/1715/2039 
f 1555/1715/2039 1556/1716/2040 1497/1656/1958 
f 1557/1717/2041 1499/1658/1960 1457/1614/1899 
f 1457/1614/1899 1558/1718/2042 1557/1717/2041 
f 1401/1554/1840 1499/1658/1960 1559/1719/2043 
f 1457/1614/1899 1458/1615/1900 1558/1718/2042 
f 1458/1615/1900 1459/1616/1901 1560/1720/2044 
f 1560/1720/2044 1459/1616/1901 1500/1659/2045 
f 1421/1577/1904 1502/1661/1964 1500/1659/1962 
f 1561/1721/2046 1460/1617/1903 1501/1660/1963 
f 1502/1661/1964 1460/1617/1903 1561/1721/2046 
f 1503/1662/1965 1461/1618/1905 1562/1722/2047 
f 1503/1662/1965 1563/1723/2048 1462/1619/1906 
f 1462/1619/1906 1564/1724/2049 1463/1620/1907 
f 1565/1725/2050 1464/1621/1908 1463/1620/1907 
f 1566/1726/2051 1465/1622/1909 1464/1621/1908 
f 1465/1622/1911 1567/1727/2052 1501/1660/1963 
f 1461/1618/1905 1504/1663/1966 1562/1722/2047 
f 1467/1624/1913 1568/1728/2053 1466/1623/1912 
f 1466/1623/1912 1569/1729/2054 1504/1663/1966 
f 1505/1664/1967 1430/1586/1871 1507/1666/1969 
f 1428/1584/1869 1505/1664/1967 1570/1730/2055 
f 1428/1584/1915 1571/1731/2056 1506/1665/1968 
f 1506/1665/2057 1572/1732/2058 1467/1624/1913 
f 1573/1733/2059 1507/1666/1969 1468/1625/1917 
f 1508/1667/1970 1573/1734/2060 1468/1626/1971 
f 1509/1668/1973 1574/1735/2061 1404/1558/1843 
f 1471/1629/1975 1575/1736/2062 1511/1670/1976 
f 1472/1630/1977 1512/1671/1978 1576/1737/2063 
f 1404/1558/1843 1577/1738/2064 1512/1671/1978 
f 1472/1630/1977 1578/1739/2065 1513/1672/1980 
f 1513/1672/1980 1579/1740/2066 1514/1673/1981 
f 1580/1741/2067 1469/1627/1979 1514/1673/1981 
f 1469/1627/1918 1581/1742/2068 1515/1674/1982 
f 1470/1628/1984 1515/1674/2069 1582/1743/2070 
f 1470/1628/1984 1583/1744/2071 1517/1676/1985 
f 1584/1745/2072 1516/1675/1983 1517/1676/1985 
f 1575/1736/2062 1471/1629/1975 1516/1675/1983 
f 1585/1746/2073 1476/1634/1929 1432/1589/1873 
f 1432/1589/1873 1518/1677/1986 1585/1746/2073 
f 1518/1677/2074 1519/1678/2075 1586/1747/2076 
f 1586/1747/2076 1587/1748/2077 1518/1677/2074 
f 1473/1631/1924 1588/1749/2078 1519/1678/1987 
f 1473/1631/1924 1511/1679/1976 1589/1750/2079 
f 1406/1560/1845 1524/1684/1994 1520/1680/1988 
f 1533/1693/2005 1437/1594/1878 1520/1680/1988 
f 1527/1687/1997 1521/1681/1989 1405/1559/1844 
f 1590/1751/2080 1474/1632/1990 1521/1681/1989 
f 1475/1633/1993 1523/1683/2081 1591/1752/2082 
f 1522/1682/2083 1474/1632/1990 1590/1751/2080 
f 1523/1683/2084 1522/1682/2085 1592/1753/2086 
f 1592/1753/2086 1593/1754/2087 1523/1683/2084 
f 1475/1633/1993 1594/1755/2088 1524/1684/1994 
f 1433/1590/1874 1525/1685/1995 1526/1686/1996 
f 1476/1634/1929 1585/1746/2073 1525/1685/1995 
f 1477/1635/1930 1526/1686/1996 1595/1756/2089 
f 1477/1635/1930 1596/1757/2090 1527/1687/1997 
f 1479/1637/2091 1597/1758/2092 1478/1636/1945 
f 1480/1638/2003 1598/1759/2093 1479/1637/2091 
f 1528/1688/1998 1436/1593/1877 1532/1692/2004 
f 1434/1591/1875 1528/1688/1998 1599/1760/2094 
f 1434/1591/1875 1600/1761/2095 1529/1689/1999 
f 1530/1690/2001 1481/1639/2000 1529/1689/1999 
f 1480/1638/2003 1531/1691/2002 1601/1762/2096 
f 1531/1691/2002 1530/1690/2001 1602/1763/2097 
f 1602/1763/2097 1603/1764/2098 1531/1691/2002 
f 1604/1765/2099 1532/1692/2004 1482/1640/1939 
f 1604/1765/2100 1482/1640/2101 1533/1693/2102 
f 1605/1766/2103 1483/1641/2023 1534/1694/2104 
f 1535/1695/2007 1484/1642/1941 1540/1700/2015 
f 1485/1643/2105 1606/1767/2106 1536/1696/2107 
f 1607/1768/2108 1485/1643/2105 1535/1695/2109 
f 1536/1696/2107 1608/1769/2110 1486/1644/2111 
f 1609/1770/2112 1534/1694/2104 1486/1644/2111 
f 1537/1697/2010 1441/1598/1883 1538/1698/2011 
f 1537/1697/2010 1539/1771/2113 1442/1645/1884 
f 1538/1698/2011 1478/1636/1945 1597/1758/2092 
f 1487/1646/2013 1610/1772/2114 1488/1647/2115 
f 1539/1699/2012 1611/1773/2116 1487/1646/2013 
f 1488/1647/2115 1612/1774/2117 1540/1700/2118 
f 1541/1701/2016 1552/1712/2119 1454/1611/1896 
f 1613/1775/2120 1489/1648/1948 1542/1702/2017 
f 1613/1775/2120 1541/1701/2016 1489/1648/1948 
f 1446/1603/1888 1544/1704/2019 1543/1703/2018 
f 1490/1649/1949 1543/1703/2018 1546/1706/2024 
f 1614/1776/2121 1544/1704/2019 1491/1650/1950 
f 1545/1705/2020 1614/1776/2121 1491/1650/1950 
f 1605/1766/2103 1545/1705/2021 1483/1641/2023 
f 1615/1777/2122 1492/1651/1951 1546/1706/2024 
f 1547/1707/2025 1492/1651/1951 1615/1777/2122 
f 1616/1778/2123 1548/1708/2026 1547/1707/2025 
f 1493/1652/1952 1548/1708/2026 1549/1709/2027 
f 1450/1607/1892 1549/1709/2027 1550/1710/2028 
f 1617/1779/2124 1494/1653/1953 1550/1710/2028 
f 1617/1779/2124 1542/1702/2017 1494/1653/1953 
f 1618/1780/2125 1495/1654/1954 1551/1711/2030 
f 1618/1780/2125 1508/1667/2031 1495/1654/1954 
f 1551/1711/2030 1456/1613/2032 1554/1714/2038 
f 1552/1712/2033 1619/1781/2126 1496/1655/2034 
f 1496/1655/2034 1619/1781/2126 1553/1713/2036 
f 1455/1612/2037 1553/1713/2036 1554/1714/2038 
f 1420/1576/1861 1498/1657/1959 1620/1782/2127 
f 1497/1656/2128 1621/1783/2129 1498/1657/2130 
f 1555/1715/2039 1401/1575/1840 1622/1784/2131 
f 1555/1715/2039 1623/1785/2132 1556/1716/2040 
f 1556/1716/2040 1624/1786/2133 1497/1656/1958 
f 1558/1718/2042 1625/1787/2134 1557/1717/2041 
f 1499/1658/1960 1557/1717/2041 1559/1719/2043 
f 1401/1554/1840 1559/1719/2043 1622/1788/2131 
f 1458/1615/1900 1626/1789/2135 1558/1718/2042 
f 1627/1790/2136 1626/1789/2135 1458/1615/1900 
f 1458/1615/1900 1560/1720/2044 1627/1790/2136 
f 1560/1720/2044 1500/1659/2045 1628/1791/2137 
f 1629/1792/2138 1500/1659/1962 1502/1661/1964 
f 1561/1721/2046 1501/1660/1963 1567/1727/2052 
f 1630/1793/2139 1502/1661/1964 1561/1721/2046 
f 1503/1662/1965 1562/1722/2047 1631/1794/2140 
f 1503/1662/1965 1631/1794/2140 1563/1723/2048 
f 1462/1619/1906 1563/1723/2048 1564/1724/2049 
f 1565/1725/2050 1463/1620/1907 1564/1724/2049 
f 1566/1726/2051 1464/1621/1908 1565/1725/2050 
f 1465/1622/1911 1566/1726/2141 1567/1727/2052 
f 1632/1795/2142 1562/1722/2047 1504/1663/1966 
f 1633/1796/2143 1568/1728/2053 1467/1624/1913 
f 1569/1729/2054 1466/1623/1912 1568/1728/2053 
f 1632/1795/2142 1504/1663/1966 1569/1729/2054 
f 1505/1664/1967 1507/1666/1969 1634/1797/2144 
f 1570/1730/2055 1635/1798/2145 1428/1584/1869 
f 1505/1664/1967 1636/1799/2146 1570/1730/2055 
f 1428/1584/1869 1635/1798/2145 1571/1731/2147 
f 1637/1800/2148 1506/1665/2057 1571/1731/2147 
f 1571/1731/2147 1638/1801/2149 1637/1800/2148 
f 1506/1665/2057 1639/1802/2150 1572/1732/2058 
f 1633/1796/2143 1467/1624/1913 1572/1732/2058 
f 1573/1733/2059 1640/1803/2151 1507/1666/1969 
f 1641/1804/2152 1573/1734/2060 1508/1667/1970 
f 1509/1668/2153 1642/1805/2154 1574/1735/2155 
f 1404/1558/1843 1574/1735/2061 1577/1738/2064 
f 1510/1669/1974 1420/1576/1861 1643/1806/2156 
f 1509/1668/2153 1510/1669/2157 1642/1805/2154 
f 1644/1807/2158 1511/1670/2159 1575/1736/2160 
f 1472/1630/1977 1576/1737/2063 1578/1739/2065 
f 1645/1808/2161 1576/1737/2162 1512/1671/2163 
f 1646/1809/2164 1512/1671/2165 1577/1738/2166 
f 1513/1672/1980 1578/1739/2065 1579/1740/2066 
f 1580/1741/2067 1514/1673/1981 1579/1740/2066 
f 1581/1742/2167 1469/1627/1979 1580/1741/2067 
f 1515/1674/2168 1581/1742/2169 1647/1810/2170 
f 1647/1810/2170 1648/1811/2171 1515/1674/2168 
f 1470/1628/1984 1582/1743/2070 1583/1744/2071 
f 1582/1743/2172 1515/1674/2168 1648/1811/2171 
f 1648/1811/2171 1649/1812/2173 1582/1743/2172 
f 1584/1745/2072 1517/1676/1985 1583/1744/2071 
f 1575/1736/2062 1516/1675/1983 1584/1745/2072 
f 1518/1677/1986 1650/1813/2174 1585/1746/2073 
f 1519/1678/1987 1651/1814/2175 1586/1747/2176 
f 1652/1815/2177 1587/1748/2178 1586/1747/2176 
f 1586/1747/2176 1653/1816/2179 1652/1815/2177 
f 1518/1677/1986 1587/1748/2178 1654/1817/2180 
f 1588/1749/2078 1473/1631/1924 1589/1750/2079 
f 1519/1678/1987 1588/1749/2078 1655/1818/2181 
f 1644/1819/2182 1589/1750/2079 1511/1679/1976 
f 1656/1820/2183 1520/1680/1988 1524/1684/1994 
f 1533/1693/2005 1520/1680/1988 1656/1820/2183 
f 1527/1687/1997 1657/1821/2184 1521/1681/1989 
f 1590/1751/2080 1521/1681/1989 1657/1821/2184 
f 1475/1633/1993 1591/1752/2082 1594/1755/2088 
f 1523/1683/2084 1658/1822/2185 1591/1752/2186 
f 1592/1753/2086 1522/1682/2085 1590/1751/2187 
f 1593/1754/2087 1592/1753/2086 1659/1823/2188 
f 1659/1823/2188 1660/1824/2189 1593/1754/2087 
f 1523/1683/2084 1593/1754/2087 1658/1822/2185 
f 1656/1820/2183 1524/1684/1994 1594/1755/2088 
f 1661/1825/2190 1526/1686/1996 1525/1685/1995 
f 1585/1746/2073 1662/1826/2191 1525/1685/1995 
f 1477/1635/1930 1595/1756/2089 1596/1757/2090 
f 1663/1827/2192 1595/1756/2193 1526/1686/2194 
f 1527/1687/1997 1596/1757/2090 1657/1821/2184 
f 1664/1828/2195 1597/1758/2092 1479/1637/2091 
f 1480/1638/2003 1601/1762/2096 1598/1759/2093 
f 1598/1759/2093 1665/1829/2196 1479/1637/2091 
f 1528/1688/1998 1532/1692/2004 1666/1830/2197 
f 1599/1760/2094 1600/1761/2095 1434/1591/1875 
f 1528/1688/1998 1667/1831/2198 1599/1760/2094 
f 1668/1832/2199 1529/1689/1999 1600/1761/2095 
f 1530/1690/2001 1529/1689/1999 1668/1832/2199 
f 1531/1691/2002 1669/1833/2200 1601/1762/2096 
f 1668/1832/2199 1670/1834/2201 1602/1763/2097 
f 1602/1763/2097 1530/1690/2001 1668/1832/2199 
f 1671/1835/2202 1603/1764/2098 1602/1763/2097 
f 1531/1691/2002 1603/1764/2098 1669/1833/2200 
f 1604/1765/2099 1672/1836/2203 1532/1692/2004 
f 1673/1837/2204 1604/1765/2100 1533/1693/2102 
f 1605/1766/2103 1534/1694/2104 1609/1770/2112 
f 1607/1768/2108 1535/1695/2109 1540/1700/2118 
f 1607/1768/2205 1606/1767/2206 1485/1643/2207 
f 1536/1696/2107 1606/1767/2106 1608/1769/2110 
f 1609/1770/2112 1486/1644/2111 1608/1769/2110 
f 1674/1838/2208 1537/1697/2010 1538/1698/2011 
f 1675/1839/2209 1539/1771/2113 1537/1697/2010 
f 1538/1698/2011 1597/1758/2092 1664/1828/2195 
f 1487/1646/2013 1611/1773/2116 1610/1772/2114 
f 1488/1647/2115 1610/1772/2114 1612/1774/2117 
f 1539/1699/2012 1676/1840/2210 1677/1841/2211 
f 1677/1841/2211 1611/1773/2116 1539/1699/2012 
f 1607/1768/2108 1540/1700/2118 1612/1774/2117 
f 1678/1842/2212 1552/1712/2119 1541/1701/2016 
f 1613/1775/2120 1542/1702/2017 1617/1779/2124 
f 1678/1842/2212 1541/1701/2016 1613/1775/2120 
f 1544/1704/2019 1679/1843/2213 1543/1703/2018 
f 1543/1703/2018 1680/1844/2214 1546/1706/2024 
f 1614/1776/2121 1681/1845/2215 1544/1704/2019 
f 1682/1846/2216 1614/1776/2121 1545/1705/2020 
f 1682/1846/2217 1545/1705/2021 1605/1766/2103 
f 1615/1777/2122 1546/1706/2024 1680/1844/2214 
f 1616/1778/2123 1547/1707/2025 1615/1777/2122 
f 1616/1778/2123 1683/1847/2218 1548/1708/2026 
f 1548/1708/2026 1684/1848/2219 1549/1709/2027 
f 1549/1709/2027 1685/1849/2220 1550/1710/2028 
f 1686/1850/2221 1617/1779/2124 1550/1710/2028 
f 1618/1780/2125 1551/1711/2030 1687/1851/2222 
f 1618/1780/2125 1641/1804/2223 1508/1667/2031 
f 1687/1851/2222 1551/1711/2030 1554/1714/2038 
f 1552/1712/2033 1688/1852/2224 1689/1853/2225 
f 1689/1853/2225 1619/1781/2126 1552/1712/2033 
f 1690/1854/2226 1553/1713/2036 1619/1781/2126 
f 1619/1781/2126 1689/1853/2225 1690/1854/2226 
f 1691/1855/2227 1554/1714/2038 1553/1713/2036 
f 1553/1713/2036 1690/1854/2226 1691/1855/2227 
f 1643/1806/2228 1420/1576/2229 1620/1782/2230 
f 1498/1657/1959 1692/1856/2231 1620/1782/2127 
f 1497/1656/2128 1693/1857/2232 1621/1783/2129 
f 1498/1657/1959 1621/1783/2233 1694/1858/2234 
f 1694/1858/2234 1695/1859/2235 1498/1657/1959 
f 1555/1715/2039 1622/1784/2131 1696/1860/2236 
f 1555/1715/2039 1696/1860/2236 1623/1785/2132 
f 1556/1716/2040 1623/1785/2132 1624/1786/2133 
f 1697/1861/2237 1497/1656/1958 1624/1786/2133 
f 1558/1718/2042 1698/1862/2238 1625/1787/2134 
f 1625/1787/2134 1699/1863/2239 1700/1864/2240 
f 1700/1864/2240 1557/1717/2041 1625/1787/2134 
f 1557/1717/2041 1700/1864/2240 1559/1719/2043 
f 1701/1865/2241 1622/1788/2242 1559/1719/2243 
f 1626/1789/2244 1702/1866/2245 1558/1718/2246 
f 1628/1791/2137 1703/1867/2247 1627/1790/2136 
f 1627/1790/2136 1560/1720/2044 1628/1791/2137 
f 1626/1789/2135 1627/1790/2136 1704/1868/2248 
f 1629/1792/2249 1628/1791/2250 1500/1659/2251 
f 1630/1793/2139 1629/1792/2138 1502/1661/1964 
f 1705/1869/2252 1561/1721/2046 1567/1727/2052 
f 1630/1793/2139 1561/1721/2046 1705/1869/2252 
f 1706/1870/2253 1631/1794/2140 1562/1722/2047 
f 1631/1794/2140 1707/1871/2254 1563/1723/2048 
f 1563/1723/2048 1708/1872/2255 1564/1724/2049 
f 1709/1873/2256 1565/1725/2050 1564/1724/2049 
f 1709/1873/2256 1710/1874/2257 1566/1726/2051 
f 1566/1726/2051 1565/1725/2050 1709/1873/2256 
f 1566/1726/2141 1711/1875/2258 1567/1727/2052 
f 1632/1795/2142 1706/1870/2253 1562/1722/2047 
f 1569/1729/2054 1568/1728/2053 1633/1796/2143 
f 1712/1876/2259 1632/1795/2142 1569/1729/2054 
f 1505/1664/1967 1634/1797/2144 1636/1799/2146 
f 1640/1803/2151 1634/1797/2144 1507/1666/1969 
f 1570/1730/2055 1713/1877/2260 1635/1798/2145 
f 1570/1730/2055 1636/1799/2146 1713/1877/2260 
f 1714/1878/2261 1571/1731/2147 1635/1798/2145 
f 1506/1665/2057 1637/1800/2148 1639/1802/2150 
f 1638/1801/2149 1571/1731/2147 1714/1878/2261 
f 1638/1801/2149 1715/1879/2262 1716/1880/2263 
f 1716/1880/2263 1637/1800/2148 1638/1801/2149 
f 1717/1881/2264 1572/1732/2058 1639/1802/2150 
f 1639/1802/2150 1718/1882/2265 1717/1881/2264 
f 1719/1883/2266 1633/1796/2143 1572/1732/2058 
f 1720/1884/2267 1640/1803/2151 1573/1733/2059 
f 1641/1804/2152 1720/1885/2268 1573/1734/2060 
f 1574/1735/2269 1642/1805/2270 1577/1738/2166 
f 1510/1669/2157 1643/1806/2271 1721/1886/2272 
f 1510/1669/2157 1722/1887/2273 1642/1805/2154 
f 1723/1888/2274 1644/1807/2158 1575/1736/2160 
f 1576/1737/2162 1724/1889/2275 1578/1739/2276 
f 1646/1809/2164 1645/1808/2277 1512/1671/2165 
f 1645/1808/2161 1725/1890/2278 1576/1737/2162 
f 1646/1809/2164 1577/1738/2166 1726/1891/2279 
f 1578/1739/2276 1727/1892/2280 1579/1740/2281 
f 1728/1893/2282 1580/1741/2283 1579/1740/2281 
f 1580/1741/2283 1728/1893/2282 1647/1810/2170 
f 1647/1810/2170 1581/1742/2169 1580/1741/2283 
f 1648/1811/2171 1647/1810/2170 1729/1894/2284 
f 1729/1894/2284 1730/1895/2285 1648/1811/2171 
f 1582/1743/2172 1731/1896/2286 1583/1744/2287 
f 1648/1811/2171 1732/1897/2288 1649/1812/2173 
f 1582/1743/2172 1649/1812/2173 1731/1896/2286 
f 1733/1898/2289 1584/1745/2290 1583/1744/2287 
f 1723/1888/2274 1575/1736/2160 1584/1745/2290 
f 1518/1677/1986 1734/1899/2291 1650/1813/2174 
f 1650/1813/2174 1735/1900/2292 1662/1826/2191 
f 1662/1826/2191 1585/1746/2073 1650/1813/2174 
f 1519/1678/1987 1736/1901/2293 1651/1814/2175 
f 1651/1814/2175 1737/1902/2294 1653/1816/2179 
f 1653/1816/2179 1586/1747/2176 1651/1814/2175 
f 1587/1748/2178 1652/1815/2177 1738/1903/2295 
f 1653/1816/2179 1739/1904/2296 1740/1905/2297 
f 1740/1905/2297 1652/1815/2177 1653/1816/2179 
f 1654/1817/2180 1734/1899/2291 1518/1677/1986 
f 1587/1748/2178 1738/1903/2295 1654/1817/2180 
f 1588/1749/2078 1589/1750/2079 1741/1906/2298 
f 1655/1818/2181 1736/1901/2293 1519/1678/1987 
f 1588/1749/2078 1742/1907/2299 1655/1818/2181 
f 1644/1819/2182 1743/1908/2300 1589/1750/2079 
f 1673/1837/2204 1533/1693/2102 1656/1820/2301 
f 1744/1909/2302 1590/1751/2187 1657/1821/2303 
f 1591/1752/2186 1745/1910/2304 1594/1755/2305 
f 1591/1752/2186 1658/1822/2185 1745/1910/2304 
f 1592/1753/2086 1590/1751/2187 1744/1909/2302 
f 1659/1823/2188 1592/1753/2086 1744/1909/2302 
f 1659/1823/2188 1746/1911/2306 1660/1824/2189 
f 1593/1754/2087 1660/1824/2189 1747/1912/2307 
f 1593/1754/2087 1747/1912/2307 1658/1822/2185 
f 1748/1913/2308 1656/1820/2301 1594/1755/2305 
f 1661/1825/2190 1525/1685/1995 1662/1826/2191 
f 1661/1825/2190 1663/1827/2309 1526/1686/1996 
f 1595/1756/2193 1749/1914/2310 1596/1757/2311 
f 1663/1827/2192 1750/1915/2312 1595/1756/2193 
f 1596/1757/2311 1751/1916/2313 1657/1821/2303 
f 1664/1828/2195 1479/1637/2091 1665/1829/2196 
f 1598/1759/2093 1601/1762/2096 1665/1829/2196 
f 1528/1688/1998 1666/1830/2197 1667/1831/2198 
f 1672/1836/2203 1666/1830/2197 1532/1692/2004 
f 1599/1760/2094 1752/1917/2314 1600/1761/2095 
f 1599/1760/2094 1667/1831/2198 1752/1917/2314 
f 1668/1832/2199 1600/1761/2095 1752/1917/2314 
f 1601/1762/2096 1669/1833/2200 1753/1918/2315 
f 1671/1835/2202 1602/1763/2097 1670/1834/2201 
f 1670/1834/2201 1668/1832/2199 1752/1917/2314 
f 1671/1835/2202 1754/1919/2316 1603/1764/2098 
f 1603/1764/2098 1755/1920/2317 1669/1833/2200 
f 1756/1921/2318 1672/1836/2203 1604/1765/2099 
f 1756/1921/2319 1604/1765/2100 1673/1837/2204 
f 1757/1922/2320 1605/1766/2103 1609/1770/2112 
f 1607/1768/2205 1758/1923/2321 1759/1924/2322 
f 1759/1924/2322 1606/1767/2206 1607/1768/2205 
f 1608/1769/2110 1606/1767/2106 1759/1924/2323 
f 1759/1924/2323 1760/1925/2324 1608/1769/2110 
f 1760/1925/2324 1761/1926/2325 1609/1770/2112 
f 1609/1770/2112 1608/1769/2110 1760/1925/2324 
f 1674/1838/2208 1538/1698/2011 1664/1828/2195 
f 1675/1839/2209 1537/1697/2010 1674/1838/2208 
f 1675/1839/2209 1676/1927/2326 1539/1771/2113 
f 1762/1928/2327 1610/1772/2114 1611/1773/2116 
f 1611/1773/2116 1677/1841/2211 1762/1928/2327 
f 1763/1929/2328 1612/1774/2117 1610/1772/2114 
f 1610/1772/2114 1762/1928/2327 1763/1929/2328 
f 1677/1841/2211 1676/1840/2210 1764/1930/2329 
f 1758/1923/2330 1607/1768/2108 1612/1774/2117 
f 1678/1842/2212 1688/1852/2331 1552/1712/2119 
f 1765/1931/2332 1613/1775/2120 1617/1779/2124 
f 1765/1931/2332 1678/1842/2212 1613/1775/2120 
f 1544/1704/2019 1681/1845/2215 1679/1843/2213 
f 1543/1703/2018 1679/1843/2213 1680/1844/2214 
f 1766/1932/2333 1681/1845/2215 1614/1776/2121 
f 1682/1846/2216 1766/1932/2333 1614/1776/2121 
f 1757/1922/2320 1682/1846/2217 1605/1766/2103 
f 1767/1933/2334 1615/1777/2122 1680/1844/2214 
f 1616/1778/2123 1615/1777/2122 1767/1933/2334 
f 1616/1778/2123 1768/1934/2335 1683/1847/2218 
f 1548/1708/2026 1683/1847/2218 1684/1848/2219 
f 1549/1709/2027 1684/1848/2219 1685/1849/2220 
f 1686/1850/2221 1550/1710/2028 1685/1849/2220 
f 1765/1931/2332 1617/1779/2124 1686/1850/2221 
f 1769/1935/2336 1618/1780/2125 1687/1851/2222 
f 1641/1804/2223 1618/1780/2125 1769/1935/2336 
f 1687/1851/2222 1554/1714/2038 1691/1855/2227 
f 1688/1852/2224 1770/1936/2337 1689/1853/2225 
f 1689/1853/2225 1771/1937/2338 1690/1854/2226 
f 1690/1854/2226 1772/1938/2339 1691/1855/2227 
f 1643/1806/2228 1620/1782/2230 1773/1939/2340 
f 1692/1856/2231 1498/1657/1959 1774/1940/2341 
f 1775/1941/2342 1620/1782/2343 1692/1856/2344 
f 1697/1861/2237 1693/1857/2345 1497/1656/1958 
f 1621/1783/2129 1693/1857/2232 1697/1861/2346 
f 1621/1783/2129 1697/1861/2346 1694/1858/2347 
f 1694/1858/2348 1776/1942/2349 1695/1859/2350 
f 1774/1940/2341 1498/1657/1959 1695/1859/2235 
f 1777/1943/2351 1696/1860/2352 1622/1784/2353 
f 1696/1860/2352 1778/1944/2354 1623/1785/2355 
f 1623/1785/2355 1779/1945/2356 1624/1786/2357 
f 1780/1946/2358 1697/1861/2359 1624/1786/2357 
f 1702/1866/2360 1698/1862/2238 1558/1718/2042 
f 1699/1863/2239 1625/1787/2134 1698/1862/2238 
f 1781/1947/2361 1782/1948/2362 1700/1864/2363 
f 1700/1864/2363 1699/1863/2364 1781/1947/2361 
f 1701/1865/2241 1559/1719/2243 1700/1864/2363 
f 1701/1865/2241 1777/1949/2365 1622/1788/2242 
f 1626/1789/2244 1783/1950/2366 1702/1866/2245 
f 1627/1790/2136 1703/1867/2247 1784/1951/2367 
f 1703/1867/2368 1628/1791/2250 1785/1952/2369 
f 1704/1868/2248 1786/1953/2370 1626/1789/2135 
f 1627/1790/2136 1784/1951/2367 1704/1868/2248 
f 1629/1792/2249 1785/1952/2369 1628/1791/2250 
f 1787/1954/2371 1629/1792/2138 1630/1793/2139 
f 1705/1869/2252 1567/1727/2052 1711/1875/2258 
f 1630/1793/2139 1705/1869/2252 1788/1955/2372 
f 1706/1870/2253 1789/1956/2373 1631/1794/2140 
f 1631/1794/2140 1789/1956/2373 1707/1871/2254 
f 1563/1723/2048 1707/1871/2254 1708/1872/2255 
f 1709/1873/2256 1564/1724/2049 1708/1872/2255 
f 1710/1874/2257 1709/1873/2256 1790/1957/2374 
f 1566/1726/2141 1710/1874/2257 1711/1875/2258 
f 1791/1958/2375 1706/1870/2253 1632/1795/2142 
f 1712/1876/2259 1569/1729/2054 1633/1796/2143 
f 1791/1958/2375 1632/1795/2142 1712/1876/2259 
f 1634/1797/2144 1792/1959/2376 1636/1799/2146 
f 1640/1803/2151 1793/1960/2377 1634/1797/2144 
f 1714/1878/2261 1635/1798/2145 1713/1877/2260 
f 1636/1799/2146 1794/1961/2378 1713/1877/2260 
f 1639/1802/2150 1637/1800/2148 1716/1880/2263 
f 1716/1880/2263 1718/1882/2265 1639/1802/2150 
f 1714/1878/2261 1795/1962/2379 1715/1879/2262 
f 1715/1879/2262 1638/1801/2149 1714/1878/2261 
f 1796/1963/2380 1716/1880/2263 1715/1879/2262 
f 1718/1882/2265 1797/1964/2381 1717/1881/2264 
f 1719/1883/2266 1572/1732/2058 1717/1881/2264 
f 1712/1876/2259 1633/1796/2143 1719/1883/2266 
f 1720/1884/2267 1798/1965/2382 1640/1803/2151 
f 1799/1966/2383 1720/1885/2268 1641/1804/2152 
f 1642/1805/2270 1726/1891/2279 1577/1738/2166 
f 1510/1669/2157 1721/1886/2272 1800/1967/2384 
f 1721/1886/2385 1643/1806/2228 1773/1939/2340 
f 1510/1669/2157 1800/1967/2384 1722/1887/2273 
f 1642/1805/2270 1722/1887/2386 1801/1968/2387 
f 1801/1968/2387 1802/1969/2388 1642/1805/2270 
f 1803/1970/2389 1644/1807/2158 1723/1888/2274 
f 1576/1737/2162 1725/1890/2278 1724/1889/2275 
f 1578/1739/2276 1724/1889/2275 1727/1892/2280 
f 1804/1971/2390 1645/1808/2277 1646/1809/2164 
f 1645/1808/2161 1805/1972/2391 1806/1973/2392 
f 1806/1973/2392 1725/1890/2278 1645/1808/2161 
f 1807/1974/2393 1646/1809/2164 1726/1891/2279 
f 1728/1893/2282 1579/1740/2281 1727/1892/2280 
f 1729/1894/2284 1647/1810/2170 1728/1893/2282 
f 1730/1895/2285 1729/1894/2284 1808/1975/2394 
f 1808/1975/2394 1809/1976/2395 1730/1895/2285 
f 1648/1811/2171 1730/1895/2285 1732/1897/2288 
f 1733/1898/2289 1583/1744/2287 1731/1896/2286 
f 1731/1896/2286 1649/1812/2173 1732/1897/2288 
f 1732/1897/2288 1810/1977/2396 1731/1896/2286 
f 1723/1888/2274 1584/1745/2290 1733/1898/2289 
f 1735/1900/2292 1650/1813/2174 1734/1899/2291 
f 1811/1978/2397 1662/1826/2191 1735/1900/2292 
f 1737/1902/2294 1651/1814/2175 1736/1901/2293 
f 1737/1902/2294 1812/1979/2398 1739/1904/2296 
f 1739/1904/2296 1653/1816/2179 1737/1902/2294 
f 1738/1903/2295 1652/1815/2177 1740/1905/2297 
f 1740/1905/2297 1813/1980/2399 1738/1903/2295 
f 1814/1981/2400 1740/1905/2297 1739/1904/2296 
f 1654/1817/2180 1815/1982/2401 1734/1899/2291 
f 1654/1817/2180 1738/1903/2295 1815/1982/2401 
f 1588/1749/2078 1741/1906/2298 1742/1907/2299 
f 1743/1908/2300 1741/1906/2298 1589/1750/2079 
f 1655/1818/2181 1816/1983/2402 1736/1901/2293 
f 1655/1818/2181 1742/1907/2299 1816/1983/2402 
f 1803/1984/2403 1743/1908/2300 1644/1819/2182 
f 1673/1837/2204 1656/1820/2301 1748/1913/2308 
f 1744/1909/2302 1657/1821/2303 1751/1916/2313 
f 1748/1913/2308 1594/1755/2305 1745/1910/2304 
f 1745/1910/2304 1658/1822/2185 1747/1912/2307 
f 1747/1912/2307 1817/1985/2404 1745/1910/2304 
f 1659/1823/2188 1744/1909/2302 1818/1986/2405 
f 1659/1823/2188 1818/1986/2405 1746/1911/2306 
f 1746/1911/2306 1819/1987/2406 1660/1824/2189 
f 1660/1824/2189 1819/1987/2406 1747/1912/2307 
f 1811/1978/2397 1661/1825/2190 1662/1826/2191 
f 1820/1988/2407 1663/1827/2309 1661/1825/2190 
f 1595/1756/2193 1750/1915/2312 1749/1914/2310 
f 1596/1757/2311 1749/1914/2310 1751/1916/2313 
f 1663/1827/2192 1821/1989/2408 1822/1990/2409 
f 1822/1990/2409 1750/1915/2312 1663/1827/2192 
f 1823/1991/2410 1664/1828/2195 1665/1829/2196 
f 1601/1762/2096 1753/1918/2315 1665/1829/2196 
f 1666/1830/2197 1824/1992/2411 1667/1831/2198 
f 1672/1836/2203 1825/1993/2412 1666/1830/2197 
f 1667/1831/2198 1826/1994/2413 1752/1917/2314 
f 1669/1833/2200 1827/1995/2414 1753/1918/2315 
f 1671/1835/2202 1670/1834/2201 1828/1996/2415 
f 1670/1834/2201 1752/1917/2314 1826/1994/2413 
f 1671/1835/2202 1829/1997/2416 1754/1919/2316 
f 1603/1764/2098 1754/1919/2316 1755/1920/2317 
f 1669/1833/2200 1755/1920/2317 1827/1995/2414 
f 1756/1921/2318 1830/1998/2417 1672/1836/2203 
f 1831/1999/2418 1756/1921/2319 1673/1837/2204 
f 1757/1922/2320 1609/1770/2112 1761/1926/2325 
f 1759/1924/2419 1758/1923/2420 1832/2000/2421 
f 1832/2000/2421 1833/2001/2422 1759/1924/2419 
f 1759/1924/2423 1834/2002/2424 1760/1925/2425 
f 1835/2003/2426 1761/1926/2427 1760/1925/2428 
f 1674/1838/2208 1664/1828/2195 1823/1991/2410 
f 1836/2004/2429 1675/1839/2209 1674/1838/2208 
f 1676/1927/2326 1675/1839/2209 1837/2005/2430 
f 1677/1841/2431 1838/2006/2432 1762/1928/2433 
f 1762/1928/2433 1839/2007/2434 1763/1929/2435 
f 1758/1923/2330 1612/1774/2117 1763/1929/2328 
f 1764/1930/2329 1840/2008/2436 1677/1841/2211 
f 1764/2009/2437 1676/1927/2326 1837/2005/2430 
f 1688/1852/2331 1678/1842/2212 1841/2010/2438 
f 1841/2010/2438 1678/1842/2212 1765/1931/2332 
f 1681/1845/2215 1842/2011/2439 1679/1843/2213 
f 1679/1843/2213 1843/2012/2440 1680/1844/2214 
f 1766/1932/2333 1844/2013/2441 1681/1845/2215 
f 1682/1846/2216 1845/2014/2442 1766/1932/2333 
f 1682/1846/2217 1757/1922/2320 1846/2015/2443 
f 1767/1933/2334 1680/1844/2214 1843/2012/2440 
f 1768/1934/2335 1616/1778/2123 1767/1933/2334 
f 1768/1934/2335 1847/2016/2444 1683/1847/2218 
f 1683/1847/2218 1848/2017/2445 1684/1848/2219 
f 1684/1848/2219 1849/2018/2446 1685/1849/2220 
f 1850/2019/2447 1686/1850/2221 1685/1849/2220 
f 1851/2020/2448 1765/1931/2332 1686/1850/2221 
f 1769/1935/2336 1687/1851/2222 1852/2021/2449 
f 1641/1804/2223 1769/1935/2336 1853/2022/2450 
f 1852/2021/2449 1687/1851/2222 1691/1855/2227 
f 1770/1936/2451 1688/1852/2331 1841/2010/2438 
f 1689/1853/2225 1770/1936/2337 1854/2023/2452 
f 1689/1853/2225 1854/2023/2452 1771/1937/2338 
f 1690/1854/2226 1771/1937/2338 1772/1938/2339 
f 1852/2021/2449 1691/1855/2227 1772/1938/2339 
f 1775/1941/2453 1773/1939/2340 1620/1782/2230 
f 1855/2024/2454 1692/1856/2344 1774/1940/2455 
f 1855/2024/2454 1775/1941/2342 1692/1856/2344 
f 1780/1946/2456 1694/1858/2457 1697/1861/2458 
f 1694/1858/2348 1856/2025/2459 1776/1942/2349 
f 1857/2026/2460 1695/1859/2350 1776/1942/2349 
f 1857/2026/2460 1774/1940/2455 1695/1859/2350 
f 1777/1943/2351 1858/2027/2461 1696/1860/2352 
f 1696/1860/2352 1858/2027/2461 1778/1944/2354 
f 1623/1785/2355 1778/1944/2354 1779/1945/2356 
f 1780/1946/2358 1624/1786/2357 1779/1945/2356 
f 1702/1866/2360 1859/2028/2462 1698/1862/2238 
f 1699/1863/2239 1698/1862/2238 1859/2028/2462 
f 1860/2029/2463 1861/2030/2464 1782/1948/2362 
f 1782/1948/2362 1781/1947/2361 1860/2029/2463 
f 1782/1948/2362 1701/1865/2241 1700/1864/2363 
f 1862/2031/2465 1781/1947/2361 1699/1863/2364 
f 1699/1863/2364 1859/2028/2466 1862/2031/2465 
f 1863/2032/2467 1777/1949/2365 1701/1865/2241 
f 1626/1789/2135 1786/1953/2370 1783/1950/2468 
f 1702/1866/2245 1783/1950/2366 1864/2033/2469 
f 1703/1867/2368 1865/2034/2470 1784/1951/2471 
f 1703/1867/2368 1785/1952/2369 1866/2035/2472 
f 1704/1868/2248 1867/2036/2473 1786/1953/2370 
f 1704/1868/2248 1784/1951/2367 1867/2036/2473 
f 1787/1954/2474 1785/1952/2369 1629/1792/2249 
f 1787/1954/2371 1630/1793/2139 1868/2037/2475 
f 1788/1955/2372 1705/1869/2252 1711/1875/2258 
f 1868/2037/2475 1630/1793/2139 1788/1955/2372 
f 1789/1956/2373 1706/1870/2253 1869/2038/2476 
f 1707/1871/2254 1789/1956/2373 1869/2038/2476 
f 1708/1872/2255 1707/1871/2254 1870/2039/2477 
f 1709/1873/2256 1708/1872/2255 1871/2040/2478 
f 1710/1874/2257 1790/1957/2374 1872/2041/2479 
f 1709/1873/2256 1871/2040/2478 1790/1957/2374 
f 1711/1875/2258 1710/1874/2257 1873/2042/2480 
f 1791/1958/2375 1874/2043/2481 1706/1870/2253 
f 1875/2044/2482 1791/1958/2375 1712/1876/2259 
f 1634/1797/2144 1793/1960/2377 1792/1959/2376 
f 1636/1799/2146 1792/1959/2376 1794/1961/2378 
f 1798/1965/2382 1793/1960/2377 1640/1803/2151 
f 1795/1962/2379 1714/1878/2261 1713/1877/2260 
f 1795/1962/2379 1713/1877/2260 1794/1961/2378 
f 1716/1880/2263 1876/2045/2483 1718/1882/2265 
f 1877/2046/2484 1715/1879/2262 1795/1962/2379 
f 1877/2046/2484 1796/1963/2380 1715/1879/2262 
f 1716/1880/2263 1796/1963/2380 1876/2045/2483 
f 1718/1882/2265 1876/2045/2483 1797/1964/2381 
f 1878/2047/2485 1717/1881/2264 1797/1964/2381 
f 1878/2047/2485 1719/1883/2266 1717/1881/2264 
f 1875/2044/2482 1712/1876/2259 1719/1883/2266 
f 1720/1884/2267 1879/2048/2486 1798/1965/2382 
f 1799/1966/2383 1641/1804/2152 1853/2022/2487 
f 1720/1884/2267 1799/2049/2488 1879/2048/2486 
f 1802/1969/2388 1880/2050/2489 1726/1891/2279 
f 1726/1891/2279 1642/1805/2270 1802/1969/2388 
f 1881/2051/2490 1800/1967/2491 1721/1886/2385 
f 1721/1886/2385 1882/2052/2492 1881/2051/2490 
f 1721/1886/2385 1773/1939/2340 1883/2053/2493 
f 1722/1887/2386 1800/1967/2491 1884/2054/2494 
f 1722/1887/2386 1885/2055/2495 1801/1968/2387 
f 1880/2050/2489 1802/1969/2388 1801/1968/2387 
f 1886/2056/2496 1803/1970/2389 1723/1888/2274 
f 1887/2057/2497 1724/1889/2275 1725/1890/2278 
f 1725/1890/2278 1806/1973/2392 1887/2057/2497 
f 1888/2058/2498 1727/1892/2280 1724/1889/2275 
f 1724/1889/2275 1887/2057/2497 1888/2058/2498 
f 1804/1971/2390 1646/1809/2164 1807/1974/2393 
f 1804/1971/2390 1805/1972/2499 1645/1808/2277 
f 1805/1972/2391 1889/2059/2500 1806/1973/2392 
f 1807/1974/2393 1726/1891/2279 1880/2050/2489 
f 1890/2060/2501 1728/1893/2282 1727/1892/2280 
f 1729/1894/2284 1728/1893/2282 1890/2060/2501 
f 1808/1975/2394 1729/1894/2284 1890/2060/2501 
f 1891/2061/2502 1809/1976/2395 1808/1975/2394 
f 1730/1895/2285 1809/1976/2395 1892/2062/2503 
f 1730/1895/2285 1892/2062/2503 1732/1897/2288 
f 1810/1977/2396 1893/2063/2504 1733/1898/2289 
f 1733/1898/2289 1731/1896/2286 1810/1977/2396 
f 1732/1897/2288 1894/2064/2505 1810/1977/2396 
f 1886/2056/2496 1723/1888/2274 1733/1898/2289 
f 1735/1900/2292 1734/1899/2291 1815/1982/2401 
f 1811/1978/2397 1735/1900/2292 1895/2065/2506 
f 1737/1902/2294 1736/1901/2293 1816/1983/2402 
f 1896/2066/2507 1739/1904/2296 1812/1979/2398 
f 1816/1983/2402 1897/2067/2508 1812/1979/2398 
f 1812/1979/2398 1737/1902/2294 1816/1983/2402 
f 1740/1905/2297 1898/2068/2509 1813/1980/2399 
f 1815/1982/2401 1738/1903/2295 1813/1980/2399 
f 1813/1980/2399 1899/2069/2510 1815/1982/2401 
f 1896/2066/2507 1814/1981/2400 1739/1904/2296 
f 1740/1905/2297 1814/1981/2400 1898/2068/2509 
f 1741/1906/2298 1900/2070/2511 1742/1907/2299 
f 1743/1908/2300 1901/2071/2512 1741/1906/2298 
f 1897/2067/2508 1816/1983/2402 1742/1907/2299 
f 1742/1907/2299 1900/2070/2511 1897/2067/2508 
f 1803/1984/2403 1902/2072/2513 1743/1908/2300 
f 1903/2073/2514 1831/1999/2418 1673/1837/2204 
f 1673/1837/2204 1748/1913/2308 1903/2073/2514 
f 1818/1986/2405 1744/1909/2302 1751/1916/2313 
f 1817/1985/2404 1903/2073/2514 1748/1913/2308 
f 1748/1913/2308 1745/1910/2304 1817/1985/2404 
f 1747/1912/2307 1904/2074/2515 1817/1985/2404 
f 1746/1911/2306 1818/1986/2405 1905/2075/2516 
f 1906/2076/2517 1819/1987/2518 1746/1911/2519 
f 1746/1911/2519 1907/2077/2520 1906/2076/2517 
f 1747/1912/2307 1819/1987/2406 1904/2074/2515 
f 1820/1988/2407 1661/1825/2190 1811/1978/2397 
f 1820/1988/2407 1821/1989/2521 1663/1827/2309 
f 1750/1915/2312 1908/2078/2522 1749/1914/2310 
f 1749/1914/2310 1905/2075/2516 1751/1916/2313 
f 1821/1989/2408 1909/2079/2523 1822/1990/2409 
f 1750/1915/2312 1822/1990/2409 1908/2078/2522 
f 1823/1991/2410 1665/1829/2196 1753/1918/2315 
f 1666/1830/2197 1825/1993/2412 1824/1992/2411 
f 1667/1831/2198 1824/1992/2411 1826/1994/2413 
f 1830/1998/2417 1825/1993/2412 1672/1836/2203 
f 1910/2080/2524 1753/1918/2315 1827/1995/2414 
f 1671/1835/2202 1828/1996/2415 1829/1997/2416 
f 1828/1996/2415 1670/1834/2201 1826/1994/2413 
f 1829/1997/2416 1911/2081/2525 1754/1919/2316 
f 1754/1919/2316 1911/2081/2525 1755/1920/2317 
f 1755/1920/2317 1912/2082/2526 1827/1995/2414 
f 1756/1921/2318 1913/2083/2527 1830/1998/2417 
f 1756/1921/2319 1831/1999/2418 1914/2084/2528 
f 1846/2015/2529 1757/1922/2530 1761/1926/2427 
f 1832/2000/2531 1758/1923/2330 1839/2007/2532 
f 1915/2085/2533 1833/2001/2534 1832/2000/2535 
f 1832/2000/2535 1916/2086/2536 1915/2085/2533 
f 1759/1924/2323 1833/2001/2537 1917/2087/2538 
f 1759/1924/2323 1917/2087/2538 1834/2002/2539 
f 1835/2003/2426 1760/1925/2428 1834/2002/2540 
f 1846/2015/2529 1761/1926/2427 1835/2003/2426 
f 1836/2004/2429 1674/1838/2208 1823/1991/2410 
f 1675/1839/2209 1836/2004/2429 1918/2088/2541 
f 1837/2005/2430 1675/1839/2209 1918/2088/2541 
f 1677/1841/2431 1840/2008/2542 1838/2006/2432 
f 1762/1928/2433 1838/2006/2432 1839/2007/2434 
f 1758/1923/2543 1763/1929/2544 1839/2007/2544 
f 1840/2008/2436 1764/1930/2329 1919/2089/2545 
f 1764/2009/2437 1837/2005/2430 1920/2090/2546 
f 1841/2010/2438 1765/1931/2332 1851/2020/2448 
f 1681/1845/2215 1844/2013/2441 1842/2011/2439 
f 1679/1843/2213 1842/2011/2439 1843/2012/2440 
f 1766/1932/2333 1845/2014/2442 1844/2013/2441 
f 1682/1846/2216 1921/2091/2547 1845/2014/2442 
f 1846/2015/2443 1921/2091/2548 1682/1846/2217 
f 1922/2092/2549 1767/1933/2334 1843/2012/2440 
f 1768/1934/2335 1767/1933/2334 1922/2092/2549 
f 1923/2093/2550 1924/2094/2551 1847/2016/2444 
f 1847/2016/2444 1768/1934/2335 1923/2093/2550 
f 1683/1847/2218 1847/2016/2444 1848/2017/2445 
f 1684/1848/2219 1848/2017/2445 1849/2018/2446 
f 1850/2019/2447 1685/1849/2220 1849/2018/2446 
f 1851/2020/2448 1686/1850/2221 1850/2019/2447 
f 1925/2095/2552 1769/1935/2336 1852/2021/2449 
f 1853/2022/2450 1769/1935/2336 1925/2095/2552 
f 1770/1936/2451 1841/2010/2438 1926/2096/2553 
f 1770/1936/2337 1927/2097/2554 1854/2023/2452 
f 1854/2023/2452 1928/2098/2555 1771/1937/2338 
f 1771/1937/2338 1929/2099/2556 1772/1938/2339 
f 1930/2100/2557 1852/2021/2449 1772/1938/2339 
f 1775/1941/2453 1931/2101/2558 1773/1939/2340 
f 1855/2024/2454 1774/1940/2455 1857/2026/2460 
f 1932/2102/2559 1775/1941/2342 1855/2024/2454 
f 1780/1946/2456 1856/2025/2560 1694/1858/2457 
f 1856/2025/2459 1933/2103/2561 1776/1942/2349 
f 1934/2104/2562 1857/2026/2460 1776/1942/2349 
f 1777/1943/2351 1935/2105/2563 1936/2106/2564 
f 1936/2106/2564 1858/2027/2461 1777/1943/2351 
f 1937/2107/2565 1778/1944/2354 1858/2027/2461 
f 1858/2027/2461 1936/2106/2564 1937/2107/2565 
f 1938/2108/2566 1779/1945/2356 1778/1944/2354 
f 1778/1944/2354 1937/2107/2565 1938/2108/2566 
f 1939/2109/2567 1780/1946/2358 1779/1945/2356 
f 1702/1866/2360 1940/2110/2568 1859/2028/2462 
f 1941/2111/2569 1861/2030/2464 1860/2029/2463 
f 1701/1865/2241 1782/1948/2362 1861/2030/2464 
f 1861/2030/2464 1863/2032/2467 1701/1865/2241 
f 1942/2112/2570 1860/2029/2463 1781/1947/2361 
f 1781/1947/2361 1862/2031/2465 1942/2112/2570 
f 1859/2028/2466 1940/2110/2571 1943/2113/2572 
f 1943/2113/2572 1862/2031/2465 1859/2028/2466 
f 1863/2032/2467 1935/2114/2573 1777/1949/2365 
f 1864/2033/2574 1783/1950/2468 1786/1953/2370 
f 1702/1866/2245 1864/2033/2469 1940/2110/2575 
f 1703/1867/2368 1866/2035/2472 1865/2034/2470 
f 1784/1951/2471 1865/2034/2470 1944/2115/2576 
f 1945/2116/2577 1866/2035/2472 1785/1952/2369 
f 1864/2033/2574 1786/1953/2370 1867/2036/2473 
f 1784/1951/2471 1944/2115/2576 1867/2036/2578 
f 1787/1954/2474 1945/2116/2577 1785/1952/2369 
f 1946/2117/2579 1787/1954/2371 1868/2037/2475 
f 1788/1955/2372 1711/1875/2258 1873/2042/2480 
f 1947/2118/2580 1868/2037/2475 1788/1955/2372 
f 1706/1870/2253 1874/2043/2481 1869/2038/2476 
f 1707/1871/2254 1869/2038/2476 1870/2039/2477 
f 1708/1872/2255 1870/2039/2477 1871/2040/2478 
f 1710/1874/2257 1872/2041/2479 1873/2042/2480 
f 1790/1957/2374 1948/2119/2581 1872/2041/2479 
f 1949/2120/2582 1790/1957/2374 1871/2040/2583 
f 1874/2043/2481 1791/1958/2375 1950/2121/2584 
f 1950/2121/2584 1791/1958/2375 1875/2044/2482 
f 1793/1960/2377 1951/2122/2585 1792/1959/2376 
f 1792/1959/2376 1952/2123/2586 1794/1961/2378 
f 1798/1965/2382 1953/2124/2587 1793/1960/2377 
f 1954/2125/2588 1795/1962/2379 1794/1961/2378 
f 1877/2046/2484 1795/1962/2379 1954/2125/2588 
f 1877/2046/2484 1955/2126/2589 1796/1963/2380 
f 1796/1963/2380 1956/2127/2590 1876/2045/2483 
f 1876/2045/2483 1957/2128/2591 1797/1964/2381 
f 1958/2129/2592 1878/2047/2485 1797/1964/2381 
f 1875/2044/2482 1719/1883/2266 1878/2047/2485 
f 1798/1965/2382 1879/2048/2486 1953/2124/2587 
f 1799/1966/2383 1853/2022/2487 1959/2130/2593 
f 1879/2048/2486 1799/2049/2488 1959/2131/2594 
f 1721/1886/2385 1960/2132/2595 1882/2052/2492 
f 1882/2052/2492 1961/2133/2596 1881/2051/2490 
f 1962/2134/2597 1800/1967/2491 1881/2051/2490 
f 1721/1886/2385 1883/2053/2493 1960/2132/2595 
f 1931/2101/2558 1883/2053/2493 1773/1939/2340 
f 1884/2054/2494 1963/2135/2598 1722/1887/2386 
f 1884/2054/2494 1800/1967/2491 1962/2134/2597 
f 1722/1887/2386 1964/2136/2599 1885/2055/2495 
f 1880/2050/2489 1801/1968/2387 1885/2055/2495 
f 1803/1970/2389 1886/2056/2496 1965/2137/2600 
f 1806/1973/2392 1966/2138/2601 1887/2057/2497 
f 1887/2057/2497 1967/2139/2602 1888/2058/2498 
f 1890/2060/2501 1727/1892/2280 1888/2058/2498 
f 1968/2140/2603 1804/1971/2390 1807/1974/2393 
f 1969/2141/2604 1970/2142/2605 1805/1972/2499 
f 1805/1972/2499 1804/1971/2390 1969/2141/2604 
f 1805/1972/2391 1970/2142/2606 1889/2059/2500 
f 1806/1973/2392 1889/2059/2500 1966/2138/2601 
f 1807/1974/2393 1880/2050/2489 1971/2143/2607 
f 1808/1975/2394 1890/2060/2501 1972/2144/2608 
f 1808/1975/2394 1973/2145/2609 1891/2061/2502 
f 1809/1976/2395 1891/2061/2502 1892/2062/2503 
f 1732/1897/2288 1892/2062/2503 1894/2064/2505 
f 1974/2146/2610 1893/2063/2504 1810/1977/2396 
f 1886/2056/2496 1733/1898/2289 1893/2063/2504 
f 1974/2146/2610 1810/1977/2396 1894/2064/2505 
f 1899/2069/2510 1895/2065/2506 1735/1900/2292 
f 1735/1900/2292 1815/1982/2401 1899/2069/2510 
f 1975/2147/2611 1811/1978/2397 1895/2065/2506 
f 1896/2066/2507 1812/1979/2398 1976/2148/2612 
f 1976/2148/2612 1812/1979/2398 1897/2067/2508 
f 1813/1980/2399 1898/2068/2509 1977/2149/2613 
f 1813/1980/2399 1977/2149/2613 1899/2069/2510 
f 1896/2066/2507 1978/2150/2614 1814/1981/2400 
f 1814/1981/2400 1979/2151/2615 1898/2068/2509 
f 1741/1906/2298 1901/2071/2512 1900/2070/2511 
f 1902/2072/2513 1901/2071/2512 1743/1908/2300 
f 1900/2070/2511 1980/2152/2616 1897/2067/2508 
f 1803/1984/2403 1981/2153/2617 1902/2072/2513 
f 1914/2084/2528 1831/1999/2418 1903/2073/2514 
f 1818/1986/2405 1751/1916/2313 1905/2075/2516 
f 1982/2154/2618 1903/2073/2514 1817/1985/2404 
f 1982/2154/2618 1817/1985/2404 1904/2074/2515 
f 1746/1911/2306 1905/2075/2516 1983/2155/2619 
f 1819/1987/2406 1906/2076/2620 1984/2156/2621 
f 1907/2077/2622 1746/1911/2306 1983/2155/2619 
f 1985/2157/2623 1906/2076/2517 1907/2077/2520 
f 1907/2077/2520 1986/2158/2624 1985/2157/2623 
f 1819/1987/2406 1984/2156/2621 1904/2074/2515 
f 1975/2147/2611 1820/1988/2407 1811/1978/2397 
f 1821/1989/2521 1820/1988/2407 1987/2159/2625 
f 1749/1914/2310 1908/2078/2522 1905/2075/2516 
f 1821/1989/2408 1988/2160/2626 1909/2079/2523 
f 1822/1990/2409 1909/2079/2523 1989/2161/2627 
f 1822/1990/2409 1989/2161/2627 1908/2078/2522 
f 1910/2080/2524 1823/1991/2410 1753/1918/2315 
f 1825/1993/2412 1990/2162/2628 1824/1992/2411 
f 1824/1992/2411 1991/2163/2629 1826/1994/2413 
f 1830/1998/2417 1992/2164/2630 1825/1993/2412 
f 1993/2165/2631 1910/2080/2524 1827/1995/2414 
f 1829/1997/2416 1828/1996/2415 1991/2163/2629 
f 1828/1996/2415 1826/1994/2413 1991/2163/2629 
f 1911/2081/2525 1829/1997/2416 1994/2166/2632 
f 1755/1920/2317 1911/2081/2525 1912/2082/2526 
f 1993/2165/2631 1827/1995/2414 1912/2082/2526 
f 1756/1921/2318 1995/2167/2633 1913/2083/2527 
f 1830/1998/2417 1913/2083/2527 1992/2164/2630 
f 1995/2167/2634 1756/1921/2319 1914/2084/2528 
f 1832/2000/2531 1839/2007/2532 1996/2168/2635 
f 1833/2001/2537 1915/2085/2636 1997/2169/2637 
f 1916/2086/2638 1832/2000/2531 1996/2168/2635 
f 1998/2170/2639 1999/2171/2640 1915/2085/2533 
f 1915/2085/2533 1916/2086/2536 1998/2170/2639 
f 1833/2001/2537 1997/2169/2637 1917/2087/2538 
f 2000/2172/2641 1834/2002/2539 1917/2087/2538 
f 2000/2172/2641 1835/2003/2642 1834/2002/2539 
f 2001/2173/2643 1846/2015/2443 1835/2003/2642 
f 1836/2004/2429 1823/1991/2410 1910/2080/2524 
f 1918/2088/2541 1836/2004/2429 1910/2080/2524 
f 1837/2005/2430 1918/2088/2541 1920/2090/2546 
f 1840/2008/2436 2002/2174/2644 1838/2006/2645 
f 1838/2006/2645 1996/2168/2635 1839/2007/2532 
f 1840/2008/2436 1919/2089/2545 2002/2174/2644 
f 1764/1930/2329 2003/2175/2646 1919/2089/2545 
f 1764/2009/2437 1920/2090/2546 2003/2176/2647 
f 1841/2010/2648 1851/2020/2649 1926/2096/2649 
f 1844/2013/2441 2004/2177/2650 1842/2011/2439 
f 1842/2011/2439 2005/2178/2651 1843/2012/2440 
f 1845/2014/2442 2006/2179/2652 1844/2013/2441 
f 1845/2014/2442 1921/2091/2547 2007/2180/2653 
f 1921/2091/2548 1846/2015/2443 2001/2173/2643 
f 1922/2092/2549 1843/2012/2440 2005/2178/2651 
f 1923/2093/2550 1768/1934/2335 1922/2092/2549 
f 1847/2016/2444 1924/2094/2551 2008/2181/2654 
f 1924/2094/2551 1923/2093/2550 2009/2182/2655 
f 1847/2016/2444 2008/2181/2654 1848/2017/2445 
f 1848/2017/2445 2010/2183/2656 1849/2018/2446 
f 1850/2019/2657 1849/2018/2658 2010/2183/2659 
f 2011/2184/2660 1851/2020/2448 1850/2019/2447 
f 1925/2095/2552 1852/2021/2449 1930/2100/2557 
f 1853/2022/2450 1925/2095/2552 2012/2185/2661 
f 1770/1936/2451 1926/2096/2553 1927/2097/2662 
f 1854/2023/2452 1927/2097/2554 2013/2186/2663 
f 1854/2023/2452 2013/2186/2663 1928/2098/2555 
f 1771/1937/2338 1928/2098/2555 1929/2099/2556 
f 1930/2100/2557 1772/1938/2339 1929/2099/2556 
f 1932/2102/2664 1931/2101/2558 1775/1941/2453 
f 2014/2187/2665 1855/2024/2454 1857/2026/2460 
f 2014/2187/2665 1932/2102/2559 1855/2024/2454 
f 1780/1946/2456 1939/2109/2666 2015/2188/2667 
f 2015/2188/2667 1856/2025/2560 1780/1946/2456 
f 1856/2025/2459 2015/2188/2668 1933/2103/2561 
f 1934/2104/2562 1776/1942/2349 1933/2103/2561 
f 2014/2187/2665 1857/2026/2460 1934/2104/2562 
f 1935/2105/2563 2016/2189/2669 1936/2106/2564 
f 1936/2106/2564 2017/2190/2670 1937/2107/2565 
f 1937/2107/2565 2018/2191/2671 1938/2108/2566 
f 1939/2109/2567 1779/1945/2356 1938/2108/2566 
f 1941/2111/2569 1860/2029/2463 2019/2192/2672 
f 1863/2032/2467 1861/2030/2464 1941/2111/2569 
f 2019/2192/2672 1860/2029/2463 1942/2112/2570 
f 1943/2113/2572 1942/2112/2570 1862/2031/2465 
f 1943/2113/2572 1940/2110/2571 1864/2033/2673 
f 1935/2114/2573 1863/2032/2467 2020/2193/2674 
f 2021/2194/2675 1865/2034/2470 1866/2035/2472 
f 2022/2195/2676 1944/2115/2576 1865/2034/2470 
f 1945/2116/2577 2021/2194/2675 1866/2035/2472 
f 1864/2033/2673 1867/2036/2578 2023/2196/2677 
f 1867/2036/2578 1944/2115/2576 2023/2196/2677 
f 1787/1954/2474 2024/2197/2678 1945/2116/2577 
f 1947/2118/2580 1946/2117/2579 1868/2037/2475 
f 1787/1954/2474 1946/2117/2679 2024/2197/2678 
f 2025/2198/2680 1788/1955/2372 1873/2042/2480 
f 2025/2198/2680 1947/2118/2580 1788/1955/2372 
f 1874/2043/2481 2026/2199/2681 1869/2038/2476 
f 1869/2038/2682 2027/2200/2683 1870/2039/2684 
f 1870/2039/2684 2028/2201/2685 1871/2040/2583 
f 1872/2041/2479 2029/2202/2686 1873/2042/2480 
f 1790/1957/2374 1949/2120/2582 1948/2119/2581 
f 1872/2041/2479 1948/2119/2581 2029/2202/2686 
f 1949/2120/2582 1871/2040/2583 2028/2201/2685 
f 2026/2199/2681 1874/2043/2481 1950/2121/2584 
f 1950/2121/2584 1875/2044/2482 2030/2203/2687 
f 1793/1960/2377 1953/2124/2587 1951/2122/2585 
f 1792/1959/2376 1951/2122/2585 1952/2123/2586 
f 1954/2125/2588 1794/1961/2378 1952/2123/2586 
f 2031/2204/2688 1877/2046/2484 1954/2125/2588 
f 1877/2046/2484 2031/2204/2688 1955/2126/2589 
f 1796/1963/2380 1955/2126/2589 1956/2127/2590 
f 1876/2045/2483 1956/2127/2590 1957/2128/2591 
f 1958/2129/2592 1797/1964/2381 1957/2128/2591 
f 2030/2203/2687 1878/2047/2485 1958/2129/2592 
f 2030/2203/2687 1875/2044/2482 1878/2047/2485 
f 1879/2048/2486 2032/2205/2689 1953/2124/2587 
f 1959/2130/2593 1853/2022/2487 2012/2185/2690 
f 1879/2048/2486 1959/2131/2594 2033/2206/2691 
f 1882/2052/2492 1960/2132/2595 1961/2133/2596 
f 1962/2134/2597 1881/2051/2490 1961/2133/2596 
f 1883/2053/2493 2034/2207/2692 1960/2132/2595 
f 1931/2101/2558 2035/2208/2693 1883/2053/2493 
f 1963/2135/2598 1884/2054/2494 2036/2209/2694 
f 2036/2209/2694 2037/2210/2695 1963/2135/2598 
f 1722/1887/2386 1963/2135/2598 1964/2136/2599 
f 1962/2134/2597 2038/2211/2696 2036/2209/2694 
f 2036/2209/2694 1884/2054/2494 1962/2134/2597 
f 1885/2055/2495 1964/2136/2599 2039/2212/2697 
f 2039/2212/2697 2040/2213/2698 1885/2055/2495 
f 1971/2143/2607 1880/2050/2489 1885/2055/2495 
f 2041/2214/2699 1803/1970/2389 1965/2137/2600 
f 1965/2137/2600 1886/2056/2496 1893/2063/2504 
f 1887/2057/2497 1966/2138/2601 1967/2139/2602 
f 1972/2144/2608 1888/2058/2498 1967/2139/2602 
f 1972/2144/2608 1890/2060/2501 1888/2058/2498 
f 1968/2140/2603 1807/1974/2393 1971/2143/2607 
f 1804/1971/2390 1968/2140/2603 2042/2215/2700 
f 1970/2142/2605 1969/2141/2604 2043/2216/2701 
f 1969/2141/2604 1804/1971/2390 2042/2215/2700 
f 1889/2059/2500 1970/2142/2606 2044/2217/2702 
f 1889/2059/2500 2045/2218/2703 1966/2138/2601 
f 1808/1975/2394 1972/2144/2608 1973/2145/2609 
f 1891/2061/2704 1973/2145/2705 2046/2219/2706 
f 1892/2062/2503 1891/2061/2502 2047/2220/2707 
f 1892/2062/2503 2047/2220/2707 1894/2064/2505 
f 1965/2137/2600 1893/2063/2504 1974/2146/2610 
f 2048/2221/2708 1974/2146/2610 1894/2064/2505 
f 2049/2222/2709 1895/2065/2506 1899/2069/2510 
f 1975/2147/2611 1895/2065/2506 2049/2222/2709 
f 2050/2223/2710 1896/2066/2507 1976/2148/2612 
f 1976/2148/2612 1897/2067/2508 1980/2152/2616 
f 1898/2068/2509 2051/2224/2711 1977/2149/2613 
f 2049/2222/2709 1899/2069/2510 1977/2149/2613 
f 1896/2066/2507 2050/2223/2710 1978/2150/2614 
f 1814/1981/2400 1978/2150/2614 1979/2151/2615 
f 1898/2068/2509 1979/2151/2615 2051/2224/2711 
f 1901/2071/2512 2052/2225/2712 1900/2070/2511 
f 1902/2072/2513 2053/2226/2713 1901/2071/2512 
f 1900/2070/2511 2052/2225/2712 1980/2152/2616 
f 1803/1984/2403 2041/2227/2714 1981/2153/2617 
f 1902/2072/2513 1981/2153/2617 2054/2228/2715 
f 1914/2084/2528 1903/2073/2514 1982/2154/2618 
f 2055/2229/2716 1982/2154/2618 1904/2074/2515 
f 1908/2078/2522 1983/2155/2619 1905/2075/2516 
f 1906/2076/2620 2056/2230/2717 1984/2156/2621 
f 1907/2077/2622 1983/2155/2619 2057/2231/2718 
f 1906/2076/2620 1985/2157/2719 2056/2230/2717 
f 1986/2158/2720 1907/2077/2622 2057/2231/2718 
f 2058/2232/2721 1985/2157/2623 1986/2158/2624 
f 1986/2158/2624 2059/2233/2722 2058/2232/2721 
f 2055/2229/2716 1904/2074/2515 1984/2156/2621 
f 1820/1988/2407 1975/2147/2611 2060/2234/2723 
f 1988/2160/2724 1821/1989/2521 1987/2159/2625 
f 1987/2159/2625 1820/1988/2407 2060/2234/2723 
f 1909/2079/2523 1988/2160/2626 2061/2235/2725 
f 1909/2079/2523 2062/2236/2726 1989/2161/2627 
f 1908/2078/2522 1989/2161/2627 1983/2155/2619 
f 1825/1993/2412 1992/2164/2630 1990/2162/2628 
f 1824/1992/2411 1990/2162/2628 1991/2163/2629 
f 1918/2088/2541 1910/2080/2524 1993/2165/2631 
f 1829/1997/2416 1991/2163/2629 2063/2237/2727 
f 1911/2081/2525 1994/2166/2632 2064/2238/2728 
f 1994/2166/2632 1829/1997/2416 2063/2237/2727 
f 1911/2081/2525 2065/2239/2729 1912/2082/2526 
f 2066/2240/2730 1993/2165/2631 1912/2082/2526 
f 1913/2083/2527 1995/2167/2633 2067/2241/2731 
f 1913/2083/2527 2068/2242/2732 1992/2164/2630 
f 1995/2167/2634 1914/2084/2528 2069/2243/2733 
f 1915/2085/2533 2070/2244/2734 1997/2169/2637 
f 1916/2086/2536 1996/2168/2635 2071/2245/2735 
f 1915/2085/2533 1999/2171/2640 2070/2244/2734 
f 1998/2170/2639 1916/2086/2536 2071/2245/2735 
f 1999/2171/2640 1998/2170/2639 2072/2246/2736 
f 2072/2246/2736 2073/2247/2737 1999/2171/2640 
f 2074/2248/2738 1917/2087/2538 1997/2169/2637 
f 2074/2248/2738 2000/2172/2641 1917/2087/2538 
f 2001/2173/2643 1835/2003/2642 2000/2172/2641 
f 1920/2090/2546 1918/2088/2541 2075/2249/2739 
f 1838/2006/2645 2002/2174/2644 1996/2168/2635 
f 1919/2089/2545 2076/2250/2740 2002/2174/2644 
f 1919/2089/2545 2003/2175/2646 2077/2251/2741 
f 2003/2176/2647 1920/2090/2546 2078/2252/2742 
f 1926/2096/2553 1851/2020/2448 2079/2253/2743 
f 1844/2013/2441 2006/2179/2652 2004/2177/2650 
f 1842/2011/2439 2004/2177/2650 2005/2178/2651 
f 2006/2179/2744 1845/2014/2745 2080/2254/2746 
f 1845/2014/2442 2007/2180/2653 2080/2254/2747 
f 1921/2091/2548 2001/2173/2643 2007/2180/2748 
f 2081/2255/2749 1922/2092/2549 2005/2178/2651 
f 1923/2093/2550 1922/2092/2549 2081/2255/2749 
f 1924/2094/2551 2082/2256/2750 2008/2181/2654 
f 1924/2094/2551 2009/2182/2655 2082/2256/2750 
f 2009/2182/2655 1923/2093/2550 2081/2255/2749 
f 1848/2017/2445 2008/2181/2654 2010/2183/2656 
f 2083/2257/2751 1850/2019/2447 2010/2183/2656 
f 2011/2184/2660 1850/2019/2447 2083/2257/2751 
f 1851/2020/2448 2011/2184/2660 2079/2253/2743 
f 2084/2258/2752 1925/2095/2552 1930/2100/2557 
f 2012/2185/2661 1925/2095/2552 2084/2258/2752 
f 1927/2097/2662 1926/2096/2553 2079/2253/2743 
f 1927/2097/2554 2085/2259/2753 2013/2186/2663 
f 2013/2186/2663 2086/2260/2754 1928/2098/2555 
f 1928/2098/2555 2087/2261/2755 1929/2099/2556 
f 1929/2099/2556 2087/2261/2755 2088/2262/2756 
f 2088/2262/2756 1930/2100/2557 1929/2099/2556 
f 1932/2102/2664 2089/2263/2757 1931/2101/2558 
f 1932/2102/2559 2014/2187/2665 2090/2264/2758 
f 2015/2188/2667 1939/2109/2666 2091/2265/2759 
f 2091/2265/2759 2092/2266/2760 2015/2188/2667 
f 2015/2188/2668 2093/2267/2761 1933/2103/2561 
f 2094/2268/2762 1934/2104/2562 1933/2103/2561 
f 2090/2264/2758 2014/2187/2665 1934/2104/2562 
f 1935/2105/2563 2095/2269/2763 2016/2189/2669 
f 1936/2106/2564 2016/2189/2669 2017/2190/2670 
f 1937/2107/2565 2017/2190/2670 2018/2191/2671 
f 2091/2265/2764 1938/2108/2566 2018/2191/2671 
f 2091/2265/2764 1939/2109/2567 1938/2108/2566 
f 2096/2270/2765 1941/2111/2569 2019/2192/2672 
f 2020/2193/2674 1863/2032/2467 1941/2111/2569 
f 2019/2192/2672 1942/2112/2570 2097/2271/2766 
f 1943/2113/2572 2098/2272/2767 1942/2112/2570 
f 1943/2113/2572 1864/2033/2673 2023/2196/2677 
f 2095/2273/2768 1935/2114/2573 2020/2193/2674 
f 2021/2194/2675 2022/2195/2676 1865/2034/2470 
f 2022/2195/2676 2099/2274/2769 1944/2115/2576 
f 1945/2116/2577 2100/2275/2770 2021/2194/2675 
f 1944/2115/2576 2099/2274/2769 2023/2196/2677 
f 1945/2116/2577 2024/2197/2678 2100/2275/2770 
f 1947/2118/2580 2101/2276/2771 1946/2117/2579 
f 2024/2197/2678 1946/2117/2679 2101/2276/2772 
f 2025/2198/2680 1873/2042/2480 2029/2202/2686 
f 2102/2277/2773 1947/2118/2580 2025/2198/2680 
f 1869/2038/2682 2026/2199/2774 2103/2278/2775 
f 1869/2038/2682 2103/2278/2775 2027/2200/2683 
f 1870/2039/2684 2027/2200/2683 2028/2201/2685 
f 1949/2120/2582 2104/2279/2776 1948/2119/2581 
f 1948/2119/2581 2104/2279/2776 2029/2202/2686 
f 2105/2280/2777 1949/2120/2582 2028/2201/2685 
f 2026/2199/2681 1950/2121/2584 2106/2281/2778 
f 1950/2121/2584 2030/2203/2687 2106/2281/2778 
f 1953/2124/2587 2107/2282/2779 1951/2122/2585 
f 1951/2122/2585 2108/2283/2780 1952/2123/2586 
f 2109/2284/2781 1954/2125/2588 1952/2123/2586 
f 2031/2204/2688 1954/2125/2588 2109/2284/2781 
f 1955/2126/2589 2031/2204/2688 2110/2285/2782 
f 1955/2126/2589 2111/2286/2783 1956/2127/2590 
f 1956/2127/2590 2112/2287/2784 1957/2128/2591 
f 2113/2288/2785 1958/2129/2592 1957/2128/2591 
f 2114/2289/2786 2030/2203/2687 1958/2129/2592 
f 2032/2205/2689 1879/2048/2486 2115/2290/2787 
f 1953/2124/2587 2032/2205/2689 2107/2282/2779 
f 1959/2130/2593 2012/2185/2690 2116/2291/2788 
f 1879/2048/2486 2033/2206/2691 2115/2290/2787 
f 2033/2206/2691 1959/2131/2594 2116/2292/2789 
f 1960/2132/2595 2117/2293/2790 1961/2133/2596 
f 2038/2211/2696 1962/2134/2597 1961/2133/2596 
f 1883/2053/2493 2035/2208/2693 2034/2207/2692 
f 1960/2132/2595 2034/2207/2692 2117/2293/2790 
f 2089/2263/2757 2035/2208/2693 1931/2101/2558 
f 2037/2210/2695 2036/2209/2694 2118/2294/2791 
f 2118/2294/2791 2119/2295/2792 2037/2210/2695 
f 1964/2136/2599 1963/2135/2598 2037/2210/2695 
f 2037/2210/2695 2039/2212/2697 1964/2136/2599 
f 2118/2294/2791 2036/2209/2694 2038/2211/2696 
f 2039/2212/2697 2120/2296/2793 2040/2213/2698 
f 1971/2143/2607 1885/2055/2495 2040/2213/2698 
f 2041/2214/2699 1965/2137/2600 2121/2297/2794 
f 1966/2138/2601 2122/2298/2795 1967/2139/2602 
f 1973/2145/2609 1972/2144/2608 1967/2139/2602 
f 1968/2140/2603 1971/2143/2607 2123/2299/2796 
f 2042/2215/2700 1968/2140/2603 2123/2299/2796 
f 1970/2142/2605 2043/2216/2701 2124/2300/2797 
f 1969/2141/2604 2125/2301/2798 2043/2216/2701 
f 1969/2141/2604 2042/2215/2700 2125/2301/2798 
f 1889/2059/2500 2044/2217/2702 2045/2218/2703 
f 1970/2142/2606 2124/2300/2799 2044/2217/2702 
f 1966/2138/2601 2045/2218/2703 2122/2298/2795 
f 1891/2061/2502 2046/2219/2800 2126/2302/2801 
f 1973/2145/2705 2127/2303/2802 2046/2219/2706 
f 1891/2061/2502 2126/2302/2801 2047/2220/2707 
f 2048/2221/2708 1894/2064/2505 2047/2220/2707 
f 2121/2297/2794 1965/2137/2600 1974/2146/2610 
f 2121/2297/2794 1974/2146/2610 2048/2221/2708 
f 2060/2234/2723 1975/2147/2611 2049/2222/2709 
f 2050/2223/2710 1976/2148/2612 2128/2304/2803 
f 2128/2304/2803 1976/2148/2612 1980/2152/2616 
f 2051/2224/2711 2129/2305/2804 2049/2222/2709 
f 2049/2222/2709 1977/2149/2613 2051/2224/2711 
f 1978/2150/2614 2050/2223/2710 2130/2306/2805 
f 1978/2150/2614 2131/2307/2806 1979/2151/2615 
f 1979/2151/2615 2132/2308/2807 2051/2224/2711 
f 1901/2071/2512 2053/2226/2713 2052/2225/2712 
f 1902/2072/2513 2054/2228/2715 2053/2226/2713 
f 2133/2309/2808 1980/2152/2616 2052/2225/2712 
f 2052/2225/2712 2134/2310/2809 2133/2309/2808 
f 1981/2153/2617 2041/2227/2714 2135/2311/2810 
f 2054/2228/2715 1981/2153/2617 2136/2312/2811 
f 2069/2243/2733 1914/2084/2528 1982/2154/2618 
f 2069/2243/2733 1982/2154/2618 2055/2229/2716 
f 2137/2313/2812 1984/2156/2621 2056/2230/2717 
f 1989/2161/2627 2057/2231/2718 1983/2155/2619 
f 1985/2157/2719 2138/2314/2813 2056/2230/2717 
f 1986/2158/2720 2057/2231/2718 2139/2315/2814 
f 1985/2157/2719 2058/2232/2815 2138/2314/2813 
f 2059/2233/2816 1986/2158/2720 2139/2315/2814 
f 2059/2233/2722 2140/2316/2817 2141/2317/2818 
f 2141/2317/2818 2058/2232/2721 2059/2233/2722 
f 2137/2313/2812 2055/2229/2716 1984/2156/2621 
f 1988/2160/2724 1987/2159/2625 2142/2318/2819 
f 1987/2159/2625 2060/2234/2723 2143/2319/2820 
f 1909/2079/2523 2061/2235/2725 2062/2236/2726 
f 1988/2160/2626 2144/2320/2821 2061/2235/2725 
f 1989/2161/2627 2062/2236/2726 2057/2231/2718 
f 1992/2164/2630 2145/2321/2822 1990/2162/2628 
f 1990/2162/2628 2063/2237/2727 1991/2163/2629 
f 1918/2088/2541 1993/2165/2631 2066/2240/2730 
f 1911/2081/2525 2064/2238/2728 2065/2239/2729 
f 2146/2322/2823 2064/2238/2728 1994/2166/2632 
f 1994/2166/2632 2147/2323/2824 2146/2322/2823 
f 1994/2166/2632 2063/2237/2727 2148/2324/2825 
f 2066/2240/2730 1912/2082/2526 2065/2239/2729 
f 1913/2083/2527 2067/2241/2731 2149/2325/2826 
f 1995/2167/2634 2069/2243/2733 2067/2241/2827 
f 1913/2083/2527 2149/2325/2826 2068/2242/2732 
f 1992/2164/2630 2068/2242/2732 2145/2321/2822 
f 2150/2326/2828 1997/2169/2637 2070/2244/2734 
f 2002/2174/2644 2071/2245/2735 1996/2168/2635 
f 1999/2171/2640 2151/2327/2829 2070/2244/2734 
f 1998/2170/2639 2071/2245/2735 2152/2328/2830 
f 2072/2246/2736 1998/2170/2639 2152/2328/2830 
f 2153/2329/2831 2073/2247/2737 2072/2246/2736 
f 1999/2171/2640 2073/2247/2737 2151/2327/2829 
f 2150/2326/2828 2074/2248/2738 1997/2169/2637 
f 2154/2330/2832 2000/2172/2641 2074/2248/2738 
f 2154/2330/2832 2001/2173/2643 2000/2172/2641 
f 1920/2090/2546 2075/2249/2739 2078/2252/2742 
f 2075/2249/2739 1918/2088/2541 2066/2240/2730 
f 1919/2089/2545 2077/2251/2741 2076/2250/2740 
f 2002/2174/2644 2076/2250/2740 2071/2245/2735 
f 2003/2175/2646 2155/2331/2833 2077/2251/2741 
f 2003/2176/2647 2078/2252/2742 2155/2332/2834 
f 2156/2333/2835 2004/2177/2836 2006/2179/2744 
f 2004/2177/2837 2157/2334/2838 2005/2178/2839 
f 2080/2254/2746 2158/2335/2840 2006/2179/2744 
f 2080/2254/2747 2007/2180/2653 2159/2336/2841 
f 2007/2180/2748 2001/2173/2643 2154/2330/2832 
f 2081/2255/2749 2005/2178/2651 2157/2334/2842 
f 2008/2181/2654 2082/2256/2750 2160/2337/2843 
f 2082/2256/2844 2009/2182/2845 2161/2338/2846 
f 2009/2182/2655 2081/2255/2749 2162/2339/2847 
f 2008/2181/2654 2160/2337/2843 2010/2183/2656 
f 2083/2257/2751 2010/2183/2656 2160/2337/2843 
f 2163/2340/2848 2011/2184/2660 2083/2257/2751 
f 2079/2253/2743 2011/2184/2660 2164/2341/2849 
f 2084/2258/2752 1930/2100/2557 2088/2262/2756 
f 2012/2185/2661 2084/2258/2752 2165/2342/2850 
f 1927/2097/2662 2079/2253/2743 2085/2259/2851 
f 2013/2186/2663 2085/2259/2753 2166/2343/2852 
f 2013/2186/2663 2166/2343/2852 2086/2260/2754 
f 1928/2098/2555 2086/2260/2754 2087/2261/2755 
f 2167/2344/2853 2088/2262/2756 2087/2261/2755 
f 2168/2345/2854 2089/2263/2757 1932/2102/2664 
f 1932/2102/2664 2169/2346/2855 2168/2345/2854 
f 2169/2346/2856 1932/2102/2559 2090/2264/2758 
f 2092/2266/2760 2091/2265/2759 2170/2347/2857 
f 2015/2188/2668 2092/2266/2858 2093/2267/2761 
f 2094/2268/2762 1933/2103/2561 2093/2267/2761 
f 2090/2264/2758 1934/2104/2562 2094/2268/2762 
f 2016/2189/2669 2095/2269/2763 2171/2348/2859 
f 2016/2189/2669 2172/2349/2860 2017/2190/2670 
f 2017/2190/2670 2173/2350/2861 2018/2191/2671 
f 2170/2347/2862 2091/2265/2764 2018/2191/2671 
f 2096/2270/2765 2019/2192/2672 2174/2351/2863 
f 2020/2193/2674 1941/2111/2569 2096/2270/2765 
f 2174/2351/2863 2019/2192/2672 2097/2271/2766 
f 1942/2112/2570 2098/2272/2767 2175/2352/2864 
f 2175/2352/2864 2097/2271/2766 1942/2112/2570 
f 2098/2272/2767 1943/2113/2572 2176/2353/2865 
f 1943/2113/2572 2023/2196/2677 2176/2353/2865 
f 2095/2273/2768 2020/2193/2674 2177/2354/2866 
f 2021/2194/2675 2178/2355/2867 2022/2195/2676 
f 2022/2195/2676 2179/2356/2868 2099/2274/2769 
f 2021/2194/2675 2100/2275/2770 2178/2355/2867 
f 2099/2274/2769 2176/2353/2865 2023/2196/2677 
f 2100/2275/2770 2024/2197/2678 2180/2357/2869 
f 2101/2276/2771 1947/2118/2580 2102/2277/2773 
f 2024/2197/2678 2101/2276/2772 2181/2358/2870 
f 2182/2359/2871 2025/2198/2680 2029/2202/2686 
f 2102/2277/2773 2025/2198/2680 2182/2359/2871 
f 2026/2199/2774 2183/2360/2872 2103/2278/2775 
f 2103/2278/2775 2184/2361/2873 2027/2200/2683 
f 2027/2200/2683 2185/2362/2874 2028/2201/2685 
f 1949/2120/2582 2105/2280/2777 2104/2279/2776 
f 2104/2279/2776 2186/2363/2875 2029/2202/2686 
f 2105/2280/2777 2028/2201/2685 2185/2362/2874 
f 2026/2199/2681 2106/2281/2778 2183/2360/2876 
f 2030/2203/2687 2114/2289/2786 2106/2281/2778 
f 1951/2122/2585 2107/2282/2779 2108/2283/2780 
f 2109/2284/2781 1952/2123/2586 2108/2283/2780 
f 2187/2364/2877 2031/2204/2688 2109/2284/2781 
f 1955/2126/2589 2110/2285/2782 2111/2286/2783 
f 2031/2204/2688 2187/2364/2877 2110/2285/2782 
f 1956/2127/2590 2111/2286/2783 2112/2287/2784 
f 2113/2288/2785 1957/2128/2591 2112/2287/2784 
f 2114/2289/2786 1958/2129/2592 2113/2288/2785 
f 2032/2205/2689 2115/2290/2787 2188/2365/2878 
f 2032/2205/2689 2188/2365/2878 2107/2282/2779 
f 2116/2291/2788 2012/2185/2690 2165/2342/2879 
f 2115/2290/2787 2033/2206/2691 2189/2366/2880 
f 2033/2206/2691 2116/2292/2789 2190/2367/2881 
f 2038/2211/2696 1961/2133/2596 2117/2293/2790 
f 2035/2208/2693 2191/2368/2882 2034/2207/2692 
f 2034/2207/2692 2192/2369/2883 2117/2293/2790 
f 2089/2263/2757 2193/2370/2884 2035/2208/2693 
f 2119/2295/2792 2118/2294/2791 2194/2371/2885 
f 2194/2371/2885 2195/2372/2886 2119/2295/2792 
f 2037/2210/2695 2119/2295/2792 2196/2373/2887 
f 2037/2210/2695 2196/2373/2887 2039/2212/2697 
f 2118/2294/2791 2038/2211/2696 2197/2374/2888 
f 2039/2212/2697 2196/2373/2887 2120/2296/2793 
f 2123/2299/2796 2040/2213/2698 2120/2296/2793 
f 2123/2299/2796 1971/2143/2607 2040/2213/2698 
f 2041/2214/2699 2121/2297/2794 2135/2375/2889 
f 1973/2145/2609 1967/2139/2602 2122/2298/2795 
f 2042/2215/2700 2123/2299/2796 2198/2376/2890 
f 2124/2300/2797 2043/2216/2701 2199/2377/2891 
f 2043/2216/2701 2125/2301/2798 2200/2378/2892 
f 2125/2301/2798 2042/2215/2700 2198/2376/2890 
f 2044/2217/2702 2201/2379/2893 2045/2218/2703 
f 2044/2217/2702 2124/2300/2799 2202/2380/2894 
f 2045/2218/2703 2203/2381/2895 2122/2298/2795 
f 2046/2219/2800 2204/2382/2896 2126/2302/2801 
f 2127/2303/2897 1973/2145/2609 2122/2298/2795 
f 2046/2219/2706 2127/2303/2802 2205/2383/2898 
f 2206/2384/2899 2047/2220/2707 2126/2302/2801 
f 2206/2384/2899 2048/2221/2708 2047/2220/2707 
f 2207/2385/2900 2121/2297/2794 2048/2221/2708 
f 2060/2234/2723 2049/2222/2709 2129/2305/2804 
f 2208/2386/2901 2050/2223/2710 2128/2304/2803 
f 2128/2304/2803 1980/2152/2616 2133/2309/2808 
f 2132/2308/2807 2209/2387/2902 2129/2305/2804 
f 2129/2305/2804 2051/2224/2711 2132/2308/2807 
f 1978/2150/2614 2130/2306/2805 2131/2307/2806 
f 2050/2223/2710 2208/2386/2901 2130/2306/2805 
f 1979/2151/2615 2131/2307/2806 2132/2308/2807 
f 2053/2226/2713 2134/2310/2809 2052/2225/2712 
f 2053/2226/2713 2054/2228/2715 2134/2310/2809 
f 2134/2310/2809 2210/2388/2903 2133/2309/2808 
f 1981/2153/2617 2135/2311/2810 2211/2389/2904 
f 2054/2228/2715 2136/2312/2811 2212/2390/2905 
f 1981/2153/2617 2211/2389/2904 2136/2312/2811 
f 2213/2391/2906 2069/2243/2733 2055/2229/2716 
f 2214/2392/2907 2137/2313/2812 2056/2230/2717 
f 2214/2392/2907 2056/2230/2717 2138/2314/2813 
f 2062/2236/2726 2139/2315/2814 2057/2231/2718 
f 2058/2232/2815 2215/2393/2908 2138/2314/2813 
f 2059/2233/2816 2139/2315/2814 2216/2394/2909 
f 2140/2316/2910 2059/2233/2816 2216/2394/2909 
f 2140/2316/2817 2217/2395/2911 2218/2396/2912 
f 2218/2396/2912 2141/2317/2818 2140/2316/2817 
f 2058/2232/2815 2141/2317/2913 2215/2393/2908 
f 2213/2391/2906 2055/2229/2716 2137/2313/2812 
f 1988/2160/2724 2142/2318/2819 2144/2320/2914 
f 1987/2159/2625 2143/2319/2820 2142/2318/2819 
f 2143/2319/2820 2060/2234/2723 2129/2305/2804 
f 2061/2235/2725 2219/2397/2915 2062/2236/2726 
f 2061/2235/2725 2144/2320/2821 2220/2398/2916 
f 1990/2162/2628 2145/2321/2822 2063/2237/2727 
f 2064/2238/2728 2221/2399/2917 2065/2239/2729 
f 2064/2238/2728 2146/2322/2823 2221/2399/2917 
f 2147/2323/2824 1994/2166/2632 2148/2324/2825 
f 2222/2400/2918 2146/2322/2823 2147/2323/2824 
f 2147/2323/2824 2223/2401/2919 2222/2400/2918 
f 2145/2321/2822 2148/2324/2825 2063/2237/2727 
f 2224/2402/2920 2066/2240/2730 2065/2239/2729 
f 2149/2325/2826 2067/2241/2731 2225/2403/2921 
f 2067/2241/2827 2069/2243/2733 2213/2391/2906 
f 2068/2242/2732 2149/2325/2826 2226/2404/2922 
f 2068/2242/2732 2227/2405/2923 2145/2321/2822 
f 2228/2406/2924 2150/2326/2828 2070/2244/2734 
f 2228/2406/2924 2070/2244/2734 2151/2327/2829 
f 2076/2250/2740 2152/2328/2830 2071/2245/2735 
f 2072/2246/2736 2152/2328/2830 2229/2407/2925 
f 2230/2408/2926 2153/2329/2831 2072/2246/2736 
f 2073/2247/2737 2153/2329/2927 2151/2327/2829 
f 2231/2409/2928 2074/2248/2738 2150/2326/2828 
f 2231/2409/2928 2154/2330/2832 2074/2248/2738 
f 2078/2252/2742 2075/2249/2739 2232/2410/2929 
f 2075/2249/2739 2066/2240/2730 2224/2402/2920 
f 2077/2251/2741 2233/2411/2930 2076/2250/2740 
f 2077/2251/2741 2155/2331/2833 2234/2412/2931 
f 2155/2332/2834 2078/2252/2742 2235/2413/2932 
f 2006/2179/2744 2158/2335/2840 2156/2333/2835 
f 2004/2177/2837 2156/2333/2933 2157/2334/2838 
f 2158/2335/2934 2080/2254/2747 2236/2414/2935 
f 2080/2254/2747 2159/2336/2841 2236/2414/2935 
f 2007/2180/2748 2154/2330/2832 2159/2336/2936 
f 2162/2339/2847 2081/2255/2749 2157/2334/2842 
f 2237/2415/2937 2160/2337/2843 2082/2256/2750 
f 2082/2256/2750 2238/2416/2938 2237/2415/2937 
f 2161/2338/2846 2238/2416/2939 2082/2256/2844 
f 2009/2182/2655 2162/2339/2847 2161/2338/2940 
f 2160/2337/2843 2237/2415/2937 2239/2417/2941 
f 2239/2417/2941 2083/2257/2751 2160/2337/2843 
f 2163/2340/2848 2083/2257/2751 2239/2417/2941 
f 2011/2184/2660 2163/2340/2848 2164/2341/2849 
f 2085/2259/2851 2079/2253/2743 2164/2341/2849 
f 2240/2418/2942 2084/2258/2752 2088/2262/2756 
f 2240/2418/2942 2165/2342/2850 2084/2258/2752 
f 2085/2259/2753 2241/2419/2943 2166/2343/2852 
f 2166/2343/2852 2242/2420/2944 2086/2260/2754 
f 2086/2260/2754 2243/2421/2945 2087/2261/2755 
f 2167/2344/2853 2087/2261/2755 2243/2421/2945 
f 2240/2418/2942 2088/2262/2756 2167/2344/2853 
f 2168/2345/2854 2169/2346/2855 2244/2422/2946 
f 2089/2263/2757 2168/2345/2854 2245/2423/2947 
f 2169/2346/2856 2090/2264/2758 2246/2424/2948 
f 2092/2266/2760 2170/2347/2857 2247/2425/2949 
f 2092/2266/2858 2248/2426/2950 2093/2267/2761 
f 2249/2427/2951 2094/2268/2762 2093/2267/2761 
f 2246/2424/2948 2090/2264/2758 2094/2268/2762 
f 2016/2189/2669 2171/2348/2859 2172/2349/2860 
f 2095/2269/2763 2250/2428/2952 2171/2348/2859 
f 2017/2190/2670 2172/2349/2860 2173/2350/2861 
f 2170/2347/2862 2018/2191/2671 2173/2350/2861 
f 2251/2429/2953 2096/2270/2765 2174/2351/2863 
f 2020/2193/2674 2096/2270/2765 2177/2354/2866 
f 2174/2351/2863 2097/2271/2766 2252/2430/2954 
f 2175/2352/2864 2098/2272/2767 2176/2353/2865 
f 2175/2352/2864 2252/2430/2954 2097/2271/2766 
f 2095/2273/2768 2177/2354/2866 2250/2431/2955 
f 2022/2195/2676 2178/2355/2867 2179/2356/2868 
f 2253/2432/2956 2099/2274/2769 2179/2356/2868 
f 2100/2275/2770 2254/2433/2957 2178/2355/2867 
f 2253/2432/2956 2176/2353/2865 2099/2274/2769 
f 2100/2275/2770 2180/2357/2869 2254/2433/2957 
f 2024/2197/2678 2181/2358/2870 2180/2357/2869 
f 2101/2276/2771 2102/2277/2773 2255/2434/2958 
f 2181/2358/2870 2101/2276/2772 2255/2434/2959 
f 2182/2359/2871 2029/2202/2686 2186/2363/2875 
f 2256/2435/2960 2102/2277/2773 2182/2359/2871 
f 2103/2278/2775 2183/2360/2872 2257/2436/2961 
f 2103/2278/2775 2257/2436/2961 2184/2361/2873 
f 2027/2200/2683 2184/2361/2873 2185/2362/2874 
f 2105/2280/2777 2185/2362/2874 2104/2279/2776 
f 2182/2359/2871 2186/2363/2875 2104/2279/2776 
f 2183/2360/2876 2106/2281/2778 2258/2437/2962 
f 2106/2281/2778 2114/2289/2786 2259/2438/2963 
f 2260/2439/2964 2108/2283/2780 2107/2282/2779 
f 2107/2282/2779 2188/2365/2878 2260/2439/2964 
f 2261/2440/2965 2109/2284/2781 2108/2283/2780 
f 2187/2364/2877 2109/2284/2781 2261/2440/2965 
f 2110/2285/2782 2262/2441/2966 2111/2286/2783 
f 2262/2441/2966 2110/2285/2782 2187/2364/2877 
f 2111/2286/2783 2263/2442/2967 2112/2287/2784 
f 2263/2442/2967 2264/2443/2968 2113/2288/2785 
f 2113/2288/2785 2112/2287/2784 2263/2442/2967 
f 2259/2438/2963 2114/2289/2786 2113/2288/2785 
f 2115/2290/2787 2265/2444/2969 2188/2365/2878 
f 2116/2291/2788 2165/2342/2879 2266/2445/2970 
f 2115/2290/2787 2189/2366/2880 2265/2444/2969 
f 2033/2206/2691 2190/2367/2881 2189/2366/2880 
f 2190/2367/2881 2116/2292/2789 2266/2446/2971 
f 2197/2374/2888 2038/2211/2696 2117/2293/2790 
f 2035/2208/2693 2193/2370/2884 2191/2368/2882 
f 2034/2207/2692 2191/2368/2882 2192/2369/2883 
f 2197/2374/2888 2117/2293/2790 2192/2369/2883 
f 2089/2263/2757 2245/2423/2947 2193/2370/2884 
f 2194/2371/2885 2118/2294/2791 2197/2374/2888 
f 2195/2372/2886 2194/2371/2885 2267/2447/2972 
f 2119/2295/2792 2195/2372/2886 2268/2448/2973 
f 2119/2295/2792 2268/2448/2973 2196/2373/2887 
f 2120/2296/2793 2196/2373/2887 2268/2448/2973 
f 2268/2448/2973 2269/2449/2974 2120/2296/2793 
f 2198/2376/2890 2123/2299/2796 2120/2296/2793 
f 2135/2375/2889 2121/2297/2794 2207/2385/2900 
f 2124/2300/2797 2199/2377/2891 2270/2450/2975 
f 2043/2216/2701 2200/2378/2892 2199/2377/2891 
f 2200/2378/2892 2125/2301/2798 2271/2451/2976 
f 2125/2301/2798 2198/2376/2890 2271/2451/2976 
f 2044/2217/2702 2202/2380/2894 2201/2379/2893 
f 2045/2218/2703 2201/2379/2893 2203/2381/2895 
f 2124/2300/2799 2270/2450/2977 2202/2380/2894 
f 2127/2303/2897 2122/2298/2795 2203/2381/2895 
f 2046/2219/2800 2205/2383/2978 2204/2382/2896 
f 2272/2452/2979 2126/2302/2801 2204/2382/2896 
f 2127/2303/2802 2273/2453/2980 2205/2383/2898 
f 2272/2452/2979 2206/2384/2899 2126/2302/2801 
f 2207/2385/2900 2048/2221/2708 2206/2384/2899 
f 2208/2386/2901 2128/2304/2803 2274/2454/2981 
f 2133/2309/2808 2210/2388/2903 2274/2454/2981 
f 2274/2454/2981 2128/2304/2803 2133/2309/2808 
f 2275/2455/2982 2209/2387/2902 2132/2308/2807 
f 2143/2319/2820 2129/2305/2804 2209/2387/2902 
f 2130/2306/2805 2276/2456/2983 2131/2307/2806 
f 2130/2306/2805 2208/2386/2901 2277/2457/2984 
f 2131/2307/2806 2278/2458/2985 2132/2308/2807 
f 2054/2228/2715 2212/2390/2905 2134/2310/2809 
f 2134/2310/2809 2212/2390/2905 2210/2388/2903 
f 2211/2389/2904 2135/2311/2810 2279/2459/2986 
f 2136/2312/2811 2280/2460/2987 2212/2390/2905 
f 2136/2312/2811 2211/2389/2904 2281/2461/2988 
f 2282/2462/2989 2137/2313/2812 2214/2392/2907 
f 2283/2463/2990 2214/2392/2907 2138/2314/2813 
f 2062/2236/2726 2219/2397/2915 2139/2315/2814 
f 2283/2463/2990 2138/2314/2813 2215/2393/2908 
f 2219/2397/2915 2216/2394/2909 2139/2315/2814 
f 2140/2316/2910 2216/2394/2909 2284/2464/2991 
f 2217/2395/2992 2140/2316/2910 2284/2464/2991 
f 2217/2465/2992 2285/2466/2993 2286/2467/2993 
f 2286/2467/2993 2218/2468/2994 2217/2465/2992 
f 2141/2317/2913 2218/2396/2994 2215/2393/2908 
f 2282/2462/2989 2213/2391/2906 2137/2313/2812 
f 2144/2320/2914 2142/2318/2819 2287/2469/2995 
f 2142/2318/2819 2143/2319/2820 2288/2470/2996 
f 2061/2235/2725 2220/2398/2916 2219/2397/2915 
f 2144/2320/2821 2289/2471/2997 2220/2398/2916 
f 2224/2402/2920 2065/2239/2729 2221/2399/2917 
f 2146/2322/2823 2290/2472/2998 2221/2399/2917 
f 2147/2323/2824 2148/2324/2825 2291/2473/2999 
f 2146/2322/2823 2222/2400/2918 2290/2472/2998 
f 2223/2401/2919 2147/2323/2824 2291/2473/2999 
f 2223/2401/2919 2292/2474/3000 2222/2400/2918 
f 2145/2321/2822 2227/2405/2923 2148/2324/2825 
f 2149/2325/2826 2225/2403/2921 2293/2475/3001 
f 2067/2241/2827 2213/2391/2906 2225/2403/3002 
f 2068/2242/2732 2226/2404/2922 2294/2476/3003 
f 2149/2325/2826 2293/2475/3001 2226/2404/2922 
f 2068/2242/2732 2294/2476/3003 2227/2405/2923 
f 2295/2477/3004 2150/2326/2828 2228/2406/2924 
f 2296/2478/3005 2228/2406/2924 2151/2327/2829 
f 2076/2250/2740 2233/2411/2930 2152/2328/2830 
f 2230/2408/3006 2072/2246/2736 2229/2407/2925 
f 2233/2411/2930 2229/2407/2925 2152/2328/2830 
f 2153/2479/2927 2230/2480/3006 2297/2481/3007 
f 2297/2481/3007 2298/2482/3008 2153/2479/2927 
f 2296/2478/3005 2151/2327/2829 2153/2329/2927 
f 2295/2477/3004 2231/2409/2928 2150/2326/2828 
f 2159/2336/2936 2154/2330/2832 2231/2409/2928 
f 2078/2252/2742 2232/2410/2929 2235/2413/2932 
f 2299/2483/3009 2232/2410/2929 2075/2249/2739 
f 2075/2249/2739 2224/2402/2920 2299/2483/3009 
f 2077/2251/2741 2234/2412/2931 2233/2411/2930 
f 2155/2331/2833 2300/2484/3010 2234/2412/2931 
f 2155/2332/2834 2235/2413/2932 2300/2485/3011 
f 2158/2335/2934 2301/2486/3012 2156/2333/3013 
f 2156/2333/3013 2302/2487/3014 2157/2334/2842 
f 2158/2335/2934 2236/2414/2935 2303/2488/3015 
f 2236/2414/2935 2159/2336/2841 2304/2489/3016 
f 2162/2339/2847 2157/2334/2842 2302/2487/3014 
f 2238/2416/2938 2305/2490/3017 2237/2415/2937 
f 2306/2491/3018 2238/2416/3019 2161/2338/3020 
f 2307/2492/3021 2161/2338/2940 2162/2339/2847 
f 2162/2339/2847 2302/2487/3014 2307/2492/3021 
f 2308/2493/3022 2239/2417/2941 2237/2415/2937 
f 2309/2494/3023 2163/2340/2848 2239/2417/2941 
f 2309/2494/3023 2164/2341/2849 2163/2340/2848 
f 2085/2259/2851 2164/2341/2849 2241/2419/3024 
f 2310/2495/3025 2165/2342/3025 2240/2418/3026 
f 2311/2496/3027 2166/2343/3028 2241/2419/3029 
f 2166/2343/2852 2312/2497/3030 2242/2420/2944 
f 2086/2260/2754 2242/2420/2944 2243/2421/2945 
f 2167/2344/2853 2243/2421/2945 2313/2498/3031 
f 2310/2495/3032 2240/2418/2942 2167/2344/2853 
f 2168/2345/2854 2244/2422/2946 2314/2499/3033 
f 2169/2346/2856 2246/2424/2948 2244/2422/3034 
f 2245/2423/2947 2168/2345/2854 2315/2500/3035 
f 2092/2266/2858 2247/2425/3036 2248/2426/2950 
f 2247/2425/2949 2170/2347/2857 2316/2501/3037 
f 2249/2427/2951 2093/2267/2761 2248/2426/2950 
f 2246/2424/2948 2094/2268/2762 2249/2427/2951 
f 2171/2348/2859 2317/2502/3038 2172/2349/2860 
f 2171/2348/2859 2250/2428/2952 2318/2503/3039 
f 2172/2349/2860 2319/2504/3040 2173/2350/2861 
f 2316/2501/3041 2170/2347/2862 2173/2350/2861 
f 2251/2429/2953 2174/2351/2863 2320/2505/3042 
f 2177/2354/2866 2096/2270/2765 2251/2429/2953 
f 2320/2505/3042 2174/2351/2863 2252/2430/2954 
f 2175/2352/2864 2176/2353/2865 2253/2432/2956 
f 2175/2352/2864 2321/2506/3043 2252/2430/2954 
f 2250/2431/2955 2177/2354/2866 2322/2507/3044 
f 2178/2355/2867 2323/2508/3045 2179/2356/2868 
f 2324/2509/3046 2253/2432/2956 2179/2356/2868 
f 2178/2355/2867 2254/2433/2957 2323/2508/3045 
f 2180/2357/2869 2325/2510/3047 2254/2433/2957 
f 2180/2357/2869 2181/2358/2870 2326/2511/3048 
f 2255/2434/3049 2102/2277/3049 2256/2435/3049 
f 2181/2358/2870 2255/2434/2959 2327/2512/3050 
f 2256/2435/2960 2182/2359/2871 2104/2279/2776 
f 2183/2360/2872 2328/2513/3051 2257/2436/2961 
f 2184/2361/2873 2257/2436/2961 2329/2514/3052 
f 2185/2362/2874 2184/2361/2873 2104/2279/2776 
f 2183/2360/2876 2258/2437/2962 2328/2513/3053 
f 2106/2281/2778 2259/2438/2963 2258/2437/2962 
f 2330/2515/3054 2260/2439/2964 2188/2365/2878 
f 2188/2365/2878 2265/2444/2969 2330/2515/3054 
f 2261/2440/2965 2108/2283/2780 2260/2439/2964 
f 2187/2364/2877 2261/2440/2965 2331/2516/3055 
f 2111/2286/2783 2262/2441/2966 2263/2442/2967 
f 2187/2364/2877 2331/2516/3055 2262/2441/2966 
f 2332/2517/3056 2264/2443/2968 2263/2442/2967 
f 2259/2438/2963 2113/2288/2785 2264/2443/2968 
f 2333/2518/3057 2266/2445/2970 2165/2342/2879 
f 2334/2519/3058 2265/2444/2969 2189/2366/2880 
f 2189/2366/2880 2335/2520/3059 2334/2519/3058 
f 2189/2366/2880 2190/2367/2881 2335/2520/3059 
f 2190/2367/2881 2266/2446/2971 2336/2521/3060 
f 2193/2370/2884 2337/2522/3061 2191/2368/2882 
f 2338/2523/3062 2192/2369/2883 2191/2368/2882 
f 2191/2368/2882 2337/2522/3061 2338/2523/3062 
f 2339/2524/3063 2197/2374/2888 2192/2369/2883 
f 2193/2370/2884 2245/2423/2947 2337/2522/3061 
f 2194/2371/2885 2197/2374/2888 2339/2524/3063 
f 2195/2372/2886 2267/2447/2972 2340/2525/3064 
f 2194/2371/2885 2341/2526/3065 2267/2447/2972 
f 2195/2372/2886 2340/2525/3064 2268/2448/2973 
f 2268/2448/2973 2342/2527/3066 2269/2449/2974 
f 2198/2376/2890 2120/2296/2793 2269/2449/2974 
f 2135/2375/2889 2207/2385/2900 2279/2528/3067 
f 2270/2450/2975 2199/2377/2891 2343/2529/3068 
f 2199/2377/2891 2200/2378/2892 2344/2530/3069 
f 2200/2378/2892 2271/2451/2976 2345/2531/3070 
f 2271/2451/2976 2198/2376/2890 2269/2449/2974 
f 2202/2380/2894 2346/2532/3071 2201/2379/2893 
f 2201/2379/2893 2347/2533/3072 2203/2381/2895 
f 2202/2380/2894 2270/2450/2977 2348/2534/3073 
f 2273/2453/3074 2127/2303/2897 2203/2381/2895 
f 2205/2383/2978 2349/2535/3075 2204/2382/2896 
f 2350/2536/3076 2272/2452/2979 2204/2382/2896 
f 2273/2453/2980 2351/2537/3077 2352/2538/3078 
f 2352/2538/3078 2205/2383/2898 2273/2453/2980 
f 2353/2539/3079 2206/2384/2899 2272/2452/2979 
f 2353/2539/3079 2207/2385/2900 2206/2384/2899 
f 2354/2540/3080 2208/2386/2901 2274/2454/2981 
f 2355/2541/3081 2274/2454/2981 2210/2388/2903 
f 2275/2455/2982 2132/2308/2807 2278/2458/2985 
f 2288/2470/2996 2209/2387/2902 2275/2455/2982 
f 2288/2470/2996 2143/2319/2820 2209/2387/2902 
f 2130/2306/2805 2277/2457/2984 2276/2456/2983 
f 2131/2307/2806 2276/2456/2983 2278/2458/2985 
f 2208/2386/2901 2354/2540/3080 2277/2457/2984 
f 2212/2390/2905 2356/2542/3082 2210/2388/2903 
f 2211/2389/2904 2279/2459/2986 2357/2543/3083 
f 2136/2312/2811 2281/2461/2988 2280/2460/2987 
f 2212/2390/2905 2280/2460/2987 2356/2542/3082 
f 2211/2389/2904 2357/2543/3083 2281/2461/2988 
f 2358/2544/3084 2282/2462/2989 2214/2392/2907 
f 2358/2544/3084 2214/2392/2907 2283/2463/2990 
f 2359/2545/3085 2283/2463/2990 2215/2393/2908 
f 2219/2397/2915 2360/2546/3086 2216/2394/2909 
f 2360/2546/3086 2284/2464/2991 2216/2394/2909 
f 2361/2547/3087 2217/2395/2992 2284/2464/2991 
f 2285/2548/3088 2217/2395/2911 2362/2549/3089 
f 2286/2467/3090 2285/2466/3091 2363/2550/3092 
f 2363/2550/3092 2364/2551/3093 2286/2467/3090 
f 2286/2552/3094 2365/2553/3095 2218/2396/2912 
f 2359/2545/3085 2215/2393/2908 2218/2396/2994 
f 2225/2403/3002 2213/2391/2906 2282/2462/2989 
f 2144/2320/2914 2287/2469/2995 2289/2471/3096 
f 2142/2318/2819 2288/2470/2996 2287/2469/2995 
f 2220/2398/2916 2360/2546/3086 2219/2397/2915 
f 2220/2398/2916 2289/2471/2997 2366/2554/3097 
f 2299/2483/3009 2224/2402/2920 2221/2399/2917 
f 2299/2483/3009 2221/2399/2917 2290/2472/2998 
f 2227/2405/2923 2291/2473/2999 2148/2324/2825 
f 2222/2400/2918 2367/2555/3098 2290/2472/2998 
f 2223/2401/2919 2291/2473/2999 2368/2556/3099 
f 2223/2401/2919 2368/2556/3099 2292/2474/3000 
f 2292/2474/3000 2369/2557/3100 2222/2400/2918 
f 2293/2475/3001 2225/2403/2921 2370/2558/3101 
f 2226/2404/2922 2371/2559/3102 2294/2476/3003 
f 2226/2404/2922 2293/2475/3001 2372/2560/3103 
f 2227/2405/2923 2294/2476/3003 2291/2473/2999 
f 2373/2561/3104 2295/2477/3004 2228/2406/2924 
f 2373/2561/3104 2228/2406/2924 2296/2478/3005 
f 2374/2562/3105 2230/2408/3006 2229/2407/2925 
f 2233/2411/2930 2374/2562/3105 2229/2407/2925 
f 2297/2563/3106 2230/2408/3107 2375/2564/3108 
f 2298/2482/3109 2297/2481/3110 2376/2565/3111 
f 2376/2565/3111 2377/2566/3112 2298/2482/3109 
f 2298/2482/3113 2378/2567/3114 2153/2479/3115 
f 2373/2561/3104 2296/2478/3005 2153/2329/2927 
f 2295/2477/3004 2304/2489/3116 2231/2409/2928 
f 2159/2336/2936 2231/2409/2928 2304/2489/3116 
f 2379/2568/3117 2235/2413/2932 2232/2410/2929 
f 2379/2568/3117 2232/2410/2929 2299/2483/3009 
f 2234/2412/2931 2374/2562/3105 2233/2411/2930 
f 2380/2569/3118 2234/2412/2931 2300/2484/3010 
f 2381/2570/3119 2300/2485/3011 2235/2413/2932 
f 2158/2335/2934 2303/2488/3015 2301/2486/3012 
f 2156/2333/3013 2301/2486/3012 2302/2487/3014 
f 2303/2488/3015 2236/2414/2935 2382/2571/3120 
f 2236/2414/2935 2304/2489/3016 2382/2571/3120 
f 2238/2416/2938 2306/2491/3121 2305/2490/3017 
f 2308/2493/3022 2237/2415/2937 2305/2490/3017 
f 2383/2572/3122 2306/2491/3018 2161/2338/3020 
f 2383/2572/3123 2161/2338/2940 2307/2492/3021 
f 2301/2486/3012 2307/2492/3021 2302/2487/3014 
f 2309/2494/3023 2239/2417/2941 2308/2493/3022 
f 2309/2494/3023 2384/2573/3124 2164/2341/2849 
f 2384/2573/3124 2241/2419/3024 2164/2341/2849 
f 2310/2495/3032 2333/2518/3057 2165/2342/2879 
f 2384/2573/3124 2311/2496/3125 2241/2419/3024 
f 2385/2574/3126 2166/2343/2852 2311/2496/3127 
f 2166/2343/2852 2385/2574/3126 2312/2497/3030 
f 2242/2420/2944 2312/2497/3030 2313/2498/3031 
f 2242/2420/2944 2313/2498/3031 2243/2421/2945 
f 2310/2495/3032 2167/2344/2853 2313/2498/3031 
f 2168/2345/2854 2314/2499/3033 2315/2500/3035 
f 2314/2499/3033 2244/2422/2946 2386/2575/3128 
f 2244/2422/3034 2246/2424/2948 2387/2576/3129 
f 2245/2423/2947 2315/2500/3035 2388/2577/3130 
f 2247/2425/3036 2389/2578/3131 2248/2426/2950 
f 2247/2425/2949 2316/2501/3037 2390/2579/3132 
f 2391/2580/3133 2249/2427/2951 2248/2426/2950 
f 2387/2576/3129 2246/2424/2948 2249/2427/2951 
f 2171/2348/2859 2318/2503/3039 2317/2502/3038 
f 2172/2349/2860 2317/2502/3038 2319/2504/3040 
f 2250/2428/2952 2392/2581/3134 2318/2503/3039 
f 2316/2501/3041 2173/2350/2861 2319/2504/3040 
f 2393/2582/3135 2251/2429/2953 2320/2505/3042 
f 2177/2354/2866 2251/2429/2953 2322/2507/3044 
f 2320/2505/3042 2252/2430/2954 2394/2583/3136 
f 2324/2509/3046 2321/2506/3043 2175/2352/2864 
f 2175/2352/2864 2253/2432/2956 2324/2509/3046 
f 2321/2506/3043 2394/2583/3136 2252/2430/2954 
f 2250/2431/2955 2322/2507/3044 2392/2584/3137 
f 2324/2509/3046 2179/2356/2868 2323/2508/3045 
f 2254/2433/2957 2395/2585/3138 2323/2508/3045 
f 2180/2357/2869 2326/2511/3048 2325/2510/3047 
f 2254/2433/2957 2325/2510/3047 2395/2585/3138 
f 2181/2358/2870 2327/2512/3050 2326/2511/3048 
f 2327/2512/3050 2255/2434/2959 2256/2435/3139 
f 2396/2586/3140 2256/2435/2960 2104/2279/2776 
f 2328/2513/3051 2329/2514/3052 2257/2436/2961 
f 2184/2361/2873 2329/2514/3052 2104/2279/2776 
f 2328/2513/3053 2258/2437/2962 2397/2587/3141 
f 2258/2437/2962 2259/2438/2963 2398/2588/3142 
f 2399/2589/3143 2330/2515/3054 2265/2444/2969 
f 2265/2444/2969 2334/2519/3058 2399/2589/3143 
f 2330/2515/3054 2331/2516/3055 2261/2440/2965 
f 2261/2440/2965 2260/2439/2964 2330/2515/3054 
f 2262/2441/2966 2400/2590/3144 2263/2442/2967 
f 2401/2591/3145 2262/2441/3146 2331/2516/3147 
f 2331/2516/3147 2402/2592/3148 2401/2591/3145 
f 2332/2517/3056 2263/2442/2967 2400/2590/3144 
f 2398/2588/3142 2264/2443/2968 2332/2517/3056 
f 2398/2588/3142 2259/2438/2963 2264/2443/2968 
f 2333/2593/3149 2336/2521/3060 2266/2446/2971 
f 2403/2594/3150 2334/2519/3058 2335/2520/3059 
f 2335/2520/3059 2404/2595/3151 2403/2594/3150 
f 2190/2367/2881 2336/2521/3060 2335/2520/3059 
f 2337/2522/3061 2405/2596/3152 2338/2523/3062 
f 2339/2524/3063 2192/2369/2883 2338/2523/3062 
f 2245/2423/2947 2388/2577/3130 2337/2522/3061 
f 2341/2526/3065 2194/2371/2885 2339/2524/3063 
f 2267/2447/2972 2406/2597/3153 2340/2525/3064 
f 2406/2597/3153 2267/2447/2972 2341/2526/3065 
f 2268/2448/2973 2340/2525/3064 2342/2527/3066 
f 2271/2451/2976 2269/2449/2974 2342/2527/3066 
f 2279/2528/3067 2207/2385/2900 2353/2539/3079 
f 2270/2450/2975 2343/2529/3068 2407/2598/3154 
f 2199/2377/2891 2344/2530/3069 2343/2529/3068 
f 2344/2530/3069 2200/2378/2892 2345/2531/3070 
f 2345/2531/3070 2271/2451/2976 2342/2527/3066 
f 2202/2380/2894 2348/2534/3073 2346/2532/3071 
f 2201/2379/2893 2346/2532/3071 2347/2533/3072 
f 2273/2453/3074 2203/2381/2895 2347/2533/3072 
f 2270/2450/2977 2407/2598/3155 2348/2534/3073 
f 2205/2383/2978 2352/2538/3156 2349/2535/3075 
f 2350/2536/3076 2204/2382/2896 2349/2535/3075 
f 2408/2599/3157 2272/2452/2979 2350/2536/3076 
f 2351/2537/3158 2273/2453/3074 2347/2533/3072 
f 2409/2600/3159 2352/2538/3078 2351/2537/3077 
f 2408/2599/3157 2353/2539/3079 2272/2452/2979 
f 2354/2540/3080 2274/2454/2981 2355/2541/3081 
f 2355/2541/3081 2210/2388/2903 2356/2542/3082 
f 2410/2601/3160 2275/2455/2982 2278/2458/2985 
f 2411/2602/3161 2288/2470/2996 2275/2455/2982 
f 2277/2457/2984 2412/2603/3162 2276/2456/2983 
f 2276/2456/2983 2413/2604/3163 2278/2458/2985 
f 2277/2457/2984 2354/2540/3080 2412/2603/3162 
f 2357/2543/3083 2279/2459/2986 2414/2605/3164 
f 2281/2461/2988 2415/2606/3165 2280/2460/2987 
f 2416/2607/3166 2356/2542/3082 2280/2460/2987 
f 2280/2460/2987 2415/2606/3165 2416/2607/3166 
f 2281/2461/2988 2357/2543/3083 2417/2608/3167 
f 2358/2544/3084 2370/2558/3168 2282/2462/2989 
f 2418/2609/3169 2358/2544/3084 2283/2463/2990 
f 2418/2609/3169 2283/2463/2990 2359/2545/3085 
f 2360/2546/3086 2361/2547/3087 2284/2464/2991 
f 2361/2547/3087 2419/2610/3170 2217/2395/2992 
f 2285/2548/3088 2362/2549/3089 2420/2611/3171 
f 2217/2395/2992 2419/2610/3170 2362/2549/3172 
f 2285/2466/3091 2421/2612/3173 2422/2613/3174 
f 2422/2613/3174 2363/2550/3092 2285/2466/3091 
f 2363/2550/3092 247/2614/3175 147/2615/3176 
f 147/2615/3176 2364/2551/3093 2363/2550/3092 
f 2297/2616/3110 2286/2467/3090 2364/2551/3093 
f 2364/2551/3093 2376/2617/3111 2297/2616/3110 
f 2286/2552/3177 2423/2618/3178 2365/2553/3179 
f 2365/2553/3095 2418/2609/3180 2218/2396/2912 
f 2418/2609/3169 2359/2545/3085 2218/2396/2994 
f 2225/2403/3002 2282/2462/2989 2370/2558/3168 
f 2289/2471/3096 2287/2469/2995 2424/2619/3181 
f 2287/2469/2995 2288/2470/2996 2411/2602/3161 
f 2220/2398/2916 2366/2554/3097 2360/2546/3086 
f 2289/2471/2997 2425/2620/3182 2366/2554/3097 
f 2426/2621/3183 2299/2483/3009 2290/2472/2998 
f 2369/2557/3100 2367/2555/3098 2222/2400/2918 
f 2426/2621/3183 2290/2472/2998 2367/2555/3098 
f 2294/2476/3003 2368/2556/3099 2291/2473/2999 
f 2371/2559/3102 2292/2474/3000 2368/2556/3099 
f 2427/2622/3184 2369/2623/3100 2292/2624/3000 
f 2292/2624/3000 2428/2625/3185 2427/2622/3184 
f 2293/2475/3001 2370/2558/3101 2429/2626/3186 
f 2226/2404/2922 2372/2560/3103 2371/2559/3102 
f 2294/2476/3003 2371/2559/3102 2368/2556/3099 
f 2293/2475/3001 2429/2626/3186 2372/2560/3103 
f 2373/2561/3104 2430/2627/3187 2295/2477/3004 
f 2374/2562/3105 2431/2628/3188 2230/2408/3006 
f 2297/2563/3106 2375/2564/3108 2432/2629/3189 
f 2230/2408/3006 2431/2628/3188 2375/2564/3190 
f 2377/2566/3112 2376/2565/3111 71/2630/3191 
f 71/2630/3191 28/2631/3192 2377/2566/3112 
f 2433/2632/3193 2298/2482/3109 2377/2566/3112 
f 2377/2566/3112 2434/2633/3194 2433/2632/3193 
f 2298/2482/3195 2435/2634/3196 2378/2567/3197 
f 2378/2635/3114 2373/2561/3198 2153/2329/3115 
f 2295/2477/3004 2430/2627/3187 2304/2489/3116 
f 2379/2568/3117 2381/2570/3119 2235/2413/2932 
f 2379/2568/3117 2299/2483/3009 2426/2621/3183 
f 2234/2412/2931 2380/2569/3118 2374/2562/3105 
f 2436/2636/3199 2380/2569/3118 2300/2484/3010 
f 2381/2570/3119 2436/2637/3200 2300/2485/3011 
f 2303/2488/3015 2437/2638/3201 2301/2486/3012 
f 2303/2488/3015 2382/2571/3120 2438/2639/3202 
f 2430/2627/3203 2382/2571/3120 2304/2489/3016 
f 2439/2640/3204 2305/2641/3017 2306/2642/3121 
f 2439/2643/3204 2308/2493/3022 2305/2490/3017 
f 2306/2642/3018 2383/2644/3122 2440/2645/3205 
f 2440/2645/3205 2439/2640/3206 2306/2642/3018 
f 2383/2572/3123 2307/2492/3021 2441/2646/3207 
f 2301/2486/3012 2437/2638/3201 2307/2492/3021 
f 2439/2643/3204 2309/2494/3023 2308/2493/3022 
f 2439/2643/3204 2384/2573/3124 2309/2494/3023 
f 2310/2495/3032 2442/2647/3208 2333/2518/3057 
f 2443/2648/3209 2311/2496/3125 2384/2573/3124 
f 2444/2649/3210 2385/2574/3126 2311/2496/3127 
f 2313/2650/3031 2312/2651/3030 2385/2652/3126 
f 2385/2652/3126 2433/2632/3211 2313/2650/3031 
f 2445/2653/3212 2310/2654/3032 2313/2650/3031 
f 2313/2650/3031 2433/2632/3211 2445/2653/3212 
f 2315/2500/3035 2314/2499/3033 2446/2655/3213 
f 2314/2499/3033 2386/2575/3128 2447/2656/3214 
f 2244/2422/3034 2387/2576/3129 2386/2575/3215 
f 2315/2500/3035 2448/2657/3216 2388/2577/3130 
f 2247/2425/3036 2390/2579/3217 2389/2578/3131 
f 2391/2580/3133 2248/2426/2950 2389/2578/3131 
f 2390/2579/3132 2316/2501/3037 2449/2658/3218 
f 2387/2576/3129 2249/2427/2951 2391/2580/3133 
f 2318/2503/3039 2450/2659/3219 2317/2502/3038 
f 2317/2502/3038 2451/2660/3220 2319/2504/3040 
f 2318/2503/3039 2392/2581/3134 2452/2661/3221 
f 2449/2658/3222 2316/2501/3041 2319/2504/3040 
f 2393/2582/3135 2320/2505/3042 2453/2662/3223 
f 2322/2507/3044 2251/2429/2953 2393/2582/3135 
f 2453/2662/3223 2320/2505/3042 2394/2583/3136 
f 2454/2663/3224 2321/2506/3043 2324/2509/3046 
f 2321/2506/3043 2454/2663/3224 2394/2583/3136 
f 2392/2584/3137 2322/2507/3044 2455/2664/3225 
f 2456/2665/3226 2324/2509/3046 2323/2508/3045 
f 2456/2665/3226 2323/2508/3045 2395/2585/3138 
f 2326/2511/3048 2457/2666/3227 2325/2510/3047 
f 2458/2667/3228 2395/2585/3138 2325/2510/3047 
f 2325/2510/3047 2457/2666/3227 2458/2667/3228 
f 2326/2511/3048 2327/2512/3050 2459/2668/3229 
f 2327/2512/3050 2256/2435/3139 2460/2669/3230 
f 2461/2670/3231 2462/2671/3232 2396/2672/3140 
f 2396/2672/3140 2104/2673/2776 2329/2674/3052 
f 2461/2670/3231 2396/2672/3140 2329/2674/3052 
f 2256/2435/2960 2396/2586/3140 2463/2675/3233 
f 2463/2675/3233 2464/2676/3234 2256/2435/2960 
f 2328/2513/3053 2397/2587/3141 2329/2514/3235 
f 2258/2437/2962 2398/2588/3142 2397/2587/3141 
f 2465/2677/3236 2399/2589/3143 2334/2519/3058 
f 2334/2519/3058 2403/2594/3150 2465/2677/3236 
f 2399/2589/3143 2402/2592/3237 2331/2516/3055 
f 2331/2516/3055 2330/2515/3054 2399/2589/3143 
f 2262/2441/2966 2401/2591/3238 2400/2590/3144 
f 2402/2592/3148 2466/2678/3239 2467/2679/3240 
f 2467/2679/3240 2401/2591/3145 2402/2592/3148 
f 2468/2680/3241 2332/2517/3056 2400/2590/3144 
f 2469/2681/3242 2398/2588/3142 2332/2517/3056 
f 2333/2593/3149 2470/2682/3243 2336/2521/3060 
f 2404/2595/3151 2335/2520/3059 2336/2521/3060 
f 2471/2683/3244 2403/2594/3150 2404/2595/3151 
f 2404/2595/3151 2472/2684/3245 2471/2683/3244 
f 2337/2522/3061 2388/2577/3130 2405/2596/3152 
f 2473/2685/3246 2338/2523/3062 2405/2596/3152 
f 2473/2685/3246 2339/2524/3063 2338/2523/3062 
f 2341/2526/3065 2339/2524/3063 2473/2685/3246 
f 2340/2525/3064 2406/2597/3153 2474/2686/3247 
f 2341/2526/3065 2475/2687/3248 2406/2597/3153 
f 2340/2525/3064 2474/2686/3247 2342/2527/3066 
f 2279/2528/3067 2353/2539/3079 2414/2688/3249 
f 2476/2689/3250 2407/2598/3154 2343/2529/3068 
f 2477/2690/3251 2343/2529/3068 2344/2530/3069 
f 2344/2530/3069 2345/2531/3070 2478/2691/3252 
f 2345/2531/3070 2342/2527/3066 2474/2686/3247 
f 2348/2534/3073 2479/2692/3253 2346/2532/3071 
f 2346/2532/3071 2480/2693/3254 2347/2533/3072 
f 2481/2694/3255 2348/2534/3073 2407/2598/3155 
f 2352/2538/3156 2482/2695/3256 2349/2535/3075 
f 2483/2696/3257 2350/2536/3076 2349/2535/3075 
f 2484/2697/3258 2408/2599/3157 2350/2536/3076 
f 2351/2537/3158 2347/2533/3072 2480/2693/3254 
f 2409/2600/3259 2351/2537/3158 2480/2693/3254 
f 2409/2600/3159 2482/2695/3260 2352/2538/3078 
f 2408/2599/3157 2414/2688/3249 2353/2539/3079 
f 2354/2540/3080 2355/2541/3081 2485/2698/3261 
f 2485/2698/3261 2355/2541/3081 2356/2542/3082 
f 2410/2601/3160 2278/2458/2985 2413/2604/3163 
f 2411/2602/3161 2275/2455/2982 2410/2601/3160 
f 2276/2456/2983 2412/2603/3162 2413/2604/3163 
f 2354/2540/3080 2485/2698/3261 2412/2603/3162 
f 2357/2543/3083 2414/2605/3164 2486/2699/3262 
f 2281/2461/2988 2417/2608/3167 2415/2606/3165 
f 2487/2700/3263 2416/2607/3166 2415/2606/3165 
f 2415/2606/3165 2488/2701/3264 2487/2700/3263 
f 2485/2698/3261 2356/2542/3082 2416/2607/3166 
f 2357/2543/3083 2486/2699/3262 2417/2608/3167 
f 2358/2544/3084 2489/2702/3265 2370/2558/3168 
f 2418/2609/3169 2489/2702/3265 2358/2544/3084 
f 2366/2554/3097 2361/2547/3087 2360/2546/3086 
f 2490/2703/3266 2419/2610/3170 2361/2547/3087 
f 2491/2704/3267 2285/2548/3268 2420/2611/3269 
f 2420/2611/3270 2362/2549/3172 2492/2705/3271 
f 2490/2703/3266 2362/2549/3172 2419/2610/3170 
f 2493/2706/3272 2421/2612/3273 2285/2466/3268 
f 2285/2466/3268 2491/2707/3267 2493/2706/3272 
f 2421/2612/3173 2494/2708/3274 2495/2709/3275 
f 2495/2709/3275 2422/2613/3174 2421/2612/3173 
f 2376/2617/3111 2364/2551/3093 147/2615/3176 
f 147/2615/3176 71/2710/3191 2376/2617/3111 
f 2427/2622/3184 2428/2625/3185 2286/2467/3177 
f 2286/2467/3177 2297/2616/3276 2427/2622/3184 
f 2286/2467/3177 2428/2625/3185 2423/2711/3178 
f 2365/2553/3179 2423/2618/3178 2496/2712/3277 
f 2418/2609/3169 2365/2553/3278 2489/2702/3265 
f 2289/2471/3096 2424/2619/3181 2425/2620/3279 
f 2287/2469/2995 2411/2602/3161 2424/2619/3181 
f 2490/2703/3266 2366/2554/3097 2425/2620/3182 
f 2497/2713/3280 2367/2555/3098 2369/2557/3100 
f 2497/2713/3280 2426/2621/3183 2367/2555/3098 
f 2371/2559/3102 2498/2714/3281 2292/2474/3000 
f 2427/2715/3184 2499/2716/3282 2369/2557/3100 
f 2489/2702/3283 2429/2626/3186 2370/2558/3101 
f 2372/2560/3103 2498/2714/3281 2371/2559/3102 
f 2498/2714/3281 2372/2560/3103 2429/2626/3186 
f 2373/2561/3104 2378/2635/3284 2430/2627/3187 
f 2380/2569/3118 2431/2628/3188 2374/2562/3105 
f 2427/2715/3184 2297/2717/3276 2432/2718/3285 
f 2432/2629/3286 2375/2564/3190 2436/2636/3199 
f 2380/2569/3118 2375/2564/3190 2431/2628/3188 
f 2434/2633/3194 2377/2566/3112 28/2631/3192 
f 28/2631/3192 10/2719/3287 2434/2633/3194 
f 2500/2720/3288 2298/2482/3195 2433/2632/3289 
f 2433/2632/3289 2501/2721/3290 2500/2720/3288 
f 2445/2653/3291 2433/2632/3193 2434/2633/3194 
f 2434/2633/3194 2502/2722/3292 2445/2653/3291 
f 2298/2482/3195 2500/2720/3288 2435/2634/3196 
f 2378/2567/3197 2435/2634/3196 2503/2723/3293 
f 2497/2713/3280 2381/2570/3119 2379/2568/3117 
f 2497/2713/3280 2379/2568/3117 2426/2621/3183 
f 2375/2564/3190 2380/2569/3118 2436/2636/3199 
f 2499/2716/3282 2436/2637/3200 2381/2570/3119 
f 2303/2488/3015 2438/2639/3202 2437/2638/3201 
f 2504/2724/3294 2438/2639/3202 2382/2571/3120 
f 2430/2627/3203 2503/2725/3293 2382/2571/3120 
f 2440/2645/3295 2383/2644/3123 2441/2726/3207 
f 2439/2640/3204 2440/2645/3295 2500/2720/3288 
f 2500/2720/3288 2501/2721/3290 2439/2640/3204 
f 2437/2638/3201 2441/2646/3207 2307/2492/3021 
f 2439/2643/3204 2443/2648/3209 2384/2573/3124 
f 2445/2727/3212 2442/2647/3208 2310/2495/3032 
f 2442/2728/3296 2470/2682/3243 2333/2593/3149 
f 2443/2648/3209 2444/2649/3297 2311/2496/3125 
f 2433/2632/3211 2385/2652/3126 2444/2729/3210 
f 2315/2500/3035 2446/2655/3213 2448/2657/3216 
f 2314/2499/3033 2447/2656/3214 2446/2655/3213 
f 2447/2656/3214 2386/2575/3128 2505/2730/3298 
f 2386/2575/3215 2387/2576/3129 2506/2731/3299 
f 2388/2577/3130 2448/2657/3216 2507/2732/3300 
f 2390/2579/3217 2508/2733/3301 2389/2578/3131 
f 2509/2734/3302 2391/2580/3133 2389/2578/3131 
f 2390/2579/3132 2449/2658/3218 2510/2735/3303 
f 2506/2731/3299 2387/2576/3129 2391/2580/3133 
f 2318/2503/3039 2452/2661/3221 2450/2659/3219 
f 2317/2502/3038 2450/2659/3219 2451/2660/3220 
f 2449/2658/3222 2319/2504/3040 2451/2660/3220 
f 2392/2581/3134 2511/2736/3304 2452/2661/3221 
f 2512/2737/3305 2393/2582/3135 2453/2662/3223 
f 2322/2507/3044 2393/2582/3135 2455/2664/3225 
f 2453/2662/3223 2394/2583/3136 2513/2738/3306 
f 2454/2663/3224 2324/2509/3046 2456/2665/3226 
f 2454/2663/3224 2513/2738/3306 2394/2583/3136 
f 2392/2584/3137 2455/2664/3225 2511/2739/3307 
f 2514/2740/3308 2456/2665/3226 2395/2585/3138 
f 2326/2511/3048 2459/2668/3229 2457/2666/3227 
f 2457/2666/3227 2515/2741/3309 2458/2667/3228 
f 2514/2740/3308 2395/2585/3138 2458/2667/3228 
f 2327/2512/3050 2460/2669/3230 2459/2668/3229 
f 2464/2676/3310 2460/2669/3230 2256/2435/3139 
f 2396/2586/3311 2516/2742/3312 2463/2675/3313 
f 2463/2675/3313 2517/2743/3314 2464/2676/3310 
f 2518/2744/3315 2329/2514/3235 2397/2587/3141 
f 2469/2681/3242 2397/2587/3141 2398/2588/3142 
f 2519/2745/3316 2465/2677/3236 2403/2594/3150 
f 2403/2594/3150 2471/2683/3244 2519/2745/3316 
f 2465/2677/3236 2466/2678/3317 2402/2592/3237 
f 2402/2592/3237 2399/2589/3143 2465/2677/3236 
f 2401/2591/3238 2520/2746/3318 2400/2590/3144 
f 2467/2679/3240 2466/2678/3239 2519/2745/3319 
f 2519/2745/3319 2521/2747/3320 2467/2679/3240 
f 2401/2591/3238 2467/2679/3321 2520/2746/3318 
f 2468/2680/3241 2400/2590/3144 2520/2746/3318 
f 2469/2681/3242 2332/2517/3056 2468/2680/3241 
f 2470/2682/3243 2404/2595/3151 2336/2521/3060 
f 2472/2684/3245 2404/2595/3151 2470/2682/3243 
f 2519/2748/3316 2471/2749/3244 2472/2750/3245 
f 2388/2577/3130 2507/2732/3300 2405/2596/3152 
f 2475/2687/3248 2473/2685/3246 2405/2596/3152 
f 2341/2526/3065 2473/2685/3246 2475/2687/3248 
f 2406/2597/3153 2522/2751/3322 2474/2686/3247 
f 2523/2752/3323 2406/2597/3324 2475/2687/3325 
f 2475/2687/3325 2524/2753/3326 2523/2752/3323 
f 2477/2690/3251 2476/2689/3250 2343/2529/3068 
f 2476/2689/3250 2525/2754/3327 2407/2598/3154 
f 2477/2690/3251 2344/2530/3069 2478/2691/3252 
f 2478/2691/3252 2345/2531/3070 2474/2686/3247 
f 2348/2534/3073 2481/2694/3255 2479/2692/3253 
f 2346/2532/3071 2479/2692/3253 2480/2693/3254 
f 2525/2754/3328 2481/2694/3255 2407/2598/3155 
f 2483/2696/3257 2349/2535/3075 2482/2695/3256 
f 2484/2697/3258 2350/2536/3076 2483/2696/3257 
f 2484/2697/3258 2526/2755/3329 2408/2599/3157 
f 2479/2692/3253 2409/2600/3259 2480/2693/3254 
f 2409/2756/3330 2494/2708/3331 2421/2612/3332 
f 2421/2612/3332 2482/2757/3332 2409/2756/3330 
f 2408/2599/3157 2526/2755/3329 2414/2688/3249 
f 2527/2758/3333 2410/2601/3160 2413/2604/3163 
f 2528/2759/3334 2411/2602/3161 2410/2601/3160 
f 2412/2603/3162 2529/2760/3335 2413/2604/3163 
f 2485/2698/3336 2530/2761/3337 2531/2762/3338 
f 2531/2762/3338 2412/2603/3339 2485/2698/3336 
f 2526/2763/3340 2486/2699/3262 2414/2605/3164 
f 2417/2608/3167 2488/2701/3264 2415/2606/3165 
f 2532/2764/3341 2487/2700/3263 2488/2701/3264 
f 2488/2701/3264 2533/2765/3342 2532/2764/3341 
f 2530/2761/3343 2416/2607/3166 2487/2700/3263 
f 2530/2761/3343 2485/2698/3261 2416/2607/3166 
f 2534/2766/3344 2417/2608/3167 2486/2699/3262 
f 2366/2554/3097 2490/2703/3266 2361/2547/3087 
f 2491/2704/3267 2420/2611/3269 2535/2767/3345 
f 2535/2767/3345 2420/2611/3269 2492/2705/3346 
f 2362/2549/3172 2490/2703/3266 2492/2705/3271 
f 2421/2768/3273 2493/2769/3272 2536/2770/3347 
f 2532/2771/3341 2493/2706/3272 2491/2707/3267 
f 2491/2707/3267 2537/2772/3348 2532/2771/3341 
f 2494/2708/3274 2538/2773/3349 2539/2774/3350 
f 2539/2774/3350 2495/2709/3275 2494/2708/3274 
f 2422/2613/3174 2495/2709/3275 62/2775/3351 
f 62/2775/3351 131/2776/3352 2422/2613/3174 
f 2428/2625/3185 2292/2624/3000 2423/2711/3178 
f 2365/2553/3179 2496/2712/3277 2489/2702/3283 
f 2423/2618/3178 2498/2714/3281 2496/2712/3277 
f 2540/2777/3353 2425/2620/3279 2424/2619/3181 
f 2528/2759/3334 2424/2619/3181 2411/2602/3161 
f 2492/2705/3271 2490/2703/3266 2425/2620/3182 
f 2499/2716/3282 2497/2713/3280 2369/2557/3100 
f 2423/2618/3178 2292/2474/3000 2498/2714/3281 
f 2427/2715/3184 2432/2718/3285 2499/2716/3282 
f 2489/2702/3283 2496/2712/3277 2429/2626/3186 
f 2496/2712/3277 2498/2714/3281 2429/2626/3186 
f 2378/2635/3197 2503/2725/3293 2430/2627/3203 
f 2499/2716/3282 2432/2718/3285 2436/2637/3200 
f 2502/2722/3292 2434/2633/3194 10/2719/3287 
f 10/2719/3287 5/2778/3354 2502/2722/3292 
f 2501/2721/3290 2433/2632/3289 2444/2729/3297 
f 2462/2671/3232 2445/2653/3291 2502/2722/3292 
f 2502/2722/3292 2541/2779/3355 2462/2671/3232 
f 2500/2720/3288 2440/2645/3295 2435/2634/3196 
f 2503/2723/3293 2435/2634/3196 2440/2645/3295 
f 2440/2645/3295 2504/2780/3294 2503/2723/3293 
f 2497/2713/3280 2499/2716/3282 2381/2570/3119 
f 2438/2639/3202 2542/2781/3356 2437/2638/3201 
f 2503/2725/3293 2504/2724/3294 2382/2571/3120 
f 2438/2639/3202 2504/2724/3294 2542/2781/3356 
f 2440/2645/3295 2441/2726/3207 2542/2782/3356 
f 2501/2721/3290 2443/2783/3209 2439/2640/3204 
f 2437/2638/3201 2542/2781/3356 2441/2646/3207 
f 2445/2784/3357 2543/2785/3358 2442/2728/3296 
f 2442/2728/3296 2543/2785/3358 2470/2682/3243 
f 2501/2721/3290 2444/2729/3297 2443/2783/3209 
f 2446/2655/3213 2544/2786/3359 2448/2657/3216 
f 2446/2655/3213 2447/2656/3214 2545/2787/3360 
f 2447/2656/3214 2505/2730/3298 2546/2788/3361 
f 2386/2575/3215 2506/2731/3299 2505/2730/3362 
f 2448/2657/3216 2547/2789/3363 2507/2732/3300 
f 2390/2579/3217 2510/2735/3364 2508/2733/3301 
f 2509/2734/3302 2389/2578/3131 2508/2733/3301 
f 2506/2731/3299 2391/2580/3133 2509/2734/3302 
f 2548/2790/3365 2510/2735/3303 2449/2658/3218 
f 2452/2661/3221 2549/2791/3366 2450/2659/3219 
f 2450/2659/3219 2550/2792/3367 2451/2660/3220 
f 2551/2793/3368 2449/2658/3222 2451/2660/3220 
f 2552/2794/3369 2452/2661/3221 2511/2736/3304 
f 2512/2737/3305 2453/2662/3223 2553/2795/3370 
f 2512/2737/3305 2455/2664/3225 2393/2582/3135 
f 2553/2795/3370 2453/2662/3223 2513/2738/3306 
f 2514/2740/3308 2554/2796/3371 2454/2663/3224 
f 2454/2663/3224 2456/2665/3226 2514/2740/3308 
f 2454/2663/3224 2554/2796/3371 2513/2738/3306 
f 2555/2797/3372 2511/2739/3307 2455/2664/3225 
f 2556/2798/3373 2457/2666/3227 2459/2668/3229 
f 2459/2668/3229 2557/2799/3374 2556/2798/3373 
f 2457/2666/3227 2556/2798/3373 2515/2741/3309 
f 2558/2800/3375 2458/2667/3228 2515/2741/3309 
f 2558/2800/3375 2514/2740/3308 2458/2667/3228 
f 2557/2799/3374 2459/2668/3229 2460/2669/3230 
f 2464/2676/3310 2517/2743/3314 2460/2669/3230 
f 2329/2674/3052 2559/2801/3376 2461/2670/3231 
f 2396/2586/3311 2560/2802/3377 2516/2742/3312 
f 2463/2675/3313 2516/2742/3312 2517/2743/3314 
f 2469/2681/3242 2518/2744/3315 2397/2587/3141 
f 2518/2803/3315 2559/2801/3378 2329/2674/3235 
f 2519/2745/3316 2466/2678/3317 2465/2677/3236 
f 2467/2679/3321 2521/2747/3379 2520/2746/3318 
f 2561/2804/3380 2468/2680/3241 2520/2746/3318 
f 2562/2805/3381 2469/2681/3242 2468/2680/3241 
f 2543/2785/3358 2472/2684/3245 2470/2682/3243 
f 2563/2806/3382 2519/2748/3319 2472/2750/3383 
f 2475/2687/3248 2405/2596/3152 2507/2732/3300 
f 2406/2597/3153 2523/2752/3384 2522/2751/3322 
f 2478/2691/3252 2474/2686/3247 2522/2751/3322 
f 2524/2753/3385 2475/2687/3248 2507/2732/3300 
f 2564/2807/3386 2523/2752/3323 2524/2753/3326 
f 2565/2808/3387 2476/2689/3388 2477/2690/3389 
f 2566/2809/3390 2525/2754/3327 2476/2689/3250 
f 2477/2690/3251 2478/2691/3252 2567/2810/3391 
f 2481/2694/3255 2568/2811/3392 2479/2692/3253 
f 2569/2812/3393 2481/2694/3255 2525/2754/3328 
f 2484/2697/3258 2483/2696/3257 2482/2695/3256 
f 2484/2697/3258 2570/2813/3394 2526/2755/3329 
f 2479/2692/3253 2568/2811/3392 2409/2600/3259 
f 2494/2814/3395 2409/2600/3396 2569/2812/3397 
f 2421/2815/3398 2484/2697/3399 2482/2695/3400 
f 2527/2758/3333 2413/2604/3163 2529/2760/3335 
f 2528/2759/3334 2410/2601/3160 2527/2758/3333 
f 2412/2603/3162 2531/2762/3401 2529/2760/3335 
f 2530/2761/3337 2532/2764/3402 2537/2816/3403 
f 2537/2816/3403 2531/2762/3338 2530/2761/3337 
f 2526/2763/3340 2571/2817/3404 2486/2699/3262 
f 2417/2608/3167 2534/2766/3344 2488/2701/3264 
f 2534/2766/3344 2533/2765/3342 2488/2701/3264 
f 2532/2764/3341 2533/2765/3342 2572/2818/3405 
f 2530/2761/3343 2487/2700/3263 2532/2764/3341 
f 2571/2817/3404 2534/2766/3344 2486/2699/3262 
f 2491/2704/3406 2535/2767/3407 2537/2816/3403 
f 2535/2767/3345 2492/2705/3346 2540/2777/3353 
f 2421/2768/3273 2536/2770/3347 2570/2819/3408 
f 2493/2769/3409 2572/2818/3410 2536/2770/3411 
f 2493/2769/3409 2532/2764/3402 2572/2818/3410 
f 2573/2820/3412 2538/2773/3413 2494/2708/3414 
f 2494/2708/3414 2574/2821/3415 2573/2820/3412 
f 2538/2773/3349 2575/2822/3416 2576/2823/3417 
f 2576/2823/3417 2539/2774/3350 2538/2773/3349 
f 2495/2709/3275 2539/2774/3350 24/2824/3418 
f 24/2824/3418 62/2775/3351 2495/2709/3275 
f 2528/2759/3334 2540/2777/3353 2424/2619/3181 
f 2540/2777/3353 2492/2705/3346 2425/2620/3279 
f 2541/2779/3355 2502/2722/3292 5/2778/3354 
f 5/2778/3354 2/2825/3419 2541/2779/3355 
f 2563/2806/3420 2445/2653/3357 2462/2671/3421 
f 2462/2671/3421 2577/2826/3422 2563/2806/3420 
f 2396/2672/3140 2462/2671/3232 2541/2779/3355 
f 2541/2779/3355 2578/2827/3423 2396/2672/3140 
f 2504/2780/3294 2440/2645/3295 2542/2782/3356 
f 2445/2653/3357 2563/2806/3420 2543/2828/3358 
f 2446/2655/3213 2545/2787/3360 2544/2786/3359 
f 2448/2657/3216 2544/2786/3359 2547/2789/3363 
f 2447/2656/3214 2546/2788/3361 2545/2787/3360 
f 2579/2829/3424 2546/2788/3361 2505/2730/3298 
f 2580/2830/3425 2505/2730/3362 2506/2731/3299 
f 2524/2753/3385 2507/2732/3300 2547/2789/3363 
f 2510/2735/3364 2581/2831/3426 2508/2733/3301 
f 2582/2832/3427 2509/2734/3302 2508/2733/3301 
f 2580/2830/3425 2506/2731/3299 2509/2734/3302 
f 2551/2793/3428 2548/2790/3365 2449/2658/3218 
f 2510/2735/3364 2548/2790/3429 2581/2831/3426 
f 2452/2661/3221 2552/2794/3369 2549/2791/3366 
f 2450/2659/3219 2549/2791/3366 2550/2792/3367 
f 2551/2793/3368 2451/2660/3220 2550/2792/3367 
f 2583/2833/3430 2552/2794/3369 2511/2736/3304 
f 2553/2795/3370 2584/2834/3431 2558/2800/3375 
f 2558/2800/3375 2555/2797/3372 2512/2737/3305 
f 2553/2795/3370 2558/2800/3375 2512/2737/3305 
f 2512/2737/3305 2555/2797/3372 2455/2664/3225 
f 2553/2795/3370 2513/2738/3306 2584/2834/3431 
f 2558/2800/3375 2554/2796/3371 2514/2740/3308 
f 2554/2796/3371 2584/2834/3431 2513/2738/3306 
f 2555/2797/3372 2583/2835/3432 2511/2739/3307 
f 2515/2741/3309 2556/2798/3373 2557/2799/3374 
f 2558/2800/3375 2515/2741/3309 2516/2742/3312 
f 2517/2743/3314 2557/2799/3374 2460/2669/3230 
f 2585/2836/3433 2461/2670/3434 2559/2801/3378 
f 2577/2826/3422 2462/2671/3421 2461/2670/3434 
f 2586/2837/3435 2560/2838/3377 2396/2672/3311 
f 2396/2672/3311 2575/2822/3436 2586/2837/3435 
f 2560/2802/3377 2558/2800/3375 2516/2742/3312 
f 2557/2799/3374 2517/2743/3314 2516/2742/3312 
f 2562/2805/3381 2518/2744/3315 2469/2681/3242 
f 2585/2836/3433 2559/2801/3378 2518/2803/3315 
f 2519/2748/3316 2563/2806/3420 2577/2826/3422 
f 2577/2826/3422 2521/2839/3379 2519/2748/3316 
f 2561/2804/3380 2520/2746/3318 2521/2747/3379 
f 2562/2805/3381 2468/2680/3241 2561/2804/3380 
f 2563/2806/3382 2472/2750/3383 2543/2828/3437 
f 2523/2752/3384 2587/2840/3438 2522/2751/3322 
f 2567/2810/3391 2478/2691/3252 2522/2751/3322 
f 2564/2807/3439 2524/2753/3385 2547/2789/3363 
f 2564/2807/3386 2588/2841/3440 2523/2752/3323 
f 2565/2808/3387 2477/2690/3389 2587/2840/3441 
f 2565/2808/3387 2566/2809/3442 2476/2689/3388 
f 2566/2809/3390 2589/2842/3443 2525/2754/3327 
f 2477/2690/3251 2567/2810/3391 2587/2840/3438 
f 2481/2694/3255 2569/2812/3393 2568/2811/3392 
f 2589/2842/3444 2569/2812/3393 2525/2754/3328 
f 2421/2815/3398 2570/2813/3445 2484/2697/3399 
f 2570/2819/3408 2571/2817/3404 2526/2763/3340 
f 2409/2600/3259 2568/2811/3392 2569/2812/3393 
f 2494/2814/3395 2569/2812/3397 2589/2842/3446 
f 2590/2843/3447 2527/2758/3333 2529/2760/3335 
f 2591/2844/3448 2528/2759/3334 2527/2758/3333 
f 2531/2762/3401 2537/2816/3348 2529/2760/3335 
f 2534/2766/3344 2572/2818/3405 2533/2765/3342 
f 2572/2818/3405 2534/2766/3344 2571/2817/3404 
f 2535/2767/3407 2591/2844/3449 2537/2816/3403 
f 2591/2844/3448 2535/2767/3345 2540/2777/3353 
f 2570/2819/3408 2536/2770/3347 2571/2817/3404 
f 2536/2770/3347 2572/2818/3405 2571/2817/3404 
f 2538/2845/3413 2573/2846/3412 2592/2847/3450 
f 2574/2848/3415 2494/2814/3414 2589/2842/3443 
f 2593/2849/3451 2573/2820/3412 2574/2821/3415 
f 2574/2821/3415 2565/2850/3452 2593/2849/3451 
f 2594/2851/3453 2595/2852/3454 2575/2822/3455 
f 2575/2822/3455 2538/2773/3456 2594/2851/3453 
f 2575/2822/3416 2396/2672/3140 2578/2827/3423 
f 2578/2827/3423 2576/2823/3417 2575/2822/3416 
f 2539/2774/3350 2576/2823/3417 9/2853/3457 
f 9/2853/3457 24/2824/3418 2539/2774/3350 
f 2591/2844/3448 2540/2777/3353 2528/2759/3334 
f 2578/2827/3423 2541/2779/3355 2/2825/3419 
f 2/2825/3419 1/2854/3458 2578/2827/3423 
f 2545/2787/3360 2596/2855/3459 2544/2786/3359 
f 2544/2786/3359 2597/2856/3460 2547/2789/3363 
f 2598/2857/3461 2545/2787/3360 2546/2788/3361 
f 2580/2830/3425 2579/2829/3462 2505/2730/3362 
f 2579/2829/3424 2599/2858/3463 2546/2788/3361 
f 2582/2832/3427 2508/2733/3301 2581/2831/3426 
f 2580/2830/3425 2509/2734/3302 2582/2832/3427 
f 2594/2859/3464 2548/2790/3365 2551/2793/3428 
f 2548/2790/3429 2594/2859/3465 2581/2831/3426 
f 2552/2794/3369 2600/2860/3466 2549/2791/3366 
f 2549/2791/3366 2595/2861/3467 2550/2792/3367 
f 2551/2793/3368 2550/2792/3367 2595/2861/3467 
f 2601/2862/3468 2552/2794/3369 2583/2833/3430 
f 2602/2863/3469 2555/2797/3372 2558/2800/3375 
f 2554/2796/3371 2558/2800/3375 2584/2834/3431 
f 2602/2863/3469 2583/2835/3432 2555/2797/3372 
f 2515/2741/3309 2557/2799/3374 2516/2742/3312 
f 2577/2826/3422 2461/2670/3434 2585/2836/3433 
f 2586/2864/3435 2575/2865/3436 2603/2866/3470 
f 2560/2838/3377 2586/2837/3435 2558/2867/3375 
f 2562/2868/3381 2585/2836/3433 2518/2803/3315 
f 2577/2826/3471 2585/2836/3472 2521/2839/3320 
f 2562/2868/3381 2561/2869/3380 2521/2839/3379 
f 2523/2752/3384 2588/2841/3473 2587/2840/3438 
f 2567/2810/3391 2522/2751/3322 2587/2840/3438 
f 2564/2807/3439 2547/2789/3363 2597/2856/3460 
f 2565/2808/3387 2588/2841/3440 2564/2807/3386 
f 2565/2808/3387 2587/2840/3441 2588/2841/3440 
f 2574/2848/3415 2566/2809/3390 2565/2808/3452 
f 2574/2848/3415 2589/2842/3443 2566/2809/3390 
f 2590/2843/3447 2529/2760/3335 2537/2816/3348 
f 2591/2844/3448 2527/2758/3333 2590/2843/3447 
f 2591/2844/3448 2590/2843/3447 2537/2816/3348 
f 2538/2845/3413 2592/2847/3450 2604/2870/3474 
f 2573/2846/3412 2593/2871/3451 2592/2847/3450 
f 2593/2871/3475 2565/2808/3387 2597/2856/3476 
f 2594/2859/3477 2538/2845/3478 2604/2870/3479 
f 2576/2823/3417 2578/2827/3423 1/2854/3458 
f 1/2854/3458 9/2853/3457 2576/2823/3417 
f 2545/2787/3360 2598/2857/3461 2596/2855/3459 
f 2544/2786/3359 2596/2855/3459 2597/2856/3460 
f 2599/2858/3463 2598/2857/3461 2546/2788/3361 
f 2605/2872/3480 2579/2829/3462 2580/2830/3425 
f 2604/2870/3474 2599/2858/3463 2579/2829/3424 
f 2606/2873/3481 2582/2832/3427 2581/2831/3426 
f 2605/2872/3480 2580/2830/3425 2582/2832/3427 
f 2595/2861/3482 2594/2859/3464 2551/2793/3428 
f 2606/2873/3481 2581/2831/3426 2594/2859/3465 
f 2552/2794/3369 2601/2862/3468 2600/2860/3466 
f 2549/2791/3366 2600/2860/3466 2595/2861/3467 
f 2603/2874/3483 2601/2862/3468 2583/2833/3430 
f 2586/2864/3435 2602/2863/3469 2558/2800/3375 
f 2602/2863/3469 2603/2866/3470 2583/2835/3432 
f 2586/2864/3435 2603/2866/3470 2602/2863/3469 
f 2575/2875/3484 2601/2862/3485 2603/2874/3486 
f 2585/2836/3472 2562/2868/3487 2521/2839/3320 
f 2565/2808/3387 2564/2807/3386 2597/2856/3476 
f 2604/2870/3474 2592/2847/3450 2599/2858/3463 
f 2592/2847/3488 2593/2871/3475 2597/2856/3476 
f 2575/2875/3484 2595/2861/3489 2601/2862/3485 
f 2594/2859/3477 2604/2870/3479 2605/2872/3490 
f 2597/2856/3460 2596/2855/3459 2598/2857/3461 
f 2592/2847/3488 2598/2857/3491 2599/2858/3492 
f 2605/2872/3480 2604/2870/3493 2579/2829/3462 
f 2605/2872/3480 2582/2832/3427 2606/2873/3481 
f 2605/2872/3480 2606/2873/3481 2594/2859/3465 
f 2595/2861/3467 2600/2860/3466 2601/2862/3468 
f 2592/2847/3488 2597/2856/3476 2598/2857/3491 
f 131/2776/163 247/2614/319 2363/2550/3092 
f 2363/2550/3092 2422/2613/3174 131/2776/163 
# 5208 faces

