# 3ds Max Wavefront OBJ Exporter v0.99 - (c)2007 guruware
# File Created: 22.03.2025 22:37:07

mtllib lava geyser with mini.mtl

#
# object double_spout
#

v  -7.27153111 11.80310535 21.04031754
v  -7.15229797 11.80310535 21.48530197
v  -5.70744991 12.29191208 21.48530197
v  -6.02025604 12.29191208 20.31789398
v  -7.27153111 11.80310535 21.93028259
v  -6.02025652 12.29191208 22.65270996
v  -7.59728050 11.80310535 20.71456909
v  -6.87485647 12.29191208 19.46329308
v  -7.59728098 11.80310535 22.25603294
v  -6.87485743 12.29191208 23.50730896
v  -8.04226303 11.80310535 20.59533691
v  -8.04226303 12.29191208 19.15048790
v  -8.04226303 11.80310535 22.37526512
v  -8.04226398 12.29191208 23.82011414
v  -8.48724556 11.80310535 20.71456909
v  -9.20966911 12.29191208 19.46329498
v  -8.48724556 11.80310535 22.25603294
v  -9.20966911 12.29191208 23.50730705
v  -8.81299496 11.80310535 21.04031754
v  -10.06427002 12.29191208 20.31789398
v  -8.81299496 11.80310535 21.93028259
v  -10.06427002 12.29191208 22.65270615
v  -8.93222809 11.80310535 21.48530197
v  -10.37707520 12.29191208 21.48530197
v  -3.29308271 11.33425045 21.79998207
v  -2.82434177 11.04168510 21.66493988
v  -1.51487589 9.96011448 20.12760162
v  -5.46819687 11.36754322 17.53431129
v  -3.81220245 9.97847271 15.83777142
v  -3.98484802 9.94945812 15.68693256
v  -2.41685963 9.97847271 17.23311234
v  -3.96674585 11.28244877 18.82242393
v  -3.58463907 11.03036118 18.72363853
v  -2.43461657 8.80973911 15.90063095
v  -5.32166195 11.06384659 17.06545639
v  -5.89449787 9.63288498 14.81519985
v  -1.79756784 10.17650414 24.11533737
v  -3.65242720 11.26557064 23.74768448
v  -3.39105844 11.01836967 24.00652695
v  -1.69480848 9.96011448 19.45608521
v  -2.21746874 10.18834591 19.10158730
v  -1.50539398 9.81718254 19.67655945
v  -1.19952822 10.12071228 21.99536514
v  -1.80617332 10.19563675 20.69047928
v  -3.59581232 9.53864384 15.58682156
v  -2.26900339 9.95173264 17.40809631
v  -2.18871641 8.86051655 16.18640327
v  -2.66040802 8.85523415 15.70842457
v  -8.00715637 11.17980576 16.49728584
v  -6.65261173 9.57432270 14.58678436
v  -6.83926392 9.35496426 14.55791283
v  -6.14889288 9.55232906 14.62899876
v  -5.62131310 9.95510864 15.36054993
v  -5.71863747 9.76714516 15.05905056
v  -8.92811584 10.50769329 15.33288097
v  -8.02176285 10.95880318 16.14407349
v  -12.65342617 11.19306755 19.17258835
v  -10.02529526 11.22797585 16.75959969
v  -12.57978249 10.39100647 17.64892960
v  -5.95542717 11.33114529 25.87911034
v  -5.58923531 11.03480053 26.17177200
v  -3.98837662 10.48141766 25.93026733
v  -1.25485277 10.15651512 22.21654510
v  -1.85019588 10.13259697 24.34163284
v  -3.19901800 10.43569851 24.88706398
v  -1.92407274 10.01513577 19.22470856
v  -1.46166086 9.81763744 19.84314346
v  -1.68671417 9.89141560 19.41636658
v  -1.20562887 10.03311062 21.84851456
v  -2.54095459 10.77622700 21.56607437
v  -1.60615206 10.01923752 20.44153214
v  -4.12015438 9.86241341 15.61704636
v  -3.26174021 9.21968651 15.54111099
v  -2.15653372 9.62120724 17.12617493
v  -3.32769156 10.76941204 18.67487526
v  -2.07881498 9.01268864 16.47783089
v  -2.16784286 8.50402832 15.91664410
v  -2.63126087 8.57009315 15.51494312
v  -2.94993877 8.99188232 15.58164597
v  -6.28663778 9.35496426 14.49208546
v  -5.99276924 9.37862778 14.60385418
v  -5.24289274 10.78609657 16.76906395
v  -5.61307764 9.56794167 14.96979809
v  -5.76824856 9.44962025 14.76309109
v  -10.83418846 10.50769329 15.84361172
v  -11.05037308 10.47725391 15.91271591
v  -9.82457638 9.46333790 14.12816143
v  -10.87110901 9.46333790 14.40857887
v  -8.69847202 10.47731018 15.28614616
v  -12.77988052 10.57081985 18.28227806
v  -11.95909500 10.46421242 17.17388535
v  -12.24843407 10.40930748 17.35399246
v  -12.51501083 10.39100647 17.58415794
v  -11.31213093 10.68382931 16.96385193
v  -11.64699364 10.55572033 17.04383850
v  -9.92900658 9.88728523 27.86659622
v  -9.49433136 9.88849354 27.98131943
v  -8.68025303 10.29349232 27.61038971
v  -7.94710636 11.04358196 26.71585083
v  -10.83232117 11.10082340 25.85914803
v  -10.49648762 10.27417564 27.15170860
v  -7.07318926 9.99920845 28.37477875
v  -7.30005789 9.97282887 28.41488266
v  -3.55867910 10.47562408 25.50705147
v  -4.95172882 9.97393799 27.78554916
v  -4.60989857 10.42171860 26.32260323
v  -1.09041405 10.03351307 22.07629013
v  -0.68585205 9.69658756 22.65565491
v  -0.66405725 9.65440083 22.60764313
v  -1.00517225 9.69658756 23.84737015
v  -3.23487902 10.76399899 24.18394470
v  -2.09652519 9.97960281 19.02429771
v  -1.49131489 9.89323711 20.15908623
v  -1.39552164 9.62234116 19.73764229
v  -1.63482952 9.71165657 19.30711174
v  -1.65191174 9.98701763 20.69768906
v  -1.48318768 9.82747173 20.48106956
v  -3.34671593 9.06134224 15.38925838
v  -2.06808758 9.26625156 16.79108810
v  -2.20806360 9.87150860 17.55041885
v  -1.98316717 8.56937599 16.16297340
v  -2.38340902 8.50765133 15.70358849
v  -2.87442970 8.68318939 15.39967251
v  -8.03288364 10.73786354 15.93655205
v  -6.26298523 9.18219757 14.54417515
v  -5.52725554 9.73358917 15.22397614
v  -10.46963692 10.96222591 16.59762573
v  -11.26672745 9.83846378 14.94436455
v  -10.93072987 9.40821648 14.41058350
v  -12.82936478 10.97289848 18.93089485
v  -12.72730637 10.39761353 17.97160912
v  -11.71705437 10.34484196 16.89186859
v  -11.99338722 10.25044060 17.02245331
v  -12.25539207 10.19379902 17.19701004
v  -12.50306511 10.17491913 17.41553497
v  -7.99780273 10.77591991 26.97216606
v  -10.87565613 10.80277061 26.18819809
v  -10.37754822 10.09362698 27.44623375
v  -10.18838787 9.96466446 27.68452835
v  -9.68131542 9.68881702 28.02935600
v  -8.91145325 10.10449219 27.82333755
v  -9.18281269 9.96949291 27.94697762
v  -5.16651583 9.99725056 27.86654091
v  -5.30498838 9.11894417 28.83421707
v  -6.50951576 9.11894417 29.15696716
v  -3.17091799 10.25096416 25.19902039
v  -3.99085045 10.11551666 26.26801300
v  -3.70616674 10.03896618 26.12444496
v  -3.36361456 10.03984165 25.78035164
v  -3.22578287 10.11901283 25.49678040
v  -4.83132553 9.90617466 27.68001556
v  -5.35759640 10.77341747 26.32958221
v  -4.29209423 10.24310112 26.33406639
v  -0.65017080 9.52814293 23.26335907
v  -1.58099222 9.96907806 24.25709724
v  -0.79617405 9.55578041 23.65326500
v  -0.66950560 9.52816105 23.33552551
v  -0.57293463 9.33261967 23.48316193
v  -0.47999907 9.33232594 23.13624001
v  -1.93203259 10.04066944 24.48456192
v  -3.07883263 10.21876049 24.95341873
v  -1.84187460 9.82330132 19.13451576
v  -1.36581659 9.64513206 19.95189476
v  -1.47538900 9.64466953 19.54208755
v  -1.27315474 9.89371014 21.77599335
v  -0.77404881 9.69741058 22.15036583
v  -2.44789076 10.54444313 21.50549507
v  -1.38782263 9.71350956 20.23247147
v  -4.21812057 9.71733856 15.62811279
v  -3.11291504 8.84693813 15.35777760
v  -1.85203648 8.85464191 16.62959671
v  -1.90558100 9.07456017 16.84989166
v  -3.22006655 10.53259182 18.67908859
v  -1.87789822 8.68624687 16.40062332
v  -2.11221504 8.34527779 15.89188385
v  -2.59764290 8.36935234 15.44349480
v  -2.83648777 8.45776081 15.32250977
v  -6.90745354 9.18219757 14.61588287
v  -5.96890354 9.20639706 14.65553188
v  -5.23377466 10.54540634 16.65396118
v  -5.58751249 9.39999676 15.01818657
v  -5.74374628 9.27899742 14.81353569
v  -11.09705162 10.38594055 15.99603271
v  -9.27883816 9.86315823 14.44005013
v  -10.67232513 9.30050755 14.23045921
v  -8.53222179 10.38616467 15.28599453
v  -14.33807850 10.15426922 18.83840752
v  -12.91504288 10.74305630 18.76963425
v  -12.61830902 10.27389336 17.67825890
v  -12.85221672 10.35947609 18.22342873
v  -11.42639542 10.47700405 16.80525208
v  -14.84332275 10.15781784 20.74522781
v  -14.89461708 10.12438965 20.96723747
v  -13.22417068 11.06308556 21.31604767
v  -12.19945621 9.67827988 27.31296730
v  -12.01922035 9.65626144 27.45813751
v  -8.66395855 10.07038498 27.77255630
v  -10.57789612 10.06151295 27.28019142
v  -11.86114216 9.59020615 27.51101494
v  -10.47132969 9.89845943 27.53140259
v  -10.30134106 9.78199100 27.73598862
v  -10.06793118 9.71211052 27.89395523
v  -9.77109909 9.68881702 28.00529861
v  -9.37132263 9.71266460 28.07933044
v  -9.09843254 9.78420830 28.05318832
v  -8.86264420 9.90344810 27.95093155
v  -6.99838209 9.49411774 28.84117126
v  -7.45985508 9.89782619 28.39003754
v  -3.74271917 9.85458755 26.23645592
v  -3.44880199 9.83073711 25.98204041
v  -3.24529600 9.85498810 25.73736954
v  -3.49737787 9.83073711 26.03061676
v  -3.55085135 9.65065002 26.01262665
v  -3.46470070 9.65065002 25.92647743
v  -3.11579895 9.92774296 25.48437500
v  -5.02162647 9.49200344 28.31456375
v  -4.53670788 10.21234131 26.43793869
v  -4.26238346 10.04538918 26.44011688
v  -0.82567692 9.81235027 22.32641983
v  -0.60555553 9.55966568 22.91995621
v  -1.25191736 9.77623844 24.11404991
v  -0.99031115 9.63847256 23.91277313
v  -0.43236685 9.35493469 22.82821083
v  -3.19584846 10.53224468 24.26415634
v  -2.13970852 9.81507683 19.00126076
v  -1.52508402 9.47265244 19.52462578
v  -1.39951372 9.47328568 19.99403381
v  -1.68322229 9.54113674 19.28853607
v  -1.88809633 9.65527821 19.11408043
v  -1.51254129 9.66098499 20.52266312
v  -1.67746592 9.82522106 20.73880577
v  -1.41989136 9.54367352 20.27440453
v  -3.30846167 8.80898380 15.32066154
v  -2.23404074 9.73780346 17.66007805
v  -1.91360998 8.37468910 16.13062477
v  -2.10218763 8.22654247 15.85297585
v  -2.35689211 8.33907700 15.64451981
v  -3.07342720 8.60430527 15.28156567
v  -8.03991795 10.53116798 15.88336563
v  -6.31250381 9.03943348 14.65058517
v  -5.50020218 9.56939602 15.26948452
v  -10.73141861 10.74328232 16.53907204
v  -11.12886429 9.58753490 14.64855099
v  -11.30917931 9.49267387 14.72692490
v  -9.50901985 9.60100365 14.23060799
v  -10.08663750 9.30166531 14.07543564
v  -11.02763939 9.16259003 14.31168842
v  -14.26824379 10.12170601 18.61936188
v  -12.79426193 10.18918705 17.95087814
v  -11.71661472 10.16360569 16.82918358
v  -11.98380756 10.05618191 16.96756554
v  -12.24032784 9.99172783 17.14679909
v  -12.52187634 9.99457073 17.43324089
v  -12.68414879 10.06755161 17.68748283
v  -14.88470650 10.03970146 21.11528015
v  -14.46177101 10.00588894 22.61933136
v  -14.13077545 10.31843662 22.10383224
v  -14.34036636 10.13611794 22.34292412
v  -12.17571068 9.48014927 27.48002243
v  -13.59479618 9.67827988 25.91762543
v  -12.97537231 10.75702858 24.33636284
v  -13.73996544 9.65626144 25.73738861
v  -8.03114891 10.53586102 27.06614494
v  -10.86103725 10.55262852 26.31638908
v  -11.72522163 9.48011398 27.47159958
v  -9.78963852 9.51475334 27.95350647
v  -9.63435650 9.51475334 27.99511337
v  -5.10404682 9.24673653 28.59632492
v  -6.23559284 8.96642590 29.19594193
v  -5.87881660 8.93129349 29.13767624
v  -5.85252571 8.93129730 29.13063812
v  -5.51949692 8.96638393 29.00436211
v  -6.79537535 9.24783707 29.04769135
v  -3.06031132 10.04899979 25.22305679
v  -3.99772072 9.92613792 26.37295723
v  -3.26031113 9.67581940 25.68230438
v  -4.80530548 9.79396439 27.54994202
v  -4.92732096 9.20404339 28.44849014
v  -5.26006413 10.54633427 26.35279083
v  -0.57939148 9.53747749 22.33527374
v  -0.46549797 9.42331791 22.56122208
v  -1.31539536 9.67191315 24.30510521
v  -1.05657911 9.52368259 24.19191742
v  -0.68534899 9.35403538 23.78094482
v  -0.35348845 9.13127232 22.80672836
v  -0.49097395 8.93178463 23.49890327
v  -0.40028334 9.10918045 23.11381149
v  -0.50995731 9.10993481 23.52333450
v  -2.04307699 9.90072155 24.54412651
v  -3.08059835 10.05336380 24.90583801
v  -0.70745087 9.46991634 22.14313889
v  -1.40210438 9.70251179 21.77780151
v  -4.27874851 9.51423168 15.72013283
v  -1.77532339 8.61244106 16.59177589
v  -1.80131340 8.46374321 16.36392212
v  -1.83563948 8.82078171 16.81418610
v  -3.28592682 10.35289192 18.73922920
v  -2.31675720 8.19854355 15.62983418
v  -2.54707623 8.17677116 15.42659378
v  -2.77988911 8.22159386 15.30902481
v  -3.01519632 8.33301258 15.27712727
v  -6.95250034 9.00717735 14.79531860
v  -6.02286291 9.05041218 14.77414894
v  -11.11511707 10.23374748 16.12868309
v  -11.19971943 9.30028725 14.49932194
v  -9.29375458 9.50637341 14.21079350
v  -9.77828598 9.41384029 14.10907078
v  -9.47372246 9.30624866 14.05091476
v  -10.49562073 9.05127144 14.05633354
v  -10.26847458 9.05060387 13.99571133
v  -10.79294014 9.07958508 14.16402626
v  -8.42936707 10.23425293 15.33242512
v  -15.11304188 9.48764706 18.66045570
v  -15.51695633 9.38493252 19.18858337
v  -14.18053436 10.03606319 18.48885536
v  -12.90620613 10.52817726 18.70150948
v  -12.83638382 10.18868542 18.26045227
v  -11.43874931 10.31399822 16.73165131
v  -15.58609772 9.41059685 19.54134178
v  -15.79465866 9.24278736 20.00194931
v  -15.60706806 9.43593693 20.24925613
v  -13.52537441 10.78580093 21.40890694
v  -14.25351143 9.99093628 23.51968765
v  -13.00448895 10.65490437 24.35149765
v  -14.42071342 9.92401314 23.24103737
v  -14.46820450 9.94070244 22.29811668
v  -14.56765175 9.82334328 22.53910255
v  -13.73657799 9.42064476 25.97942352
v  -12.98368454 8.90532589 27.25426102
v  -8.61514664 9.90557766 27.74823189
v  -10.49184513 9.73065853 27.48450851
v  -10.59994793 9.89858437 27.23711014
v  -12.22626686 9.17276096 27.56870270
v  -10.32075882 9.61071014 27.68637466
v  -10.08669090 9.53874302 27.84270668
v  -9.05101013 9.61246014 28.02142715
v  -9.31146622 9.38279438 27.91577148
v  -9.32424831 9.53917885 28.04570770
v  -8.81464291 9.73459244 27.92226791
v  -5.27000332 9.07153130 28.82625771
v  -6.54111195 9.07194042 29.16594696
v  -5.64697933 8.74677277 29.12426186
v  -5.35555458 8.77548504 29.01614380
v  -7.02848339 9.20647526 29.00642014
v  -6.86175871 9.00511932 29.17498016
v  -7.55258274 9.77419949 28.30024719
v  -3.79550314 9.67559528 26.21915054
v  -3.12816429 9.75132847 25.43080711
v  -3.61629438 9.50704861 25.91381454
v  -3.92749310 9.40629196 26.00043488
v  -3.56321192 9.50660324 25.86012077
v  -3.36978626 9.51720810 25.60694885
v  -3.06826019 9.87717724 25.17198563
v  -4.30965900 9.87515736 26.42827797
v  -4.57916117 10.04977226 26.43088150
v  -4.04843903 9.75043201 26.35770035
v  -0.84656334 9.41772366 24.01719666
v  -0.38908434 9.19875908 22.54258919
v  -0.62275076 9.13129425 23.82041359
v  -0.39336443 8.90721035 23.13283920
v  -0.34816170 8.90733814 22.82796669
v  -3.28592825 10.35289192 24.23137474
v  -2.26291656 9.65459919 19.05615044
v  -2.55011892 10.35289192 21.48530197
v  -1.65242672 9.49527836 20.53618050
v  -1.55740070 9.38015938 20.28707886
v  -1.81431866 9.66303158 20.75247192
v  -3.48227644 9.55336189 21.48530197
v  -1.52924061 9.31767654 20.00516510
v  -5.29619122 10.35289192 16.72896576
v  -3.25299597 8.51102543 15.33090115
v  -2.34693432 9.55061626 17.73707390
v  -1.90291405 8.19170952 16.07892799
v  -2.09910679 8.13839340 15.81481647
v  -8.04226208 10.35289192 15.99315834
v  -6.40875053 8.87656307 14.80474091
v  -5.79997444 9.11560154 14.93925285
v  -5.76226950 9.55336189 17.53623772
v  -5.55445480 9.40861511 15.39408207
v  -5.76455259 9.01402569 15.34261703
v  -5.64383841 9.23500252 15.14589691
v  -5.91324329 8.92298603 15.12337589
v  -10.83089828 10.54791641 16.58312225
v  -11.32748413 9.26900291 14.71439457
v  -9.69616508 9.16357899 13.96177483
v  -9.96108246 9.07836342 13.94337368
v  -11.22008801 9.07579327 14.48680210
v  -15.25361252 9.23145103 18.54184723
v  -15.41349411 9.27187443 18.72282600
v  -12.76927567 10.00856304 17.99638176
v  -11.67817688 9.98692322 16.86400986
v  -11.93827534 9.87028694 17.00634956
v  -12.19053841 9.80030537 17.18795776
v  -12.65262413 9.87990475 17.73904228
v  -15.90055847 9.10482407 19.72045517
v  -15.90889740 9.03973675 20.04235649
v  -15.74593353 9.20778465 20.25683212
v  -14.81359196 9.90375328 21.18935013
v  -15.92476559 9.02204514 19.40476990
v  -13.85714531 10.08309364 23.95664597
v  -14.49498940 9.92775154 22.93305206
v  -14.29376411 10.10500717 22.09215355
v  -14.59210777 9.75292778 22.81511116
v  -13.43879700 8.90160561 26.80291939
v  -13.79284286 9.59020615 25.57931137
v  -12.44709778 9.21189880 27.48033524
v  -12.71642303 9.02029037 27.40508270
v  -8.04226494 10.35289192 26.97744370
v  -11.61145973 9.32598686 27.33989334
v  -12.15804100 8.98154926 27.54375648
v  -9.73879623 9.37228012 27.84782028
v  -9.62389088 9.37148857 27.87781143
v  -4.99572563 9.00412083 28.67825890
v  -4.90582132 9.02384472 28.39054871
v  -6.38956451 8.77515125 29.29232788
v  -5.67440891 8.42480850 28.96357346
v  -5.62287235 8.56532955 29.06544685
v  -6.14518309 8.56472683 29.20470428
v  -5.13847017 8.86126804 28.86747742
v  -6.64878559 8.86134529 29.27028275
v  -3.87038183 9.51661873 26.10847855
v  -3.47716904 9.40748024 25.55014801
v  -4.87366772 9.63730621 27.39532471
v  -0.50707197 9.31163883 22.32139206
v  -0.99715471 9.29853439 24.22571945
v  -1.25876570 9.44441414 24.33394814
v  -0.78515005 9.19416046 24.05454254
v  -0.38710308 8.95835209 22.56804085
v  -0.60600233 8.91400146 23.79085922
v  -0.60726929 8.57310486 23.70297241
v  -2.18333006 9.71275616 24.52032471
v  -3.20238590 9.87677002 24.81921387
v  -2.01468325 9.49055767 19.17168808
v  -1.64248466 9.31735992 19.58036423
v  -1.80355453 9.37834072 19.34405708
v  -1.80787277 9.37814426 19.34642601
v  -2.01462126 9.48819637 19.16689301
v  -0.71742392 9.21303558 22.18303680
v  -2.18058252 9.08119297 21.98876762
v  -1.64863825 9.49423790 20.54056358
v  -1.55168343 9.38111687 20.28708839
v  -1.79619312 9.67197514 20.76123238
v  -4.38759661 8.91173172 16.06599426
v  -1.78735924 8.31165600 16.53149414
v  -1.79797125 8.22008038 16.30510139
v  -1.87107801 8.46643448 16.75811005
v  -2.70182610 8.91906357 17.78497696
v  -2.25334120 9.66127872 19.04104424
v  -2.28371477 8.11332893 15.62512875
v  -2.51023436 8.02930832 15.44212151
v  -2.74327660 7.95397091 15.37579155
v  -2.96145248 7.97864246 15.36898041
v  -3.22101021 8.09837723 15.47858047
v  -8.04226208 9.55336189 16.92531586
v  -6.12797594 8.87716484 14.94408417
v  -6.95351982 8.83254719 14.99007893
v  -5.68190384 9.15028381 15.60180855
v  -11.10078239 10.02068043 16.19040871
v  -9.42194843 9.07496357 14.02168560
v  -9.24317741 9.27455330 14.18304920
v  -9.64356327 8.93299294 13.93137741
v  -10.47746849 8.66505909 14.06318951
v  -10.51848125 8.82382011 14.04446983
v  -10.21532345 8.82190609 13.96393013
v  -10.81558609 8.85319996 14.15184021
v  -10.98764420 8.68991375 14.34802246
v  -11.04945564 8.93719006 14.29928398
v  -8.38990784 10.02157974 15.42543983
v  -15.50254440 9.05304909 18.59466553
v  -14.08465195 9.88840389 18.52081680
v  -15.65773773 9.11775208 18.87796974
v  -12.79859734 10.35289192 18.73922920
v  -12.61788273 9.81870747 18.07613945
v  -11.41024399 10.15021324 16.76093674
v  -12.48642826 9.80271053 17.48843384
v  -12.15260887 9.68119144 17.30735779
v  -13.63116455 10.54604721 21.46620178
v  -15.84577179 9.02527714 19.12588882
v  -14.09885406 9.92837620 23.80874252
v  -12.94596291 10.52336884 24.31676674
v  -14.45055008 9.75155830 23.35810089
v  -14.24690247 9.64742851 23.61654854
v  -14.29665565 9.81786537 23.60922813
v  -14.43993568 9.77428913 22.25336456
v  -14.53594971 9.65282249 22.49399948
v  -14.55834484 9.57994175 22.76979637
v  -13.70083714 9.17842770 26.26049805
v  -13.60157776 9.00541496 26.53499603
v  -13.79725552 9.14376545 26.02708054
v  -13.32098198 8.66347122 26.98982620
v  -12.68061447 8.79079342 27.50123215
v  -12.45121765 8.94994640 27.56943130
v  -8.59874249 9.74551868 27.61489105
v  -10.78833580 10.35289192 26.24163437
v  -10.47058582 9.59359741 26.97119141
v  -10.54080677 9.73117447 27.10759354
v  -10.03104210 9.38234425 27.72422600
v  -9.67707920 9.26992607 27.75846481
v  -9.31829929 9.14112854 27.63847733
v  -9.63265514 9.27082443 27.77149582
v  -9.31583500 9.25581741 27.77435303
v  -9.03641510 9.30811310 27.72487259
v  -9.03646660 9.44890118 27.88460350
v  -4.97304153 8.82352924 28.62009811
v  -6.16514063 8.41069794 29.08079529
v  -6.45060110 8.59319019 29.25568390
v  -5.38940859 8.43677998 28.84032440
v  -5.33156776 8.59427166 28.95754814
v  -6.92203188 8.82317448 29.13779068
v  -7.08804369 9.02469444 28.96891403
v  -7.57823944 9.60194969 28.14550781
v  -3.37100506 9.45412159 25.27707100
v  -3.24517345 9.58243752 25.34907532
v  -4.13078690 9.57919025 26.23719788
v  -5.29619312 10.35289192 26.24163818
v  -4.39750767 9.69476128 26.29997635
v  -4.75368738 9.72287273 26.16384315
v  -4.67054558 9.86333370 26.29681206
v  -0.51019096 9.06025124 22.35306549
v  -0.39198589 8.57212639 22.89020729
v  -0.46481752 8.55667686 22.65815735
v  -2.67617989 9.03811932 24.31190681
v  -3.33346176 9.73708725 24.73605156
v  -1.63874435 9.21899509 19.99791908
v  -1.73437452 9.21843910 19.64155579
v  -1.91909838 9.25041962 19.42114639
v  -0.91905785 8.58134937 22.38928032
v  -1.99695253 9.43297100 20.73363113
v  -2.23158979 8.97199059 22.02948189
v  -4.09319878 9.55336189 19.20530701
v  -1.92089081 8.04311371 16.03413010
v  -8.40147781 8.87677288 15.79200459
v  -6.46900082 8.81260109 14.87986088
v  -4.39851761 8.80598831 16.13361931
v  -5.82901239 9.43922997 17.65184021
v  -5.85600328 8.90227699 15.46126556
v  -5.99126053 8.84007740 15.22299767
v  -6.19559288 8.81018639 15.02919579
v  -10.78833389 10.35289192 16.72896576
v  -11.23226357 8.91602612 14.81478596
v  -9.90802193 8.84864044 13.91212559
v  -10.76575089 8.65232944 14.18286514
v  -10.19868851 8.58718586 14.01149750
v  -11.14314842 8.77781200 14.55866337
v  -15.39023590 8.92181206 18.61457062
v  -15.14177799 9.09993553 18.57874680
v  -15.70550537 8.92561722 18.72626305
v  -12.54399967 9.81655979 18.40595245
v  -11.15646553 9.83867073 17.18306732
v  -11.54578209 9.71132469 17.12009239
v  -11.87530804 9.70607853 17.17589378
v  -12.38329506 9.69083309 17.54088402
v  -12.55438232 9.74919319 17.78391266
v  -16.00014877 8.91970062 19.79528999
v  -15.71113968 9.03572559 20.29853821
v  -14.68127346 9.71654701 21.18945312
v  -15.86249542 8.84915924 18.93663788
v  -13.80778313 9.92277336 23.94929123
v  -14.40069866 9.57859230 23.36909103
v  -14.04926300 9.76215649 23.80994797
v  -14.27030468 9.94434547 22.04789734
v  -13.76926899 8.93363667 26.26789856
v  -13.68056107 8.78354454 26.50862885
v  -13.53113174 8.69349003 26.74927139
v  -13.75342751 9.48011398 25.44338989
v  -13.15274429 8.66347027 27.15806198
v  -12.91445732 8.69530106 27.36411095
v  -8.58977318 9.61461639 27.46886826
v  -10.35244751 9.41583347 27.20903015
v  -10.43204689 9.56179142 27.35411263
v  -10.18081760 9.30263424 27.41951942
v  -10.26212597 9.44551373 27.55965805
v  -12.03455639 8.75662041 27.37436867
v  -11.14538097 8.52645779 26.53262329
v  -10.32225609 9.55336189 25.43436432
v  -12.38205528 8.75813675 27.54602623
v  -9.95569420 9.25399971 27.60266495
v  -9.88600445 9.13996601 27.48599243
v  -8.79439545 9.42771435 27.62304306
v  -8.79889202 9.56980991 27.78430939
v  -4.97928143 8.83540249 28.24435425
v  -6.47261524 8.42761993 29.12069702
v  -6.70955086 8.67933941 29.23337936
v  -5.17855358 8.50920296 28.67937088
v  -5.11495733 8.68033791 28.80909920
v  -5.84522057 8.15337467 28.71360970
v  -5.57790184 8.13469315 28.55222321
v  -6.73293734 8.50455475 29.08926010
v  -7.62221956 9.03366375 27.35014725
v  -3.18937349 9.70229244 25.08649635
v  -3.32310247 9.56399059 25.00570679
v  -4.20292234 9.45043468 26.11065292
v  -3.59435463 9.29378700 25.48559570
v  -3.49637556 9.32475090 25.21526337
v  -3.99231911 9.29307079 25.88339615
v  -5.29575014 8.98850536 26.78284454
v  -5.76227188 9.55336189 25.43436623
v  -4.47832012 9.55596161 26.16512299
v  -1.00023746 8.98041058 24.17387390
v  -0.77575588 8.93021107 24.01585007
v  -1.27944469 9.06460285 24.26492882
v  -0.64002705 8.56434441 22.48780060
v  -0.61912251 8.40611744 23.65618134
v  -4.09320021 9.55336189 23.76529694
v  -1.69098520 9.25134754 20.27781868
v  -1.81675911 9.14917660 19.70695114
v  -2.01746988 9.16250038 19.49909592
v  -1.74270868 9.14950562 19.98176956
v  -2.14462662 9.32090664 19.26177597
v  -2.41095829 9.42990303 19.16344070
v  -1.81038761 9.32267284 20.52305603
v  -3.61576271 9.43922997 21.48530197
v  -1.91977453 8.06478024 16.47640228
v  -1.86593914 7.96298027 16.25465965
v  -1.99418497 8.16917229 16.69936371
v  -4.20880127 9.43922997 19.27205086
v  -2.12029982 7.83119583 15.73490715
v  -2.21615410 7.83053875 15.63914776
v  -2.45902538 7.84472370 15.44926357
v  -2.16981411 7.74117088 15.70306969
v  -2.70745802 7.89409161 15.35920811
v  -3.19769192 8.04179382 15.51064682
v  -8.04226208 9.43922997 17.05880165
v  -6.93966198 8.77546215 15.02993488
v  -5.78982258 8.99678326 15.74400043
v  -10.68130875 8.86119938 16.40729141
v  -9.38941765 8.74487114 14.11802864
v  -9.61948204 8.65191555 14.00173378
v  -9.19904613 8.87821960 14.31510830
v  -9.88923836 8.59935474 13.96622372
v  -10.33325100 8.29343891 14.14627171
v  -10.60808945 8.24869061 14.28345871
v  -10.80916882 8.24252510 14.47507858
v  -10.93648911 8.27494240 14.72112846
v  -15.55807304 8.73445511 18.75873566
v  -13.95149803 9.70554543 18.49344826
v  -11.99132538 9.55336189 19.20530701
v  -12.44653797 9.69251823 18.45445251
v  -12.28016090 9.57895565 17.59333229
v  -12.08403206 9.56864166 17.37710953
v  -16.01968575 8.84768009 19.51563263
v  -15.41603661 8.71161556 20.31118965
v  -15.56955528 8.86799717 20.31290627
v  -15.73171902 8.69840622 20.09864807
v  -15.96567535 8.74699116 19.83795166
v  -15.82692146 8.58195782 19.85099602
v  -15.87429142 8.86729717 20.08462143
v  -13.53440475 10.35289001 21.48530006
v  -12.79859734 10.35289001 24.23137093
v  -14.11850643 9.48050022 23.55324554
v  -13.91385651 9.58877945 23.74201584
v  -14.13356400 9.78190327 22.03320694
v  -14.30005169 9.60822201 22.23880577
v  -14.39828777 9.48879623 22.48027420
v  -14.42827034 9.42362690 22.75761032
v  -13.73905087 8.74257565 26.20479202
v  -13.76461983 8.95388508 25.96519470
v  -13.29387283 8.47089291 26.92514801
v  -13.08237839 8.47089291 27.13664246
v  -8.04226398 9.55336189 26.04528809
v  -11.85963154 8.42638111 27.06063843
v  -11.10666084 8.44649220 26.44398499
v  -10.35743141 9.37712574 26.81681442
v  -10.26263237 9.25695515 27.08058548
v  -9.33513451 9.07234478 27.53271103
v  -9.04413795 9.18000889 27.58550262
v  -8.80829334 9.26106167 27.46357727
v  -5.04184437 8.64207745 28.48071671
v  -6.16826487 8.13442802 28.77624130
v  -5.37722635 8.18858337 28.36739349
v  -6.94610786 8.64150429 28.98648834
v  -7.11212587 8.83846760 28.81238747
v  -7.12669992 8.52897072 28.46063995
v  -3.47207642 9.39348793 24.93997574
v  -3.61378622 9.23554039 25.16871643
v  -4.26461840 9.32352638 25.98634720
v  -3.69241524 9.22421551 25.44682503
v  -4.03192425 9.22379112 25.78571320
v  -5.17580795 8.51408195 27.92739868
v  -4.82860661 9.49592018 25.97998238
v  -4.54338169 9.39114285 26.01854134
v  -0.79263735 8.54040527 23.90845871
v  -0.42449903 8.40935135 22.92084312
v  -0.48880005 8.44217777 22.68331146
v  -0.65365267 8.49951172 22.50612259
v  -4.20879936 9.43923187 23.69855499
v  -1.34868336 8.52624416 24.09192657
v  -3.52145624 9.49999714 24.65972519
v  -2.10895681 9.10832691 19.57758331
v  -1.81606150 9.16211224 20.25848389
v  -1.89916897 9.09792805 19.78198433
v  -1.85156584 9.09820557 19.95688248
v  -2.26238775 9.20086765 19.35563660
v  -0.96456099 8.50247192 22.42752075
v  -1.96155310 9.19956970 20.49920845
v  -2.17918396 9.26187897 20.70394516
v  -2.28085947 8.88305950 22.08601570
v  -4.39102364 8.71995163 16.20701790
v  -2.76769638 8.81103611 17.78735733
v  -1.93402338 7.84360409 15.97508049
v  -2.43258429 7.76031208 15.49260807
v  -2.93686867 7.91060543 15.40604687
v  -8.41334343 8.76162910 15.83752728
v  -6.54197693 8.76332474 14.95599937
v  -5.87668896 9.35852909 17.73441696
v  -5.94114971 8.84430408 15.56342506
v  -6.07399130 8.79103279 15.31607437
v  -10.32225513 9.55336189 17.53623772
v  -10.99005127 8.34594059 15.02161121
v  -10.19926071 8.22600842 14.13849926
v  -9.18832302 8.38406467 14.52664185
v  -15.07521439 8.89974785 18.55286407
v  -15.32013702 8.71613598 18.61083031
v  -15.76844978 8.61872005 19.00050354
v  -13.53140068 9.06267834 18.75999260
v  -12.46648979 9.62885189 18.15589905
v  -11.44240475 9.51479053 17.29540825
v  -11.77704430 9.54097652 17.29505348
v  -12.45614052 9.61848068 17.82878494
v  -15.59007549 8.56237888 20.09712791
v  -15.98529434 8.67480755 19.55853462
v  -14.16714954 9.04490757 21.07306099
v  -13.66876221 9.74716949 23.87726974
v  -14.28271484 9.42233086 23.31095886
v  -14.08066177 9.72990799 22.02383804
v  -14.23292446 9.54635048 22.23408127
v  -14.33334351 9.42915821 22.48011398
v  -13.65207005 8.59164047 26.44464874
v  -13.50367737 8.50107956 26.68476868
v  -13.62172127 9.32598591 25.32962799
v  -13.19249344 8.32370758 26.85649109
v  -12.84422493 8.50280857 27.34246826
v  -12.51616859 8.41441059 27.34858704
v  -12.61078358 8.59855747 27.47893143
v  -8.61076546 9.38428402 27.27270508
v  -10.10548973 9.17790222 27.30364609
v  -12.27368164 8.55422974 27.39731979
v  -10.25551319 9.43922997 25.31875992
v  -11.78222084 8.24604797 26.89346313
v  -9.06376362 9.09148598 27.45863533
v  -9.81982708 9.07170582 27.40203667
v  -6.47993374 8.12601757 28.78233147
v  -5.94028139 7.99851799 28.54833221
v  -5.66140556 8.00921822 28.41733170
v  -5.46020889 8.07066536 28.24423409
v  -8.04226398 9.43922997 25.91180038
v  -7.11761141 8.34787273 28.26049805
v  -3.61381769 9.27048779 24.88422394
v  -3.74898672 9.17184353 25.12011719
v  -4.31169653 9.23601627 25.87063217
v  -3.80401945 9.17065430 25.41077805
v  -4.06953526 9.17008018 25.67426682
v  -5.35882378 8.90644550 26.71097183
v  -5.29085541 8.34580040 27.77174950
v  -5.82901478 9.43922997 25.31876373
v  -1.03977489 8.52478600 24.03810883
v  -0.79785442 8.43346691 23.87451172
v  -2.74477530 8.94231224 24.27081299
v  -2.36174631 9.13842678 19.43442154
v  -2.23158360 9.06806374 19.68142319
v  -1.93498182 9.10793781 20.23499298
v  -1.97549391 9.06062126 19.92256737
v  -2.37415600 9.05346489 19.83747292
v  -1.99014759 9.06031132 19.87242508
v  -2.55151081 9.26427746 19.27657700
v  -3.71111584 9.35852909 21.48530197
v  -1.88256216 7.97344303 16.45782852
v  -1.85477781 7.89101982 16.21605492
v  -2.01737738 8.09087372 16.70040131
v  -4.29137945 9.35852909 19.31972694
v  -2.68183231 7.81677818 15.40003395
v  -2.05624247 7.70981026 15.92112541
v  -1.98181391 7.75967026 15.94421673
v  -3.17910433 7.98760128 15.58430195
v  -4.36511326 8.65361881 16.28619194
v  -8.04226208 9.35852909 17.15415382
v  -9.19155025 8.26684189 14.58013535
v  -6.27426672 8.76403904 15.11359882
v  -6.92407227 8.73847485 15.04735756
v  -5.87574291 8.92385483 15.85565090
v  -6.35581827 8.73979473 15.19136143
v  -10.62508202 8.75074196 16.43304062
v  -11.08011150 9.49008369 17.37817574
v  -9.38342094 8.29722977 14.29805660
v  -9.61694336 8.24194241 14.15717125
v  -9.88889027 8.21820259 14.10398579
v  -10.25673389 8.08868885 14.21141434
v  -10.54201889 8.08721828 14.33586597
v  -10.75171852 8.11439323 14.51752758
v  -10.88583374 8.17021370 14.75639915
v  -10.94436359 8.25467682 15.05247974
v  -15.52426529 8.58937454 18.74463844
v  -14.93337250 8.72213364 18.62689972
v  -11.87572289 9.43922997 19.27205086
v  -12.18917942 9.44164181 18.56663704
v  -12.21140480 9.50437069 17.62829971
v  -12.04630089 9.50192642 17.46646118
v  -15.24725723 8.55096245 20.29961777
v  -15.70595169 8.46946621 19.84835243
v  -15.85516167 8.51865101 19.56995201
v  -12.60224819 9.55336189 21.48530006
v  -13.60837841 9.68392372 23.84869576
v  -14.05889225 9.41721630 23.51787758
v  -13.84759521 9.52037430 23.70666695
v  -14.38191795 9.37832737 22.76192856
v  -13.58674431 8.53716564 26.09701920
v  -13.51931477 8.40709782 26.35148811
v  -13.59018707 8.72614765 25.84123611
v  -12.81445026 8.52645683 24.86355019
v  -11.99132633 9.55336189 23.76529312
v  -13.01122284 8.32248306 27.03607178
v  -12.76201534 8.33716202 27.22817039
v  -13.38789749 8.33594513 26.60464668
v  -12.12010765 8.27237034 27.12419319
v  -11.09220886 8.38106728 26.35424042
v  -11.73204136 8.16548729 26.77267456
v  -10.17032337 9.14021015 26.96184158
v  -10.24721336 9.21607399 26.67461967
v  -10.02786064 9.09208870 27.20431519
v  -9.08909321 9.03968811 27.33772469
v  -9.36164856 9.02338123 27.42210388
v  -8.83168602 9.13806343 27.30970573
v  -8.63890266 9.21207905 27.08592415
v  -5.24319506 8.31504726 28.15911865
v  -6.17545033 7.99554539 28.60609436
v  -6.74356318 8.18897057 28.73176193
v  -6.95915174 8.32328892 28.62453079
v  -6.74134588 8.07141399 28.58714104
v  -7.60295391 8.93789673 27.27315140
v  -6.95318270 8.18456936 28.46228027
v  -3.69250917 9.32905960 24.59334373
v  -3.78003359 9.18648911 24.81822777
v  -3.87179708 9.14242363 25.07523918
v  -4.36264420 9.17145443 25.73470306
v  -4.10190439 9.13545227 25.55893135
v  -3.92071915 9.13587475 25.37954712
v  -4.59926510 9.27210331 25.88030434
v  -4.89462900 9.33205032 25.81472778
v  -0.53964901 8.35339260 22.72356415
v  -0.47745371 8.31589699 22.96184158
v  -0.64595747 8.31361103 23.59988403
v  -0.70201778 8.41558361 22.54545593
v  -4.29137802 9.35853004 23.65087891
v  -1.35690737 8.47767353 24.04195976
v  -1.03631735 8.48242474 24.02014923
v  -2.52922678 9.08838081 19.55438423
v  -2.09281206 9.06842041 20.20508194
v  -2.29814100 9.05388165 20.13771057
v  -2.65753937 9.18822670 19.35249519
v  -1.04063797 8.43772984 22.48412895
v  -2.08796358 9.13717747 20.47926712
v  -2.31051159 9.18592358 20.68970299
v  -2.32839346 8.81439781 22.15837288
v  -2.83945942 8.72303677 17.77275085
v  -2.41433287 7.70980263 15.56239033
v  -2.91842985 7.85806847 15.47788620
v  -9.21017647 8.16526604 14.66056347
v  -8.44630432 8.66777039 15.88187790
v  -6.62450504 8.72928715 15.02786255
v  -5.90529966 9.31125450 17.78397369
v  -5.96223307 8.84695053 15.62216759
v  -6.13506126 8.77901554 15.38946247
v  -10.25551224 9.43922997 17.65184021
v  -9.38742828 8.17991829 14.35254002
v  -15.19296932 8.56839561 18.68046951
v  -15.41928005 8.47249889 18.80583763
v  -15.68759441 8.51946545 18.95428848
v  -14.79196548 8.55664158 18.71343613
v  -13.47942352 8.96097469 18.81103897
v  -12.24416351 9.44458008 18.24552727
v  -11.41617966 9.44601345 17.38622665
v  -11.74199200 9.47339439 17.38795662
v  -12.27103424 9.47379875 17.92821884
v  -15.44539547 8.43496895 20.08897018
v  -14.08854675 8.94890404 21.04603386
v  -14.24227142 9.37445068 23.28232765
v  -14.24869537 9.26410580 22.76521111
v  -13.87335014 9.47548485 22.05285454
v  -14.06752014 9.36612892 22.25254440
v  -14.19263554 9.29566956 22.48999405
v  -13.33812618 8.47301388 25.68532944
v  -11.87572384 9.43922997 23.69855118
v  -13.02918816 8.15595722 26.77218628
v  -12.92849350 8.15748215 26.87550735
v  -12.84511757 8.02330208 26.73724365
v  -12.65453720 8.13792133 27.03162766
v  -10.20783710 9.35852909 25.23618317
v  -12.05339241 8.13389492 26.98610306
v  -8.85377026 9.07767105 27.18001938
v  -9.74374962 9.02294445 27.31839180
v  -6.48210144 8.00840569 28.63507843
v  -5.41596937 8.12268448 27.93572617
v  -5.33669186 8.18285942 28.02904129
v  -5.73918104 7.94987679 28.32372093
v  -6.01965046 7.93272686 28.44966698
v  -5.53795385 8.01319599 28.15240860
v  -8.04226398 9.35852909 25.81644821
v  -6.93487310 8.12078667 28.33748055
v  -7.09791565 8.27420521 28.12577057
v  -3.89716005 9.21459293 24.50510979
v  -3.90372229 9.16062641 24.75433731
v  -4.40691757 9.14187813 25.61453056
v  -4.43083286 9.12012959 25.46990967
v  -5.99116659 9.18671894 25.03790665
v  -4.48965836 9.18671894 23.53640175
v  -4.01539040 9.12012959 25.05446625
v  -5.43416977 8.83961487 26.65788078
v  -5.37322712 8.27834129 27.67367744
v  -5.87669086 9.35852909 25.23618507
v  -0.61534548 8.29149628 22.77772522
v  -0.82337332 8.34624386 23.81971359
v  -0.55304861 8.25479889 23.01539421
v  -0.68836546 8.25322342 23.52952766
v  -0.97313738 8.22839546 23.59355927
v  -2.79717875 8.86484909 24.21238708
v  -1.06035662 8.40093136 23.96707153
v  -2.88307524 9.12126732 19.49130440
v  -2.67538214 9.07725525 19.65807724
v  -3.94006681 9.18671894 21.48530197
v  -4.48965693 9.18671894 19.43420410
v  -3.76833725 9.31125450 21.48530197
v  -1.92121315 7.91023350 16.43066216
v  -1.89894724 7.81602573 16.18674660
v  -2.04861069 8.04229450 16.67596054
v  -4.34093475 9.31125450 19.34833908
v  -2.65429258 7.74651527 15.56195259
v  -2.66350555 7.76546860 15.47058296
v  -2.40422249 7.69075966 15.65701580
v  -2.91072416 7.83934975 15.56384182
v  -3.17351770 7.96926403 15.66268349
v  -8.04226208 9.31125450 17.21137619
v  -9.40478134 8.08463287 14.42971134
v  -6.78912878 8.72479725 15.38965607
v  -5.92755795 9.27704620 17.82252502
v  -6.16540623 8.82349205 15.87706184
v  -6.33705473 8.76866150 15.57304955
v  -10.55536366 8.66055965 16.44823265
v  -11.06886387 9.41978168 17.46127319
v  -10.88147449 8.17233849 15.09838104
v  -9.62125015 8.11952019 14.21391010
v  -9.89301586 8.08564758 14.16424656
v  -10.46881008 7.98945522 14.39201927
v  -10.68270302 8.02541351 14.56871319
v  -15.61230373 8.43444347 19.00300598
v  -15.07133865 8.43827724 18.75583458
v  -11.79314423 9.35852909 19.31972694
v  -11.74359035 9.31125450 19.34833908
v  -15.12056828 8.47091198 20.28627586
v  -15.57028770 8.35743046 19.84388161
v  -15.76366711 8.43287754 19.56486130
v  -12.46876240 9.43922997 21.48530006
v  -13.45403767 9.46296978 23.72848511
v  -14.12796974 9.26176357 23.21368599
v  -13.94400120 9.29184723 23.44159889
v  -13.71935654 9.35891628 23.61319923
v  -13.34813499 8.29850578 25.95404243
v  -13.19366550 8.13997746 26.49747086
v  -12.72581482 8.44649220 24.82483292
v  -13.12286568 8.24216747 25.59238815
v  -12.58484077 8.02252102 26.90799522
v  -12.89063549 8.02154446 26.68779945
v  -12.32093239 8.05938625 26.99094772
v  -12.38507557 8.17621708 27.11452293
v  -11.10202217 8.33018017 26.26338387
v  -11.69116783 8.12318516 26.65729904
v  -12.00708103 8.06405258 26.87207413
v  -10.09056854 9.08011246 26.86119461
v  -9.94858551 9.04049015 27.11192322
v  -10.16969967 9.14181137 26.56620789
v  -9.11910057 9.00809193 27.18531990
v  -8.87218189 9.04211903 26.98825836
v  -8.65568066 9.13732910 26.94898605
v  -6.16126251 7.93212795 28.48555756
v  -6.46654654 7.94974899 28.51737213
v  -6.72441673 8.01263523 28.46801567
v  -7.56397247 8.86005497 27.20285797
v  -4.01649523 9.19048500 24.41683578
v  -4.05670643 9.14662170 24.68259430
v  -4.66896248 9.18609047 25.71150208
v  -4.72936249 9.15968513 25.59220505
v  -5.17338037 9.17266941 25.36464691
v  -6.47595644 7.87812614 24.19822693
v  -5.32933903 7.87812614 23.05161095
v  -4.42906237 9.23553467 23.57138634
v  -4.98848915 9.21398640 25.60466576
v  -0.77787590 8.35247326 22.60063744
v  -0.71011591 8.26014805 22.83835411
v  -0.86576700 8.28611279 23.74906921
v  -0.91109943 8.26734161 22.99201965
v  -4.34093571 9.31125450 23.62226677
v  -1.10273361 8.34111500 23.89594650
v  -1.39926624 8.41822910 23.97015762
v  -3.05482864 9.11056137 19.56468201
v  -2.29210663 9.08896637 20.45826149
v  -2.76684999 9.11222649 20.70561600
v  -4.90964699 7.87812614 21.48530197
v  -5.32933807 7.87812614 19.91899300
v  -4.42905903 9.23553562 19.39921761
v  -1.12109137 8.41092682 22.52836990
v  -2.57337713 9.12225819 20.68210602
v  -2.37419128 8.76600742 22.24654961
v  -2.91711807 8.65506268 17.74115753
v  -2.15552568 7.69112682 15.90588474
v  -1.97287130 7.76631165 16.16400719
v  -4.32078838 8.60699081 16.37113762
v  -8.04226208 9.27704620 17.25589180
v  -9.23605061 8.10760593 14.74928474
v  -8.50036049 8.59519482 15.92505455
v  -6.08561230 8.90025330 16.25966835
v  -10.20783615 9.35852909 17.73441887
v  -9.90867424 7.99115562 14.24178314
v  -10.73853683 8.02759075 14.86408520
v  -10.82025814 8.08637524 14.80416775
v  -15.30416107 8.35930538 18.87614059
v  -15.49042892 8.31972790 19.07435799
v  -14.97056484 8.36387157 18.83560753
v  -14.68142796 8.46775532 18.79979515
v  -13.44105721 8.87852097 18.87695503
v  -10.17922497 9.31125450 17.78397369
v  -15.32532883 8.36552906 20.07500458
v  -15.62193298 8.31834888 19.56435013
v  -14.01411152 8.87170887 21.00148010
v  -14.14492798 9.19403934 22.78239822
v  -13.91230774 9.23684883 22.27889061
v  -13.68398476 9.29350281 22.08617401
v  -14.06595516 9.20369530 22.51096535
v  -13.16465664 8.05797577 26.15613556
v  -13.29998207 8.18749332 26.22475624
v  -13.18323803 8.13160133 25.87827301
v  -11.79314613 9.35852909 23.65087318
v  -13.31710434 9.30459118 23.62097359
v  -12.54484653 7.96097755 26.80705643
v  -10.17922592 9.31125450 25.18662834
v  -9.39764118 8.99068451 27.29928780
v  -8.65688610 9.09276772 26.70810318
v  -9.65383148 8.99014473 27.22845459
v  -9.73886871 8.98823071 26.90761566
v  -5.50704861 8.09431076 27.84671974
v  -5.46613121 8.24631596 27.58215141
v  -5.82939243 7.92173004 28.23442078
v  -5.62813568 7.98611546 28.06414223
v  -8.04226398 9.31125450 25.75922775
v  -6.90131998 8.09195614 28.21137428
v  -6.69295263 7.98528767 28.34555817
v  -7.06171608 8.24166965 27.99335480
v  -4.14843178 9.17444420 24.31007385
v  -4.80091476 9.14562225 25.44346237
v  -5.95618010 9.23553562 25.09850693
v  -8.04226398 9.18671894 25.58749771
v  -8.04226398 7.87812614 24.61791611
v  -6.77302408 6.46459532 23.68368912
v  -5.84387589 6.46459532 22.75454330
v  -2.85724068 8.74252129 23.93313980
v  -5.52178907 8.78801250 26.62356949
v  -5.90530205 9.31125450 25.18663025
v  -0.86668158 8.32299614 22.65443611
v  -2.46057796 8.73003578 22.47036934
v  -2.83339071 8.80572987 24.13663483
v  -4.37948418 9.27704906 19.37059593
v  -2.47566462 9.07819176 20.44066620
v  -3.87009716 9.23553467 21.48530197
v  -5.50378323 6.46459532 21.48530197
v  -5.84387493 6.46459532 20.21606064
v  -5.99116468 9.18671894 17.93269539
v  -6.47595501 7.87812614 18.77237701
v  -3.09011936 8.57918930 17.62700844
v  -3.81285381 9.27704620 21.48530197
v  -1.99428272 7.86065865 16.40849495
v  -2.12047672 7.99284935 16.65458679
v  -3.24290991 8.01845074 15.85247517
v  -2.41883183 8.03182030 16.71530533
v  -2.06622744 7.74820805 16.15076828
v  -8.04226208 9.23553467 17.31313515
v  -4.25804806 8.58006668 16.46185875
v  -5.95617962 9.23553371 17.87210083
v  -8.04226208 9.18671894 17.38310623
v  -10.47215366 8.59065247 16.45286942
v  -10.79937649 8.11084938 15.15875340
v  -10.60123444 7.96839046 14.62836456
v  -15.21173859 8.29388428 18.94998360
v  -11.59486771 9.18671894 19.43420219
v  -14.99735641 8.42467213 20.26546478
v  -15.45646477 8.29420185 19.82974815
v  -12.37340927 9.35852909 21.48530006
v  -13.84599018 9.20554829 23.36584473
v  -14.04489136 9.19266510 23.14935684
v  -13.60339451 9.24285698 23.52305031
v  -13.06712246 8.02128983 26.42597771
v  -13.01026154 8.16420460 25.54049492
v  -12.63607025 8.38106728 24.81037903
v  -13.07458115 8.06321335 25.83006668
v  -12.27801609 7.99588203 26.88353348
v  -12.96744728 7.95985031 26.38368225
v  -11.13610268 8.29383183 26.17141342
v  -11.50693607 8.15390778 26.38887787
v  -11.96862984 8.02499104 26.75565338
v  -9.97893143 9.04027462 26.70273399
v  -9.84831047 9.00713730 26.99346542
v  -10.04569435 9.08955574 26.35626030
v  -9.17365646 8.98823071 27.05906296
v  -8.88898849 9.03890038 26.80281448
v  -8.62829781 9.09081936 26.51034546
v  -6.43661451 7.92166519 28.39591217
v  -7.50527573 8.80013657 27.13926697
v  -4.37948799 9.27704620 23.60000801
v  -5.06924009 9.18887329 25.49195099
v  -5.85828495 8.72457600 26.63331223
v  -5.92755842 9.27704906 25.14808083
v  -10.09336090 9.18671894 25.03790665
v  -9.60857105 7.87812614 24.19822502
v  -8.04226398 6.46459532 24.02378082
v  -7.05273485 4.35547543 23.19921494
v  -6.32834911 4.35547543 22.47483063
v  -2.84487820 8.73843288 23.80540085
v  -2.85341120 8.76495361 24.04355049
v  -1.12219334 8.34516144 22.74376106
v  -1.18460417 8.31613731 23.80189514
v  -2.41825342 8.73788548 22.35054779
v  -6.06320477 4.35547543 21.48530197
v  -6.32834816 4.35547543 20.49577332
v  -6.77302313 6.46459532 19.28691292
v  -3.18546057 8.57129192 17.54445267
v  -4.17689133 8.57284927 16.55835342
v  -8.04226303 7.87812614 18.35268593
v  -3.00067091 8.60711288 17.69257545
v  -2.19008970 7.97680473 16.64931488
v  -8.57551098 8.54390240 15.96706009
v  -9.27195930 8.07725239 14.85510731
v  -10.38747025 7.93325043 14.45159149
v  -10.65539742 7.99954319 14.93016624
v  -10.72542191 8.08331871 15.22138405
v  -15.40494728 8.25779438 19.14292336
v  -15.51397514 8.25692940 19.55050468
v  -14.87686729 8.32377529 18.92365074
v  -14.58410072 8.42321682 18.88975906
v  -13.41630363 8.81531811 18.95774078
v  -11.65546322 9.23553371 19.39921761
v  -11.70503712 9.27704525 19.37059593
v  -15.20404816 8.32452011 20.05246925
v  -13.94384098 8.81331825 20.93939972
v  -14.03087807 9.14024448 22.80977058
v  -13.73642921 9.15475750 22.30920029
v  -13.92506409 9.14057827 22.53996468
v  -13.46497536 9.18278408 22.11747551
v  -13.06030941 7.99509621 26.11112976
v  -11.74359035 9.31125450 23.62226295
v  -13.12349701 9.18053722 23.47721100
v  -12.24200630 7.95732975 26.76842499
v  -10.15696716 9.27704525 25.14807510
v  -8.04226398 9.27704620 25.71471024
v  -5.59190416 8.09535503 27.76888847
v  -5.53945827 8.24650478 27.50667953
v  -5.71886635 7.98632336 27.98790550
v  -6.86868620 8.09544182 28.10342789
v  -6.39554977 7.91957188 28.28985214
v  -6.65471697 7.98648548 28.23522568
v  -7.03745747 8.24644184 27.89446449
v  -5.73384666 8.73049259 26.61128235
v  -7.21089125 8.72791767 26.98871613
v  -7.32873487 8.73406696 27.03219604
v  -11.59486866 9.18671894 23.53639793
v  -10.75518703 7.87812614 23.05160904
v  -9.31150341 6.46459532 23.68368912
v  -8.04226398 4.35547543 23.46435928
v  -7.13583517 2.68161654 23.05528259
v  -6.47228336 2.68161654 22.39173126
v  -5.62168121 8.75163841 26.60803604
v  -6.22940636 2.68161654 21.48530197
v  -6.47228289 2.68161654 20.57887268
v  -7.05273390 4.35547543 19.77138710
v  -8.04226303 6.46459532 18.94682121
v  -10.09336090 9.18671894 17.93269539
v  -9.60857010 7.87812614 18.77237701
v  -2.07774878 7.84343433 16.39857864
v  -9.24310398 8.11304474 15.09413052
v  -9.76746273 7.94571304 14.64816570
v  -9.48135567 8.01546288 14.81585407
v  -8.67175579 8.51389217 16.00789452
v  -10.37545109 8.54101753 16.44694901
v  -10.51152325 7.93983936 14.69695473
v  -10.29379845 7.90420723 14.52175140
v  -9.97189236 7.90416145 14.43682480
v  -15.32014370 8.21727848 19.22451210
v  -14.96938133 8.25415039 19.18546295
v  -15.12221527 8.25512791 19.03523636
v  -13.40763283 8.74666119 19.16392136
v  -13.40516186 8.77136421 19.05339813
v  -14.70040321 8.44464779 20.29046631
v  -15.33840847 8.25519943 19.80629730
v  -12.31618786 9.31125450 21.48530006
v  -13.73190784 9.13920689 23.27186775
v  -13.45442867 9.15329170 23.40705872
v  -13.95593452 9.13828278 23.07164001
v  -12.96138191 8.02240086 25.78790855
v  -12.89815903 8.11871338 25.49571228
v  -12.54521179 8.33018017 24.82019234
v  -12.94812012 7.95591450 26.07153702
v  -12.51129723 7.92020226 26.69561768
v  -12.85837555 7.91925335 26.34659767
v  -12.64258003 7.90027523 26.31959915
v  -12.17755413 7.92695332 26.50389671
v  -11.19444847 8.27202320 26.07833481
v  -11.85439873 8.03618813 26.53635406
v  -9.87879372 9.03600407 26.55780602
v  -9.97806168 9.08567047 26.18460655
v  -8.04226398 9.23553467 25.65746689
v  -5.92034531 7.91940975 28.16373062
v  -7.42686272 8.75814056 27.08237839
v  -6.83348751 8.17905331 27.86713982
v  -6.56783867 8.04162502 28.03552628
v  -7.03910685 8.37143898 27.58682442
v  -5.90119171 8.04037476 27.85900497
v  -12.26597309 8.26475430 24.99523163
v  -11.27706242 8.26475430 25.98414421
v  -12.14445782 9.18671894 21.48530006
v  -11.17487717 7.87812614 21.48530006
v  -10.24065018 6.46459532 22.75453949
v  -9.03179169 4.35547543 23.19921494
v  -8.04226398 2.68161654 23.29815674
v  -7.23075199 1.07739806 22.89088058
v  -6.63668442 1.07739806 22.29681396
v  -6.41924000 1.07739806 21.48530197
v  -6.63668394 1.07739806 20.67378998
v  -7.13583422 2.68161654 19.91532135
v  -8.04226303 4.35547543 19.50624275
v  -9.31150246 6.46459532 19.28691292
v  -8.78909683 8.50516701 16.04755402
v  -10.14157009 8.50257206 16.40343857
v  -10.75518608 7.87812614 19.91899300
v  -9.70050526 7.93897057 14.48520470
v  -10.15696716 9.27704620 17.82252693
v  -10.35224724 7.94399166 14.79991436
v  -10.52156258 8.01170826 15.08340836
v  -10.59171200 8.10658264 15.43555641
v  -14.66959381 8.34327316 19.04981041
v  -14.29178429 8.46804619 19.01623917
v  -15.19936180 8.19921398 19.43818665
v  -10.12834549 9.23553371 17.87210083
v  -13.42371464 8.74120903 19.28931618
v  -14.97399426 8.33011246 20.04479599
v  -15.40043545 8.21671104 19.52694702
v  -13.87773705 8.77373314 20.85979652
v  -13.86950016 9.10323715 22.98836517
v  -13.58630657 9.12936020 22.32009125
v  -13.79108810 9.11087608 22.56666946
v  -13.91294289 9.10460854 22.84489441
v  -13.29859734 9.16006088 22.10516357
v  -11.70503807 9.27704620 23.60000420
v  -12.99166489 9.15577984 23.41519356
v  -12.18367386 7.95210266 26.56060791
v  -12.49476242 7.90165043 26.46163559
v  -10.12834549 9.23553371 25.09850121
v  -5.75262117 8.17627239 27.58229828
v  -5.71185684 8.36654186 27.23973465
v  -12.36016369 8.27202320 24.91262054
v  -12.68391037 7.92695332 25.99753952
v  -10.58074188 6.46459532 21.48530197
v  -9.75617695 4.35547543 22.47483063
v  -8.94869137 2.68161654 23.05528069
v  -8.04226303 1.07739806 23.10832405
v  -7.23075199 0.06870359 22.89088058
v  -6.63668442 0.06870359 22.29681396
v  -6.41924000 0.06870359 21.48530197
v  -6.63668394 0.06870359 20.67378998
v  -7.23075151 1.07739806 20.07972336
v  -8.04226303 2.68161654 19.67244339
v  -9.03179169 4.35547543 19.77138710
v  -10.26525688 8.51165771 16.43047333
v  -15.14031410 8.24830055 19.76070213
v  -12.27167320 9.27704811 21.48530006
v  -13.63181019 9.10931587 23.18937302
v  -13.33919907 9.12683010 23.33164978
v  -12.76205635 8.02380848 25.68074417
v  -12.75652695 7.94659996 26.01088715
v  -12.65917015 8.13189983 25.32917404
v  -12.45324326 8.29383183 24.85427284
v  -11.65546417 9.23553371 23.57138252
v  -13.49210167 9.09343433 23.04290771
v  -10.24065018 6.46459532 20.21606064
v  -10.02132034 4.35547543 21.48530197
v  -9.61224270 2.68161654 22.39172935
v  -8.85377407 1.07739806 22.89087868
v  -8.04226303 0.06870359 23.10832405
v  -7.34759426 -0.41927859 22.68850327
v  -6.83906078 -0.41927859 22.17997169
v  -6.65292406 -0.41927859 21.48530197
v  -6.83906031 -0.41927859 20.79063225
v  -7.23075151 0.06870359 20.07972336
v  -8.04226303 1.07739806 19.86227798
v  -8.94869137 2.68161654 19.91532135
v  -13.75802612 8.75098038 20.64801216
v  -12.21442986 9.23553562 21.48530006
v  -13.81579781 8.75295258 20.76266670
v  -13.39965153 9.11700630 22.33858490
v  -13.58186150 9.09498501 22.63889122
v  -13.10136032 9.14783669 22.07936859
v  -12.83478165 9.14163303 23.35035706
v  -9.75617695 4.35547543 20.49577141
v  -9.85511971 2.68161654 21.48530197
v  -9.44784164 1.07739806 22.29681206
v  -8.85377407 0.06870359 22.89087868
v  -8.04226303 -0.41927859 22.87463951
v  -7.53548908 -0.80853128 22.36306000
v  -7.16450500 -0.80853128 21.99207497
v  -7.02871466 -0.80853128 21.48530197
v  -7.16450453 -0.80853128 20.97852707
v  -7.34759331 -0.41927859 20.28209877
v  -8.04226303 0.06870359 19.86227798
v  -8.85377407 1.07739806 20.07972336
v  -9.61224270 2.68161654 20.57887268
v  -13.20089149 9.11351776 23.23567772
v  -9.66528511 1.07739806 21.48530197
v  -9.44784164 0.06870359 22.29681206
v  -8.73693275 -0.41927859 22.68850327
v  -8.04226303 -0.80853128 22.49884796
v  -7.77521896 -1.05923867 21.94783401
v  -7.57972908 -1.05923867 21.75234604
v  -7.50817442 -1.05923867 21.48530197
v  -7.57972860 -1.05923867 21.21825790
v  -7.53548861 -0.80853128 20.60754395
v  -8.04226303 -0.41927859 20.09596252
v  -8.85377407 0.06870359 20.07972336
v  -9.44784164 1.07739806 20.67378998
v  -9.66528511 0.06870359 21.48530197
v  -9.24546528 -0.41927859 22.17996979
v  -8.54903698 -0.80853128 22.36306000
v  -8.04226303 -1.05923867 22.01939011
v  -8.04226303 -1.14575636 21.48530197
v  -7.77521849 -1.05923867 21.02276611
v  -8.04226303 -0.80853128 20.47175217
v  -8.73693180 -0.41927859 20.28209877
v  -9.44784164 0.06870359 20.67378998
v  -9.43160152 -0.41927859 21.48530197
v  -8.92002106 -0.80853128 21.99207497
v  -8.30930710 -1.05923867 21.94783401
v  -8.04226303 -1.05923867 20.95121384
v  -8.54903698 -0.80853128 20.60754395
v  -9.24546528 -0.41927859 20.79063225
v  -9.05581093 -0.80853128 21.48530197
v  -8.50479698 -1.05923867 21.75234413
v  -8.30930710 -1.05923867 21.02276611
v  -8.92002106 -0.80853128 20.97852707
v  -8.57635117 -1.05923867 21.48530197
v  -8.50479603 -1.05923867 21.21825790
v  -8.04224205 22.45766068 21.48534584
v  -8.99656200 22.36963272 22.09463310
v  -8.56406307 22.36963272 22.49016380
v  -7.99174356 22.36963272 22.61645508
v  -9.17335129 22.36963272 21.53584290
v  -9.80281448 22.11455345 22.60938644
v  -9.00492191 22.11455345 23.33908081
v  -7.43295431 22.36963272 22.43966675
v  -7.94908047 22.11455345 23.57206726
v  -9.04706001 22.36963272 20.96352386
v  -10.12896252 22.11455345 21.57850647
v  -7.03742361 22.36963272 22.00716782
v  -6.91820097 22.11455345 23.24591827
v  -8.65152836 22.36963272 20.53102493
v  -9.89597607 22.11455345 20.52266502
v  -6.91113281 22.36963272 21.43484879
v  -6.18850756 22.11455345 22.44802666
v  -8.09274006 22.36963272 20.35423660
v  -9.16628170 22.11455345 19.72477341
v  -7.08792162 22.36963272 20.87605858
v  -5.95552063 22.11455345 21.39218521
v  -7.52041960 22.36963272 20.48052788
v  -8.13540268 22.11455345 19.39862442
v  -6.28166866 22.11455345 20.36130524
v  -7.07956123 22.11455345 19.63161087
v  -11.07148170 21.39432526 23.14830208
v  -11.30556870 21.18190765 23.41408157
v  -11.50626087 20.39663696 24.86648178
v  -8.07378769 21.41849709 24.90888214
v  -8.42433834 20.40996742 26.59409523
v  -8.25975323 20.38890076 26.61894989
v  -9.82339478 20.40996742 26.28537369
v  -9.49588203 21.35671043 24.70723724
v  -9.69111919 21.17368698 24.91698074
v  -9.29192066 19.56141281 27.09385681
v  -7.98027658 21.19799614 25.25305176
v  -6.75053978 20.15905380 26.40630150
v  -4.31682110 21.29181671 21.09902191
v  -4.98235703 21.31716347 23.60248947
v  -3.76658630 20.70948792 22.06020737
v  -5.09635735 20.79420662 24.90425491
v  -6.11488342 21.28218651 24.55150986
v  -5.96794319 21.12173080 24.76195526
v  -12.89129257 20.55374908 22.31571007
v  -11.61255550 21.34445763 21.81599426
v  -11.87363243 21.16497803 21.75971222
v  -11.13378429 20.39663696 25.20711899
v  -10.67543507 20.56234550 25.21985245
v  -11.33583832 20.29286194 25.14620399
v  -12.42898369 20.51323891 23.84669876
v  -11.54791832 20.56764030 24.40821457
v  -8.45871258 20.09062958 26.83221054
v  -9.98224354 20.39055061 26.23605919
v  -9.55405331 19.59827995 27.01505280
v  -9.07865047 19.59444427 27.12326050
v  -6.19736385 20.11653709 26.24988174
v  -6.07186079 19.95726967 26.19462585
v  -6.52211142 20.10056686 26.42085648
v  -7.13078785 20.39300537 26.17930603
v  -6.95343256 20.25653648 26.32578659
v  -3.89158773 20.84003448 21.59444809
v  -3.96081829 20.76263809 22.59342003
v  -3.85412407 20.72277451 22.37015533
v  -3.78091717 20.70948792 22.12515259
v  -4.27467155 20.92209053 22.97472382
v  -4.10100079 20.82907486 22.79494286
v  -4.12946796 20.79420662 23.84699631
v  -4.02417183 20.77210236 23.72024345
v  -4.07707262 20.03595543 25.29123878
v  -3.54620028 20.03595543 24.71075058
v  -5.21862984 20.77214432 25.02257729
v  -6.60843801 21.68710327 18.72241974
v  -8.04372978 21.22484207 17.71865082
v  -8.00919437 21.71850777 18.55064011
v  -11.03597832 21.39206886 19.61186028
v  -11.37441540 21.17691040 19.57583809
v  -12.25971508 20.77512741 20.34909058
v  -12.48154354 20.53923607 23.68973160
v  -12.94750214 20.52186775 22.15666580
v  -12.33518314 20.74193382 21.29589272
v  -10.90308571 20.43658638 25.25913620
v  -11.42768669 20.29319572 25.06134796
v  -11.12321949 20.34676170 25.23458862
v  -12.36787510 20.44963837 23.93418121
v  -11.44036293 20.98917389 23.58530426
v  -11.57305717 20.43956375 24.63870621
v  -8.14964676 20.32570457 26.60885048
v  -8.64529133 19.85905647 26.99070740
v  -9.94092178 20.15057373 26.45252419
v  -9.82930851 20.98422432 25.04721069
v  -9.73517132 19.70876122 26.87965012
v  -9.46143150 19.33945465 27.18828773
v  -9.02089310 19.38741875 27.25305176
v  -8.85193729 19.69365883 27.08772278
v  -6.38432503 19.95726967 26.45082283
v  -6.60782862 19.97445297 26.49724197
v  -7.91267824 20.99633980 25.46520615
v  -6.98315907 20.11190414 26.42164612
v  -6.80743980 20.02599525 26.48751831
v  -4.11472321 21.13196373 21.17818832
v  -3.80238152 20.71428108 21.80510330
v  -4.64715528 21.12421799 23.52800560
v  -3.99875116 20.67597008 22.86056900
v  -3.88066769 20.60742760 22.67269135
v  -3.78853226 20.56630516 22.46350479
v  -3.72234535 20.55259705 22.23300934
v  -3.51343298 20.30831337 24.22830200
v  -3.51049805 19.99593544 24.68622971
v  -5.88005781 20.96132088 24.88460541
v  -11.32702446 20.42502213 17.64790535
v  -10.14407444 21.18328476 18.32165337
v  -11.20385933 20.40587234 17.53472519
v  -12.35731888 20.77092361 20.77596664
v  -12.39505196 20.40667343 18.83735275
v  -12.03265762 20.73178482 19.86616707
v  -12.52737427 20.44993019 23.83980751
v  -13.00131035 20.20530510 23.64332581
v  -12.99588871 20.17467499 23.68122101
v  -13.27150917 20.20530510 22.78928757
v  -13.26057911 20.08300972 23.28537750
v  -13.27694130 20.08301926 23.23366165
v  -12.03852654 20.98029327 21.71216011
v  -10.71924973 20.41078758 25.31440353
v  -11.53297997 20.34808350 24.85641861
v  -11.42694092 20.15139961 25.15175247
v  -11.11228466 20.21624756 25.32172012
v  -11.64513588 20.41617203 24.46407127
v  -11.66375351 20.30033493 24.66255569
v  -8.53395939 19.74408722 27.05043411
v  -9.86412716 19.89286232 26.69214058
v  -10.07514191 20.33230591 26.17277527
v  -9.67068672 19.38689995 27.10969925
v  -9.24627209 19.34208679 27.23444557
v  -8.82704735 19.46953583 27.22858620
v  -6.41915083 19.83183670 26.42818832
v  -7.13498735 20.23217010 26.29963303
v  -3.59113646 20.54018021 19.28103256
v  -3.64648724 20.51590919 19.12512970
v  -4.80501080 21.19744301 19.56432343
v  -3.15532017 20.53760338 20.64532471
v  -3.99928617 20.96509171 21.24339867
v  -3.75446987 20.62445641 22.02720642
v  -3.82432747 20.68659401 21.60219955
v  -4.14278030 20.77192307 23.02713585
v  -4.02815914 20.70580673 23.65102005
v  -4.53289700 20.32624245 25.31359863
v  -3.59825563 19.91773605 24.89741898
v  -5.32030869 20.70596695 25.08762360
v  -6.05278063 19.83183670 26.13250732
v  -10.04492188 20.63868713 17.48778915
v  -10.21319389 20.98895073 18.14499283
v  -8.75425529 20.62465858 17.05887222
v  -8.14577293 21.00844765 17.50035477
v  -9.38083935 20.34376144 16.84310913
v  -8.94211292 20.49357414 16.92510605
v  -9.15097427 20.39994049 16.85318375
v  -9.59600639 20.19966316 16.84028053
v  -9.69166470 20.34463882 16.94273376
v  -9.98663521 20.50146294 17.26714516
v  -9.86888313 20.40344620 17.08546066
v  -12.29525566 20.42360306 18.70387268
v  -12.58859158 19.78590965 18.05759430
v  -11.97757339 19.78590965 17.38946915
v  -12.47426224 20.60781097 21.11596870
v  -12.39015961 20.50946808 20.14143944
v  -12.50828075 20.45388794 20.34052467
v  -12.58346939 20.45452499 20.68493080
v  -12.55702400 20.51200676 20.91231537
v  -12.42750168 20.35747719 18.94897842
v  -11.57782555 20.98713493 19.56976700
v  -12.23161888 20.60210228 19.98332024
v  -13.07921410 20.40314484 22.31357574
v  -13.32356834 20.10307121 22.98972702
v  -12.95326424 20.45512390 22.03722382
v  -12.43465614 20.58442688 21.30224419
v  -10.91814804 20.29730606 25.34644699
v  -11.52882957 20.16794586 25.03224373
v  -11.30166149 20.16761208 25.24021912
v  -12.29821777 20.34842682 23.95217896
v  -12.74991798 20.20590401 23.91808128
v  -11.47364521 20.82088852 23.65873718
v  -11.62498474 20.21759224 24.85194588
v  -8.09401989 20.22037125 26.56380463
v  -8.66473579 19.58842468 27.16104507
v  -9.93324566 19.59401512 26.87537766
v  -9.98654842 19.75368500 26.71964645
v  -9.89681625 20.81228256 25.08668137
v  -9.82795811 19.47175217 27.00539589
v  -9.48579884 19.22419357 27.22517395
v  -9.01355076 19.24167442 27.30990982
v  -8.82011890 19.30586052 27.29063034
v  -6.64262342 19.84940720 26.47494125
v  -7.87328672 20.82158661 25.53920746
v  -7.01770926 19.98996735 26.40202332
v  -6.84214306 19.90211868 26.46621895
v  -4.55685091 20.42987251 18.28323555
v  -4.55799866 20.65679550 18.72801971
v  -4.52315235 20.52442551 18.49981880
v  -3.71039248 20.45442200 19.03840637
v  -2.66622686 19.99766159 19.72755241
v  -3.11247444 20.51395988 20.80665588
v  -3.75330734 20.56295395 21.79162979
v  -4.46407890 20.96525192 23.46155739
v  -3.97452879 20.54438400 22.89910126
v  -3.86508512 20.46638680 22.71002388
v  -3.77813339 20.41959190 22.50011826
v  -3.71775293 20.42165375 22.21482468
v  -3.71778202 20.47464371 21.99583817
v  -3.48222351 20.12612915 24.46319199
v  -3.40249920 20.05725861 24.34477997
v  -4.31020641 20.13591003 25.35183716
v  -3.89610243 19.91857529 25.22111511
v  -3.41255426 19.81760216 24.70888519
v  -5.85497332 20.81124878 24.91440392
v  -7.77511644 20.19201469 16.29483032
v  -7.94213152 20.17602921 16.27641296
v  -6.13731480 20.97523499 17.81322861
v  -6.37606192 20.19201469 16.60355377
v  -10.11825180 20.47670174 17.39491844
v  -8.75463581 20.47026062 16.94843864
v  -8.05952835 20.12806892 16.30581474
v  -8.91799831 20.35187721 16.83634567
v  -9.10195732 20.26731110 16.77756119
v  -9.30651283 20.21657753 16.77208900
v  -9.53166389 20.19966316 16.81992340
v  -9.80523396 20.21697807 16.93081474
v  -9.96201706 20.26892090 17.05343246
v  -10.06635666 20.35549545 17.20813370
v  -11.55502605 20.05830574 17.39171982
v  -11.09636402 20.35141373 17.48749542
v  -12.52967644 20.32001877 20.25769615
v  -12.61013889 20.30270386 20.52822304
v  -12.63908195 20.32031250 20.75746155
v  -12.59939194 20.30270386 20.47951889
v  -12.55963993 20.17195320 20.46963310
v  -12.57870102 20.17195320 20.55601501
v  -12.61948204 20.37313652 20.96287918
v  -12.55896664 20.05676651 18.48631096
v  -12.12250900 20.57976532 19.82418251
v  -12.29123497 20.45854950 19.93002892
v  -12.78710938 20.28935623 23.79017258
v  -13.15371132 20.10589218 23.51295662
v  -13.22470474 20.26313591 22.52968597
v  -13.30615711 20.16311073 22.75506973
v  -13.39372253 19.94104767 23.18104362
v  -13.31505013 19.94083595 23.42965698
v  -13.22385025 19.95725060 23.63676643
v  -12.09375000 20.81203270 21.67832375
v  -10.68382263 20.29133224 25.31162643
v  -11.26442719 20.04272079 25.23148727
v  -11.52467155 20.04317856 24.99329185
v  -11.07541275 20.09244156 25.31417847
v  -10.88187790 20.17531204 25.34089279
v  -11.66204071 20.17945862 24.62563324
v  -11.64556313 20.29869843 24.42892647
v  -11.62174416 20.09428215 24.81375504
v  -8.53056908 19.56086540 27.10735893
v  -10.10208893 20.23523331 26.09551811
v  -9.70061398 19.24554825 27.15666962
v  -9.47673416 19.13798714 27.25290108
v  -9.23942089 19.21969223 27.28095245
v  -8.65912437 19.41226006 27.22311401
v  -6.43042278 19.72818184 26.34372330
v  -7.16932297 20.11296082 26.28235245
v  -5.03606987 20.41901588 17.81362343
v  -6.12541056 20.90108871 17.79259109
v  -4.82488060 20.37042809 17.91881943
v  -4.65696669 20.99612236 19.38981628
v  -4.42741394 20.38254547 18.47729111
v  -4.46071053 20.29733849 18.29096413
v  -2.71855783 19.87582970 19.36419296
v  -2.92997885 20.01606369 19.28614616
v  -2.57071304 19.97903061 19.97043991
v  -2.61155033 20.05360603 20.45144081
v  -3.11515808 20.45178032 20.92078781
v  -3.97807789 20.80908012 21.28853989
v  -3.84848261 20.56259155 21.58572769
v  -4.10646486 20.65357208 23.06734848
v  -4.06893063 20.59530640 23.56278610
v  -3.38055849 19.91757584 24.52682877
v  -4.43419743 20.06720352 25.44806671
v  -4.09794140 20.00001717 25.32100677
v  -4.26159906 19.92190170 25.47558975
v  -3.63835907 19.73677826 25.07301331
v  -3.75367689 19.73629189 25.19886017
v  -3.49848795 19.75733566 24.89094543
v  -5.40139198 20.59567451 25.09939575
v  -6.09532070 19.70476151 26.00510025
v  -7.85491657 20.04816055 16.20187759
v  -6.21680546 20.17602921 16.65713120
v  -10.22950554 20.81465530 18.07445335
v  -8.20480347 20.82682991 17.42761993
v  -8.12730598 20.04813766 16.38303947
v  -9.50008297 20.07328606 16.84437561
v  -9.61136436 20.07328606 16.87958336
v  -12.61861420 19.87869263 18.28168297
v  -12.16043091 19.67517853 17.47264099
v  -12.35599804 19.64966583 17.64769173
v  -12.36933517 19.64967155 17.66227150
v  -12.52379894 19.67514420 17.86966324
v  -11.75994492 19.87949562 17.34465599
v  -12.55134010 20.46117401 21.14447403
v  -12.42695713 20.37197113 20.07453346
v  -12.60837936 20.19022560 20.78529358
v  -12.39260483 20.27600861 19.03874397
v  -12.66900253 19.84769440 18.44119835
v  -11.64657879 20.82226181 19.59367180
v  -12.94128418 20.08978462 23.88097954
v  -13.09926224 20.00690079 23.78720665
v  -13.26050568 20.18739128 22.38796616
v  -13.37466621 20.07976913 22.55835533
v  -13.44127464 19.95660019 22.95489311
v  -13.26372814 19.79485893 23.68073082
v  -13.45002747 19.65002441 23.20343399
v  -13.35507011 19.77882195 23.47452545
v  -13.44795609 19.77936935 23.18106651
v  -12.90858269 20.35351753 21.95738792
v  -12.41498566 20.46434021 21.33067322
v  -12.78784943 20.04072952 23.94852448
v  -12.22001266 20.20960808 23.90069199
v  -8.09287071 20.07290840 26.48380280
v  -9.96541405 19.41816902 26.92849541
v  -9.86048508 19.31020546 27.05777740
v  -10.01539993 19.56943321 26.76882362
v  -9.88000965 20.68181038 25.02414703
v  -9.25824356 19.11765862 27.30562210
v  -9.03789234 19.10185051 27.34000778
v  -8.84948540 19.13439751 27.32099533
v  -8.69302559 19.21529007 27.24857903
v  -6.65594721 19.73615646 26.38127136
v  -5.44935131 20.48592567 17.70108604
v  -4.65909481 20.37314034 18.07827377
v  -4.45369244 20.50183487 18.67148590
v  -4.55358315 20.24621201 18.11250305
v  -2.54377031 19.77565765 19.49508095
v  -2.66443539 19.72840309 19.29483414
v  -2.84795952 19.85041237 19.22725487
v  -3.78285170 20.35571671 19.02086258
v  -2.40561676 19.71555710 19.67880821
v  -2.47918606 19.86759567 20.46910286
v  -2.45205402 19.89694214 20.29588509
v  -3.78637600 20.43181610 21.77354813
v  -4.42041206 20.82340813 23.39573288
v  -4.01165819 20.41610527 22.89280701
v  -3.90810251 20.33141899 22.70408058
v  -3.82468367 20.28060722 22.49438286
v  -3.75721788 20.33840179 21.97660446
v  -3.38640165 19.89486122 24.34529686
v  -4.09064674 19.81831932 25.44322968
v  -3.92133951 19.75644875 25.35098648
v  -3.36320210 19.75458145 24.52653313
v  -5.89643478 20.68181038 24.84629822
v  -6.31344271 20.00496101 16.51033974
v  -7.27226639 19.63081360 16.02435303
v  -10.13861942 20.35704231 17.42887497
v  -8.88712215 20.23004341 16.85702705
v  -8.72430801 20.35196686 16.96618843
v  -7.85862684 19.82498550 16.12785721
v  -9.07069016 20.14295387 16.80033684
v  -9.27501011 20.09070587 16.79612160
v  -9.97862816 20.14422417 17.09139633
v  -9.77795982 19.97747803 17.05429268
v  -9.82090473 20.09102058 16.96978188
v  -10.08453274 20.23289680 17.24442863
v  -12.60689163 19.75148582 18.07613373
v  -11.96174622 19.75178337 17.37162971
v  -12.49263096 19.51569748 17.74648094
v  -12.62872887 19.53654289 17.92650604
v  -11.60116863 19.84946442 17.27883530
v  -11.76905441 19.70326996 17.24082184
v  -11.00453663 20.26165581 17.50621414
v  -12.49061298 20.19006538 20.24766350
v  -12.59098625 20.24505234 20.99082947
v  -12.48098564 20.06768990 20.50453377
v  -12.32438660 19.99453926 20.32994080
v  -12.49249077 20.06736946 20.55813217
v  -12.51194382 20.07506943 20.78863525
v  -12.52652168 20.33642387 21.17262268
v  -12.25767899 20.33495712 19.91880417
v  -12.09377289 20.46173477 19.81191444
v  -12.38995934 20.24440002 20.06405449
v  -13.43492317 20.00283813 22.74732971
v  -13.13874435 19.84385872 23.82846451
v  -13.49500275 19.79487801 22.95519829
v  -13.36673927 19.63218117 23.46558571
v  -13.27528572 19.63227463 23.66981506
v  -12.02581787 20.68181038 21.66318893
v  -10.62987041 20.17482185 25.22990036
v  -11.40319633 20.68181038 23.63115311
v  -11.58171940 20.05914497 24.56270599
v  -11.54254532 19.97556686 24.75227356
v  -11.56715488 20.18094444 24.36709213
v  -10.83275604 20.10131645 23.26695442
v  -11.44963360 19.93020058 24.93579483
v  -7.86439562 20.68181038 25.46892166
v  -8.56851196 19.34453583 27.12276077
v  -10.06308556 20.09932518 26.00429153
v  -9.68696213 19.11269760 27.19248581
v  -9.46370983 19.07398796 27.27745819
v  -6.43175316 19.60993004 26.21178055
v  -6.85685253 19.78348351 26.36731720
v  -7.89458036 20.10131645 24.79280663
v  -7.18480396 19.99622345 26.18490601
v  -7.03612566 19.70973396 26.13431549
v  -7.03313780 19.87017632 26.30186272
v  -6.85947466 19.64363670 26.21038818
v  -6.12268496 20.12806892 16.73320961
v  -5.24364948 20.37359428 17.69716072
v  -6.14765644 20.80558777 17.83671188
v  -4.85235882 20.24521637 17.83552361
v  -5.07795906 20.16961288 17.75693130
v  -5.04465199 20.29336166 17.74197197
v  -4.61461258 20.82205391 19.31342316
v  -4.42722893 20.26172066 18.51572037
v  -4.46248865 20.17353249 18.33095169
v  -4.55653954 20.12061310 18.15342522
v  -2.34499788 19.71790504 19.88033485
v  -2.34748697 19.73806763 20.33952141
v  -3.18632174 20.34457207 20.93869209
v  -2.36320305 19.78504562 20.10551643
v  -4.05866718 20.68181038 21.30750084
v  -3.91018438 20.29397011 21.78388786
v  -4.13535118 20.53466034 23.06056595
v  -3.76100874 20.28235817 22.19489861
v  -3.89454508 20.19412804 22.43613434
v  -4.10181952 20.44061089 23.53061295
v  -4.28186226 19.75398064 25.51370621
v  -4.45430851 19.89889145 25.48480606
v  -4.11096048 19.65090370 25.48238373
v  -3.65214634 19.45637131 25.07591057
v  -3.61973381 19.57163620 25.07134247
v  -3.77378654 19.57024956 25.23907471
v  -3.47986841 19.59296799 24.88955688
v  -3.45122623 19.47441292 24.70227814
v  -3.39435768 19.65395164 24.70795441
v  -5.46188068 20.44126320 25.05789185
v  -6.26063299 20.10131645 24.27585983
v  -6.81741524 19.62811470 16.12274170
v  -7.68896246 19.85339928 16.09565353
v  -7.49474525 19.71428299 16.03647804
v  -10.18804741 20.68181038 18.12439156
v  -8.14546490 19.93623161 16.50808716
v  -7.89063120 19.68615723 16.16977882
v  -9.48990345 19.96984291 16.92891502
v  -9.57193947 19.96926880 16.95545578
v  -12.71691418 19.70254326 18.27386475
v  -12.65952110 19.71686363 18.48505592
v  -12.10386467 19.53630257 17.35350037
v  -12.41306305 19.28194046 17.83409882
v  -12.48440361 19.38396072 17.79189110
v  -12.21918011 19.38352203 17.50260353
v  -12.70348930 19.59882736 18.10229874
v  -11.93661976 19.59888458 17.26571083
v  -12.40155029 20.07464027 20.28613663
v  -12.42403698 19.99540138 20.78143883
v  -12.29035950 20.16226578 19.10665131
v  -12.98011780 19.92581749 23.91772842
v  -13.42423820 19.91630173 22.56088638
v  -13.30642891 20.02221489 22.39244270
v  -13.48709583 19.84052277 22.74847031
v  -13.14990044 19.66931343 23.81366348
v  -13.49370480 19.63711166 22.97982597
v  -13.45859146 19.38960838 23.03311539
v  -12.81345367 20.21704483 21.91715622
v  -12.30661392 20.33612633 21.33609772
v  -10.82691956 20.05571938 25.25618362
v  -11.21436119 19.92996979 25.15150833
v  -11.02346706 19.97424507 25.23318863
v  -11.02174950 19.97410393 25.23005295
v  -10.82508469 20.05400658 25.25914001
v  -12.79733467 19.85422516 23.92021179
v  -11.82604313 19.75850105 23.46743393
v  -11.58574963 20.05838966 24.56150436
v  -11.54604816 19.97626114 24.75450134
v  -11.58166885 20.18743706 24.36881447
v  -8.16138935 19.63546562 26.22962379
v  -9.93449593 19.19978333 26.96068192
v  -9.83954906 19.13329697 27.09507942
v  -9.97180367 19.31216049 26.78929520
v  -9.86462307 19.64078712 25.83631897
v  -10.62982750 20.17967224 25.24288559
v  -9.27662659 19.05578995 27.32141113
v  -9.06650448 18.99478531 27.34490204
v  -8.89797688 18.94008636 27.29444122
v  -8.76180172 18.95800209 27.21336746
v  -8.64578438 19.04493523 27.04488373
v  -6.65801716 19.61036873 26.23620987
v  -6.17079020 19.57797432 25.88551712
v  -7.18796968 19.80866432 26.00799370
v  -5.47668552 20.36952782 17.72487450
v  -4.88716030 20.11963654 17.84827614
v  -5.27446795 20.25291252 17.71579742
v  -4.45075846 20.38518715 18.70773506
v  -2.51206446 19.64124870 19.41037560
v  -2.88554668 19.72549248 19.21532631
v  -3.86386490 20.21979523 19.07249832
v  -2.26082182 19.59003258 19.98961449
v  -2.42399216 19.64278221 20.37121964
v  -2.56204128 19.77210808 20.49021530
v  -2.27469826 19.64554787 20.17969131
v  -4.08425665 20.29241371 21.61092377
v  -4.45558071 20.30846405 22.90139389
v  -4.19273186 20.21600723 22.78782272
v  -4.01287699 20.21219826 22.62492752
v  -3.84461451 20.20112991 22.20309639
v  -3.83486938 20.24349976 21.98752785
v  -4.50344181 20.68181038 23.32311249
v  -3.48389578 19.63858414 24.32106400
v  -3.94160128 19.58966064 25.39084244
v  -3.52248764 19.44712830 24.89004135
v  -3.80255032 19.39983368 25.21646500
v  -3.43836260 19.53823280 24.51261711
v  -5.59801865 19.61008644 24.82905006
v  -6.44513130 19.82909966 16.35229874
v  -6.61312199 19.70348167 16.22310066
v  -6.29492998 19.80393219 16.45746994
v  -6.96253777 19.45521545 16.05439377
v  -7.55422497 19.54765892 15.99162960
v  -7.72125053 19.66321182 16.03952217
v  -10.09656143 20.24083328 17.51688194
v  -8.22008705 20.68181038 17.50177193
v  -8.69957733 20.13053131 17.17946053
v  -8.70989704 20.23041534 17.06855392
v  -9.26277351 19.97715187 16.89036751
v  -9.49276066 19.89553261 17.00770950
v  -9.66543865 19.80201721 17.22131348
v  -9.52503681 19.89618301 17.01709366
v  -9.72003365 19.88528824 17.13912582
v  -9.87169361 19.92325592 17.27857780
v  -9.93407059 20.02547646 17.18080902
v  -12.70807266 19.57142448 18.31831741
v  -12.15855598 19.27169228 17.57063103
v  -12.05219650 19.40418816 17.35207748
v  -12.53931713 19.29063034 18.02087212
v  -12.62051392 19.40497589 17.97173500
v  -11.71763992 19.57117081 17.24003220
v  -11.55006599 19.71748161 17.27851677
v  -10.92837906 20.13659477 17.59088326
v  -12.38231277 20.02926445 20.99003029
v  -12.48744774 20.12243080 20.99512863
v  -12.29248619 20.12007141 20.10562325
v  -11.58104134 20.68181038 19.64757538
v  -12.15379143 20.20397949 19.96299553
v  -11.88263702 20.22439003 19.90714264
v  -11.98546791 20.32637024 19.85825539
v  -12.99058342 19.74329948 23.89712906
v  -13.27278519 19.38889694 23.61460495
v  -13.13755131 19.37768173 23.72815323
v  -12.43042088 19.72723007 21.85213852
v  -12.19390869 20.23470879 21.33577919
v  -11.37979031 19.85855103 24.89744568
v  -11.18203640 19.85815048 25.07815933
v  -10.98287868 19.88136864 25.14086914
v  -12.75452423 19.39559174 23.71522141
v  -11.44802952 20.01390648 24.30726624
v  -11.81073570 19.67921638 23.42258835
v  -9.56809330 20.10131645 24.42352104
v  -9.65845776 19.00481224 27.21287537
v  -6.42423248 19.56349373 26.14227104
v  -8.18112755 19.55869102 26.18397331
v  -7.89890337 20.01844978 24.69598579
v  -7.02651787 19.62859917 26.02597809
v  -6.85065413 19.58344269 26.11894226
v  -6.64989233 19.56173897 26.15770721
v  -6.09370041 20.04813766 16.83178520
v  -6.20447350 20.68181038 17.94654655
v  -5.13179922 20.04841614 17.84583473
v  -5.33079052 20.12703133 17.81027412
v  -4.68128777 20.68181038 19.33954048
v  -4.52869797 20.26725006 18.77015114
v  -4.50714350 20.14114761 18.57928467
v  -4.54137039 20.05444145 18.39313507
v  -4.63137817 20.00712204 18.21170425
v  -2.39084435 19.58896255 19.57387924
v  -3.07108068 19.49017334 19.32288170
v  -2.97780418 19.60371208 19.26185036
v  -2.79485464 19.48058128 19.32960892
v  -2.54982853 19.51585770 19.39773560
v  -2.63983583 19.39603424 19.44396591
v  -2.70212650 19.60320663 19.28248978
v  -2.37760830 19.50675201 20.21742249
v  -3.25711393 20.21181107 21.00746346
v  -4.73478127 20.10131645 21.33768463
v  -4.16284800 20.20235252 21.61932373
v  -3.92822027 20.11990166 22.21129417
v  -3.96376324 20.11241341 22.42024231
v  -4.44325638 19.59877586 23.56178093
v  -4.33941269 19.51431656 25.46745682
v  -4.15318584 19.44682693 25.44873810
v  -4.53291082 19.61113358 25.42123413
v  -3.97423220 19.40866661 25.36507416
v  -3.77286148 19.18655586 25.08141327
v  -3.65827227 19.15406609 24.89007950
v  -3.61008644 19.14959145 24.69425583
v  -3.62830496 19.17312813 24.49393845
v  -6.31278706 20.01844978 24.19417191
v  -6.40614557 19.65136909 16.32103348
v  -6.55448532 19.54239845 16.20837593
v  -6.73994970 19.47701263 16.11949539
v  -7.13122320 19.45521545 16.01716995
v  -7.35754919 19.47832489 15.98417854
v  -10.04499817 20.14579010 17.60974503
v  -8.86479664 20.00146484 17.08007240
v  -8.87277031 20.10743523 16.96018600
v  -9.05206680 19.91927910 17.01831818
v  -9.05706215 20.02301216 16.90079117
v  -7.90001822 19.52284622 16.32168198
v  -8.11528015 19.35574150 17.18420029
v  -8.18990231 20.10131645 18.17788506
v  -7.75443077 19.52395058 16.08086586
v  -9.26138878 19.88396835 16.99419594
v  -9.25845146 19.80117226 17.09282303
v  -9.98001480 20.01008987 17.43545151
v  -10.04027081 20.11325836 17.33500481
v  -12.55744934 19.58004570 18.54581833
v  -11.98598385 19.28397751 17.42608452
v  -11.88501549 19.46673775 17.26455307
v  -12.60546684 19.34321022 18.20174980
v  -12.69506931 19.46746445 18.14721107
v  -12.21087170 19.08486557 17.92032814
v  -12.31140518 19.07130051 18.12353325
v  -11.81439590 19.33983612 17.34361267
v  -10.59071445 19.72399330 18.06042480
v  -12.41900444 20.20944786 21.17761612
v  -12.30560303 20.10903549 21.17480850
v  -12.19890022 20.02659035 20.15488052
v  -12.32710361 19.91285324 20.77515793
v  -12.28144264 19.93533516 20.97887039
v  -12.23898983 19.91233444 20.37623405
v  -11.79276466 19.69120598 19.31655312
v  -10.98041630 20.10131645 19.95949173
v  -12.05164909 20.10320282 20.01394653
v  -13.40209579 19.68533134 22.59140968
v  -13.47772789 19.64888382 22.77581787
v  -13.26680851 19.74645615 22.42659950
v  -12.96377182 19.38324928 23.76394844
v  -13.43305588 19.26836586 23.05711746
v  -11.34970284 20.10131645 21.63300514
v  -11.45718002 19.88204193 24.70574760
v  -11.15717125 19.80785751 25.00595474
v  -10.95313358 19.81753540 25.05473328
v  -11.30985928 19.80809975 24.86670876
v  -10.78259754 19.93254662 25.15028381
v  -10.58119392 20.01168060 25.10640335
v  -11.47992611 19.93382454 24.50902176
v  -10.75106812 20.01844978 23.21480179
v  -9.83193874 19.02054214 26.94266129
v  -9.77824783 18.94663048 27.09939194
v  -9.87351418 19.09633446 26.77714539
v  -9.52342606 20.01844978 24.33751106
v  -9.41951942 18.85094643 27.31807709
v  -9.32344723 18.85046959 27.33922768
v  -9.10063267 18.86076927 27.36053848
v  -9.37678051 18.78558540 27.31821442
v  -8.91341686 18.89661407 27.31858444
v  -8.67258263 19.00385284 27.03437424
v  -6.19484234 19.53652954 25.86654282
v  -7.17748356 19.69721603 25.87881279
v  -5.53362179 20.24203110 17.82326317
v  -4.93664742 20.00618362 17.92994690
v  -4.55741119 20.22949600 18.79655266
v  -4.54637623 20.09622574 18.60840225
v  -4.58104992 20.01114273 18.41860771
v  -2.88094091 19.38181877 19.38587952
v  -2.42865276 19.46344948 19.56106186
v  -4.13301182 19.73215485 19.34459496
v  -2.59266233 19.62676430 20.53206253
v  -2.46542740 19.49345589 20.40089607
v  -2.34332657 19.42272568 19.98727608
v  -3.61833525 19.74505997 21.00848389
v  -4.03399229 20.15612793 21.79422951
v  -5.10406685 20.10131645 23.01119804
v  -4.32448959 20.07331467 22.72092819
v  -4.11956644 20.09232330 22.59040070
v  -3.91252041 20.14859772 21.99845314
v  -3.71292734 19.22467422 24.28912926
v  -3.85182047 19.13759995 25.13852119
v  -4.62211990 19.25235558 25.29597473
v  -5.60854340 19.52648354 24.79655647
v  -6.39998150 19.51264954 16.37145805
v  -6.29072285 19.66607094 16.50809097
v  -6.95385790 19.31539726 16.10456467
v  -7.16591501 19.31539726 16.05777168
v  -9.82384968 20.10131645 18.69483185
v  -7.88448858 19.28308105 16.58201599
v  -8.10434437 19.29767990 17.25357056
v  -8.70850658 19.97336388 17.31814194
v  -8.86957645 19.88611412 17.19376373
v  -9.61381340 19.75207901 17.27946091
v  -9.81251526 19.83024597 17.36084938
v  -9.90920639 19.88909721 17.52760696
v  -12.61151028 19.43968391 18.37673187
v  -12.03765297 19.07110596 17.75578690
v  -12.36199570 19.11042786 18.31504631
v  -11.64379215 19.43926811 17.32321548
v  -11.47417355 19.58227158 17.36489487
v  -11.32782555 19.35756302 17.57445526
v  -12.18875599 19.98524475 21.15682983
v  -12.19140625 19.87056351 20.96148109
v  -12.11257744 19.93444824 20.20684433
v  -12.25194740 19.86234474 20.76057053
v  -12.17658615 19.86203194 20.42053986
v  -12.31334782 19.34675407 18.66299820
v  -11.76495361 20.05961227 19.99038696
v  -11.95456505 19.98354149 20.07822800
v  -13.42543888 19.36586761 22.83494186
v  -13.26485729 19.27071571 23.58315277
v  -13.13270283 19.29454613 23.70339012
v  -12.96259117 19.33617592 23.74741364
v  -11.25288391 20.01845551 21.62868309
v  -13.15684509 19.35558510 22.50541687
v  -12.04904366 20.06257057 21.30903625
v  -10.92781448 19.77820396 24.97095871
v  -11.37308407 19.81725311 24.66871262
v  -11.13605499 19.77065086 24.92783737
v  -11.23351955 19.77085304 24.83940887
v  -10.74720478 19.84539223 25.04683304
v  -12.74161911 19.33832741 23.67403984
v  -11.37810230 19.84444809 24.46455383
v  -11.32491207 19.88968658 24.25423622
v  -11.80267334 19.61464882 23.36874199
v  -8.21439171 19.49622536 26.14198303
v  -9.82524395 19.56235695 25.80912590
v  -9.62734985 18.85995865 27.24388123
v  -9.13374805 18.79948425 27.34434509
v  -8.79132843 18.90860176 27.20028877
v  -6.40932178 19.52771568 26.06716537
v  -7.90199089 19.95985985 24.62682343
v  -7.01432610 19.58650970 25.93019295
v  -6.83639193 19.54783440 26.02965927
v  -6.12985182 19.93623161 16.95286179
v  -5.55940914 20.19610977 17.86434174
v  -5.15446234 20.00247002 17.89076996
v  -5.35752773 20.07736588 17.85779381
v  -5.25172710 20.10131645 19.70373726
v  -4.66143131 19.97423553 18.22717094
v  -3.16984463 19.37352943 19.39590645
v  -2.71283150 19.31436348 19.49284744
v  -2.51274920 19.35007095 19.60491943
v  -2.39278984 19.40141869 20.23925781
v  -2.70838976 19.49781227 20.54217339
v  -4.83160162 20.01844978 21.34200668
v  -4.36417198 20.02020645 21.65122223
v  -4.57853508 20.05537605 22.81182671
v  -3.98395729 20.06574631 22.21676064
v  -4.02176332 20.06397247 22.38030434
v  -4.48772526 19.51858139 23.56799126
v  -4.41341877 19.18931198 25.35963058
v  -4.21546888 19.14916992 25.35460854
v  -4.02826929 19.13193321 25.28090668
v  -3.84513760 19.03790092 25.07144547
v  -3.71917963 19.03683472 24.88382339
v  -3.66182852 19.05656052 24.69072342
v  -3.67308426 19.09708977 24.49214554
v  -3.75294685 19.15841484 24.28808975
v  -4.64104509 19.16724396 25.26197815
v  -6.35004187 19.95985985 24.13582039
v  -6.54692364 19.40306473 16.25865936
v  -6.73154879 19.33731270 16.16969490
v  -6.98907328 19.20853424 16.18618965
v  -7.39207268 19.33856773 16.02486229
v  -7.59521914 19.27438545 16.14929199
v  -7.58824492 19.40808487 16.03256035
v  -9.95550919 19.97855759 17.72158813
v  -9.05289173 19.82871819 17.11865807
v  -7.76265049 19.37590218 16.21421051
v  -8.18557930 20.01844978 18.27470589
v  -7.86654425 19.15215111 16.71456528
v  -9.75093842 19.76597595 17.43081856
v  -9.26614666 19.75161362 17.17005730
v  -11.84930420 19.06500244 17.63028908
v  -12.08812332 18.97243118 17.98433113
v  -12.20760155 18.98020172 18.17345428
v  -12.26309490 19.02481461 18.35799217
v  -9.77169609 20.01844978 18.77651787
v  -11.25519085 19.22607994 17.70048332
v  -12.08023453 19.89593697 21.13556671
v  -12.08968163 19.82431984 20.93840027
v  -12.03855705 19.87091255 20.25926399
v  -12.16956711 19.82345772 20.73902512
v  -12.11002922 19.82303619 20.47404289
v  -11.72608566 19.63162804 19.33589363
v  -12.18213081 19.22457504 18.71329880
v  -10.89440632 20.01844978 20.00415993
v  -13.32485771 19.35452461 22.65904427
v  -13.40898323 19.28822517 22.85367775
v  -12.37238693 19.65766907 21.85048866
v  -10.71718311 19.80005455 24.95980072
v  -10.89334297 19.74897003 24.85950089
v  -11.29113197 19.77792168 24.63662529
v  -11.14427376 19.74356842 24.81198883
v  -10.86706352 19.73836899 24.70830154
v  -11.11571598 19.74334145 24.83694649
v  -10.53938484 19.89143181 24.98225403
v  -10.69271660 19.95985985 23.17754555
v  -9.84745407 18.95422745 26.96856689
v  -9.76999474 18.89438248 27.12737846
v  -9.85972786 19.03948593 26.76745033
v  -9.49151993 19.95985985 24.27607155
v  -8.94505024 18.84048080 27.30361176
v  -9.53147697 18.76281548 27.22914886
v  -9.58604527 18.79901695 27.24409676
v  -8.71273518 18.96450424 26.99656105
v  -8.26118088 19.44806290 26.10365677
v  -6.63472366 19.52823448 26.07531738
v  -6.21119022 19.50967216 25.86197281
v  -7.16852665 19.64426994 25.77691841
v  -6.61520004 19.51063156 25.99586678
v  -6.44176769 19.35573769 17.55348587
v  -6.51638937 20.10131645 18.54717064
v  -4.95021152 19.97142029 17.96327019
v  -4.74424076 19.89130402 18.27721405
v  -4.69561481 20.04477310 18.85979462
v  -4.65480995 19.96537590 18.66172981
v  -4.67101860 19.91422081 18.46753502
v  -2.96629190 19.28931427 19.44739914
v  -2.37475061 19.35066414 20.04714775
v  -4.17055273 19.66245270 19.39184570
v  -2.57045746 19.38618851 20.40796661
v  -2.48094702 19.31656265 20.24282455
v  -2.82873487 19.37765312 20.54446602
v  -3.67008781 19.67121887 20.99755478
v  -4.20506525 20.02233887 21.82624435
v  -5.19007683 20.01844978 22.96652985
v  -4.37602186 20.02337646 22.67559624
v  -4.17731476 20.04325867 22.54724121
v  -4.06464720 20.04355049 22.00992584
v  -3.87511587 19.03035545 25.09736061
v  -4.43225384 19.10413742 25.32472610
v  -4.66107082 19.09350014 25.20548058
v  -5.60570049 19.45833969 24.75653839
v  -6.45107889 19.36351204 16.49691772
v  -6.59176540 19.26907730 16.36754036
v  -6.34903669 19.50072289 16.65209961
v  -7.17016506 19.20764732 16.14711761
v  -7.39772463 19.21829987 16.12692642
v  -6.77109718 19.21741867 16.26396179
v  -7.74991989 19.17126083 16.44135284
v  -8.07812500 19.25018120 17.31413651
v  -7.85005856 19.09366035 16.80808830
v  -8.87967205 19.80135155 17.30249596
v  -8.72039986 19.85643196 17.44822311
v  -9.06158733 19.76641464 17.20977402
v  -9.68819714 19.72836685 17.49491501
v  -9.55437183 19.71652794 17.33679008
v  -9.83477211 19.79978943 17.61262894
v  -9.86531448 19.85353088 17.82489586
v  -12.36264229 19.20224380 18.49486732
v  -11.96677780 18.97027397 17.85710144
v  -11.66821671 19.11070824 17.55823326
v  -11.49439049 19.20823097 17.53962326
v  -11.61306953 19.02536011 17.64760208
v  -10.57242107 19.65446472 18.11507225
v  -11.43465137 19.10751343 17.64124489
v  -11.91843033 19.93846321 21.28282928
v  -11.95273209 19.83494949 21.11101151
v  -11.99699306 19.80295563 20.91788101
v  -11.95427132 19.82403755 20.32254219
v  -12.04515743 19.79789925 20.53197670
v  -12.08594894 19.79820442 20.71254349
v  -11.86635685 19.89711189 20.14098930
v  -11.65998554 19.94063377 20.06571960
v  -13.11731243 19.23008728 23.65888977
v  -13.24847031 19.20286179 23.53737450
v  -13.39463806 19.20120239 23.08108521
v  -12.94836235 19.27523994 23.70444489
v  -11.18372250 19.95985985 21.62559509
v  -13.13228893 19.32031822 22.53278160
v  -13.31995487 19.32377052 22.67138481
v  -10.66156197 19.76371956 24.82095337
v  -11.18286037 19.74922943 24.59326553
v  -11.03088570 19.73867035 24.55426788
v  -10.50416183 19.83621407 24.89436722
v  -12.71718025 19.29131889 23.60967636
v  -11.29295254 19.79914856 24.42737007
v  -11.23898220 19.83453941 24.21163940
v  -11.80185509 19.56479645 23.30589104
v  -9.77562046 19.49846268 25.79002762
v  -9.17218208 18.76280975 27.30877304
v  -8.83067989 18.87046051 27.16353226
v  -6.38689518 19.50300217 25.99094391
v  -7.90384388 19.92553520 24.58531952
v  -7.02437496 19.58842850 25.88600922
v  -6.82769299 19.53911018 25.96088791
v  -6.56105614 20.01844978 18.63318062
v  -6.44237375 19.31693459 16.84599113
v  -5.60689259 20.03569031 17.99820709
v  -4.99334049 19.88960648 18.04993439
v  -5.19496775 19.91144562 17.98233795
v  -5.39948559 19.96014214 17.96509552
v  -5.33341503 20.01844978 19.75589180
v  -3.24215889 19.31541061 19.45356941
v  -2.79410601 19.23301697 19.54858780
v  -2.56675100 19.28779411 19.64378166
v  -2.43985891 19.28893280 20.04675102
v  -2.67433500 19.29171562 20.40936661
v  -4.90076351 19.95985985 21.34509659
v  -4.94226742 19.92553520 21.34694862
v  -4.61788464 20.00433350 22.76536942
v  -4.53632545 19.45310211 23.58593369
v  -3.80936623 19.09863281 24.28457069
v  -4.23500156 19.06028366 25.31820488
v  -4.04928923 19.03569221 25.24241638
v  -3.78591967 18.96585274 24.87806320
v  -3.72406149 18.99195862 24.68636703
v  -4.45178556 19.03495598 25.27071953
v  -6.37239838 19.92553520 24.10080338
v  -7.05607128 19.08673859 16.30158424
v  -7.15805960 19.08784676 16.27769852
v  -7.15506220 18.99042511 16.39488411
v  -7.38670540 19.07364464 16.28919601
v  -8.18249130 19.95985985 18.34386826
v  -7.73679447 19.07072067 16.55192375
v  -9.77058792 19.75594330 17.68336487
v  -9.28002262 19.71621132 17.25096703
v  -11.79044533 18.97961235 17.71955490
v  -12.16963196 19.06258011 18.56406975
v  -12.25460434 19.10627174 18.53793907
v  -12.12343216 18.93711472 18.20035362
v  -12.00100422 18.92466354 18.01370049
v  -12.17964172 18.98308945 18.38381004
v  -9.73444080 19.95985985 18.83487129
v  -11.39709663 19.06120300 17.72476959
v  -11.21460533 19.17259598 17.79062653
v  -11.75871944 19.85535622 21.25686646
v  -11.85207748 19.81617165 21.10178566
v  -11.88022614 19.80256081 20.37878227
v  -11.80908585 19.78677368 20.45794106
v  -9.48402882 19.94571686 20.73659706
v  -9.66524029 19.94571686 21.55780411
v  -11.90100384 19.78677368 20.87448883
v  -11.65923405 19.58310699 19.33894539
v  -12.09340477 19.17559624 18.74113083
v  -10.83296680 19.95985985 20.03606606
v  -13.09215069 19.18514633 23.59617043
v  -13.37195587 19.22489738 22.87724304
v  -13.22313213 19.15850258 23.47506714
v  -13.34119797 19.15736008 23.10757065
v  -13.19194794 19.13933182 22.95712471
v  -12.31749249 19.60142708 21.86576653
v  -13.28450584 19.26460075 22.69447517
v  -10.42037773 19.78759766 24.72130585
v  -10.61263561 19.75564194 24.70039368
v  -9.41157055 19.94571686 22.35959625
v  -8.79098988 19.94571686 22.92713165
v  -10.65769958 19.92553520 23.15518951
v  -9.81318665 18.90833282 26.97009087
v  -9.73151398 18.83993340 27.12805557
v  -9.83106422 19.00421715 26.77020264
v  -9.47237206 19.92553520 24.23920059
v  -9.02516556 18.78946877 27.21528625
v  -8.98382854 18.80322647 27.26760101
v  -9.21533871 18.74898529 27.25481415
v  -8.86897850 18.85686684 27.11394119
v  -8.74677849 18.95119095 26.95077896
v  -6.42750740 19.49974060 25.70522308
v  -7.90528536 19.90069771 24.55303192
v  -6.99963045 19.57140160 25.65064240
v  -6.77581024 19.53158951 25.76962090
v  -6.48088074 19.29767990 17.61181068
v  -6.53779125 19.14933205 16.98696899
v  -4.81445646 19.84043312 18.30723763
v  -4.76008749 19.87151718 18.70624733
v  -4.82451582 19.91264915 18.91338921
v  -4.75673389 19.84744453 18.50419807
v  -3.03431034 19.23890114 19.50285721
v  -2.65328646 19.20464325 19.69947052
v  -4.19869709 19.60640526 19.44819260
v  -2.57886267 19.23438072 20.24477959
v  -2.54231930 19.20564651 20.05070496
v  -2.76717281 19.23769760 20.39992142
v  -2.93011951 19.31311798 20.53480530
v  -3.71931934 19.61135483 20.97220612
v  -5.25151634 19.95985985 22.93462372
v  -5.28838634 19.92553520 22.91547585
v  -4.07000065 18.96708488 25.18885040
v  -3.80529737 18.99353981 24.48379707
v  -3.73187733 19.03622055 24.48853493
v  -6.38979101 19.90069771 24.07356071
v  -4.67990017 19.05163574 25.14107895
v  -5.58949089 19.40564537 24.70899582
v  -6.54123592 19.19023705 16.67763901
v  -6.84808493 19.07513618 16.40543747
v  -7.38105297 18.98985863 16.39208412
v  -7.10788918 18.98915100 16.40735817
v  -7.57496357 19.01662636 16.44443130
v  -7.58399200 19.10144997 16.34374809
v  -8.03662109 19.21323395 17.36590385
v  -7.82999468 19.06294441 16.89466286
v  -7.72058249 19.02001381 16.63980103
v  -8.88915539 19.75771904 17.39524841
v  -9.07400322 19.72895050 17.29728699
v  -8.72547722 19.80251312 17.54485130
v  -9.61028862 19.70542717 17.57645416
v  -9.68439960 19.73013115 17.79351997
v  -9.80154419 19.79925728 17.90214157
v  -11.92836571 18.92422867 17.93640900
v  -11.75397682 18.93702507 17.79766083
v  -11.57688713 18.98268318 17.72711563
v  -10.56881142 19.59794617 18.17331886
v  -11.65120220 19.83785248 21.26425934
v  -11.73042679 19.80600357 21.08591843
v  -11.75775242 19.83466339 20.21706009
v  -11.67418098 19.81549263 20.26646423
v  -11.31355286 19.82491875 20.23224068
v  -9.13144398 16.04781914 20.91970062
v  -9.26834011 16.04781914 21.54008293
v  -11.06840801 19.87055779 21.62044716
v  -11.52047539 19.85491753 20.15759659
v  -12.92350006 19.22942162 23.64103889
v  -13.05784225 19.16238594 23.52204132
v  -13.31841183 19.18123817 22.90390968
v  -12.99488831 19.16760826 23.34947968
v  -11.14221573 19.92553520 21.62374115
v  -13.23078442 19.22117424 22.72144318
v  -13.07831383 19.27716064 22.56017303
v  -10.34394073 19.77982330 24.60929489
v  -11.15981865 19.76414490 24.36046410
v  -10.96593952 19.78103638 24.02360916
v  -9.07670498 16.04781914 22.14579964
v  -8.60788536 16.04781914 22.57454681
v  -9.43832302 19.87056351 24.17363548
v  -12.68523216 19.27185631 23.55116844
v  -11.07515144 19.78831482 24.11358643
v  -11.80827999 19.52966309 23.23403740
v  -9.71575356 19.44911003 25.77901840
v  -9.46476460 18.74925041 27.19968414
v  -9.67739201 18.80384064 27.11308670
v  -8.32149506 19.41420937 26.06899071
v  -7.19794703 19.62713242 25.44768143
v  -6.59296322 19.95985985 18.69462204
v  -5.64868450 19.92069817 18.11750031
v  -6.61254263 19.06905365 16.78843307
v  -5.22534847 19.84878922 18.06698990
v  -5.01904678 19.83943748 18.12175941
v  -5.43522739 19.87587547 18.06557083
v  -5.39176655 19.95985985 19.79314613
v  -3.30942869 19.28184128 19.51444435
v  -2.85823870 19.18711281 19.60170746
v  -2.66427231 19.18688202 20.23570251
v  -6.41924286 19.94571686 21.41288757
v  -4.58905792 19.40234756 23.61560631
v  -3.88319397 19.05398941 24.27970123
v  -3.79722309 18.95055771 24.68169212
v  -6.73247623 19.01560211 16.62565231
v  -6.67647314 19.10963631 16.53078842
v  -7.36609125 18.94517517 16.46948051
v  -8.18063927 19.92553520 18.38537216
v  -9.48436165 19.69279099 17.39788437
v  -9.70669270 19.76690483 18.04908180
v  -9.29990864 19.69239998 17.34113693
v  -9.12251663 19.69100761 17.50425148
v  -12.07911968 19.04198074 18.58295250
v  -12.00079250 19.15234566 18.76084518
v  -12.03333569 18.91667938 18.21975708
v  -12.08996773 18.96342850 18.40259171
v  -9.71208382 19.92553520 18.86988831
v  -11.36835861 19.04027367 17.81505203
v  -11.54829788 18.96282387 17.81434631
v  -11.18502235 19.14897156 17.88580132
v  -11.52875042 19.82620811 21.27804565
v  -11.57227993 19.80528259 20.32953262
v  -10.73053074 19.87056351 20.08926392
v  -8.91649151 19.94571686 20.11601639
v  -8.70269585 16.04781914 20.45088196
v  -12.17163372 19.51261330 22.01318741
v  -11.59220886 19.54563904 19.32571030
v  -10.79609680 19.92553520 20.05521393
v  -12.89017487 19.20801926 23.57341957
v  -11.84286213 19.50354958 23.06331825
v  -12.26573563 19.55850220 21.89797592
v  -9.45747757 19.90070343 24.21051979
v  -11.04061508 19.75632095 24.29951477
v  -10.59542656 19.87055779 23.11543083
v  -7.96978331 19.94571686 23.10834503
v  -7.98750257 16.04781914 22.71144485
v  -9.56528568 19.39402580 25.78128052
v  -10.63045692 19.90069771 23.13779640
v  -9.75981140 18.87233925 26.95510674
v  -9.77873516 18.96831703 26.75520325
v  -8.77846622 18.98690605 26.80752182
v  -9.61987782 18.99661064 26.60147858
v  -9.61508846 18.79069519 27.08471680
v  -6.41215658 19.87055779 24.03853035
v  -8.39533424 19.39466286 26.03798676
v  -7.90713930 19.87055779 24.51151085
v  -7.16799164 19.94571686 22.85467529
v  -6.58642483 19.09272575 17.06272125
v  -6.53015423 19.25018120 17.65571976
v  -6.66020203 19.01940536 16.86038589
v  -4.89494419 19.80137634 18.33504677
v  -4.87955904 19.81191063 18.75641632
v  -4.85428381 19.80161667 18.54149818
v  -4.97076988 19.83226013 18.97980309
v  -3.09972382 19.20912361 19.56403351
v  -2.71394253 19.16004944 19.75012398
v  -4.21744490 19.56401253 19.51363754
v  -2.62141848 19.16067696 20.04214287
v  -2.85891008 19.20858192 20.38265228
v  -3.02482939 19.28078270 20.51777840
v  -3.76603079 19.56546593 20.93243790
v  -5.01607656 19.87055779 21.35024261
v  -4.97455645 19.90069771 21.34839058
v  -3.85897064 18.92504501 24.87338829
v  -3.88199282 18.97317505 24.47584152
v  -3.95292139 19.03400040 24.27026939
v  -5.55991364 19.36840439 24.65392685
v  -4.69927120 19.02959633 25.06229019
v  -6.89759159 18.98896599 16.49862862
v  -7.55925989 18.97052002 16.52693176
v  -6.94206333 18.94435692 16.56345367
v  -7.97983313 19.18684387 17.40886879
v  -7.83786201 19.08525276 17.13090515
v  -7.69862700 18.99165154 16.72606850
v  -8.89556026 19.72879028 17.53583717
v  -9.08908463 19.70473289 17.40895653
v  -8.71933556 19.76457405 17.72177887
v  -9.52757359 19.69100761 17.63240242
v  -9.60165977 19.72779465 17.90043831
v  -9.64692307 19.76548958 18.18126869
v  -11.72483826 18.91663361 17.88368607
v  -10.57988644 19.55444336 18.23516846
v  -11.10992813 19.90069771 21.62230110
v  -11.42702103 19.83668137 20.19502258
v  -11.39009476 19.49958038 19.18827629
v  -10.76741505 19.90070343 20.07010841
v  -8.11470032 19.94571686 19.86234665
v  -8.09698009 16.04781914 20.25924683
v  -12.12928963 19.50964546 22.09618950
v  -12.21711540 19.52890015 21.94711685
v  -12.76871109 19.22410774 23.41892624
v  -13.14393711 19.20303726 22.74701118
v  -11.82194901 19.50924301 23.15317917
v  -7.38178730 16.04781914 22.51980782
v  -9.47468567 19.38829231 25.79455185
v  -9.64564133 19.41429901 25.77610397
v  -9.73407555 18.95666695 26.73123360
v  -8.48269939 19.38941956 26.01064301
v  -6.61211014 19.92553520 18.73149109
v  -5.71099520 19.83062935 18.28112030
v  -6.77874756 18.96994781 16.69396400
v  -5.25844479 19.80062103 18.16907310
v  -5.48107052 19.81085014 18.19475365
v  -5.04312038 19.79995155 18.20407486
v  -5.42678404 19.92553520 19.81550217
v  -3.50091934 19.29634476 19.61516571
v  -2.92132092 19.15879440 19.66218567
v  -2.70519257 19.13126183 20.02534676
v  -2.90458727 19.15802956 20.18628883
v  -2.75236464 19.15874290 20.21850777
v  -3.85189295 19.51561737 20.80965424
v  -3.81022215 19.53355217 20.87825584
v  -4.64592218 19.36631012 23.65701103
v  -3.87892103 18.92983055 24.67476845
v  -4.31519175 18.93409348 24.99533463
v  -3.94370651 18.90395927 24.86705017
v  -4.10751820 18.90392685 25.04479218
v  -4.81031704 19.05558395 24.92729187
v  -4.55579376 18.98473549 25.00449753
v  -7.53632212 18.94252586 16.61144257
v  -8.17919731 19.90069771 18.41766167
v  -9.69469166 19.90069771 18.89712906
v  -11.99678326 19.04274178 18.59742928
v  -11.92643166 19.15248108 18.77838135
v  -12.00465870 18.96357918 18.41379547
v  -11.34615517 19.04280281 17.89385986
v  -11.70852947 18.91511345 17.96463394
v  -11.52858734 18.96369743 17.89680481
v  -11.16123009 19.15243530 17.95579720
v  -11.45763874 19.50387955 19.25037575
v  -10.70121574 19.50201035 18.44231606
v  -10.64608765 19.50647354 18.36966515
v  -7.29349327 19.94571686 20.04355812
v  -7.47659779 16.04781914 20.39614487
v  -11.52501011 19.51923180 19.29618645
v  -6.60045433 19.94571686 22.23409462
v  -6.95304012 16.04781914 22.05098915
v  -9.70485878 18.85983467 26.92856598
v  -5.51696920 19.34661674 24.59133530
v  -6.71300316 18.98977280 16.93041229
v  -6.63753080 19.05969810 17.13392639
v  -6.58958912 19.21323395 17.68521309
v  -6.83193302 18.94149780 16.76202583
v  -5.06347847 19.77450562 18.28880692
v  -4.97568321 19.79347229 18.80840492
v  -4.94670486 19.78005409 18.57750130
v  -4.98083925 19.77550125 18.35963058
v  -5.06777573 19.81576157 19.05234146
v  -3.23750925 19.21318626 19.65861130
v  -2.77421999 19.13084793 19.80889893
v  -4.22679615 19.53527451 19.58818054
v  -3.03504324 19.22274017 20.38643074
v  -3.25312996 19.31332970 20.55458641
v  -2.86258936 19.11814690 19.94177818
v  -5.31707001 19.90069771 22.90058136
v  -5.35395432 19.87055779 22.88142586
v  -3.89104366 19.51165962 20.72663498
v  -4.29249668 18.92919731 25.12121964
v  -4.01661777 18.93284416 24.67399216
v  -4.02376699 18.98200798 24.43435287
v  -4.11842442 19.05089188 24.19144630
v  -5.46065712 19.34028053 24.52122116
v  -7.34308100 18.91557121 16.55078506
v  -6.99432087 18.91488266 16.62876320
v  -7.11582994 18.90110397 16.72959709
v  -7.47241116 18.92047310 16.79850388
v  -7.90776062 19.17100906 17.44303322
v  -7.68284988 18.99978256 16.90489960
v  -8.90021610 19.72569084 17.66365051
v  -8.69365788 19.76175308 17.85324860
v  -9.67232609 19.87055779 18.93216133
v  -11.95005798 18.91499519 18.22747993
v  -10.60564518 19.52395058 18.30061531
v  -11.27537537 19.10350609 18.05221176
v  -11.50372982 19.00373077 18.05295563
v  -11.04002476 19.24318886 18.14341545
v  -11.84272194 19.00282097 18.42144203
v  -6.82886076 19.16572952 17.68719482
v  -7.82040405 19.16572952 17.46839714
v  -6.67291260 19.94571686 20.61109543
v  -7.00777912 16.04781914 20.82489014
v  -6.81614351 16.04781914 21.43060684
v  -6.62700605 19.90069771 18.76017380
v  -5.76743984 19.81265640 18.37057877
v  -5.28746939 19.77892113 18.25866318
v  -5.52212334 19.79163742 18.28592110
v  -5.45402479 19.90070343 19.83289528
v  -3.02473259 19.15378380 19.76748276
v  -4.70691919 19.34499359 23.71014786
v  -4.77204800 19.33839798 23.77501678
v  -7.49082375 18.93873215 16.76140976
v  -7.26178217 18.90210152 16.70043182
v  -8.17734337 19.87055779 18.45918083
v  -11.82553005 19.10148811 18.64882088
v  -11.71663475 19.23963356 18.87438202
v  -6.73894310 19.17100906 17.70095062
v  -6.96470737 18.92047310 16.91053772
v  -6.79311275 18.99079323 17.07386971
v  -6.92548466 18.93473625 16.87399864
v  -6.71871376 19.06927109 17.32921410
v  -6.65918589 19.18684387 17.70028877
v  -5.31574059 19.76739120 18.40287971
v  -5.09713316 19.78450394 18.87001610
v  -5.10295963 19.76851273 18.61505127
v  -5.17839766 19.80688667 19.14518929
v  -4.22675085 19.52018547 19.67181778
v  -4.21730852 19.51875114 19.76455307
v  -5.48905563 19.87056351 19.85526085
v  -6.64616108 19.87055779 18.79705811
v  -5.83811283 19.80238533 18.47155190
v  -5.56926489 19.78196907 18.39868927
v  -4.43411732 11.78075790 19.66280746
v  -4.00627089 11.78075790 21.71104813
v  -4.65986633 11.78075790 23.69880295
v  -5.82876396 11.78075790 18.10290337
v  -6.21977186 11.78075790 25.09344673
v  -7.81651497 11.78075790 17.44931030
v  -8.26801205 11.78075790 25.52129364
v  -9.86475563 11.78075790 17.87715530
v  -10.25576210 11.78075790 24.86769676
v  -11.42465973 11.78075790 19.27180099
v  -11.75457668 11.73750496 23.63006973
v  -12.07169437 11.89053249 21.40067482
v  -6.08409405 8.74653721 29.24111366
v  -9.43086338 8.02700329 14.51854897
v  -9.63761425 8.02659607 14.29011822
v  -9.46719456 7.99666691 14.62463188
v  -9.66385937 7.96916008 14.37898064
v  -9.93503952 7.93407440 14.33058167
v  -9.53821373 21.71850777 24.01035309
v  -10.60029507 21.71850777 22.92407990
v  -8.07528782 21.71850777 24.42005157
v  -10.97694778 21.71850777 21.45229721
v  -6.60350800 21.71850777 24.04339981
v  -10.56724739 21.71850777 19.98937225
v  -5.51723528 21.71850777 22.98131752
v  -9.48097420 21.71850777 18.92729187
v  -5.10753584 21.71850777 21.51839256
v  -5.54333973 21.79821205 19.96281433
v  -12.27079010 19.51552773 17.50418854
v  -4.25476217 18.99281693 25.26517487
v  -4.47053432 18.99311447 25.20616341
v  -4.27342081 18.95111847 25.20054054
v  -4.08856010 18.92564201 25.12420845
v  -4.48974800 18.97108650 25.12705231
# 2629 vertices

vn -0.27753302 0.94725955 0.16023374
vn -0.32046747 0.94725955 -0.00000008
vn 0.03092524 0.99952126 -0.00086471
vn 0.02634962 0.99952137 -0.01621148
vn -0.27753288 0.94725949 -0.16023381
vn 0.02721442 0.99952132 0.01471373
vn -0.16023369 0.94725949 0.27753299
vn 0.01471374 0.99952126 -0.02721440
vn -0.16023354 0.94725960 -0.27753296
vn 0.01621147 0.99952137 0.02634970
vn 0.00000010 0.94725949 0.32046753
vn -0.00086473 0.99952126 -0.03092519
vn 0.00000031 0.94725955 -0.32046744
vn 0.00086472 0.99952132 0.03092525
vn 0.16023378 0.94725949 0.27753308
vn -0.01621145 0.99952132 -0.02634956
vn 0.16023365 0.94725955 -0.27753314
vn -0.01471375 0.99952132 0.02721440
vn 0.27753299 0.94725955 0.16023381
vn -0.01558676 0.99968863 -0.01948740
vn 0.27753296 0.94725943 -0.16023384
vn -0.02153124 0.99967444 0.01369285
vn 0.32046753 0.94725955 0.00000013
vn -0.00501925 0.99994445 0.00927354
vn 0.51120484 0.85945863 0.00069177
vn 0.51379925 0.84383726 -0.15475498
vn 0.78976941 0.61340278 0.00118388
vn 0.25405234 0.85614026 -0.44997925
vn 0.41255021 0.75105757 -0.51547521
vn 0.19630961 0.67585170 -0.71041334
vn 0.51431936 0.75279695 -0.41081914
vn 0.44149679 0.85986441 -0.25634709
vn 0.54590607 0.82604009 -0.14015830
vn 0.58535093 0.56013215 -0.58618796
vn 0.11864478 0.83706415 -0.53408515
vn 0.31985435 0.67276621 -0.66714227
vn 0.50829303 0.83327550 0.21746300
vn 0.43824482 0.86357313 0.24936491
vn 0.37884915 0.80962527 0.44830820
vn 0.68179232 0.62392187 -0.38194355
vn 0.55737042 0.68045169 -0.47573483
vn 0.78100443 0.58891892 -0.20786184
vn 0.72483933 0.66097397 -0.19421998
vn 0.72604859 0.65976548 -0.19381160
vn 0.60537875 0.73566318 -0.30383581
vn 0.72475404 0.67489129 0.13875651
vn 0.37468198 0.54486787 -0.75015491
vn 0.70757532 0.68221503 -0.18417360
vn 0.60141444 0.56374025 -0.56612509
vn 0.57631093 0.56266969 -0.59267908
vn 0.07184108 0.84165287 -0.53521895
vn -0.12872507 0.56387317 -0.81576765
vn -0.30164126 0.42135257 -0.85526288
vn 0.20778538 0.66022587 -0.72175276
vn 0.40410766 0.72268635 -0.56073284
vn 0.39059392 0.70103467 -0.59664637
vn -0.06118630 0.82617521 -0.56008101
vn 0.21975142 0.79833412 -0.56068867
vn -0.44462764 0.85120028 -0.27886251
vn -0.21660092 0.87028402 -0.44236827
vn -0.44011000 0.78906500 -0.42857853
vn 0.22946239 0.86639011 0.44352582
vn 0.37749979 0.82117736 0.42797396
vn 0.38722399 0.76415336 0.51587522
vn 0.50881952 0.85718429 0.07961023
vn 0.46054167 0.73570883 0.49662250
vn 0.72576773 0.63335693 0.26855192
vn 0.61354840 0.60561842 -0.50673926
vn 0.78276789 0.58684105 -0.20710368
vn 0.82195812 0.42735207 -0.37650391
vn 0.74544537 0.45048377 -0.49129996
vn 0.58630568 0.44754043 -0.67524314
vn 0.63067532 0.72324967 -0.28135139
vn 0.77692246 0.61382186 0.14005058
vn -0.18526873 0.41680852 -0.88991362
vn 0.46323800 0.56743133 -0.68075860
vn 0.76150894 0.55395424 -0.33650985
vn 0.71932429 0.68372363 -0.12286006
vn 0.63968092 0.57464206 -0.51048481
vn 0.65637344 0.41453865 -0.63034260
vn 0.57637382 0.42451856 -0.69826734
vn 0.52013808 0.57092315 -0.63521898
vn 0.11394737 0.43806016 -0.89169461
vn 0.36900899 0.45535529 -0.81023693
vn 0.09621242 0.71696192 -0.69044107
vn 0.51585335 0.56612831 -0.64295733
vn 0.44620937 0.52098674 -0.72764689
vn -0.20665340 0.83489799 -0.51013690
vn -0.65477461 0.73405123 -0.18010826
vn -0.05901717 0.59291732 -0.80309772
vn -0.41005149 0.74243468 -0.52976269
vn 0.16520667 0.76335949 -0.62449110
vn -0.59908301 0.69374317 -0.39977482
vn -0.46283984 0.68611348 -0.56127310
vn -0.50405282 0.66153753 -0.55524659
vn -0.47046572 0.73629522 -0.48634490
vn -0.43633762 0.75670737 -0.48682997
vn -0.42711949 0.71561861 -0.55268323
vn -0.17636414 0.73033476 0.65992934
vn -0.17761782 0.72509366 0.66535032
vn -0.15012839 0.81471753 0.56008655
vn -0.15014434 0.81470925 0.56009418
vn -0.15012068 0.81472486 0.56007785
vn -0.15006691 0.81474900 0.56005704
vn 0.08447310 0.78076923 0.61908299
vn -0.01337184 0.83487809 0.55027246
vn -0.19318551 0.69845593 0.68908548
vn 0.52438045 0.76308435 0.37779269
vn 0.52398938 0.70016330 0.48498097
vn 0.30602300 0.61409873 0.72748381
vn 0.62647808 0.77887017 0.02977410
vn 0.62112868 0.78258735 0.04190651
vn 0.61255717 0.79002005 0.02533855
vn 0.82905358 0.55615461 -0.05798595
vn 0.80217236 0.58842182 -0.10138634
vn 0.63846093 0.71476823 0.28543624
vn 0.45219383 0.65128917 0.60937935
vn 0.57138377 0.54939234 -0.60966277
vn 0.89270449 0.44599167 0.06457631
vn 0.89891601 0.43072927 -0.08013980
vn 0.87666762 0.42184386 -0.23130418
vn 0.74386680 0.48810759 -0.45652297
vn 0.72195375 0.61016774 -0.32631001
vn 0.78468525 0.58710498 0.19893928
vn 0.82195938 0.55716032 0.11813171
vn 0.16506466 0.39444250 -0.90397394
vn 0.67970687 0.57791126 -0.45168254
vn 0.88155103 0.42068413 0.21422581
vn 0.70151240 0.42798126 -0.56983542
vn 0.62907320 0.41942516 -0.65448403
vn 0.47653320 0.43024334 -0.76668555
vn 0.28982499 0.60898870 -0.73833209
vn 0.15131208 -0.44546354 -0.88242108
vn -0.10724232 -0.28190428 -0.95343012
vn 0.10885461 -0.27326167 -0.95576072
vn 0.57623827 0.59203726 -0.56341928
vn -0.45226896 0.84711802 -0.27900520
vn -0.71023315 0.59259403 -0.38000152
vn -0.41813746 0.56993616 -0.70734280
vn -0.25139457 0.23780432 -0.93821633
vn -0.21403037 0.59172708 -0.77720660
vn -0.24330647 0.43133169 -0.86876637
vn -0.33461803 0.78867269 -0.51577723
vn -0.83295083 0.27185726 -0.48196125
vn -0.84198749 0.36780345 -0.39468673
vn -0.83328635 0.40852693 -0.37247777
vn -0.46871069 0.45410579 -0.75769275
vn -0.53137219 0.37899679 -0.75763118
vn -0.61475885 0.31198281 -0.72438824
vn -0.64731431 0.25813478 -0.71718240
vn -0.62922716 0.45623055 -0.62922728
vn -0.83663523 0.16219179 -0.52319741
vn 0.25086313 0.60720670 0.75390154
vn -0.22600238 0.67163807 0.70556724
vn -0.56661552 0.59662563 0.56831747
vn -0.30284536 0.82929814 0.46962669
vn -0.25328586 0.73182464 0.63267606
vn -0.34218484 0.46510330 0.81644875
vn -0.38922632 0.68748325 0.61308217
vn -0.33131346 0.65631813 0.67784798
vn -0.23256607 0.42654523 0.87405509
vn 0.03788074 0.69916624 0.71395493
vn -0.11252504 0.48207229 0.86887544
vn -0.04807093 0.66690236 0.74359292
vn 0.23754756 0.77717292 0.58272922
vn 0.41718087 0.49076182 0.76492673
vn 0.00871936 0.47943017 0.87753671
vn 0.75415272 0.57150543 0.32347381
vn 0.44369552 0.50761390 0.73855430
vn 0.54311699 0.42028064 0.72690314
vn 0.72420591 0.42643470 0.54192168
vn 0.73674721 0.51670611 0.43614033
vn 0.87861484 0.42835444 0.21106492
vn 0.59445930 0.70286822 0.39063343
vn 0.33502084 0.56210703 0.75617242
vn 0.64806265 0.74286985 0.16780750
vn 0.56084871 0.69040900 0.45692906
vn 0.71760446 0.64521623 0.26218310
vn 0.78331131 0.57765174 0.22965616
vn 0.85821509 0.44013223 0.26410314
vn 0.87451309 0.44274980 0.19798870
vn 0.78826845 0.58368337 0.19479857
vn 0.29285988 0.46038625 0.83802003
vn 0.82529372 0.51468235 0.23236273
vn 0.65649682 0.52788544 -0.53884035
vn 0.89036977 0.44698378 -0.08629654
vn 0.88719016 0.39500669 -0.23846033
vn 0.82233053 0.43184254 -0.37051952
vn 0.39723170 0.01515336 -0.91759318
vn 0.74240845 0.44473454 -0.50103980
vn 0.68438619 -0.03082937 0.72846770
vn 0.76167679 0.04453998 0.64642459
vn 0.75003463 0.13174328 0.64814484
vn 0.85973734 0.51037985 0.01907811
vn -0.51474261 0.03749780 -0.85652441
vn 0.32511470 0.42181775 -0.84638655
vn 0.84862643 0.43642661 -0.29893982
vn 0.91501880 0.39524949 -0.08073696
vn 0.77646273 0.21587527 0.59203327
vn 0.26367670 -0.01964910 -0.96441090
vn 0.35509509 0.14494793 -0.92352456
vn 0.35653079 0.04103411 -0.93338197
vn 0.76592618 0.44152161 -0.46734977
vn 0.69556248 0.30737212 -0.64939600
vn 0.56398219 0.27485728 -0.77870250
vn 0.38046926 0.22545923 -0.89688969
vn -0.80132025 -0.10980398 -0.58807212
vn -0.61549014 0.20156705 -0.76193345
vn -0.72601467 0.05659170 -0.68534678
vn -0.11758629 -0.53404456 -0.83723938
vn 0.49288702 -0.42605036 -0.75864577
vn 0.48046860 -0.19061179 -0.85604739
vn 0.71863782 -0.10134385 -0.68796009
vn 0.98122209 0.01619356 -0.19220035
vn 0.95262265 0.07583773 -0.29454803
vn 0.93999904 0.17552154 -0.29256472
vn 0.90591091 -0.23764317 -0.35050139
vn 0.88972211 0.00205078 -0.45649797
vn 0.73410475 -0.35276154 -0.58021510
vn -0.90961981 0.39421669 0.13109189
vn 0.03043895 0.76012844 -0.64905947
vn -0.21404795 0.66473061 -0.71576297
vn 0.54145688 0.47599140 -0.69300562
vn -0.52732259 0.81858212 -0.22771490
vn -0.73224247 0.55242127 -0.39831105
vn -0.82503861 0.44245926 -0.35148412
vn -0.86566693 0.22389100 -0.44776505
vn -0.96099806 0.13493891 -0.24140050
vn -0.47451359 0.54901320 -0.68805629
vn -0.56652987 0.82185036 -0.06004871
vn -0.65262288 0.72406310 0.22319497
vn -0.55745244 0.82914448 0.04202718
vn -0.35961941 0.81484377 0.45464677
vn -0.11845532 0.77895141 0.61579466
vn 0.25374991 0.57482916 0.77793467
vn -0.56264013 0.57452166 0.59444171
vn 0.06272453 0.71673775 0.69451606
vn -0.51309645 0.54270804 0.66498125
vn -0.44719961 0.49436656 0.74539536
vn -0.36957964 0.42896518 0.82425714
vn -0.23431133 0.42471546 0.87447989
vn -0.17566231 0.38270226 0.90701807
vn -0.08695172 0.43794551 0.89478660
vn 0.03057783 0.50399107 0.86316746
vn 0.14606391 0.54940498 0.82269043
vn -0.14822774 0.59785342 0.78778160
vn -0.61769134 0.41954756 0.66515964
vn 0.55552596 0.35597387 0.75144762
vn 0.71496135 0.31215411 0.62561178
vn 0.75365311 0.35355154 0.55408329
vn 0.62875468 0.30888292 0.71362382
vn 0.71614397 -0.26214606 0.64685184
vn 0.64718610 -0.26361740 0.71530133
vn 0.58423364 -0.45989719 0.66870445
vn 0.67052019 -0.46035653 0.58178562
vn 0.79295522 0.42044109 0.44096640
vn 0.52821839 0.58702809 0.61350095
vn 0.30809432 0.53938717 0.78367037
vn 0.36674908 0.48886523 0.79152119
vn 0.73966932 0.67295939 0.00386621
vn 0.66493332 0.74650466 -0.02437921
vn 0.68600178 0.71602374 0.12927307
vn 0.60068756 0.68365884 0.41446966
vn 0.68305433 0.61873490 0.38807708
vn 0.88299817 0.46201840 0.08278430
vn -0.13179001 0.17743999 0.97526741
vn 0.97539741 -0.03341273 -0.21790674
vn 0.98572916 0.12828293 -0.10900259
vn 0.99304408 0.02857856 -0.11422265
vn 0.23871949 -0.18467739 -0.95336622
vn 0.50511396 -0.03039000 -0.86251748
vn 0.94146436 -0.22042060 -0.25506818
vn 0.74362892 -0.37803981 -0.55145442
vn 0.85150570 -0.19516356 -0.48667163
vn 0.92105848 -0.37289068 0.11226626
vn 0.98123670 -0.19280070 -0.00158945
vn 0.60460126 -0.37424725 -0.70313329
vn 0.70934200 -0.12300142 -0.69404948
vn 0.39913461 -0.27568966 -0.87446362
vn 0.34063566 0.21916325 -0.91429472
vn 0.77431029 -0.26458627 0.57483721
vn 0.85872597 -0.02557082 0.51179671
vn 0.66770571 -0.17425843 0.72374249
vn 0.87355804 -0.36698058 0.31972104
vn 0.95899332 -0.11880924 0.25732499
vn -0.60339069 0.20806113 -0.76982480
vn -0.17455038 0.08721013 -0.98077863
vn 0.83171344 0.03131526 0.55432135
vn 0.78210509 0.27466932 -0.55934638
vn 0.70652276 0.28209695 -0.64903533
vn 0.64971256 0.29766768 -0.69947666
vn 0.08188868 0.15071423 -0.98517990
vn -0.72225320 0.04303477 -0.69028860
vn 0.10616022 -0.67143434 -0.73342067
vn 0.97499770 -0.13882412 -0.17351493
vn -0.63801962 0.69581968 -0.32979670
vn -0.37362191 0.60343200 -0.70446908
vn -0.88945925 0.28599474 -0.35646769
vn 0.05512025 0.57458287 -0.81658822
vn -0.20755059 0.59071672 -0.77972859
vn -0.30405587 0.44016409 -0.84487021
vn -0.53143823 0.27580726 -0.80093932
vn 0.81263041 -0.03098271 -0.58195537
vn -0.44669527 0.74144113 -0.50072777
vn -0.19869076 0.61689419 -0.76155335
vn -0.94529229 0.05301272 -0.32188833
vn -0.39369777 0.01653030 -0.91909128
vn -0.49889046 -0.04727364 -0.86537486
vn -0.62966973 -0.09908687 -0.77051783
vn -0.68989789 -0.15225980 -0.70771307
vn -0.89793277 -0.03044273 -0.43907848
vn -0.65743053 0.63359880 0.40784508
vn -0.75658756 0.65307242 0.03273410
vn -0.68089503 0.73012155 -0.05748349
vn -0.70879459 0.70425087 -0.04050915
vn -0.58791298 0.47909543 0.65178668
vn -0.56544662 0.51798224 0.64184457
vn -0.49401414 0.52508801 0.69298810
vn -0.45166516 0.80942744 0.37526768
vn -0.53517205 0.75988019 0.36901623
vn -0.52675426 0.78397888 0.32849202
vn -0.65868807 0.51857156 0.54517299
vn 0.75305760 0.03026124 0.65725833
vn 0.66574329 0.19001129 0.72158265
vn 0.67397875 0.09595361 0.73249274
vn -0.97018462 -0.03720060 0.23949522
vn -0.93718338 0.03570639 0.34700471
vn -0.93527299 0.11659308 0.33417132
vn 0.53689986 0.02968342 0.84312367
vn 0.50159949 0.41457215 0.75929439
vn 0.21693482 0.20415926 0.95459849
vn -0.29970467 0.37470472 0.87736738
vn -0.20077683 -0.24096262 0.94953978
vn -0.29951289 -0.24265432 0.92271930
vn -0.29296631 -0.44949061 0.84387726
vn -0.16424347 -0.44898438 0.87831497
vn 0.50782603 0.54970378 0.66327870
vn 0.15434432 0.43419048 0.88750005
vn 0.23117591 0.28397888 0.93054485
vn 0.26509970 0.28468108 0.92123765
vn 0.31071821 0.43460378 0.84532470
vn -0.11011226 0.55644172 0.82355815
vn -0.88635880 0.15560217 0.43606883
vn 0.81647635 0.47451532 0.32894033
vn 0.45584258 0.42726445 0.78080255
vn 0.78569007 -0.44853035 0.42604172
vn 0.82907116 -0.22445761 0.51211298
vn 0.51722145 -0.23277301 0.82358897
vn 0.99206167 0.04054952 -0.11903562
vn 0.86146539 0.27478072 0.42705151
vn -0.19330102 -0.09347960 0.97667605
vn -0.08135531 -0.02106113 0.99646264
vn -0.08745454 0.06403227 0.99410838
vn 0.81667233 0.47579652 -0.32659456
vn 0.87114555 0.48002541 -0.10334925
vn 0.50434154 0.41741112 0.75591499
vn 0.62363368 0.45175529 0.63796407
vn 0.81708640 0.45191774 0.35796678
vn 0.98623353 0.16378264 0.02277824
vn 0.95308656 -0.03908994 0.30016315
vn 0.96283746 0.17921072 0.20205852
vn 0.93661052 0.18140085 0.29975745
vn 0.06112770 0.09155060 0.99392247
vn 0.94891405 -0.19968627 -0.24431039
vn 0.78805190 -0.57872975 -0.20987134
vn 0.78889090 -0.57744622 -0.21025500
vn 0.87463582 -0.42489690 -0.23339827
vn 0.62230402 0.04037154 -0.78173393
vn 0.19549878 -0.28569791 -0.93816686
vn -0.65580964 -0.20300920 -0.72711825
vn 0.99325681 0.11509902 0.01389773
vn 0.91584450 0.20598912 -0.34467009
vn 0.94770175 0.04592318 0.31583616
vn 0.67068356 -0.14061512 0.72829324
vn 0.00717011 -0.39621279 -0.91813076
vn 0.63692939 0.25601634 -0.72717029
vn 0.52924055 0.09018987 -0.84366471
vn 0.27246839 -0.04921204 -0.96090537
vn -0.13200296 -0.13931091 -0.98141110
vn -0.85341948 -0.32447979 -0.40790692
vn 0.43862259 -0.69430083 -0.57057571
vn -0.14593790 -0.70663869 -0.69236106
vn -0.94573855 0.16768281 0.27831838
vn -0.67885315 0.29410678 -0.67279989
vn 0.44302326 0.38829207 -0.80805922
vn 0.01012683 0.45500678 -0.89043045
vn 0.25614518 0.36376169 -0.89558196
vn -0.14857295 0.44416118 -0.88354224
vn -0.27351442 0.25541234 -0.92733717
vn -0.22301944 0.25761896 -0.94015676
vn -0.38498864 0.25122499 -0.88807082
vn 0.78798670 0.10111374 -0.60733259
vn -0.54223526 0.67328578 -0.50266010
vn -0.60780203 0.75513715 -0.24565125
vn -0.35587001 0.65350825 -0.66804451
vn -0.98634666 -0.16466227 -0.00257657
vn -0.93552840 -0.34869242 0.05657035
vn -0.34903949 0.09425670 -0.93235570
vn -0.85013413 -0.13521317 -0.50890994
vn -0.64117759 0.75881845 -0.11439366
vn -0.78757578 0.61210251 0.07109805
vn -0.76362544 0.63117445 0.13599640
vn -0.63541609 0.74885279 0.18832423
vn -0.71221054 0.61332685 0.34144741
vn -0.63682681 0.31809795 0.70232850
vn -0.56165838 0.81467420 0.14438128
vn -0.75087976 0.63156515 0.19314547
vn -0.56548429 0.81203997 0.14428702
vn -0.81482029 0.56718689 -0.11986198
vn -0.85642201 0.51575601 -0.02317528
vn -0.19325864 0.28826699 0.93784505
vn -0.25051177 0.32744220 0.91105735
vn -0.70080173 0.50622284 0.50260842
vn -0.67486387 0.50128788 0.54154336
vn -0.91577798 0.37549022 0.14268035
vn -0.91823566 0.21224014 -0.33436117
vn -0.88929409 0.08840246 -0.44871023
vn -0.57536435 0.56603783 0.59038711
vn 0.75935632 -0.12747517 0.63806599
vn -0.88079411 -0.27100408 0.38827646
vn -0.86823189 -0.03429633 0.49497169
vn 0.61493552 0.29270205 0.73224294
vn -0.95755124 -0.18183438 0.22367795
vn -0.05075013 0.12192913 0.99124056
vn -0.70944315 -0.37173879 0.59874928
vn -0.69794518 -0.12640551 0.70490718
vn -0.47941560 -0.43392774 0.76280242
vn -0.47119409 -0.20313859 0.85831863
vn -0.01209036 -0.19229148 0.98126340
vn 0.34763387 -0.35296306 0.86865860
vn 0.27867755 -0.09663171 0.95551091
vn 0.09324753 -0.68894887 0.71878672
vn 0.04780107 -0.42859006 0.90223360
vn 0.61210299 -0.23326668 0.75559020
vn 0.53996134 0.01485402 0.84155875
vn 0.51155615 0.37576994 0.77272719
vn -0.06364939 0.36900946 0.92724365
vn 0.30654374 0.00974833 0.95180672
vn 0.44988590 0.06090732 0.89100677
vn -0.52198535 0.30887443 0.79506469
vn -0.38324139 0.25206199 0.88858914
vn -0.88069290 0.02475511 0.47304040
vn 0.99806035 -0.05091895 0.03581746
vn 0.43425071 -0.45064974 0.77996230
vn 0.29886436 -0.16973296 0.93907982
vn 0.90245312 -0.39044800 0.18201323
vn 0.94785208 -0.14775741 0.28239009
vn 0.45093146 -0.73635930 0.50441629
vn 0.23649229 -0.76185989 0.60302651
vn 0.50450408 -0.73799121 0.44815692
vn 0.65877622 -0.69102478 0.29748699
vn 0.95345676 -0.29252648 -0.07313363
vn 0.94926423 0.23672786 -0.20702024
vn -0.04062196 -0.31687987 0.94759542
vn 0.06120485 -0.08909564 0.99414086
vn -0.20864280 -0.23884250 0.94837880
vn 0.20289624 -0.40135875 0.89316535
vn 0.73805827 0.46113735 0.49256712
vn 0.95202059 0.13661703 -0.27384782
vn 0.87994266 0.15093707 0.45046511
vn 0.97545040 -0.05205562 0.21397856
vn 0.99679029 -0.07564314 -0.02621467
vn -0.31563231 -0.07762322 0.94570130
vn 0.80102450 -0.39881709 -0.44643554
vn 0.38622043 -0.00955427 -0.92235702
vn 0.20004722 -0.18834011 -0.96151394
vn 0.62344337 -0.47564131 0.62055117
vn 0.72774452 -0.58415180 0.35938063
vn 0.54233640 0.17850061 0.82098037
vn 0.43706101 -0.39341167 0.80882943
vn 0.37898853 -0.43961549 0.81431323
vn 0.70049959 -0.68065256 0.21450464
vn -0.74373341 -0.12136183 -0.65736729
vn -0.42748281 -0.20278381 -0.88098645
vn 0.68268287 -0.22281244 0.69591582
vn 0.83995986 0.12280819 -0.52856946
vn 0.73055834 0.20664620 -0.65083176
vn -0.85270196 -0.33018759 -0.40481538
vn 0.06735416 -0.75091004 -0.65696096
vn 0.67651403 -0.63299114 -0.37636569
vn 0.93308514 -0.35292459 0.06925627
vn 0.90630192 -0.40524322 0.11997811
vn 0.92430836 -0.38137743 0.01433320
vn 0.78320628 -0.61462659 -0.09392641
vn 0.85108966 -0.50293225 -0.15068355
vn 0.60192657 -0.74572492 -0.28561988
vn -0.85370725 0.02838082 -0.51997930
vn -0.98833096 -0.06383988 -0.13829833
vn 0.06892131 0.32246810 -0.94406784
vn -0.10152185 0.27622393 -0.95571631
vn -0.86705279 -0.11481792 -0.48480546
vn 0.90151721 -0.21154748 -0.37751079
vn -0.52802581 0.57783335 -0.62233227
vn -0.60509497 0.64937246 -0.46062508
vn 0.11913572 0.11827892 -0.98580766
vn 0.12839234 -0.10664088 -0.98597318
vn 0.04164711 0.30350333 -0.95191973
vn -0.90656650 -0.41630253 -0.06949288
vn -0.10393386 -0.49810219 -0.86086702
vn -0.30565125 -0.53049654 -0.79066485
vn -0.48668271 -0.53837383 -0.68796337
vn -0.84547710 -0.46241447 -0.26709768
vn -0.81493241 0.57847476 -0.03538511
vn -0.85386604 0.50451851 0.12795997
vn -0.82338637 0.50939679 0.25009969
vn -0.45356572 -0.02454433 0.89088476
vn -0.39388847 0.36532184 0.84344041
vn -0.55636233 0.15387352 0.81656837
vn -0.70687425 0.68148017 -0.18950868
vn -0.83822638 0.49569479 -0.22729526
vn -0.70667076 0.68207318 -0.18812940
vn -0.63635808 0.63063651 0.44423661
vn -0.74629599 0.63859069 0.18773451
vn -0.77420169 0.60193878 -0.19565637
vn -0.87783647 0.47782376 0.03297929
vn -0.59608650 0.54857087 0.58630276
vn -0.91887105 0.27355677 0.28432837
vn -0.96381599 0.24737541 -0.09931815
vn -0.46661961 0.44535753 0.76414835
vn -0.62740636 0.23969637 0.74088258
vn -0.54317707 0.41986424 0.72709888
vn 0.84769112 -0.33551708 0.41091120
vn 0.68970424 -0.18149817 0.70097548
vn 0.31068131 -0.22391403 0.92376381
vn -0.25051078 -0.67585540 0.69315499
vn -0.12261522 -0.67795914 0.72480136
vn 0.78483051 0.22327141 0.57809252
vn 0.98644567 -0.13990656 0.08573794
vn 0.05528680 0.07325359 0.99577975
vn 0.25551853 -0.68386334 0.68340409
vn 0.29686794 -0.45516106 0.83946282
vn 0.16215199 -0.45446834 0.87587976
vn 0.63555306 0.14007340 0.75924420
vn -0.16928793 0.16087252 0.97234851
vn -0.95014626 -0.17270085 0.25960854
vn 0.30508527 -0.69291943 0.65328836
vn 0.60928047 -0.75796086 0.23296495
vn 0.93342870 -0.20351234 -0.29545459
vn 0.80487186 0.09420905 -0.58592314
vn 0.52654237 0.05722752 0.84822059
vn 0.32556945 0.01702050 0.94536489
vn 0.74185914 0.10507195 0.66227257
vn 0.90646476 -0.16884103 -0.38705853
vn 0.86995906 -0.07076045 0.48802087
vn 0.86773086 -0.17738575 0.46430331
vn -0.08887809 -0.14101255 0.98601019
vn 0.80743074 -0.43917164 -0.39393383
vn 0.25045455 -0.48590457 -0.83735847
vn 0.06834962 0.97629875 0.20535105
vn 0.06834962 0.97629881 0.20535105
vn 0.06834962 0.97629881 0.20535107
vn 0.65545607 0.68255597 -0.32325655
vn 0.65350729 0.68840271 -0.31469020
vn 0.16777900 0.91475439 0.36752507
vn 0.42864665 -0.26430678 -0.86394674
vn 0.14166808 -0.39112332 -0.90936941
vn -0.05330952 0.76034743 -0.64732522
vn 0.48615751 0.83971864 -0.24191608
vn 0.48740178 0.84355330 -0.22551592
vn -0.13760132 0.87817281 -0.45812494
vn -0.14600439 0.87564158 -0.46036339
vn 0.49833581 -0.18050934 0.84798455
vn 0.25412205 -0.30226806 -0.91872519
vn -0.70727706 -0.27049169 -0.65314120
vn 0.91191590 -0.27997953 0.30003482
vn 0.97712034 -0.08197501 -0.19625470
vn 0.77232140 -0.29258254 0.56383967
vn 0.62334621 -0.30753505 0.71893096
vn 0.29101628 -0.14764905 -0.94525611
vn 0.63358355 0.20612940 -0.74570936
vn 0.46583846 0.08468074 -0.88080853
vn 0.19014850 0.00011455 -0.98175544
vn -0.31806037 -0.42123339 -0.84935266
vn -0.56499785 -0.44764966 -0.69309974
vn -0.85622269 -0.39216825 -0.33628374
vn 0.38546100 -0.80137867 -0.45739704
vn -0.18578410 -0.66161239 -0.72646630
vn -0.75467956 -0.19559823 -0.62625885
vn 0.88101089 -0.46974012 0.05624939
vn -0.91820318 -0.09431613 0.38471732
vn 0.52288365 0.01449781 -0.85228086
vn 0.70626760 0.06561752 -0.70489746
vn 0.24732670 -0.03130547 -0.96842623
vn -0.30828294 -0.25667289 -0.91601348
vn -0.30916792 -0.06329558 -0.94889873
vn -0.20317861 -0.06296536 -0.97711504
vn -0.46868530 -0.09718551 -0.87800282
vn -0.71636242 -0.37530729 -0.58819169
vn -0.68610799 -0.11997990 -0.71753794
vn 0.86506468 -0.10846130 -0.48979518
vn -0.63257021 0.56685108 -0.52776402
vn 0.04548580 -0.21209650 -0.97618955
vn 0.06918223 -0.00666183 -0.99758178
vn -0.69949460 0.60463393 -0.38095310
vn -0.81500590 -0.51572424 0.26418549
vn -0.79695296 -0.59922826 0.07610192
vn 0.01486515 -0.49387911 -0.86940348
vn -0.70192444 -0.52457726 -0.48178920
vn -0.42229655 -0.68719953 -0.59111965
vn -0.82503694 0.55872554 -0.08449773
vn -0.74845833 0.00882206 0.66312313
vn -0.34154439 0.21954207 0.91386473
vn -0.83539915 0.49881497 -0.23085025
vn -0.68197519 0.54864639 0.48362896
vn -0.13495840 -0.39338234 0.90941548
vn -0.20282105 -0.33335054 0.92072850
vn -0.35445058 -0.16110806 0.92109114
vn -0.88083130 0.47279650 0.02449000
vn -0.91162866 0.34062082 0.23002319
vn -0.91618615 0.32119432 0.23966032
vn -0.80719608 -0.20227984 0.55454242
vn -0.62066793 -0.41187146 0.66718298
vn -0.72719711 -0.18924314 0.65982693
vn -0.78744942 0.42651448 0.44498178
vn -0.66786551 0.00592746 -0.74425840
vn -0.74610358 0.07410299 -0.66169351
vn -0.73333263 0.16602942 -0.65928555
vn -0.76347256 -0.24450909 -0.59776670
vn -0.84736502 -0.00381932 -0.53099710
vn -0.87089902 -0.35740438 -0.33733797
vn -0.95638567 -0.10763878 -0.27155155
vn -0.89691293 -0.40333113 -0.18130372
vn -0.97925729 -0.15785027 -0.12703744
vn -0.74403042 0.22041035 0.63074410
vn -0.76519191 0.42126510 0.48684400
vn -0.72898662 0.40185028 0.55416155
vn -0.99311209 0.05647158 0.10266130
vn -0.72436541 -0.19020748 -0.66265821
vn -0.72539967 -0.06967092 0.68479288
vn -0.39950103 0.00738447 0.91670305
vn -0.20300035 0.07581186 0.97623938
vn 0.80862403 -0.37078840 0.45677477
vn 0.80635560 -0.01399250 0.59126544
vn -0.91943556 -0.39257157 -0.02292949
vn -0.88554877 -0.46453196 -0.00366904
vn -0.90599740 -0.42164803 0.03716983
vn -0.42979586 -0.68999183 0.58239752
vn -0.20050684 -0.77776498 0.59571695
vn 0.11155407 -0.80253762 0.58607936
vn -0.11952554 -0.77431375 0.62141109
vn 0.09856670 -0.74834597 0.65594423
vn 0.39918420 -0.68329895 0.61135471
vn 0.39885256 -0.62868851 0.66758329
vn 0.92723233 -0.24048971 0.28706235
vn 0.12024850 -0.68583202 0.71775675
vn -0.06107354 -0.42573729 0.90278339
vn 0.45426342 -0.69243455 0.56051695
vn 0.50011820 -0.43929362 0.74625927
vn -0.65964937 -0.19471794 0.72591144
vn -0.80869991 -0.08466284 0.58209682
vn -0.92837745 -0.21785228 0.30109081
vn 0.71828729 -0.69571358 0.00677109
vn 0.76211327 -0.64645565 0.03575251
vn 0.05243107 -0.65508085 0.75373739
vn 0.92517716 -0.07947880 -0.37112030
vn -0.19846390 -0.56318408 0.80214459
vn -0.41817805 -0.43916836 0.79514676
vn -0.39258158 -0.50571120 0.76820302
vn -0.36367765 -0.47104287 0.80365241
vn 0.66142672 -0.23538303 -0.71211624
vn 0.98258597 -0.18340221 -0.02980634
vn 0.82748616 -0.26658893 -0.49416289
vn -0.17726924 -0.23865953 0.95478648
vn 0.76655632 -0.47809416 -0.42873934
vn 0.28661096 0.80186534 0.52427685
vn 0.28082839 0.79922479 0.53138977
vn 0.58898598 -0.78203154 0.20377004
vn 0.61734450 -0.69278622 0.37273714
vn 0.50906128 -0.68108213 -0.52629244
vn 0.41942918 -0.78364271 -0.45823929
vn 0.34175131 -0.74833834 -0.56850302
vn 0.37101111 -0.69324940 -0.61786401
vn 0.16285913 0.91362989 0.37250149
vn 0.20625691 -0.43859264 -0.87469685
vn -0.05962707 0.75755608 -0.65004110
vn -0.16050662 0.96014118 -0.22883753
vn -0.16050662 0.96014112 -0.22883752
vn -0.16050661 0.96014106 -0.22883752
vn 0.42367947 -0.50633425 0.75108021
vn 0.12548597 -0.49063873 -0.86228007
vn 0.64409989 -0.22453927 0.73124373
vn -0.05483546 -0.46066248 -0.88587981
vn 0.88584340 0.02862227 -0.46310076
vn -0.85441262 -0.39835986 -0.33359933
vn 0.96116036 -0.20965600 -0.17948554
vn 0.91721892 -0.19839825 -0.34546715
vn 0.03027579 -0.80958873 -0.58621627
vn -0.71613353 -0.42720276 -0.55195159
vn 0.90220916 -0.41495466 0.11760614
vn 0.66387564 -0.74716973 -0.03172501
vn 0.48640728 -0.85340536 -0.18736914
vn 0.30952081 -0.88874638 -0.33812261
vn -0.78711057 -0.56106007 -0.25625858
vn -0.95092362 -0.30204198 0.06719247
vn -0.02915042 -0.05716958 -0.99793881
vn -0.48572141 -0.32358232 -0.81201547
vn -0.18541838 -0.27040747 -0.94472200
vn -0.88045174 -0.37368959 -0.29182315
vn -0.24900542 -0.19968112 -0.94769388
vn -0.19454476 -0.30527753 -0.93217921
vn -0.04146562 -0.07055887 -0.99664539
vn -0.72244364 0.53075171 -0.44314557
vn -0.73663670 0.58413213 -0.34081671
vn 0.26429579 -0.13631067 -0.95476025
vn -0.79458803 -0.55236751 0.25203159
vn 0.16751944 -0.67548811 -0.71808994
vn 0.13946614 -0.64363557 -0.75251746
vn -0.17333952 -0.73621982 -0.65416634
vn -0.58150011 -0.70878583 -0.39934987
vn -0.75245315 -0.63806319 -0.16336921
vn -0.87944221 0.47589627 0.01020696
vn -0.65552956 -0.18840873 0.73128855
vn -0.29508415 -0.28263742 0.91271108
vn -0.90418649 0.34736857 -0.24855974
vn -0.25448120 -0.31184429 0.91541922
vn -0.52972132 -0.16041169 0.83286440
vn -0.85956925 -0.45923018 0.22416165
vn -0.93591791 -0.25281617 0.24523787
vn -0.93784398 -0.24693002 0.24387373
vn -0.70314026 -0.43676785 0.56109512
vn -0.42514041 -0.35421491 0.83293903
vn -0.65049320 -0.14642933 -0.74526304
vn -0.96739596 0.02653982 0.25187430
vn -0.90343058 -0.02158064 0.42819095
vn -0.81251901 -0.06746199 0.57901788
vn -0.89424658 -0.10196419 -0.43580532
vn -0.68282127 -0.06676120 0.72752875
vn -0.56934524 -0.05435830 0.82029945
vn 0.81300610 -0.41805837 0.40527555
vn -0.80187964 -0.57930100 0.14628552
vn -0.82652760 -0.53070706 0.18762203
vn -0.62683374 -0.69890064 0.34440884
vn -0.65530813 -0.64164299 0.39857948
vn 0.49182689 -0.39529201 0.77579015
vn 0.73048514 -0.27540946 0.62493289
vn 0.82920212 -0.07860091 0.55339473
vn -0.89377379 -0.44171640 -0.07781386
vn 0.12166900 -0.31553739 0.94108069
vn -0.40378150 -0.75339442 0.51899648
vn -0.38506556 -0.80386615 0.45334721
vn 0.66269237 -0.54717976 0.51130527
vn 0.66377372 -0.49750695 0.55847228
vn 0.92872447 -0.35008252 -0.12211940
vn -0.11706132 -0.68153065 0.72236598
vn -0.38171941 -0.33335826 0.86206883
vn 0.70787919 -0.62461138 0.32979953
vn 0.75388944 -0.36398673 0.54695910
vn 0.23448041 -0.75354457 0.61415756
vn 0.42563868 -0.76377785 0.48525795
vn -0.45620260 -0.59736699 0.65956950
vn -0.92692024 -0.30262560 0.22189321
vn 0.81001693 -0.54181933 -0.22428665
vn 0.77213931 -0.58472764 -0.24878603
vn 0.01959451 -0.70690119 0.70704085
vn 0.59996045 -0.78884172 0.13332775
vn 0.66423172 -0.74743420 0.01177058
vn 0.13150418 -0.78905368 0.60008407
vn 0.88977242 -0.30302736 -0.34129083
vn -0.46296456 -0.48086119 0.74460483
vn -0.22298257 -0.60493147 0.76441920
vn 0.38908750 -0.22224778 0.89398932
vn 0.67089128 -0.15652038 0.72484910
vn 0.15184540 -0.25550604 0.95480877
vn 0.49285960 -0.32667181 -0.80645829
vn 0.82705551 -0.34077248 0.44704956
vn -0.39731362 -0.12877208 0.90860319
vn 0.73870242 -0.45470124 -0.49755949
vn 0.57590842 -0.74275869 0.34152460
vn 0.35743251 -0.88266182 -0.30520499
vn 0.25912932 -0.85074335 -0.45726112
vn 0.46503580 -0.88023311 0.09450596
vn 0.16645035 -0.64062810 -0.74959326
vn 0.17653231 -0.57805848 -0.79667103
vn 0.00823976 -0.51668596 -0.85613537
vn 0.50941533 -0.63136059 0.58470476
vn 0.53087908 -0.57453984 0.62295371
vn 0.38013622 -0.45160148 0.80718803
vn 0.26501724 -0.32238770 -0.90875304
vn -0.61338603 -0.37958002 -0.69258696
vn -0.61338603 -0.37957999 -0.69258696
vn 0.75130308 -0.48169786 0.45112175
vn 0.97931069 -0.12169684 -0.16168019
vn 0.73305327 -0.41072899 0.54215741
vn 0.64509052 -0.23238716 0.72791106
vn 0.75640303 -0.03623134 -0.65310162
vn 0.65470499 -0.04637302 -0.75446063
vn 0.44854748 -0.12664761 -0.88474041
vn 0.70084900 -0.23441996 -0.67368978
vn 0.05891234 -0.19228525 -0.97956908
vn 0.06380723 0.30162382 -0.95128953
vn 0.06380723 0.30162382 -0.95128947
vn -0.57637405 -0.64807069 -0.49779239
vn -0.85534406 -0.39507312 -0.33511761
vn 0.96174401 -0.20816599 -0.17808825
vn -0.18758388 -0.55630141 -0.80953133
vn -0.74690139 -0.21030572 -0.63080102
vn 0.78545123 -0.61306620 0.08494727
vn -0.87671977 -0.28566459 0.38698614
vn 0.64883310 -0.21672228 -0.72941548
vn 0.35273901 -0.26824290 -0.89644915
vn 0.81502056 -0.15745722 -0.55762768
vn 0.02612435 -0.28001192 -0.95964098
vn -0.29978096 -0.35419607 -0.88581961
vn -0.49271423 -0.41434368 -0.76521373
vn -0.72135097 -0.46087322 -0.51696086
vn -0.86571467 -0.45306501 -0.21276778
vn -0.54051852 -0.26698753 -0.79784542
vn 0.11039405 -0.04054822 -0.99306041
vn -0.77006578 0.50069231 -0.39535537
vn -0.44777676 -0.44333959 -0.77649593
vn -0.75447375 -0.55430442 0.35144848
vn -0.77543771 -0.56547588 0.28095081
vn -0.57447094 -0.71142006 -0.40480199
vn -0.38198301 -0.72679865 -0.57083499
vn -0.20141517 -0.64219224 -0.73960876
vn -0.89099848 0.45080167 -0.05384913
vn -0.42713401 -0.46774706 0.77380174
vn -0.48088828 -0.40720880 0.77648407
vn -0.57964736 -0.51626915 0.63045621
vn -0.87077129 -0.37228855 0.32118309
vn -0.67987835 -0.63185221 0.37219366
vn -0.76798832 -0.27363685 0.57906544
vn -0.19662604 -0.13432038 0.97123444
vn -0.90839720 0.33825850 -0.24575540
vn -0.02216149 -0.48421153 0.87467027
vn -0.86092913 -0.45604438 0.22544293
vn -0.43331534 -0.65346599 0.62066096
vn -0.24660437 -0.56493282 0.78742445
vn -0.41441226 -0.35920525 -0.83620226
vn -0.49578685 -0.35895929 -0.79078668
vn -0.57463372 -0.49752259 -0.64982104
vn -0.67480290 -0.62625563 -0.39044195
vn -0.71081871 -0.66394699 -0.23218748
vn -0.92952979 -0.36529830 -0.05031488
vn -0.92767054 -0.29274610 -0.23179136
vn -0.66620034 -0.23412204 -0.70807058
vn -0.65650737 -0.48604488 0.57685220
vn -0.57237500 -0.48612615 0.66035473
vn 0.85198218 -0.39705428 0.34128308
vn 0.52536881 -0.43465424 0.73148012
vn 0.74184346 -0.39998311 0.53822094
vn -0.86167455 -0.50737953 -0.00910577
vn -0.75906974 -0.63549984 0.14125553
vn -0.14756270 -0.81823874 0.55561721
vn -0.14755633 -0.82063562 0.55207282
vn -0.13538182 -0.85021991 0.50872189
vn 0.36780721 -0.74063987 0.56229043
vn 0.62714660 -0.60929251 0.48523173
vn 0.87581700 -0.47863123 0.06210272
vn 0.10231233 -0.75532198 0.64731830
vn 0.67119217 -0.69699264 0.25239357
vn -0.73767209 -0.43564844 0.51580065
vn -0.87396628 -0.29736838 0.38438919
vn -0.94739521 -0.24315371 0.20813109
vn -0.87868536 -0.35757205 0.31631365
vn 0.73526102 -0.63829070 -0.22798295
vn 0.52409577 -0.85165930 0.00019317
vn 0.02227167 -0.75213015 0.65863818
vn 0.47897372 -0.87232476 0.09815142
vn 0.10268994 -0.86986148 0.48248908
vn 0.89535171 -0.40580961 -0.18347748
vn 0.91331673 -0.15981810 -0.37458065
vn -0.38291755 -0.53822035 0.75079495
vn -0.20187889 -0.65366971 0.72935647
vn 0.61303496 -0.25564641 0.74755138
vn 0.93160325 -0.36149889 -0.03786850
vn 0.74934244 -0.43526798 -0.49902672
vn 0.43764189 -0.44019991 -0.78402400
vn -0.39811182 -0.12826365 0.90832567
vn 0.02136396 -0.52833951 0.84876430
vn 0.74755675 -0.51154542 -0.42365092
vn 0.15971383 -0.93297565 -0.32256448
vn 0.45246780 -0.84473324 0.28582972
vn 0.30681154 -0.93163627 -0.19473203
vn 0.36604941 -0.93049830 0.01344720
vn 0.12086232 -0.76495284 -0.63264477
vn 0.10132534 -0.59651017 -0.79618382
vn 0.41226730 -0.75637758 0.50786674
vn 0.37272787 -0.63327175 0.67826301
vn 0.04641971 -0.65129954 -0.75739962
vn -0.66598099 -0.58979297 -0.45674241
vn 0.78458816 -0.18350314 0.59223974
vn 0.63743949 -0.37383676 0.67373365
vn 0.64078104 -0.36897731 0.67324251
vn 0.54020005 -0.45764294 0.70622021
vn -0.04987290 -0.47124389 -0.88059181
vn 0.89464176 -0.14262383 -0.42340827
vn 0.32610723 -0.53170234 -0.78163081
vn -0.38878810 -0.66429543 -0.63840073
vn -0.83556974 -0.45505628 -0.30780983
vn 0.90968770 -0.31813058 -0.26694778
vn 0.03138534 -0.88222384 -0.46978292
vn 0.89469528 -0.43378326 0.10654854
vn 0.44378033 -0.89323789 0.07200786
vn 0.32676077 -0.94325095 -0.05920422
vn -0.92077267 -0.31910205 0.22439137
vn -0.91745210 -0.37591320 0.13027212
vn -0.16547090 -0.37339163 -0.91279685
vn 0.82502443 -0.23094685 -0.51575023
vn -0.03524427 -0.13960257 -0.98958021
vn -0.23606908 -0.29896119 -0.92460459
vn -0.75890344 -0.42806983 -0.49073592
vn -0.77771282 -0.44841316 -0.44055480
vn 0.25222522 -0.27945194 -0.92643893
vn 0.33117297 -0.20319234 -0.92143220
vn -0.73582137 -0.67224634 0.08155881
vn 0.22408348 -0.47282156 -0.85218918
vn 0.07009487 -0.69103050 -0.71941882
vn 0.08582149 -0.62194729 -0.77834189
vn -0.15172668 -0.74156231 -0.65350157
vn -0.68554133 -0.71151322 -0.15421468
vn -0.51843399 -0.58555692 0.62317681
vn -0.89596570 -0.44341937 -0.02499386
vn -0.97322983 -0.21425925 -0.08316742
vn -0.25014669 -0.38446721 0.88860101
vn -0.10828771 -0.46915507 0.87645161
vn -0.72472674 -0.66258496 0.18908310
vn -0.72465611 -0.66264403 0.18914609
vn -0.52329397 -0.67518818 0.51988876
vn -0.45211643 -0.40085024 -0.79681224
vn -0.53079844 -0.54239750 -0.65119731
vn -0.61907011 -0.68051952 -0.39197612
vn -0.87418777 -0.44242898 0.20013112
vn -0.76252133 -0.48274115 0.43072301
vn -0.75465077 -0.30346379 -0.58173198
vn -0.55507112 -0.68512207 0.47170293
vn -0.41228765 -0.47721791 0.77606827
vn 0.01394283 -0.63562894 0.77186888
vn -0.15431215 -0.41921040 0.89467889
vn 0.79738647 -0.46452874 0.38521144
vn -0.58133960 -0.74958915 0.31648144
vn 0.30617636 -0.50961411 0.80408299
vn 0.82455850 -0.09279306 0.55811530
vn 0.52325350 -0.52182466 0.67372453
vn -0.88828003 -0.45355681 -0.07242107
vn 0.18353310 -0.87871075 0.44066200
vn 0.30381280 -0.85183847 0.42669526
vn -0.13515413 -0.85278755 0.50446671
vn -0.13196990 -0.75598150 0.64115214
vn 0.20822279 -0.82906461 0.51893651
vn 0.38292196 -0.84084940 0.38254821
vn 0.60661495 -0.77859342 0.16065666
vn -0.94504309 -0.25045586 0.21015573
vn -0.85854691 -0.45436078 0.23759942
vn 0.60235041 -0.77094072 -0.20694095
vn 0.34341937 -0.93906879 -0.01459688
vn 0.00513851 -0.84913731 0.52814716
vn 0.34329826 -0.93775517 0.05254994
vn 0.06840948 -0.93601876 0.34523761
vn 0.81866008 -0.43282542 -0.37743604
vn 0.83956820 -0.48901927 -0.23661210
vn -0.45389360 -0.49371392 0.74177307
vn 0.30595273 -0.32748306 0.89395064
vn 0.55642235 -0.41689998 0.71874088
vn -0.23013712 -0.35809636 0.90487784
vn 0.73651052 -0.46956477 -0.48688924
vn 0.05800662 -0.88594276 -0.46015295
vn 0.05679246 -0.98136830 -0.18355085
vn 0.29657853 -0.93049872 0.21497315
vn 0.25307977 -0.96738887 0.01045316
vn 0.01857029 -0.99982333 -0.00291675
vn 0.16853693 -0.98474997 -0.04316082
vn 0.01812838 -0.99983537 -0.00084546
vn 0.12450726 -0.97249508 -0.19685327
vn -0.00462323 -0.63243961 -0.77459586
vn 0.38676989 -0.47127044 0.79266220
vn 0.28159645 -0.35302833 -0.89223009
vn 0.94104904 0.20017169 0.27268669
vn 0.92616141 0.34756702 0.14636339
vn 0.94493014 0.32678777 0.01780120
vn 0.97743702 0.16132516 0.13634896
vn 0.97455215 0.03214710 0.22184421
vn 0.77398998 -0.22138803 0.59323424
vn 0.64870447 -0.24987867 0.71884859
vn 0.97628403 -0.20136146 -0.07951861
vn -0.04043254 -0.64792383 -0.76063132
vn 0.49341127 -0.70030421 -0.51586753
vn 0.07130387 -0.98139256 -0.17828178
vn 0.24254446 -0.91552657 -0.32091010
vn 0.74844337 -0.58203137 -0.31791821
vn -0.54990929 -0.78692371 -0.27991226
vn -0.59657276 -0.75233334 -0.27945584
vn -0.85285640 -0.40153873 -0.33377036
vn 0.81082374 -0.36249977 -0.45952007
vn 0.95878333 -0.22067675 -0.17898676
vn 0.22290158 -0.95338416 -0.20340477
vn -0.16541535 -0.52527100 -0.83470255
vn -0.73301166 -0.23455310 -0.63849723
vn 0.56792915 -0.81142890 0.13798372
vn 0.12202366 -0.99172932 -0.03978679
vn -0.80490422 -0.42401800 0.41513589
vn 0.21091160 -0.60170966 -0.77036464
vn 0.16196367 -0.61344272 -0.77295262
vn 0.67003399 -0.30169380 -0.67825907
vn 0.38210285 -0.36422855 -0.84931439
vn 0.04696489 -0.38073528 -0.92349064
vn -0.22039616 -0.57535452 -0.78765011
vn -0.46436581 -0.55874646 -0.68714392
vn -0.67525446 -0.58915871 -0.44376040
vn -0.80970412 -0.56409806 -0.16177973
vn -0.86958700 -0.46915141 0.15399829
vn -0.49670601 -0.39721778 -0.77168721
vn 0.10033779 -0.35377589 -0.92993271
vn -0.74877030 -0.57211542 0.33470425
vn 0.32880399 -0.20905797 -0.92096835
vn -0.58134198 -0.79426181 0.17660548
vn -0.38411185 -0.88331276 -0.26873186
vn -0.24484362 -0.91250598 -0.32769552
vn -0.36681309 -0.55434525 0.74709392
vn -0.60859460 -0.70314431 0.36769640
vn -0.72788215 -0.68542272 0.01957367
vn -0.18724798 -0.22379626 0.95647973
vn -0.07170104 -0.49910390 0.86357063
vn -0.38834909 -0.70197785 0.59700251
vn -0.21128665 -0.60322469 0.76907605
vn -0.35193610 -0.40963888 -0.84162760
vn -0.64649361 -0.72407842 -0.24032606
vn -0.79638124 -0.55956626 -0.22948302
vn -0.75199091 -0.65829074 0.03410085
vn -0.78959793 -0.46238256 -0.40340731
vn -0.67997587 -0.39074799 -0.62044239
vn -0.65371120 -0.24261560 -0.71679813
vn -0.46502098 -0.68645364 0.55904984
vn -0.27848563 -0.69384086 0.66410136
vn -0.65180922 -0.69818562 0.29611063
vn 0.84369451 -0.41138291 0.34488201
vn 0.33871633 -0.56420112 0.75295973
vn 0.72434831 -0.57025290 0.38746762
vn 0.50931948 -0.67389983 0.53521264
vn -0.64652789 -0.75765175 0.08924945
vn -0.77563530 -0.63074833 -0.02337551
vn -0.47258222 -0.85064262 0.23037596
vn 0.22505328 -0.93960726 0.25785512
vn -0.37718233 -0.87672663 0.29846939
vn -0.10031798 -0.92138624 0.37547803
vn 0.54209912 -0.74948227 0.38000649
vn 0.72925103 -0.60044163 0.32811999
vn 0.83790189 -0.54576904 -0.00752370
vn 0.07966792 -0.82949013 0.55281031
vn -0.46675351 -0.67327529 0.57344717
vn -0.74400705 -0.50550735 0.43693903
vn -0.45651367 -0.76162952 0.45990843
vn -0.89139026 -0.42506340 0.15730371
vn -0.72052073 -0.60439682 0.33993280
vn 0.65226299 -0.65271676 -0.38537475
vn 0.39253941 -0.90542209 -0.16162823
vn 0.20613906 -0.97789431 -0.03506180
vn -0.01423741 -0.93512291 0.35403746
vn 0.03613850 -0.97041732 0.23871376
vn 0.25306237 -0.96724600 0.01986800
vn 0.91478598 -0.18155988 -0.36083636
vn -0.18881348 -0.77326292 0.60532135
vn -0.34662181 -0.67160290 0.65483052
vn 0.54455894 -0.70985699 -0.44671983
vn 0.75540769 -0.65411991 -0.03855322
vn 0.68188167 -0.62731647 0.37617993
vn 0.28339508 -0.66033781 -0.69544315
vn -0.39292717 -0.14229934 0.90849286
vn -0.06411534 -0.72724503 0.68337679
vn 0.28137934 -0.45750844 0.84351158
vn -0.00503051 -0.96372366 -0.26685485
vn 0.13336325 -0.98157752 0.13682050
vn 0.01866011 -0.99982035 -0.00333782
vn -0.03124153 -0.99853033 -0.04428670
vn -0.02894486 -0.78833437 -0.61456579
vn -0.00161552 -0.75286800 -0.65816957
vn 0.27229083 -0.87935376 0.39063373
vn 0.27096960 -0.79140687 0.54795134
vn -0.04465397 -0.79600352 -0.60364270
vn 0.92412663 0.38134435 -0.02380436
vn 0.45420307 -0.61065459 0.64869142
vn 0.43308982 -0.60445172 0.66863406
vn -0.03804243 -0.48982519 -0.87099022
vn 0.57428509 -0.58445770 -0.57324153
vn 0.43854985 -0.89248401 -0.10557620
vn -0.41493496 -0.84718597 -0.33182046
vn -0.68929768 -0.70312929 -0.17457914
vn 0.74491030 -0.58115381 -0.32767189
vn 0.84088308 -0.52037138 -0.14875887
vn 0.02153976 -0.95599550 -0.29258969
vn 0.89456242 -0.43534166 0.10117190
vn 0.28463310 -0.94760984 0.14498121
vn 0.18950680 -0.97945553 0.06895002
vn -0.91429335 -0.18396464 0.36086643
vn 0.19387576 -0.64593279 -0.73836517
vn 0.65632230 -0.44328168 -0.61052626
vn -0.06541742 -0.50728881 -0.85928953
vn -0.30230245 -0.67086297 -0.67716771
vn -0.67193002 -0.56772059 -0.47560853
vn 0.14102620 -0.47769740 -0.86713135
vn 0.27987364 -0.41209364 -0.86709261
vn -0.38500449 -0.92286670 -0.00941498
vn -0.02869678 -0.92842019 -0.37042204
vn -0.11312553 -0.93808031 -0.32742631
vn -0.31623232 -0.94392478 -0.09488422
vn -0.43886995 -0.67786610 0.58982247
vn -0.19521891 -0.51200730 0.83650357
vn 0.00772782 -0.49736857 0.86750495
vn -0.67211533 -0.71929389 0.17571917
vn -0.67433906 -0.71725434 0.17553630
vn -0.61435395 -0.77258223 0.16026831
vn -0.47371504 -0.72952598 0.49334148
vn -0.40290248 -0.48270318 -0.77760357
vn -0.50064099 -0.61544567 -0.60875708
vn -0.57645774 -0.73476171 -0.35752174
vn -0.58551306 -0.78080446 -0.21798801
vn -0.74747503 -0.49987692 -0.43749759
vn -0.65331334 -0.24772818 -0.71541065
vn -0.50872523 -0.74854451 0.42529944
vn -0.42248532 -0.74741501 0.51271522
vn -0.34469554 -0.84803808 0.40251282
vn -0.23660111 -0.75706559 0.60899216
vn 0.81408912 -0.11777519 0.56867218
vn 0.34086964 -0.65713805 0.67229265
vn -0.87810564 -0.47490391 -0.05828283
vn 0.15341133 -0.94577646 0.28630722
vn 0.40676448 -0.88444167 0.22870395
vn -0.09998787 -0.92289132 0.37185213
vn -0.14488599 -0.83534157 0.53029466
vn 0.61710256 -0.76066601 -0.20142418
vn 0.76901937 -0.63460708 -0.07670019
vn 0.28310820 -0.93880779 0.19618779
vn 0.10998714 -0.95364022 0.28013042
vn 0.46509126 -0.88524735 -0.00521973
vn -0.93742853 -0.27108830 0.21849194
vn -0.65051556 -0.74542183 0.14551899
vn -0.78228188 -0.61841774 0.07479778
vn 0.46747324 -0.83253855 -0.29723436
vn 0.21125709 -0.97024328 -0.11831485
vn -0.02871110 -0.97852874 0.20410125
vn -0.03753260 -0.99663669 0.07284585
vn -0.03338538 -0.99888474 -0.03338542
vn -0.03338537 -0.99888474 -0.03338542
vn 0.08001409 -0.99575788 -0.04543128
vn 0.67956024 -0.60210818 -0.41912228
vn 0.70408618 -0.63023049 -0.32721880
vn -0.40996236 -0.54000688 0.73506701
vn 0.28485179 -0.89241618 -0.34993261
vn 0.40168801 -0.68893987 0.60333121
vn 0.39317158 -0.91941756 -0.00934241
vn 0.39370373 -0.89729941 0.19962721
vn -0.07123206 -0.99077773 0.11526260
vn -0.27417862 -0.56803763 0.77598917
vn 0.73232621 -0.51761788 -0.44245920
vn 0.15242229 -0.68789953 0.70962083
vn -0.05065388 -0.92154944 -0.38494259
vn -0.06156445 -0.99551237 -0.07186721
vn -0.00600305 -0.99833602 0.05735016
vn -0.06618740 -0.99764884 0.01777909
vn -0.06622359 -0.99764705 0.01774456
vn 0.39985016 -0.53067088 0.74733406
vn 0.29890797 -0.39941692 -0.86667180
vn 0.55733091 -0.69755608 0.45033059
vn 0.63067913 -0.59651381 0.49640226
vn 0.72054946 -0.68703109 0.09379131
vn 0.39805648 -0.67345291 0.62290621
vn 0.65225101 -0.28163719 0.70373952
vn -0.09136143 -0.94305575 -0.31984198
vn -0.26762298 -0.96346921 0.01024826
vn -0.17146985 -0.90041733 -0.39980826
vn -0.01857268 -0.99963903 0.01941509
vn 0.21511126 -0.95269531 -0.21470593
vn 0.21258965 -0.95402479 -0.21128768
vn -0.38671896 -0.92217427 -0.00656040
vn -0.48202929 -0.87496126 -0.04572386
vn -0.71281189 -0.27305278 -0.64601982
vn -0.84784997 -0.41678178 -0.32778543
vn 0.59532833 -0.66417927 -0.45216158
vn 0.95005739 -0.24995142 -0.18685593
vn -0.03241051 -0.99910593 -0.02714664
vn -0.03241051 -0.99910587 -0.02714664
vn 0.88356894 -0.45632750 0.10521944
vn 0.88356894 -0.45632753 0.10521944
vn 0.13331553 -0.97809857 0.15984401
vn 0.07696015 -0.98796964 0.13413815
vn -0.11241126 -0.98718560 0.11326193
vn -0.67380238 -0.58844906 0.44689822
vn 0.07031539 -0.86412483 -0.49834132
vn -0.76360029 -0.61211711 0.20549300
vn 0.38133928 -0.51442891 -0.76807767
vn 0.05512226 -0.53067648 -0.84578007
vn -0.38708168 -0.76706457 -0.51164407
vn -0.55081958 -0.78051907 -0.29561421
vn -0.55017114 -0.74772871 -0.37177065
vn -0.01363216 -0.62401825 -0.78129083
vn -0.75032824 -0.57196379 0.33145875
vn 0.31913033 -0.22762054 -0.91996998
vn -0.62845957 -0.77390867 0.07812788
vn -0.25079274 -0.69253653 0.67638475
vn -0.51350367 -0.78415966 0.34843591
vn -0.65916562 -0.75171155 0.02074985
vn -0.19915317 -0.24417198 0.94906175
vn -0.05362273 -0.54580539 0.83619440
vn -0.60847718 -0.77712148 0.16074122
vn -0.35647631 -0.75649935 0.54830039
vn -0.20069693 -0.65976948 0.72417194
vn -0.35648784 -0.42494431 -0.83206892
vn -0.74907178 -0.60701090 -0.26538482
vn -0.60057020 -0.76011848 0.24806312
vn -0.59165651 -0.50393909 -0.62927574
vn 0.00341271 -0.50733668 0.86174113
vn -0.69226265 -0.57668531 -0.43382785
vn -0.19096096 -0.82175922 0.53688514
vn -0.39241731 -0.85419321 0.34111965
vn 0.07371290 -0.77663422 0.62562424
vn 0.05123717 -0.69743073 0.71481836
vn 0.82707947 -0.43578836 0.35500407
vn 0.65622705 -0.72804755 0.19827475
vn 0.45759982 -0.83052576 0.31753641
vn 0.34597945 -0.79254353 0.50216836
vn -0.47500110 -0.87980527 0.01779525
vn -0.33180955 -0.93537050 0.12241153
vn -0.61289811 -0.78819931 -0.05565864
vn -0.27008438 -0.94416761 0.18868513
vn 0.17727192 -0.97603768 0.12619504
vn 0.26217076 -0.96189570 0.07760895
vn 0.59247422 -0.77363968 0.22462404
vn 0.04428834 -0.95570427 0.29097748
vn -0.15100150 -0.93675220 0.31574351
vn -0.41630098 -0.87704045 0.23977815
vn -0.79933321 -0.59902769 0.04724617
vn 0.32564208 -0.91713738 -0.22981781
vn 0.06061766 -0.99463308 -0.08384924
vn -0.15773152 -0.90034515 0.40558535
vn -0.12085018 -0.96788466 0.22044159
vn -0.27301383 -0.70649070 0.65294278
vn 0.02164512 -0.99823558 0.05529274
vn -0.10329420 -0.97073758 0.21679185
vn 0.69583666 -0.59532738 0.40174189
vn 0.40174121 -0.59532756 0.69583702
vn 0.43195289 -0.50365180 0.74816549
vn 0.74816489 -0.50365180 0.43195379
vn 0.69014645 -0.68076462 -0.24547403
vn 0.66903073 -0.70296955 -0.24131213
vn 0.05584364 -0.99826705 0.01855724
vn 0.91629100 -0.21580540 -0.33740008
vn -0.26757714 -0.84334141 0.46602318
vn 0.11130110 -0.82803857 -0.54951268
vn 0.01375486 -0.98157656 -0.19057392
vn 0.19628376 -0.88566619 0.42079461
vn -0.15085934 -0.98412555 -0.09347966
vn -0.37793064 -0.17386353 0.90936238
vn -0.00351169 -0.86631680 0.49948269
vn -0.14536427 -0.85494190 0.49793938
vn -0.06789091 -0.95576483 -0.28618950
vn 0.12257363 -0.96117139 0.24723512
vn 0.38636661 -0.65987778 0.64442396
vn 0.01052654 -0.99378848 0.11078748
vn 0.01731896 -0.99251521 0.12088659
vn 0.69583678 -0.59532744 -0.40174156
vn 0.80348313 -0.59532738 0.00000006
vn 0.86390674 -0.50365180 0.00000009
vn 0.74816519 -0.50365174 -0.43195337
vn 0.10057307 -0.65903330 -0.74535912
vn 0.09416910 -0.68228805 -0.72499317
vn -0.06561058 -0.99234492 -0.10462712
vn -0.00517421 -0.54833394 -0.83624351
vn -0.12464040 -0.88129491 -0.45583335
vn 0.13803633 -0.92551303 0.35266346
vn -0.13432465 -0.89935660 -0.41607034
vn 0.26166859 -0.75986689 0.59508967
vn -0.20738840 -0.97785884 -0.02796961
vn -0.01258646 -0.99982202 0.01405153
vn 0.00137306 -0.97369903 0.22783428
vn 0.36134976 -0.90918124 0.20691985
vn -0.49066845 -0.86751485 -0.08162371
vn -0.78994918 -0.50761545 -0.34395784
vn 0.61592013 -0.77227503 -0.15567170
vn 0.69785208 -0.71624082 0.00122880
vn -0.68510783 -0.32165831 -0.65357727
vn 0.25199154 -0.95363390 0.16456819
vn 0.82761765 -0.55896479 0.05106374
vn -0.91581714 -0.21740511 0.33765975
vn 0.18660174 -0.65242201 -0.73452383
vn 0.08760573 -0.73699242 -0.67019957
vn -0.49502161 -0.86788470 0.04159192
vn -0.67735767 -0.73292243 -0.06333439
vn -0.23138036 -0.76322901 -0.60327828
vn -0.46347594 -0.82094502 -0.33352551
vn 0.07992074 -0.77569640 -0.62602544
vn 0.20605718 -0.65985495 -0.72258693
vn -0.74430734 -0.58221292 0.32716137
vn -0.74430740 -0.58221298 0.32716137
vn -0.74430740 -0.58221298 0.32716140
vn 0.30774644 -0.60115474 -0.73749912
vn 0.02358629 -0.77345783 -0.63340878
vn -0.29032367 -0.80250686 0.52124345
vn -0.56607211 -0.82356912 0.03600330
vn -0.10240615 -0.67090267 0.73444039
vn -0.42324018 -0.79202241 0.43996406
vn -0.52541310 -0.83951908 0.13837987
vn -0.39760321 -0.75467783 -0.52189368
vn -0.33993056 -0.64099640 -0.68816477
vn -0.45032722 -0.84285474 -0.29462060
vn -0.46813336 -0.86636639 -0.17395550
vn -0.62246823 -0.78206354 -0.03016397
vn -0.70090866 -0.71319336 -0.00906474
vn -0.67620736 -0.68656492 -0.26715574
vn -0.65435100 -0.26313230 -0.70893306
vn -0.03067643 -0.67670453 0.73561525
vn -0.10320195 -0.90586352 0.41080487
vn 0.79780322 -0.15560730 0.58249158
vn -0.84412062 -0.53562266 -0.02384688
vn 0.13934590 -0.97141260 0.19219843
vn 0.41420245 -0.90397155 0.10616841
vn -0.19854991 -0.97425473 0.10679730
vn -0.00101950 -0.99997389 0.00715359
vn -0.03860348 -0.98863828 0.14527245
vn -0.03690459 -0.98931867 0.14101982
vn 0.42793325 -0.84862822 -0.31097162
vn 0.52787185 -0.74786776 -0.40254807
vn 0.17899735 -0.98382926 -0.00632707
vn 0.30092961 -0.93907589 -0.16606633
vn -0.92221946 -0.30941927 0.23188572
vn -0.53033650 -0.84559453 -0.06093547
vn -0.34955731 -0.93687701 0.00843605
vn -0.64703500 -0.75567478 -0.10149509
vn 0.72438496 -0.56432754 -0.39598095
vn 0.28618392 -0.93394774 -0.21410395
vn -0.09043691 -0.99355119 0.06839041
vn -0.28946733 -0.65683460 0.69625920
vn -0.19282743 -0.93991244 0.28174859
vn -0.00000043 -0.59532750 0.80348313
vn -0.00000045 -0.50365180 0.86390674
vn 0.47264165 -0.32624781 0.81864053
vn 0.81864005 -0.32624787 0.47264254
vn -0.32993957 -0.87138659 0.36307725
vn -0.27576888 -0.95364451 0.12047271
vn -0.31460193 -0.28115192 0.90663069
vn -0.04823661 -0.99677634 -0.06410889
vn 0.48825988 -0.75345039 -0.44035751
vn -0.36436257 -0.58448899 0.72499132
vn -0.06663329 -0.92932653 -0.36319721
vn -0.24695331 -0.96269768 -0.11057725
vn -0.29673839 -0.76436990 0.57243782
vn 0.02975214 -0.59634715 -0.80217510
vn -0.01678280 -0.99446517 0.10371740
vn 0.41704395 -0.59776843 0.68465120
vn 0.08248519 -0.95312047 0.29113147
vn 0.94528431 -0.32624778 0.00000016
vn 0.81864017 -0.32624775 -0.47264218
vn 0.40174153 -0.59532744 -0.69583678
vn 0.43195337 -0.50365186 -0.74816519
vn 0.18413672 -0.87808019 0.44166607
vn -0.09841076 -0.92632383 0.36364743
vn 0.66203725 -0.36822918 0.65277410
vn -0.09353174 -0.99530077 0.02506203
vn 0.41482440 -0.58049750 0.70067346
vn 0.31810188 -0.45489186 -0.83179593
vn 0.28143793 -0.84700328 0.45097476
vn 0.23613517 -0.77821356 0.58191395
vn 0.65636045 -0.32266551 0.68196619
vn -0.39237663 -0.90554541 0.16133253
vn -0.28888780 -0.91236925 0.29004517
vn -0.28888378 -0.91237032 0.29004556
vn -0.02056440 -0.95919180 0.28200728
vn 0.93472677 -0.29266042 -0.20158316
vn -0.77299261 -0.51819170 -0.36600509
vn -0.37146449 -0.92312682 0.09925212
vn 0.84046680 -0.54000622 0.04482012
vn -0.41180849 -0.90948015 -0.05709229
vn -0.49042994 -0.73906267 0.46180615
vn -0.61319351 -0.74718142 0.25634673
vn -0.38289258 -0.91546750 -0.12374371
vn -0.10675998 -0.87706363 -0.46836069
vn 0.30147165 -0.26316407 -0.91643858
vn -0.58980429 -0.75905925 -0.27560839
vn -0.08012030 -0.83892214 0.53832179
vn -0.34705508 -0.88547748 0.30900237
vn -0.21765971 -0.27563268 0.93629640
vn -0.27433321 -0.85411716 0.44184294
vn -0.51696521 -0.84473121 0.13847761
vn -0.14661038 -0.78188592 0.60593700
vn -0.37455606 -0.46696559 -0.80103117
vn -0.53207511 -0.82103682 0.20686831
vn -0.56396890 -0.70543993 -0.42929441
vn -0.43631709 -0.65492332 -0.61701113
vn -0.02359318 -0.54513425 0.83801669
vn -0.51688963 -0.80671722 -0.28641286
vn 0.11644895 -0.88330656 0.45410264
vn -0.40727523 -0.90510017 0.12215009
vn 0.78370512 -0.49749658 0.37189174
vn 0.60766453 -0.79417849 0.00493180
vn 0.42401239 -0.88838565 0.17602406
vn 0.32635158 -0.90758395 0.26417071
vn -0.28941777 -0.95570266 -0.05357071
vn -0.21569461 -0.97587699 0.03376509
vn -0.38386533 -0.91957247 -0.08386785
vn 0.17775466 -0.98130524 0.07377872
vn 0.14098799 -0.98908329 -0.04285639
vn 0.36010516 -0.93088835 0.06141073
vn -0.16089199 -0.98692447 -0.00968398
vn -0.00219003 -0.99996418 0.00817331
vn -0.15818046 -0.98337251 0.08920386
vn -0.65065205 -0.75504345 -0.08100112
vn 0.70481569 -0.62321967 -0.33886907
vn -0.19704124 -0.93097377 0.30734757
vn -0.06139619 -0.93424690 -0.35130224
vn 0.39106798 -0.87489867 -0.28568900
vn 0.89060223 -0.40094188 -0.21464682
vn -0.29222101 -0.64344358 0.70752198
vn -0.30943012 -0.64024335 0.70309412
vn -0.40174186 -0.59532732 0.69583672
vn -0.43195367 -0.50365168 0.74816507
vn -0.00000045 -0.32624778 0.94528431
vn 0.49178517 -0.18052045 0.85179800
vn 0.85179746 -0.18052047 0.49178600
vn -0.26158401 -0.96475971 -0.02850415
vn -0.29279298 -0.89421105 0.33861312
vn 0.71013498 -0.62633336 -0.32158178
vn 0.91393119 -0.26674223 -0.30590582
vn -0.21816610 -0.95910764 -0.18032181
vn -0.16840138 -0.94750232 0.27180928
vn -0.20725179 -0.95016992 -0.23286040
vn -0.35233393 -0.22104986 0.90939415
vn 0.04157313 -0.60031128 -0.79868531
vn 0.02607204 -0.89142090 -0.45242569
vn 0.34144223 -0.51215738 -0.78810668
vn 0.42377120 -0.58436656 0.69205028
vn 0.98357123 -0.18052052 0.00000015
vn 0.85179758 -0.18052049 -0.49178559
vn 0.47264206 -0.32624775 -0.81864029
vn -0.21451949 -0.93836224 0.27103096
vn -0.43918869 -0.87869227 -0.18711790
vn -0.27808481 -0.93677115 0.21243514
vn -0.00000004 -0.59532744 -0.80348319
vn -0.00000007 -0.50365168 -0.86390674
vn 0.07329230 -0.87070757 0.48630923
vn 0.03742715 -0.85936338 0.50999403
vn -0.16660973 -0.89935040 0.40424013
vn 0.49939665 -0.85259330 0.15390761
vn 0.43046057 -0.90227222 0.02466895
vn 0.91145647 -0.34478956 -0.22442636
vn -0.64876670 -0.37547535 -0.66190630
vn 0.38802975 -0.91090977 0.14027272
vn -0.91361046 -0.26415086 0.30909577
vn -0.29965356 -0.93738627 -0.17752382
vn -0.27690068 -0.94979340 0.14566557
vn -0.42640737 -0.85348576 0.29956442
vn -0.33262813 -0.90740258 -0.25686368
vn -0.41686520 -0.90790063 0.04404417
vn 0.18009765 -0.90033150 -0.39619201
vn 0.26770481 -0.82798481 -0.49272221
vn 0.32134992 -0.77324921 -0.54664409
vn 0.50006706 0.00010776 -0.86598665
vn 0.50008053 0.00012918 -0.86597896
vn -0.09138333 -0.91084671 0.40250140
vn 0.00405771 -0.81188720 0.58380008
vn -0.33182600 -0.87244445 0.35879257
vn -0.40095577 -0.90982687 0.10700287
vn -0.23889029 -0.89702821 -0.37184912
vn -0.28358909 -0.93586618 -0.20912127
vn -0.22050209 -0.83516192 -0.50386834
vn -0.32900736 -0.93574476 -0.12702648
vn -0.45772067 -0.88526618 -0.08243546
vn -0.65552276 -0.29228589 -0.69631797
vn 0.00024967 -0.85119504 0.52484959
vn 0.16110371 -0.95987672 0.22952612
vn 0.77425861 -0.20595475 0.59841985
vn -0.80918247 -0.58736736 0.01494753
vn 0.73515928 -0.55333388 0.39161533
vn 0.02976909 -0.99336332 -0.11109953
vn 0.02976911 -0.99336338 -0.11109953
vn 0.02976910 -0.99336332 -0.11109954
vn 0.02976908 -0.99336332 -0.11109956
vn 0.20857659 -0.88998741 -0.40548518
vn 0.30611420 -0.83098394 -0.46449950
vn 0.12005840 -0.94070327 -0.31727502
vn -0.89862424 -0.36002496 0.25071180
vn -0.38176569 -0.88808155 -0.25605899
vn -0.21007194 -0.96382207 -0.16406386
vn -0.26349157 -0.93940747 -0.21928476
vn -0.47868931 -0.83667058 -0.26615566
vn 0.10711003 -0.91148263 -0.39714840
vn 0.90571278 -0.33054981 -0.26537028
vn -0.47930440 -0.87663817 -0.04210645
vn -0.10972132 -0.93944418 -0.32466277
vn -0.28897348 -0.92258483 -0.25560039
vn -0.69583690 -0.59532744 0.40174145
vn -0.74816525 -0.50365168 0.43195328
vn -0.47264239 -0.32624775 0.81864011
vn -0.00000065 -0.18052033 0.98357117
vn 0.49707508 -0.10799881 0.86096030
vn 0.86095983 -0.10799880 0.49707592
vn 0.27195194 -0.85576344 -0.44012606
vn 0.99415106 -0.10799880 0.00000010
vn 0.86096013 -0.10799872 -0.49707547
vn 0.49178568 -0.18052045 -0.85179770
vn -0.00000001 -0.32624772 -0.94528437
vn -0.41279587 -0.69016367 -0.59436840
vn -0.43195340 -0.50365168 -0.74816525
vn -0.00452736 -0.91275889 0.40847364
vn 0.41618267 -0.90443933 0.09370935
vn 0.12279195 -0.97368133 0.19200714
vn 0.16315550 -0.96900439 0.18550135
vn 0.56318051 -0.81342041 0.14551523
vn 0.32083777 -0.90757751 0.27086174
vn -0.27945131 -0.84287214 0.45986256
vn -0.19244342 -0.97984201 0.05362026
vn 0.02406532 -0.97909755 0.20196249
vn -0.02069940 -0.99635547 -0.08274809
vn -0.02011881 -0.99692565 -0.07572553
vn -0.17366509 -0.98468196 -0.01555401
vn -0.14413637 -0.97751880 -0.15388858
vn 0.22012110 -0.97355342 -0.06115819
vn 0.04462966 -0.95784092 -0.28381109
vn 0.27510834 -0.31106210 -0.90970099
vn 0.27391231 -0.88613087 -0.37382352
vn 0.28772163 -0.95160842 -0.10797118
vn 0.23887268 -0.36659595 -0.89919263
vn 0.31625205 -0.89131218 -0.32488033
vn 0.16981468 -0.94240016 0.28817537
vn -0.13117567 -0.96028012 0.24628232
vn -0.23921913 -0.32352436 0.91548133
vn -0.16943595 -0.93839633 0.30117065
vn -0.07259279 -0.90909147 0.41022301
vn -0.39299524 -0.91345340 0.10562918
vn -0.39066246 -0.51264375 -0.76457781
vn -0.29366520 -0.91173440 -0.28723007
vn -0.35073581 -0.84646469 -0.40060195
vn -0.24194656 -0.78694504 -0.56760836
vn -0.05076776 -0.58491123 0.80950695
vn -0.24550653 -0.95974112 -0.13646844
vn 0.08488715 -0.97445786 0.20790875
vn -0.21597175 -0.97476828 -0.05641687
vn 0.03541894 -0.99744463 -0.06204560
vn -0.20524906 -0.95620281 0.20868418
vn -0.20289586 -0.95763588 0.20436944
vn 0.18495503 -0.93090981 0.31495789
vn 0.33126232 -0.94353211 -0.00351395
vn 0.30820844 -0.94840688 -0.07437786
vn 0.45928037 -0.85884058 -0.22683534
vn 0.29137990 -0.95609647 -0.03125936
vn -0.10769419 -0.98841548 -0.10694239
vn -0.32313046 -0.94074255 -0.10290924
vn 0.72553957 -0.55711031 0.40400565
vn -0.75920200 -0.65057737 0.01900707
vn -0.19810262 -0.97793931 -0.06625813
vn -0.21140911 -0.97525501 -0.06468362
vn 0.68853492 -0.62217468 0.37258327
vn 0.23695718 -0.97025067 0.04964850
vn 0.22525749 -0.97339827 0.04189179
vn 0.10199095 -0.96296209 -0.24960321
vn -0.46273786 -0.86236632 -0.20542169
vn -0.23071718 -0.87777209 -0.41986400
vn -0.18119624 -0.89512944 -0.40732193
vn -0.37777668 -0.85598147 -0.35295993
vn -0.04497006 -0.87161529 -0.48812351
vn -0.05407331 -0.87069774 -0.48883697
vn -0.09999727 -0.91448218 -0.39207500
vn -0.86594963 -0.41706121 0.27602714
vn -0.20553143 -0.86549419 -0.45681140
vn -0.16142830 -0.86743504 -0.47063506
vn -0.21280646 -0.86499298 -0.45442325
vn -0.10982599 -0.91436017 -0.38972256
vn 0.26242808 -0.91073036 -0.31890690
vn -0.16841234 -0.77280068 -0.61189568
vn 0.66179281 -0.74235994 0.10455592
vn 0.33547848 -0.90352708 -0.26663280
vn -0.80348319 -0.59532738 -0.00000011
vn -0.86390680 -0.50365168 -0.00000014
vn -0.81864035 -0.32624763 0.47264200
vn -0.49178591 -0.18052045 0.85179752
vn -0.00000063 -0.10799883 0.99415100
vn 0.49911547 -0.05943725 0.86449462
vn 0.86449409 -0.05943726 0.49911636
vn 0.99823201 -0.05943721 0.00000025
vn 0.86449426 -0.05943723 -0.49911603
vn 0.49707553 -0.10799875 -0.86096007
vn 0.00000000 -0.18052039 -0.98357117
vn -0.47264218 -0.32624766 -0.81864029
vn 0.12730324 -0.92167866 0.36647281
vn -0.42459458 -0.82136005 0.38090312
vn 0.06890649 -0.91815442 0.39018506
vn -0.74816519 -0.50365180 -0.43195343
vn 0.15364254 -0.93744707 0.31238917
vn -0.03893022 -0.91747814 0.39587665
vn 0.14780042 -0.98133481 -0.12303285
vn 0.20127425 -0.97772944 -0.05944437
vn -0.90627581 -0.32187077 0.27397671
vn 0.08084667 -0.97624493 0.20102175
vn -0.01268202 -0.97507125 0.22152899
vn -0.04863915 -0.96982783 0.23888963
vn -0.45611933 -0.80057752 0.38862687
vn 0.28828219 -0.95069683 -0.11431935
vn 0.31062689 -0.92608654 -0.21418396
vn 0.09629436 -0.99486274 0.03123482
vn -0.86604321 -0.00004689 0.49996912
vn -0.21928191 -0.88188893 -0.41735771
vn 0.26351184 -0.96420121 0.02962270
vn 0.16606088 -0.95804757 0.23359939
vn -0.20682731 -0.97673333 0.05669575
vn 0.10725182 -0.91193849 0.39606220
vn -0.22515418 -0.93656927 0.26859573
vn -0.16908321 -0.98476684 0.04056233
vn -0.09864081 -0.97104686 -0.21757276
vn -0.12050638 -0.98514545 -0.12233792
vn -0.19436274 -0.97681236 -0.08978120
vn -0.12180767 -0.93193781 -0.34154782
vn -0.65721411 -0.33235183 -0.67647010
vn 0.02631420 -0.93628299 0.35025948
vn 0.19686605 -0.97792268 0.07007825
vn -0.09381214 -0.98987973 -0.10647725
vn 0.01809840 -0.99981201 0.00695651
vn 0.19255026 -0.88916862 0.41509452
vn 0.33524865 -0.94207025 0.01058570
vn 0.74111974 -0.26619607 0.61634499
vn -0.80586249 -0.59134668 0.02991153
vn 0.71924210 -0.56979245 0.39752656
vn -0.79643977 -0.60412169 0.02684500
vn -0.01144472 -0.87895423 -0.47676879
vn 0.14768617 -0.85795432 -0.49203980
vn -0.04588863 -0.89570457 -0.44227543
vn -0.13228595 -0.85975593 -0.49327493
vn 0.19913955 -0.88667136 -0.41732180
vn 0.22188297 -0.94826591 -0.22706792
vn 0.22771478 -0.94815260 -0.22170421
vn -0.94528437 -0.32624766 -0.00000008
vn -0.85179770 -0.18052033 0.49178544
vn -0.49707583 -0.10799880 0.86095989
vn -0.00000064 -0.05943735 0.99823201
vn 0.48842138 -0.21395348 0.84597194
vn 0.84597141 -0.21395342 0.48842224
vn 0.97684383 -0.21395345 0.00000021
vn 0.84597152 -0.21395350 -0.48842195
vn 0.49911597 -0.05943732 -0.86449432
vn -0.00000012 -0.10799880 -0.99415106
vn -0.49178559 -0.18052045 -0.85179770
vn -0.89343750 -0.38591388 0.22986941
vn 0.17223427 -0.93716186 0.30341879
vn -0.10070664 -0.88641709 0.45179969
vn 0.14955142 -0.97649872 0.15519239
vn -0.26447970 -0.38262454 0.88523942
vn -0.06693345 -0.98365456 0.16716363
vn -0.01021591 -0.97267771 0.23193446
vn -0.18184468 -0.98222411 0.04656474
vn -0.13591656 -0.97230703 0.19012043
vn -0.40485534 -0.57015568 -0.71485281
vn 0.01610923 -0.96176261 -0.27341047
vn -0.08762299 -0.98046845 -0.17607930
vn -0.19993642 -0.90331346 -0.37953940
vn -0.07953123 -0.63392395 0.76929533
vn -0.04915800 -0.84643537 -0.53021753
vn 0.13224588 -0.98733604 0.08762743
vn -0.66129899 -0.37868077 -0.64752179
vn -0.27138907 -0.96042126 -0.06276035
vn -0.17398210 -0.97407633 -0.14458768
vn 0.04129086 -0.99153388 0.12310869
vn -0.14967892 -0.69196320 0.70624596
vn -0.14170009 -0.71492600 0.68469107
vn -0.81864029 -0.32624763 -0.47264218
vn -0.98357117 -0.18052030 -0.00000014
vn -0.86095995 -0.10799883 0.49707553
vn -0.49911633 -0.05943732 0.86449414
vn -0.00000070 -0.21395351 0.97684383
vn 0.41474882 -0.55850881 0.71836716
vn 0.71836674 -0.55850869 0.41474971
vn 0.82949865 -0.55850881 0.00000017
vn 0.71836680 -0.55850887 -0.41474938
vn 0.48842195 -0.21395341 -0.84597164
vn -0.00000001 -0.05943729 -0.99823201
vn -0.49707547 -0.10799877 -0.86096007
vn 0.00246073 -0.94444203 0.32866874
vn 0.03247365 -0.94444281 0.32706785
vn 0.24531375 -0.96312392 0.11051451
vn 0.00659228 -0.89219242 0.45160758
vn -0.29468212 -0.44656029 0.84483510
vn 0.18463072 -0.95603091 0.22785167
vn -0.02715476 -0.99963045 0.00130347
vn -0.00895728 -0.99602991 0.08856688
vn 0.00804405 -0.99445122 -0.10489046
vn -0.04128662 -0.99565738 -0.08343689
vn -0.09826963 -0.94292873 -0.31816444
vn 0.03898797 -0.95622158 0.29003495
vn -0.00698002 -0.94764376 -0.31925318
vn -0.37545973 -0.66252834 -0.64814055
vn -0.03823331 -0.99123430 -0.12646271
vn -0.04605590 -0.98923033 -0.13893190
vn 0.08351848 -0.99625492 -0.02237778
vn -0.85179758 -0.18052034 -0.49178568
vn -0.99415106 -0.10799877 -0.00000008
vn -0.86449432 -0.05943736 0.49911591
vn -0.48842216 -0.21395361 0.84597147
vn -0.00000066 -0.55850863 0.82949865
vn 0.30780050 -0.78805745 0.53312677
vn 0.53312659 -0.78805757 0.30780092
vn 0.61560160 -0.78805745 0.00000013
vn 0.53312671 -0.78805757 -0.30780080
vn 0.41474935 -0.55850875 -0.71836698
vn -0.00000003 -0.21395344 -0.97684383
vn -0.49911597 -0.05943732 -0.86449432
vn -0.86095995 -0.10799875 -0.49707565
vn 0.19942039 -0.92868972 0.31267694
vn -0.40961209 -0.58712161 -0.69821644
vn 0.04562868 -0.99627918 0.07311498
vn -0.02762291 -0.99961585 0.00229926
vn -0.41595128 -0.57358289 -0.70568210
vn 0.09933981 -0.96249354 -0.25246370
vn -0.01526823 -0.94433779 -0.32862297
vn -0.09253817 -0.63772881 0.76468211
vn -0.99823201 -0.05943738 -0.00000009
vn -0.84597164 -0.21395354 0.48842183
vn -0.41474959 -0.55850869 0.71836680
vn -0.00000032 -0.78805745 0.61560172
vn 0.16963054 -0.94069195 0.29380959
vn 0.29380929 -0.94069201 0.16963141
vn 0.33926177 -0.94069195 -0.00000002
vn 0.29380932 -0.94069195 -0.16963094
vn 0.30780086 -0.78805757 -0.53312659
vn -0.00000010 -0.55850881 -0.82949865
vn -0.48842192 -0.21395352 -0.84597152
vn -0.86449426 -0.05943739 -0.49911603
vn -0.97684383 -0.21395347 -0.00000008
vn -0.71836686 -0.55850875 0.41474923
vn -0.30780113 -0.78805727 0.53312671
vn 0.00000004 -0.94069201 0.33926162
vn 0.00000000 -1.00000000 0.00000002
vn 0.16963083 -0.94069207 -0.29380932
vn -0.00000001 -0.78805745 -0.61560172
vn -0.41474932 -0.55850875 -0.71836686
vn -0.84597152 -0.21395352 -0.48842204
vn -0.82949859 -0.55850887 -0.00000009
vn -0.53312683 -0.78805745 0.30780077
vn -0.16963108 -0.94069201 0.29380938
vn -0.00000005 -0.94069207 -0.33926171
vn -0.30780089 -0.78805745 -0.53312659
vn -0.71836680 -0.55850881 -0.41474944
vn -0.61560160 -0.78805751 -0.00000012
vn -0.29380941 -0.94069195 0.16963074
vn -0.16963087 -0.94069195 -0.29380932
vn -0.53312665 -0.78805757 -0.30780077
vn -0.33926177 -0.94069195 0.00000002
vn -0.29380929 -0.94069195 -0.16963091
vn -0.00000001 0.99999994 -0.00000000
vn -0.15424833 0.98311198 0.09848010
vn -0.08434297 0.98311198 0.16241035
vn 0.00816208 0.98311198 0.18282306
vn -0.18282303 0.98311198 0.00816200
vn -0.29584789 0.93576598 0.19187491
vn -0.16027430 0.93576598 0.31409249
vn 0.09848018 0.98311198 0.15424834
vn 0.01824459 0.93576598 0.35214919
vn -0.16241036 0.98311198 -0.08434300
vn -0.35214925 0.93576598 0.01824455
vn 0.16241044 0.98311198 0.08434291
vn 0.19187497 0.93576604 0.29584780
vn -0.09848000 0.98311198 -0.15424837
vn -0.31409249 0.93576598 -0.16027454
vn 0.18282302 0.98311198 -0.00816209
vn 0.31409249 0.93576598 0.16027436
vn -0.00816205 0.98311198 -0.18282299
vn -0.19187488 0.93576598 -0.29584804
vn 0.15424833 0.98311198 -0.09848011
vn 0.34565070 0.93832725 -0.00823257
vn 0.08434288 0.98311198 -0.16241045
vn -0.01824451 0.93576598 -0.35214940
vn 0.26306635 0.94846213 -0.17667927
vn 0.15079865 0.94230169 -0.29887664
vn -0.43124768 0.85945874 0.27451065
vn -0.34978652 0.84383470 0.40693030
vn -0.66630250 0.61340529 0.42399886
vn 0.02801507 0.85614008 0.51598376
vn -0.07033225 0.75105757 0.65647995
vn 0.21682799 0.67584968 0.70442379
vn -0.21242972 0.75279641 0.62303394
vn -0.23417406 0.85986441 0.45364720
vn -0.38469863 0.82604325 0.41189745
vn -0.17792587 0.56013352 0.80906910
vn 0.18740785 0.83706146 0.51401025
vn 0.08941820 0.67276806 0.73443002
vn 0.52482444 0.85120004 -0.00422349
vn 0.42061478 0.87028456 0.25629666
vn 0.60158223 0.78906566 0.12439577
vn 0.35296363 0.82617372 0.43915102
vn 0.22746283 0.84165311 0.48977634
vn 0.11649612 0.79833609 0.59083676
vn -0.54544747 0.83327401 0.09023067
vn -0.50357109 0.86357296 0.02565020
vn -0.56056863 0.80962318 -0.17399178
vn -0.36912581 0.62392771 0.68881083
vn -0.21378143 0.68045211 0.70091540
vn -0.54641891 0.58891857 0.59548408
vn -0.50642836 0.66096920 0.55375987
vn -0.50765365 0.65977418 0.55406302
vn -0.34674665 0.73566532 0.58186191
vn -0.68553478 0.67489332 0.27305856
vn 0.08787775 0.54486674 0.83390504
vn -0.49728212 0.68221343 0.53599948
vn -0.20226312 0.56374145 0.80080283
vn -0.16681673 0.56267035 0.80967540
vn 0.54748589 0.56387186 0.61831039
vn 0.71448678 0.42134625 0.55854815
vn 0.21325916 0.66022426 0.72015589
vn -0.03885270 0.72269171 0.69007754
vn -0.00812706 0.70104766 0.71306807
vn 0.72008187 0.69373626 0.01456262
vn 0.69214863 0.68611115 0.22401242
vn 0.72364730 0.66152954 0.19675680
vn 0.65824801 0.73630077 0.15675062
vn 0.62975019 0.75670660 0.17552723
vn 0.65742648 0.71560669 0.23600286
vn 0.44870499 0.83489919 0.31875873
vn 0.64880878 0.73404872 -0.20054787
vn 0.48191282 0.59291381 0.64514589
vn 0.63069475 0.74243528 0.22586268
vn 0.19680446 0.76335323 0.61527222
vn 0.23039967 0.86948264 -0.43693930
vn -0.02914882 0.82862806 -0.55904025
vn -0.02260253 0.88070297 -0.47312924
vn -0.43207842 0.86639047 -0.25035125
vn -0.54848403 0.82117808 -0.15758167
vn -0.60398304 0.76415431 -0.22643501
vn -0.47170439 0.85718375 0.20671482
vn -0.65542215 0.73570609 -0.17075774
vn -0.75623864 0.63335556 0.16420680
vn -0.24444744 0.60561889 0.75727886
vn -0.54829007 0.58686835 0.59578818
vn -0.49019316 0.42735568 0.75965637
vn -0.36392912 0.45048720 0.81524038
vn -0.13080946 0.44754288 0.88464350
vn -0.38017040 0.72325093 0.57652289
vn -0.73020411 0.61382109 0.30004284
vn 0.63504219 0.41681203 0.65037614
vn -0.02410692 0.56743169 0.82306755
vn -0.46076682 0.55395329 0.69341892
vn -0.54017949 0.68371969 0.49064609
vn -0.26445907 0.57464194 0.77449858
vn -0.21402925 0.41453919 0.88450485
vn -0.11004813 0.42451900 0.89870632
vn -0.09657942 0.57092559 0.81530148
vn 0.38380560 0.43805441 0.81289697
vn 0.12498716 0.45535824 0.88149142
vn 0.29044971 0.71696681 0.63371718
vn -0.08880249 0.56612390 0.81952292
vn 0.01547767 0.52098882 0.85342312
vn 0.55959034 0.78867310 0.25466323
vn 0.96142119 0.27185380 -0.04200912
vn 0.92207259 0.36780199 -0.12043116
vn 0.90278411 0.40853566 -0.13445932
vn 0.53134215 0.84711748 -0.00821025
vn 0.80279446 0.45410717 0.38640335
vn 0.85557687 0.37899509 0.35263434
vn 0.90797114 0.31198210 0.27974197
vn 0.93153286 0.25813425 0.25615075
vn 0.86895847 0.45622829 0.19174682
vn 0.98671639 0.16218992 -0.00923315
vn 0.80311948 0.59259295 -0.06190917
vn 0.73307067 0.56993872 0.37118337
vn 0.71677071 0.23780899 0.65550494
vn 0.59863037 0.59173459 0.53989977
vn 0.67257899 0.43133834 0.60131919
vn 0.15302992 0.60899198 0.77827418
vn -0.40434673 0.78076875 -0.47634426
vn -0.26315677 0.83211100 -0.48820055
vn -0.20798579 0.69845599 -0.68476361
vn -0.64527935 0.76308638 -0.03624570
vn -0.70263469 0.70016146 -0.12680066
vn -0.64941525 0.61409611 -0.44849288
vn -0.54405552 0.77886915 0.31203589
vn -0.54607546 0.78258663 0.29893094
vn -0.52992660 0.79002321 0.30828777
vn -0.66757500 0.55614614 0.49502018
vn -0.62156367 0.58841252 0.51713568
vn -0.69173920 0.71476549 0.10299076
vn -0.63653737 0.74286479 0.20729730
vn -0.62919277 0.75132179 0.19907779
vn -0.62892205 0.75153589 0.19912462
vn -0.70906103 0.65129066 -0.27028301
vn -0.15351881 0.54938769 0.82134342
vn -0.78717726 0.44599411 0.42595902
vn -0.71454215 0.43072537 0.55127579
vn -0.61442959 0.42184415 0.66672623
vn -0.38131219 0.48810560 0.78508210
vn -0.43291092 0.61017013 0.66353643
vn -0.76844341 0.58709979 0.25457549
vn -0.75636727 0.55716169 0.34275261
vn 0.34732771 0.39444360 0.85075116
vn -0.32983652 0.57791239 0.74647516
vn -0.85830665 0.42068473 0.29382658
vn -0.28463608 0.42798102 0.85779637
vn -0.17802671 0.41942596 0.89016199
vn 0.01092056 0.43024290 0.90264708
vn 0.34731835 -0.44546387 0.82518607
vn 0.60345721 -0.28190953 0.74589974
vn 0.42257011 -0.27326453 0.86415333
vn -0.18250303 0.59203494 0.78497601
vn 0.50982076 0.82185066 -0.25425231
vn 0.42996377 0.72406387 -0.53931701
vn 0.44724077 0.82914394 -0.33540434
vn 0.56700069 0.81858212 -0.09183405
vn 0.83151728 0.55243051 -0.05830651
vn 0.88453519 0.44246823 -0.14771360
vn 0.97059381 0.22388989 -0.08843655
vn 0.93989462 0.13494477 -0.31366888
vn 0.77021265 0.54900861 0.32459494
vn 0.69614059 0.39422023 -0.59998226
vn 0.32362086 0.76012981 0.56344676
vn 0.56557953 0.66473877 0.48810038
vn -0.08344895 0.47598824 0.87548351
vn 0.99186146 -0.10980234 0.06445324
vn 0.92879212 0.20156582 0.31099287
vn 0.98073477 0.05659303 0.18696654
vn -0.43741095 0.71939969 -0.53956991
vn -0.18919381 0.67163998 -0.71631384
vn 0.01979769 0.71226263 -0.70163375
vn -0.12697203 0.73182988 -0.66955447
vn -0.16645536 0.64116162 -0.74913573
vn -0.00185610 0.68748766 -0.72619373
vn -0.08551654 0.65632135 -0.74961936
vn -0.27433068 0.42654309 -0.86186057
vn -0.20833312 0.72509366 -0.65638137
vn -0.27445063 0.42671970 -0.86173493
vn -0.41613236 0.69916034 -0.58138502
vn -0.37272346 0.48207182 -0.79289603
vn -0.35963643 0.66689903 -0.65261573
vn -0.51380593 0.77717239 -0.36332706
vn -0.76324993 0.49076742 -0.42023432
vn -0.47957611 0.47943085 -0.73495090
vn -0.80971831 0.57150424 0.13318858
vn -0.77141160 0.50761485 -0.38373312
vn -0.84894109 0.42027873 -0.32041332
vn -0.90203100 0.42643207 -0.06705052
vn -0.85567671 0.51670563 0.02885797
vn -0.85413182 0.42835656 0.29490596
vn -0.71125948 0.70286721 -0.00935858
vn -0.68929470 0.56210530 -0.45706743
vn -0.71861064 0.69040239 -0.08332598
vn -0.74592930 0.64521700 0.16518021
vn -0.78380686 0.57766324 0.22792961
vn -0.69780320 0.46038589 -0.54873979
vn -0.82065111 0.51467890 0.24826898
vn -0.26336986 0.52788383 0.80744976
vn -0.70402521 0.44697973 0.55186743
vn -0.61945999 0.39500645 0.67840934
vn -0.49372512 0.43184772 0.75481319
vn 0.15897040 0.01515363 0.98716694
vn -0.35612559 0.44473225 0.82181972
vn -0.96885300 -0.03082649 -0.24571021
vn -0.98984838 0.04454035 -0.13496788
vn -0.98096144 0.13174310 -0.14268295
vn -0.73490697 0.51037985 0.44656929
vn 0.89477640 0.03749713 0.44493705
vn 0.18143673 0.42182171 0.88833964
vn -0.55440950 0.43642741 0.70863348
vn -0.72779131 0.39524949 0.56044412
vn -0.97304118 0.21587756 -0.08116537
vn 0.29673165 -0.01964670 0.95475876
vn 0.19767787 0.14494689 0.96949160
vn 0.20177172 0.04103635 0.97857255
vn -0.39407685 0.44152227 0.80607778
vn -0.23680678 0.30736870 0.92165452
vn -0.05631883 0.27485457 0.95983481
vn 0.16195741 0.22545417 0.96069783
vn 0.54965138 -0.53404278 0.64240307
vn -0.00719114 -0.42605391 0.90466917
vn 0.05569419 -0.19061442 0.98008382
vn -0.23550794 -0.10135324 0.96657306
vn -0.72360718 0.01619465 0.69002193
vn -0.64442581 0.07583776 0.76089686
vn -0.63485461 0.17551966 0.75243098
vn -0.57494283 -0.23764873 0.78292012
vn -0.50426179 0.00204875 0.86354834
vn -0.30652192 -0.35276359 0.88408273
vn 0.62008154 0.65307486 -0.43473229
vn 0.60483956 0.73011917 -0.31795433
vn 0.61919999 0.70426410 -0.34728009
vn 0.33465114 0.63359916 -0.69753897
vn 0.60198444 0.75881815 -0.24861564
vn 0.64595878 0.74144065 0.18166707
vn 0.57728279 0.61690015 0.53495681
vn 0.96996933 0.05301062 -0.23738022
vn 0.71524113 0.69581443 -0.06536418
vn 0.82642126 0.01653014 0.56280959
vn 0.88617861 -0.04727329 0.46092588
vn 0.94536322 -0.09908332 0.31059760
vn 0.96232957 -0.15226257 0.22525045
vn 0.99311501 -0.03043883 -0.11311968
vn 0.69399422 0.60344201 0.39272094
vn 0.94151735 0.28599727 -0.17818676
vn 0.39297000 0.57459170 0.71792680
vn 0.59452623 0.59072357 0.54551286
vn 0.71092552 0.44016433 0.54848909
vn 0.87893713 0.27580842 0.38910064
vn -0.37176856 -0.03097990 0.92780840
vn 0.98022383 0.04303575 0.19315553
vn 0.05845411 0.81484419 -0.57672518
vn -0.23153807 0.77895147 -0.58277339
vn 0.25249884 0.75988066 -0.59902066
vn 0.17874733 0.80942774 -0.55935317
vn -0.63249946 0.57483041 -0.51914781
vn 0.15432823 0.57453370 -0.80379963
vn -0.42661560 0.71673477 -0.55162531
vn 0.07461433 0.54271668 -0.83659506
vn -0.02418841 0.49436805 -0.86891609
vn -0.13205297 0.42896923 -0.89361471
vn -0.27309081 0.42471713 -0.86315513
vn -0.34002843 0.38270018 -0.85902345
vn -0.40822130 0.43794629 -0.80097336
vn -0.49026909 0.50399023 -0.71107674
vn -0.56582260 0.54940575 -0.61481559
vn -0.29899421 0.59785599 -0.74375451
vn 0.16269082 0.41954479 -0.89303631
vn -0.87260878 0.35597092 -0.33442283
vn -0.93927532 0.31214914 -0.14256519
vn -0.93339628 0.35354555 -0.06145657
vn -0.91397554 0.30888009 -0.26313823
vn -0.95170045 -0.26214558 -0.15983129
vn -0.93041283 -0.26361769 -0.25463247
vn -0.85227728 -0.45989704 -0.24923499
vn -0.87823063 -0.46035886 -0.12954040
vn -0.90564954 0.42044020 0.05503729
vn -0.77535981 0.58702552 -0.23284797
vn -0.68139660 0.53937852 -0.49474183
vn -0.73505729 0.48885891 -0.46979523
vn -0.62552112 0.67296165 0.39477336
vn -0.54733068 0.74651062 0.37835300
vn -0.76922905 0.58368731 0.25999179
vn -0.64777243 0.71601957 0.26020569
vn -0.72933036 0.68366390 -0.02609527
vn -0.78455645 0.61873484 0.04047706
vn -0.86547875 0.44013381 0.23922552
vn -0.84363937 0.44274727 0.30372295
vn -0.78879464 0.46201834 0.40539131
vn -0.41374028 0.17744711 -0.89293414
vn -0.70486766 -0.03340629 0.70855188
vn -0.77217853 0.12828538 0.62232083
vn -0.77553439 0.02858025 0.63065809
vn 0.31182554 -0.18468006 0.93201834
vn 0.03840294 -0.03039145 0.99880004
vn -0.65626639 -0.22042213 0.72161514
vn -0.33002567 -0.37804016 0.86496747
vn -0.45581216 -0.19516593 0.86841553
vn -0.83673811 -0.37289405 0.40102276
vn -0.82619268 -0.19280121 0.52937073
vn -0.13122228 -0.37425315 0.91799527
vn -0.22439143 -0.12300179 0.96670520
vn 0.13415749 -0.27569434 0.95183742
vn 0.20489508 0.21916753 0.95393056
vn -0.96197528 -0.26457945 -0.06783216
vn -0.99920064 -0.02557137 0.03072820
vn -0.95224905 -0.17426495 -0.25070551
vn -0.90833884 -0.36698645 0.20060302
vn -0.94677424 -0.11880964 0.29917040
vn 0.92283964 0.20806164 0.32415640
vn 0.67490596 0.08721003 0.73273206
vn -0.99931628 0.03131910 -0.01964791
vn -0.35820702 0.27467209 0.89232439
vn -0.24623717 0.28209701 0.92724782
vn -0.17121103 0.29766625 0.93919200
vn 0.46113378 0.15071373 0.87443757
vn 0.30519292 -0.67143273 0.67530394
vn -0.72841585 -0.13881984 0.67092425
vn 0.41655365 0.61332762 -0.67105305
vn 0.15881641 0.31809917 -0.93466055
vn 0.39570680 0.81467462 -0.42393562
vn 0.52895010 0.63156885 -0.56686205
vn 0.39897570 0.81204569 -0.42591104
vn 0.43422389 0.74885362 -0.50066739
vn 0.75128627 0.56718659 -0.33744395
vn 0.73431432 0.51575989 -0.44133216
vn 0.62556022 0.61210251 -0.48374054
vn 0.57044804 0.63117373 -0.52555579
vn 0.64448506 0.75513780 -0.12002444
vn 0.72752607 0.67328542 0.13188091
vn 0.65944439 0.65350610 0.37156814
vn 0.83274347 -0.16465886 -0.52860737
vn 0.75808114 -0.34869227 -0.55111420
vn 0.79591632 0.09425087 0.59802508
vn 0.99040496 -0.13521656 -0.02853744
vn 0.64735764 0.16768248 -0.74351239
vn 0.93423218 0.29410708 0.20177026
vn 0.06143614 0.38829678 0.91948432
vn 0.47063327 0.45500609 0.75595886
vn 0.26604047 0.36376068 0.89269292
vn 0.60068363 0.44416219 0.66475493
vn 0.72956127 0.25541261 0.63443261
vn 0.69389951 0.25761697 0.67241126
vn 0.80238837 0.25122398 0.54134965
vn -0.33734122 0.10111711 0.93593597
vn 0.93882191 -0.32448009 -0.11543839
vn 0.14478669 0.47909245 -0.86574084
vn 0.13120149 0.51797956 -0.84527111
vn 0.04347305 0.52508384 -0.84993941
vn 0.26720411 0.78398091 -0.56033552
vn 0.26180774 0.51857364 -0.81396437
vn -0.98841363 0.03025980 -0.14873746
vn -0.94943553 0.19000685 -0.24993882
vn -0.96224576 0.09595695 -0.25470641
vn 0.68885475 -0.03720234 -0.72394413
vn 0.60318571 0.03570410 -0.79680121
vn 0.60848230 0.11659067 -0.78495604
vn -0.90624034 0.02968702 -0.42171928
vn -0.83138204 0.41456652 -0.37005207
vn -0.69653904 0.20416273 -0.68785965
vn -0.21953014 0.37470990 -0.90077686
vn -0.34174579 -0.24096438 -0.90837538
vn -0.24409220 -0.24265659 -0.93890190
vn -0.20718083 -0.44949344 -0.86892557
vn -0.33421022 -0.44898427 -0.82868367
vn -0.78495497 0.54970539 -0.28577897
vn -0.60767680 0.43420619 -0.66497660
vn -0.69560379 0.28398275 -0.65991604
vn -0.71918774 0.28468934 -0.63381463
vn -0.71678448 0.43460679 -0.54528612
vn -0.35037631 0.55644614 -0.75339508
vn 0.51241887 0.15560113 -0.84452063
vn -0.86519068 0.47451279 0.16211955
vn -0.80438560 0.42726350 -0.41280714
vn -0.89149243 -0.44853359 0.06370894
vn -0.97437620 -0.22445627 0.01450670
vn -0.87914038 -0.23277768 -0.41584468
vn -0.77211571 0.04054943 0.63418692
vn -0.95590597 0.27477968 0.10363369
vn -0.36265337 -0.09347415 -0.92722440
vn -0.46765238 -0.02106220 -0.88366145
vn -0.46124715 0.06403702 -0.88495779
vn -0.51259357 0.47579765 0.71474785
vn -0.67864156 0.48002726 0.55589521
vn -0.83186972 0.41741282 -0.36573133
vn -0.86894429 0.45175493 -0.20212203
vn -0.88132179 0.45192185 0.13798057
vn -0.84351772 0.16378044 0.51152116
vn -0.96484792 -0.03909072 0.25988546
vn -0.92027354 0.17921078 0.34782210
vn -0.95074260 0.18139894 0.25136226
vn -0.58637917 0.09155217 -0.80484635
vn -0.66833383 -0.19969034 0.71655685
vn -0.55128062 -0.57873416 0.60096288
vn -0.55178207 -0.57744288 0.60174435
vn -0.61159784 -0.42489880 0.66738975
vn -0.10384297 0.04036937 0.99377400
vn 0.34007493 -0.28569755 0.89594972
vn 0.94404042 -0.20300978 0.25995153
vn -0.84465879 0.11509927 0.52278453
vn -0.58645433 0.20599088 0.78335124
vn -0.96874255 0.04592615 0.24377961
vn -0.95720929 -0.14061503 -0.25293809
vn 0.48802695 -0.39621070 0.77771896
vn -0.14553280 0.25602210 0.95565313
vn 0.00792382 0.09018961 0.99589306
vn 0.28743419 -0.04921179 0.95653528
vn 0.63938558 -0.13931344 0.75616002
vn -0.06265763 -0.69429880 0.71695399
vn 0.49558499 -0.70663750 0.50503361
vn 0.69509983 0.37548757 -0.61306232
vn 0.95387751 0.21223652 -0.21230474
vn 0.99101722 0.08840030 -0.10035077
vn 0.29730469 0.63063049 -0.71687877
vn 0.52800447 0.63858801 -0.55983621
vn 0.75783622 0.60193872 -0.25170195
vn 0.72214657 0.47782657 -0.50018603
vn 0.70592159 0.57847232 -0.40871057
vn 0.65083647 0.50451738 -0.56733960
vn 0.55941308 0.50939214 -0.65389341
vn -0.09711590 -0.02454448 -0.99497044
vn -0.12187939 0.36532804 -0.92286557
vn 0.02951861 0.15387326 -0.98764962
vn 0.69777620 0.68148100 -0.22066273
vn 0.82882315 0.49569538 -0.25949633
vn 0.69686413 0.68207282 -0.22171383
vn 0.77994865 0.57783395 0.24039158
vn 0.75788790 0.64937198 0.06262560
vn 0.43007591 0.11828019 0.89501095
vn 0.42236176 -0.10664212 0.90013230
vn 0.47715217 0.30350330 0.82474935
vn 0.80151123 -0.41629741 -0.42927420
vn 0.99937385 0.02838334 -0.02112725
vn 0.55085653 -0.49810091 0.66966605
vn 0.68309718 -0.53049999 0.50194418
vn 0.78041619 -0.53837949 0.31795961
vn 0.85635453 -0.46241480 -0.22984697
vn 0.90745044 -0.06383903 -0.41528097
vn 0.44993830 0.32247066 0.83280754
vn 0.59986621 0.27622634 0.75090581
vn 0.99169409 -0.11481874 -0.05796088
vn -0.55670679 -0.21154685 0.80332148
vn 0.93655455 -0.33018553 -0.11765643
vn -0.34179506 0.28826210 -0.89447254
vn -0.27911964 0.32744247 -0.90270358
vn 0.32020745 0.50622624 -0.80075097
vn 0.27739361 0.50129122 -0.81960958
vn 0.16724946 0.56603754 -0.80723548
vn -0.98339450 -0.12747402 -0.12917292
vn 0.53344750 -0.27100134 -0.80124414
vn 0.46544436 -0.03429593 -0.88441241
vn -0.91234976 0.29269719 -0.28626269
vn 0.68671757 -0.18183152 -0.70381564
vn -0.49063709 0.12192794 -0.86279124
vn 0.27575797 -0.37173826 -0.88643569
vn 0.20894302 -0.12640470 -0.96972400
vn -0.00640466 -0.43392655 -0.90092552
vn -0.06473105 -0.20314130 -0.97700739
vn -0.51785344 -0.19229400 -0.83357716
vn -0.76045519 -0.35296810 -0.54508841
vn -0.74907511 -0.09662836 -0.65540022
vn -0.46539524 -0.68895006 -0.55565733
vn -0.52580601 -0.42859140 -0.73473632
vn -0.92252374 -0.23326698 -0.30746800
vn -0.90797943 0.01485574 -0.41875130
vn -0.84699303 0.37577841 -0.37602305
vn -0.44532922 0.36901411 -0.81578821
vn -0.77056777 0.00975099 -0.63728344
vn -0.85866791 0.06090428 -0.50890076
vn 0.01211876 0.30887371 -0.95102590
vn -0.15515475 0.25206357 -0.95519149
vn 0.48774755 0.02475491 -0.87263370
vn -0.86050320 -0.05091868 0.50689399
vn -0.78573340 -0.45064715 -0.42372191
vn -0.75724614 -0.16973446 -0.63068885
vn -0.85859078 -0.39044723 0.33222431
vn -0.95087147 -0.14775753 0.27204999
vn -0.65150154 -0.73637587 -0.18247281
vn -0.52383095 -0.76186222 -0.38100773
vn -0.66639054 -0.73799539 -0.10623828
vn -0.71534127 -0.69102794 0.10376620
vn -0.76428014 -0.29252428 0.57472199
vn -0.68869674 0.23672774 0.68531507
vn -0.47568884 -0.31687942 -0.82055318
vn -0.58656174 -0.08909827 -0.80498868
vn -0.33449274 -0.23884121 -0.91163009
vn -0.65165126 -0.40135723 -0.64363271
vn -0.88714570 0.46113822 -0.01799861
vn -0.65505826 0.13661498 0.74312514
vn -0.98407948 0.15093593 0.09384029
vn -0.93731940 -0.05205522 0.34456119
vn -0.82605082 -0.07564250 0.55849630
vn -0.24287422 -0.07762239 -0.96694714
vn -0.43491691 -0.39881316 0.80733836
vn 0.17082855 -0.00957880 0.98525423
vn 0.34880441 -0.18834040 0.91807598
vn -0.85941684 -0.47563484 -0.18754806
vn -0.80677313 -0.58416444 0.08870710
vn -0.89889973 0.17851257 -0.40014073
vn -0.80363750 -0.39341000 -0.44653708
vn -0.75764221 -0.43961036 -0.48241171
vn -0.70585847 -0.68064815 0.19616805
vn 0.98061311 -0.12136120 0.15384786
vn 0.83439416 -0.20278676 0.51250750
vn -0.94990045 -0.22281130 -0.21919037
vn -0.42353290 0.12280717 0.89751780
vn -0.26553124 0.20664580 0.94169563
vn 0.29675186 -0.75091690 0.58996803
vn -0.36767539 -0.63298774 0.68127918
vn -0.82373172 -0.35292208 0.44374773
vn -0.82845247 -0.40524194 0.38658169
vn -0.78677785 -0.38137659 0.48531690
vn -0.60958952 -0.61462700 0.50063378
vn -0.63626301 -0.50293285 0.58500236
vn -0.35364097 -0.74572474 0.56465268
vn 0.86581284 0.24737146 -0.43494299
vn 0.31455463 0.54864800 -0.77462298
vn -0.37562916 -0.39337927 -0.83913964
vn -0.32451913 -0.33334923 -0.88519233
vn -0.19691114 -0.16110736 -0.96709377
vn 0.72924060 0.47279826 -0.49464116
vn 0.64459717 0.34062117 -0.68444991
vn 0.64325225 0.32119057 -0.69502747
vn 0.38194177 -0.20227946 -0.90177792
vn 0.16410933 -0.41187385 -0.89634150
vn 0.25785595 -0.18924098 -0.94746935
vn 0.42425525 0.42651969 -0.79880434
vn 0.96342629 0.00593338 0.26790768
vn 0.98493904 0.07410364 0.15621729
vn 0.97287893 0.16603336 0.16105753
vn 0.96517754 -0.24451002 0.09299006
vn 0.99995708 -0.00382148 -0.00843110
vn 0.91558135 -0.35740051 -0.18432473
vn 0.95223182 -0.10763701 -0.28577781
vn 0.85354245 -0.40333200 -0.32983121
vn 0.89374310 -0.15784581 -0.41989031
vn 0.74086064 0.55872887 -0.37275669
vn 0.27400339 0.00882093 -0.96168822
vn -0.20389676 0.21954755 -0.95405716
vn 0.82835340 0.49881279 -0.25498295
vn 0.81717300 0.56685305 0.10443201
vn 0.48697647 -0.21209578 0.84727162
vn 0.47851527 -0.00666224 0.87805396
vn 0.79457819 0.60463601 -0.05532340
vn 0.54477751 -0.51572180 -0.66124767
vn 0.63076991 -0.59922713 -0.49300739
vn 0.45532238 -0.49388006 0.74078614
vn 0.85088968 -0.52457827 0.02835963
vn 0.67403096 -0.68720561 0.27098116
vn 0.56689340 -0.09431586 -0.81837428
vn 0.01791675 0.01449916 0.99973434
vn -0.21596344 0.06561784 0.97419411
vn 0.31267336 -0.03130611 0.94934464
vn 0.75277144 -0.25667372 0.60617965
vn 0.77121460 -0.06329784 0.63342035
vn 0.69706446 -0.06296562 0.71423835
vn 0.86751521 -0.09718665 0.48782384
vn 0.92031771 -0.37530717 0.11027166
vn 0.96442240 -0.11997710 0.23557377
vn -0.46555921 -0.10846071 0.87834549
vn 0.90264273 -0.39216739 -0.17731531
vn 0.18691202 0.54857188 -0.81494349
vn 0.62148005 0.27355421 -0.73411900
vn -0.01791224 0.44535601 -0.89517438
vn 0.13012831 0.23969385 -0.96208811
vn 0.06655258 0.41986570 -0.90514290
vn -0.93561119 -0.33551571 0.10982268
vn -0.95854008 -0.18149969 -0.21967874
vn -0.75896323 -0.22391392 -0.61142242
vn -0.16185138 -0.67585915 -0.71904004
vn -0.28668168 -0.67796183 -0.67689109
vn -0.97259206 0.22327332 -0.06491359
vn -0.87757695 -0.13990550 0.45856851
vn -0.58245432 0.07325576 -0.80955577
vn -0.58312291 -0.68386734 -0.43851241
vn -0.70195460 -0.45516700 -0.54779810
vn -0.60800880 -0.45446786 -0.65098715
vn -0.94425374 0.14007883 -0.29793090
vn -0.38056263 0.16087775 -0.91065383
vn 0.66114062 -0.17269985 -0.73011488
vn -0.60869581 -0.69291931 -0.38646114
vn -0.63890666 -0.75795954 0.13151293
vn -0.62776071 -0.20351206 0.75133169
vn -0.36309770 0.09421255 0.92697579
vn -0.90025407 0.05722701 -0.43158743
vn -0.78313619 0.01701813 -0.62161720
vn -0.98167288 0.10507283 -0.15899037
vn -0.55573779 -0.16884224 0.81403184
vn -0.99587393 -0.07076348 0.05681321
vn -0.98123348 -0.17738234 0.07560675
vn -0.45568824 -0.14101212 -0.87889922
vn -0.46856928 -0.43917143 0.76653194
vn 0.23950823 -0.48590997 0.84055173
vn -0.16818528 0.97630715 -0.13615443
vn -0.16818528 0.97630721 -0.13615444
vn -0.37859544 0.68273354 0.62493229
vn -0.38154832 0.68858796 0.61665821
vn -0.33922148 0.91477823 -0.21933901
vn 0.10362186 -0.26430684 0.95885575
vn 0.36995032 -0.39112622 0.84270805
vn 0.39323375 0.76035815 0.51693594
vn -0.27953348 0.83972907 0.46552774
vn -0.28940487 0.84356946 0.45236635
vn 0.36213496 0.87828767 0.31220031
vn 0.37042144 0.87576044 0.30956697
vn -0.87635398 -0.18048245 -0.44657555
vn 0.28020054 -0.30226856 0.91111004
vn 0.94761133 -0.27049139 0.16990410
vn -0.93007720 -0.27997914 0.23784059
vn -0.71796912 -0.08197480 0.69123119
vn -0.95437950 -0.29258165 -0.05963032
vn -0.91227204 -0.30753604 -0.27052045
vn 0.26338229 -0.14765246 0.95332503
vn -0.13273861 0.20612840 0.96948004
vn 0.08135185 0.08468187 0.99308151
vn 0.36804241 0.00012296 0.92980897
vn 0.72514325 -0.42122665 0.54473424
vn 0.84919107 -0.44765440 0.28014311
vn -0.07875239 -0.80137593 0.59295410
vn 0.54751641 -0.66162115 0.51233125
vn 0.97309893 -0.19559751 0.12173711
vn -0.77284169 -0.46974045 0.42668456
vn 0.96713609 -0.19020605 0.16872843
vn -0.27812010 -0.31184632 -0.90851587
vn -0.00170383 -0.16041350 -0.98704845
vn 0.60387099 -0.45922875 -0.65149730
vn 0.65688074 -0.25281700 -0.71034598
vn 0.65924078 -0.24692412 -0.71023232
vn 0.29071328 -0.43676752 -0.85130483
vn -0.08989374 -0.35421234 -0.93083447
vn 0.94932252 -0.14643401 0.27810735
vn 0.73575783 0.47589713 -0.48185298
vn 0.15899648 -0.18840691 -0.96913522
vn -0.24243864 -0.28263766 -0.92808372
vn 0.80428809 0.58413100 -0.10914019
vn 0.89586300 0.34736583 -0.27706766
vn 0.71985763 -0.19968118 0.66477996
vn 0.66560829 -0.30527499 0.68100858
vn 0.57127261 -0.07055777 0.81772196
vn 0.84738928 0.53075290 -0.01525592
vn 0.29101807 -0.13631031 0.94695723
vn 0.53410381 -0.55236489 -0.64002037
vn 0.24523072 -0.67548776 0.69539773
vn 0.28739923 -0.64363492 0.70932060
vn 0.49811783 -0.73622984 0.45808756
vn 0.70502746 -0.70878452 0.02367722
vn 0.72212660 -0.63806772 -0.26721293
vn 0.80132806 -0.56105721 -0.20757659
vn 0.76534063 -0.30204105 -0.56835294
vn 0.56158918 -0.05716889 0.82543886
vn 0.84636360 -0.32358301 0.42303976
vn 0.66466379 -0.27040601 0.69649321
vn 0.89913863 -0.37368944 -0.22782874
vn -0.58718467 -0.19839548 0.78476328
vn 0.89966863 -0.39836714 -0.17860572
vn -0.71354026 -0.20965680 0.66850901
vn 0.28769493 0.22041014 -0.93201447
vn 0.38296825 0.42126298 -0.82211483
vn 0.31623313 0.40183759 -0.85937375
vn 0.78181440 0.05646967 -0.62094879
vn 0.24290828 -0.06967297 -0.96754396
vn -0.15657878 0.00738681 -0.98763788
vn -0.35423818 0.07581452 -0.93207699
vn -0.92736375 -0.37078580 0.05014413
vn -0.99782383 -0.01399213 -0.06443411
vn 0.78729701 -0.39257151 -0.47544831
vn 0.74837166 -0.46453479 -0.47344202
vn 0.74363029 -0.42164764 -0.51887107
vn 0.04885097 -0.68999153 -0.72216702
vn -0.15156382 -0.77776617 -0.61000675
vn -0.40941176 -0.80253536 -0.43395743
vn -0.23363622 -0.77432543 -0.58807671
vn -0.43606108 -0.74834573 -0.49982956
vn -0.66544271 -0.68330020 -0.30047739
vn -0.69542104 -0.62869072 -0.34804809
vn -0.93600649 -0.24049163 0.25701264
vn -0.48759881 -0.68583250 -0.54026026
vn -0.43433264 -0.42573917 -0.79378921
vn -0.68450934 -0.69243586 -0.22799006
vn -0.82311416 -0.43929434 -0.35986584
vn 0.16535896 -0.19471569 -0.96682066
vn 0.36838171 -0.08466304 -0.92581153
vn 0.62047005 -0.21785296 -0.75336379
vn -0.60906547 -0.69571006 0.38082361
vn -0.66159856 -0.64645320 0.37998098
vn -0.44979784 -0.65508115 -0.60708374
vn -0.58008826 -0.07947875 0.81066686
vn -0.26438329 -0.56318265 -0.78289634
vn -0.07542619 -0.43916622 -0.89523399
vn -0.08249562 -0.50571251 -0.85874867
vn -0.12593788 -0.47104228 -0.87307435
vn -0.17428604 -0.23538119 0.95614862
vn -0.81214523 -0.18340208 0.55388057
vn -0.43153444 -0.26658416 0.86180681
vn -0.36438215 -0.23866169 -0.90014797
vn -0.41538885 -0.47809321 0.77387273
vn -0.52369970 0.80185270 -0.28769916
vn -0.52265322 0.79921180 -0.29680651
vn -0.60609132 -0.78203017 0.14519709
vn -0.72091681 -0.69278669 0.01804482
vn -0.14585543 -0.68107915 0.71753550
vn -0.10692836 -0.78363740 0.61194676
vn 0.01787833 -0.74833715 0.66307759
vn 0.01977990 -0.69324553 0.72043002
vn -0.33775365 0.91365522 -0.22617826
vn 0.29685172 -0.43860373 0.84823686
vn 0.40001947 0.75756729 0.51582563
vn 0.25805864 0.96021789 0.10671204
vn 0.25805861 0.96021783 0.10671204
vn 0.25805861 0.96021777 0.10671202
vn -0.76128221 -0.50633216 -0.40506440
vn 0.35824880 -0.49064019 0.79431099
vn -0.93639088 -0.22453851 -0.26973048
vn 0.52293509 -0.46066153 0.71716797
vn -0.49743715 0.02862066 0.86702776
vn 0.28993687 -0.80959350 0.51038700
vn 0.90061975 -0.42721060 0.07984487
vn -0.82372415 -0.41496098 0.38637537
vn -0.54248220 -0.74717140 0.38398945
vn -0.30914494 -0.85340756 0.41967246
vn -0.07893000 -0.88874644 0.45155266
vn 0.98824668 -0.10196243 -0.11389486
vn -0.45200419 -0.48420936 -0.74915522
vn 0.60432643 -0.45604420 -0.65330946
vn 0.03123211 -0.65347183 -0.75630623
vn -0.21588191 -0.56493264 -0.79639566
vn 0.79927784 -0.35920224 0.48179731
vn 0.84342903 -0.35895306 0.39972511
vn 0.83402705 -0.49751982 0.23848017
vn 0.77887189 -0.62625855 -0.03403954
vn 0.72405803 -0.66396642 -0.18678489
vn 0.77996057 0.45081201 -0.43408546
vn -0.05638841 -0.46774504 -0.88206291
vn -0.01252321 -0.40720803 -0.91324961
vn 0.14930029 -0.51626754 -0.84331322
vn 0.56110400 -0.37228635 -0.73930055
vn 0.37275729 -0.63185257 -0.67956930
vn 0.33569956 -0.27363417 -0.90134919
vn -0.35691929 -0.13432026 -0.92442781
vn 0.86181355 0.50068927 -0.08116350
vn 0.89790130 0.33826330 -0.28169340
vn 0.88492680 -0.26698706 0.38160521
vn 0.44134662 -0.04054675 0.89642018
vn 0.79527116 -0.44333661 0.41351712
vn 0.44679594 -0.55430174 -0.70222712
vn 0.50240099 -0.56547481 -0.65408826
vn 0.70204908 -0.71140677 0.03205694
vn 0.62915099 -0.72678947 0.27558324
vn 0.56777751 -0.64218354 0.51500398
vn 0.53070390 -0.28567043 -0.79796344
vn -0.15435845 -0.21672335 0.96395248
vn 0.18509339 -0.26824379 0.94540238
vn -0.38687488 -0.15745765 0.90858948
vn 0.49439073 -0.28001243 0.82290387
vn 0.72935653 -0.35419655 0.58530653
vn 0.82707202 -0.41434571 0.37982804
vn 0.88619262 -0.46087080 0.04754712
vn 0.84417558 -0.45306456 -0.28653130
vn 0.90127105 -0.39507988 -0.17782688
vn -0.71478450 -0.20816739 0.66764474
vn 0.67984235 0.02654046 -0.73287785
vn 0.53104460 -0.02157543 -0.84706914
vn 0.37325579 -0.06745747 -0.92527276
vn 0.18402252 -0.06676170 -0.98065203
vn 0.03845450 -0.05436132 -0.99778062
vn -0.90334415 -0.41805640 0.09590761
vn 0.59715503 -0.57930481 -0.55480790
vn 0.59568459 -0.53070790 -0.60291719
vn 0.34299871 -0.69890290 -0.62760383
vn 0.33784568 -0.64164662 -0.68858540
vn -0.83201617 -0.39529309 -0.38922042
vn -0.95199448 -0.27540284 -0.13364081
vn -0.99670112 -0.07860003 -0.02022051
vn 0.79520267 -0.44171569 -0.41537920
vn -0.60897166 -0.31553265 -0.72773117
vn 0.06104407 -0.75339127 -0.65473294
vn 0.08060042 -0.80386245 -0.58932900
vn -0.83370358 -0.54718423 -0.07434864
vn -0.85999906 -0.49750856 -0.11352056
vn -0.71707159 -0.35008302 0.60270244
vn -0.29005405 -0.68153298 -0.67184925
vn -0.14216498 -0.33335862 -0.93201995
vn -0.77412009 -0.62461138 0.10294972
vn -0.92976052 -0.36398438 -0.05532449
vn -0.52813369 -0.75354260 -0.39146954
vn -0.61988378 -0.76377910 -0.17995955
vn 0.02958364 -0.59736723 -0.80142200
vn 0.66186088 -0.30263340 -0.68582308
vn -0.56204176 -0.54181844 0.62493348
vn -0.51693052 -0.58472955 0.62519926
vn -0.39699569 -0.70690066 -0.58539391
vn -0.57743293 -0.78884196 0.21047513
vn -0.56619400 -0.74742937 0.34752503
vn -0.43376139 -0.78905040 -0.43502918
vn -0.56629562 -0.30303288 0.76647258
vn -0.01047757 -0.48085845 -0.87673569
vn -0.22341201 -0.60493368 -0.76429212
vn -0.80902892 -0.22224675 -0.54413092
vn -0.95553094 -0.15652001 -0.24992381
vn -0.64179486 -0.25550610 -0.72306007
vn 0.01856099 -0.32666609 0.94495761
vn -0.93766522 -0.34077072 0.06825930
vn -0.15406169 -0.12877771 -0.97963321
vn -0.35487318 -0.45470512 0.81688946
vn -0.66919762 -0.74275702 0.02205537
vn -0.13702069 -0.88265985 0.44959643
vn 0.02765629 -0.85074449 0.52485126
vn -0.44281679 -0.88023496 0.17058663
vn 0.26308095 -0.64062703 0.72137743
vn 0.27991578 -0.57805759 0.76648325
vn 0.45376226 -0.51668900 0.72603875
vn -0.74401313 -0.63136184 -0.21869330
vn -0.78268826 -0.57453865 -0.23938380
vn -0.75476944 -0.45160896 -0.47578609
vn 0.26565224 -0.32239255 0.90856588
vn 0.88970059 -0.37957874 0.25367847
vn 0.88970065 -0.37957880 0.25367850
vn -0.87600642 -0.48169866 0.02406468
vn -0.73842174 -0.12169910 0.66326660
vn -0.90961295 -0.41073024 -0.06248935
vn -0.93543112 -0.23239075 -0.26638916
vn -0.28609142 -0.03623507 0.95751691
vn -0.14583082 -0.04637645 0.98822194
vn 0.09804084 -0.12664650 0.98709095
vn -0.22818889 -0.23442198 0.94497418
vn 0.47747877 -0.19228269 0.85734564
vn 0.45812598 0.30164105 0.83614182
vn 0.45812604 0.30164105 0.83614188
vn 0.45812604 0.30164108 0.83614188
vn 0.75368917 -0.64805925 0.10941588
vn 0.59373939 -0.55629885 0.58138210
vn 0.96898657 -0.21030934 0.12974985
vn -0.70774066 -0.61306846 0.35107023
vn 0.94254881 -0.23412067 0.23830505
vn -0.38036913 -0.46914616 -0.79700762
vn 0.50908136 -0.66260254 -0.54935783
vn 0.50900143 -0.66264248 -0.54938370
vn 0.16129991 -0.67518634 -0.71979564
vn 0.80986607 -0.40084234 0.42830154
vn 0.79782182 -0.54239470 0.26322660
vn 0.73272532 -0.68051887 -0.00276089
vn 0.10162220 -0.58555895 -0.80423480
vn 0.76862770 -0.44341615 -0.46107879
vn 0.86505467 -0.21425879 -0.45362270
vn 0.90372896 -0.42807284 0.00523856
vn -0.26734132 -0.38446844 -0.88357943
vn 0.56222552 -0.13960347 0.81511557
vn 0.69653010 -0.29895869 0.65228027
vn 0.89257491 -0.44842371 -0.04718323
vn 0.28595072 -0.27945456 0.91659015
vn 0.21671484 -0.20319201 0.95485473
vn 0.57630575 -0.67224902 -0.46470740
vn 0.65533412 -0.31910282 -0.68462437
vn 0.26971558 -0.47282284 0.83886361
vn 0.32806093 -0.69102627 0.64409524
vn 0.34651339 -0.62194347 0.70222133
vn 0.47954908 -0.74156618 0.46916124
vn 0.66080415 -0.71151417 -0.23892561
vn 0.70318401 -0.37591508 -0.60350662
vn 0.63684773 -0.36299321 0.68019181
vn -0.41784215 -0.23094358 0.87867677
vn 0.86991531 -0.45505074 -0.19020012
vn -0.62308943 -0.31812808 0.71453071
vn 0.81054270 -0.36529672 -0.45779788
vn 0.90663332 -0.29274485 -0.30383649
vn 0.24292552 -0.48604751 -0.83949089
vn 0.12708029 -0.48613036 -0.86459690
vn -0.90175933 -0.39705247 0.17082004
vn -0.83644480 -0.43465462 -0.33381948
vn -0.91490084 -0.39999101 -0.05443987
vn 0.73117352 -0.50737965 -0.45601672
vn 0.56377918 -0.63550121 -0.52753323
vn -0.17461325 -0.81825167 -0.54769927
vn -0.17271979 -0.82063764 -0.54472166
vn -0.15965010 -0.85022426 -0.50162786
vn -0.61259687 -0.74063814 -0.27600759
vn -0.78971791 -0.60928917 -0.07150055
vn -0.77161330 -0.47863224 0.41895601
vn -0.43457255 -0.75532538 -0.49054077
vn -0.70154232 -0.69699377 0.14845249
vn 0.34418964 -0.43564945 -0.83171082
vn 0.52978426 -0.29736942 -0.79429215
vn 0.68652374 -0.24315239 -0.68524599
vn 0.57039362 -0.35757375 -0.73945397
vn -0.49704257 -0.63828856 0.58782351
vn -0.44183710 -0.85166597 0.28185999
vn -0.37319848 -0.75213265 -0.54315692
vn -0.45651183 -0.87233549 0.17500772
vn -0.34618393 -0.86986250 -0.35142013
vn -0.65592301 -0.40581125 0.63646072
vn -0.56822878 -0.15981951 0.80720109
vn -0.08127911 -0.53821975 -0.83887613
vn -0.22232695 -0.65367442 -0.72338134
vn -0.91898400 -0.25564390 -0.30019084
vn -0.76483458 -0.36150119 0.53323996
vn -0.36305046 -0.43527150 0.82385254
vn 0.05303345 -0.44019380 0.89633524
vn -0.15324093 -0.12826449 -0.97982919
vn -0.47476381 -0.52831906 -0.70390230
vn -0.40211165 -0.51154828 0.75935805
vn 0.03896442 -0.93297738 0.35781980
vn -0.53517723 -0.84473586 0.00257066
vn -0.15380453 -0.93164122 0.32922438
vn -0.31575808 -0.93050349 0.18563434
vn 0.23857689 -0.76494509 0.59828097
vn 0.34304434 -0.59651595 0.72559583
vn -0.62077779 -0.75638163 -0.20620778
vn -0.67915028 -0.63327324 -0.37110633
vn 0.36845100 -0.65129399 0.66337007
vn 0.80711722 -0.58979219 0.02658931
vn -0.98000157 -0.18350171 -0.07696816
vn -0.89982641 -0.37384191 -0.22484390
vn -0.90237868 -0.36898223 -0.22263165
vn -0.83535540 -0.45763710 -0.30454838
vn 0.51590383 -0.47125372 0.71537632
vn -0.52621049 -0.14262164 0.83830881
vn 0.14575267 -0.53168195 0.83430839
vn 0.67123455 -0.66429871 0.32886377
vn 0.22635590 -0.88221711 0.41286314
vn -0.81144476 -0.43377528 0.39165878
vn -0.41279116 -0.89323920 0.17812136
vn -0.24355248 -0.94325340 0.22573258
vn 0.94911385 -0.30346322 0.08422036
vn -0.40427363 -0.49909899 -0.76646137
vn 0.00606001 -0.70198059 -0.71217024
vn -0.23577587 -0.60323113 -0.76192003
vn 0.74953747 -0.40963745 0.51999092
vn 0.67422396 -0.72408837 -0.14532089
vn -0.09285802 -0.55434823 -0.82708853
vn 0.31509376 -0.70314181 -0.63742250
vn 0.60297388 -0.68542087 -0.40819189
vn -0.35688323 -0.22379483 -0.90694547
vn 0.83391845 -0.39722201 0.38313806
vn 0.41585055 -0.35377401 0.83780199
vn 0.45099601 -0.57212698 -0.68503523
vn 0.21846046 -0.20906281 0.95318824
vn 0.39496011 -0.79425794 -0.46169344
vn 0.23678759 -0.60170704 0.76281083
vn 0.27943254 -0.61344552 0.73864871
vn 0.44083789 -0.89747417 0.01421597
vn 0.38271725 -0.91250318 0.14444922
vn 0.45503166 -0.42401382 -0.78304434
vn -0.19975667 -0.30168921 0.93224508
vn 0.13497931 -0.36422628 0.92147696
vn 0.45550349 -0.37862971 0.80570227
vn 0.65458810 -0.54090792 0.52814096
vn 0.76116544 -0.55874890 0.32928222
vn 0.80794400 -0.58916295 0.01065650
vn 0.76952803 -0.56409699 -0.29936782
vn 0.65007228 -0.46915048 -0.59774899
vn -0.43613335 -0.36250490 0.82363701
vn 0.89845616 -0.40153113 -0.17762095
vn -0.71180528 -0.22067556 0.66680992
vn 0.62912446 -0.44242674 -0.63910949
vn 0.41091773 -0.48274213 -0.77337360
vn 0.21401015 -0.68512183 -0.69628131
vn -0.07011973 -0.47721678 -0.87598366
vn -0.42711684 -0.63562930 -0.64307582
vn -0.35138884 -0.41920707 -0.83713269
vn -0.87937933 -0.46453187 0.10441307
vn 0.31968534 -0.74959028 -0.57958233
vn -0.69076550 -0.50961214 -0.51297027
vn -0.99532723 -0.09279463 -0.02669666
vn -0.80358469 -0.52181953 -0.28627962
vn 0.78766727 -0.45356426 -0.41696492
vn -0.39181906 -0.87871301 -0.27265579
vn -0.48568714 -0.85183865 -0.19616057
vn -0.15755282 -0.85279089 -0.49792033
vn -0.23378514 -0.75598454 -0.61141789
vn -0.45475903 -0.82906336 -0.32534313
vn -0.52861488 -0.84084678 -0.11637489
vn -0.59774661 -0.77859443 0.19102275
vn 0.68345124 -0.25045913 -0.68568534
vn 0.59578216 -0.45436123 -0.66226852
vn -0.39634156 -0.77093673 0.49856806
vn -0.28160360 -0.93906921 0.19709995
vn -0.28853506 -0.84913820 -0.44239327
vn -0.31763551 -0.93775463 0.14044210
vn -0.24342325 -0.93602353 -0.25417516
vn -0.48690724 -0.43282875 0.75867033
vn -0.58031398 -0.48901698 0.65122813
vn -0.01659704 -0.49372345 -0.86946052
vn -0.73893088 -0.32749587 -0.58883578
vn -0.85576034 -0.41690320 -0.30637580
vn -0.29296467 -0.35809878 -0.88653088
vn -0.35877013 -0.46955940 0.80672055
vn 0.19873029 -0.88593990 0.41906661
vn 0.05090451 -0.98136699 0.18527728
vn -0.36564830 -0.93050253 -0.02159645
vn -0.21893284 -0.96739185 0.12736268
vn -0.01409269 -0.99982303 0.01245972
vn -0.11884494 -0.98475140 0.12704550
vn -0.01484123 -0.99983513 0.01045904
vn 0.00099359 -0.97249806 0.23290853
vn 0.42072752 -0.63244283 0.65038794
vn -0.75255162 -0.47126248 -0.45997578
vn 0.24278438 -0.35302225 0.90356582
vn -0.93991452 0.20017637 0.27656829
vn -0.85938597 0.34757417 0.37503058
vn -0.80602288 0.32679176 0.49349189
vn -0.89721876 0.16132586 0.41106278
vn -0.94079459 0.03214850 0.33744916
vn -0.97160411 -0.22138609 -0.08350705
vn -0.93360311 -0.24987368 -0.25680441
vn -0.78008616 -0.20137736 0.59237885
vn 0.44339836 -0.64791960 0.61935306
vn -0.13827984 -0.70028156 0.70034599
vn 0.03584859 -0.98139352 0.18863095
vn -0.03173989 -0.91551960 0.40101928
vn -0.45975822 -0.58202809 0.67072034
vn 0.61412895 -0.78692245 -0.05998849
vn 0.65321815 -0.75232869 -0.08548458
vn -0.07842091 -0.95338392 0.29139209
vn 0.58860713 -0.52525270 0.61453348
vn 0.96142232 -0.23454936 0.14371356
vn -0.55294013 -0.81143004 0.18931055
vn -0.08144394 -0.99172825 0.09920569
vn 0.90700322 -0.39074993 0.15703388
vn 0.93671829 -0.24261518 0.25238228
vn -0.47334111 -0.49736783 -0.72703063
vn 0.47194251 -0.71929359 -0.50979114
vn 0.47390261 -0.71727115 -0.51082140
vn 0.43157291 -0.77257943 -0.46568862
vn 0.13379741 -0.72952688 -0.67073750
vn 0.75803876 -0.48270759 0.43860084
vn 0.74955606 -0.61545175 0.24369024
vn 0.67826867 -0.73476046 -0.00887146
vn 0.61081791 -0.78080022 -0.13134895
vn 0.05250658 -0.67787164 -0.73330283
vn 0.82228822 -0.56771380 0.03928377
vn -0.28560284 -0.51200807 -0.81011039
vn 0.51754665 -0.50728738 0.68906087
vn 0.61919820 -0.67086601 0.40808389
vn 0.34776533 -0.47769618 0.80676246
vn 0.23070866 -0.41209769 0.88144720
vn 0.32957813 -0.92286295 -0.19925399
vn 0.23392391 -0.64594352 0.72666121
vn 0.22352788 -0.92841607 0.29678082
vn 0.27154800 -0.93807888 0.21510407
vn 0.31760496 -0.94392246 -0.09020839
vn 0.57643241 -0.18396433 -0.79616755
vn 0.56013155 -0.60093492 0.57020158
vn -0.22464786 -0.44327998 0.86777657
vn 0.67494541 -0.70311511 -0.22378102
vn -0.45152816 -0.58115774 0.67703617
vn -0.62869763 -0.52037394 0.57788438
vn 0.79473162 -0.55956692 -0.23513095
vn 0.61547464 -0.65829039 -0.43341061
vn 0.88260812 -0.46238157 -0.08488934
vn 0.09111067 -0.68645602 -0.72144091
vn -0.12264072 -0.69384527 -0.70960397
vn 0.39003992 -0.69818515 -0.60033840
vn -0.89670646 -0.41138983 0.16332738
vn -0.69068110 -0.56420052 -0.45236853
vn -0.81903523 -0.57025051 0.06321155
vn -0.71730530 -0.67389196 -0.17703876
vn 0.49690622 -0.75765151 -0.42314121
vn 0.66633391 -0.63074601 -0.39769173
vn 0.27435294 -0.85064405 -0.44848093
vn -0.32844999 -0.93960607 -0.09623418
vn 0.15730551 -0.87673235 -0.45452768
vn -0.11750297 -0.92138702 -0.37045795
vn -0.66140723 -0.74948239 -0.02857812
vn -0.79123241 -0.60043776 0.11586954
vn -0.70218652 -0.54577100 0.45723945
vn -0.36462834 -0.82949048 -0.42307422
vn 0.08482719 -0.67327857 -0.73450685
vn 0.39196533 -0.50550669 -0.76865214
vn 0.13728988 -0.76163173 -0.63329971
vn 0.66667026 -0.42506602 -0.61226600
vn 0.42436865 -0.60439831 -0.67425078
vn -0.34238696 -0.65272075 0.67581558
vn -0.24388340 -0.90542144 0.34746659
vn -0.15488783 -0.97789335 0.14047949
vn -0.17852849 -0.93511701 -0.30607808
vn -0.15890734 -0.97042149 -0.18174353
vn -0.22398798 -0.96724820 0.11941721
vn -0.57686353 -0.18156087 0.79640704
vn -0.16660149 -0.77326363 -0.61180657
vn -0.06023001 -0.67160636 -0.73845595
vn -0.21859299 -0.70985836 0.66956568
vn -0.61596256 -0.65411496 0.43900323
vn -0.77715421 -0.62733138 0.04986477
vn 0.13537972 -0.66034621 0.73865777
vn -0.15770309 -0.14229353 -0.97718084
vn -0.31371844 -0.72723246 -0.61050278
vn -0.69107533 -0.45751733 -0.55954701
vn 0.14783922 -0.96372449 0.22221324
vn -0.18604144 -0.98157644 -0.04354690
vn -0.01394051 -0.99982005 0.01286642
vn 0.05237463 -0.99834859 0.02360116
vn 0.35511762 -0.78832895 0.50242305
vn 0.35553649 -0.75285637 0.55389619
vn -0.43971300 -0.87935591 -0.18271716
vn -0.52325779 -0.79140735 -0.31603140
vn 0.36247411 -0.79600698 0.48475304
vn -0.76609498 0.38135299 0.51736689
vn -0.73189908 -0.61066610 -0.30234215
vn -0.72485059 -0.60444701 -0.33050787
vn 0.50076932 -0.48981637 0.71365958
vn -0.17557155 -0.58443058 0.79222190
vn -0.31283367 -0.89247864 0.32498759
vn 0.52829587 -0.84718537 0.05639474
vn 0.13930115 -0.95599169 0.25821519
vn -0.80844229 -0.43532425 0.39612341
vn -0.31793714 -0.94760561 0.03097709
vn -0.19682980 -0.97945601 0.04386382
vn 0.93563485 -0.24773113 0.25142911
vn 0.86544776 -0.49987867 -0.03348815
vn -0.40478206 -0.54580677 -0.73365283
vn 0.42635503 -0.77712679 -0.46292034
vn 0.00540659 -0.75649846 -0.65397322
vn -0.22053862 -0.65976679 -0.71838039
vn 0.74822694 -0.42495179 0.50948250
vn -0.15259923 -0.69254810 -0.70504647
vn 0.24530679 -0.78416312 -0.57001120
vn 0.54441768 -0.75171357 -0.37220448
vn -0.34285825 -0.24417582 -0.90709782
vn 0.66378266 -0.74772578 0.01728611
vn 0.43192023 -0.62402284 0.65118378
vn 0.45405430 -0.57198030 -0.68313485
vn 0.22608037 -0.22761485 0.94714266
vn 0.02079426 -0.92628396 0.37625203
vn 0.20891239 -0.86410183 0.45791224
vn 0.32743365 -0.58845133 -0.73926467
vn 0.53302890 -0.61211836 -0.58411586
vn 0.09190715 -0.51443106 0.85259235
vn 0.40102527 -0.53011972 0.74709558
vn 0.60200065 -0.76709163 0.22173321
vn 0.62334186 -0.78052080 -0.04724603
vn -0.25846058 -0.66418576 0.70146662
vn 0.89101475 -0.41677672 -0.17997184
vn -0.70021647 -0.24995324 0.66874534
vn 0.19991730 -0.74854517 -0.63222885
vn 0.08018598 -0.74741220 -0.65950382
vn 0.07393891 -0.84805149 -0.52473027
vn -0.12829301 -0.75706726 -0.64061701
vn -0.99218410 -0.11777437 -0.04123053
vn -0.64908189 -0.65714496 -0.38321441
vn 0.77148896 -0.47489730 -0.42341155
vn -0.28336900 -0.94577688 -0.15877062
vn -0.46591383 -0.88444424 0.02612414
vn -0.11581889 -0.92290038 -0.36720681
vn -0.16324164 -0.83534408 -0.52493078
vn -0.41173902 -0.76066768 0.50185215
vn -0.60690355 -0.63460666 0.47847927
vn -0.34419852 -0.93880683 -0.01300843
vn -0.24344273 -0.95364213 -0.17692445
vn -0.38919860 -0.88524783 0.25467783
vn 0.67254716 -0.27108705 -0.68861610
vn 0.46999153 -0.74542385 -0.47270629
vn 0.61910707 -0.61841571 -0.48401290
vn -0.23406899 -0.83253419 0.50209409
vn -0.11439575 -0.97024190 0.21341082
vn -0.08563771 -0.97852838 -0.18747921
vn -0.00507131 -0.99608839 -0.08821688
vn 0.06644578 -0.99768239 0.01466228
vn 0.06644577 -0.99768227 0.01466228
vn -0.04348477 -0.99507231 0.08910796
vn -0.34724107 -0.60210347 0.71895415
vn -0.41736516 -0.63022727 0.65469074
vn -0.05002107 -0.53999823 -0.84017837
vn -0.05178008 -0.89241052 0.44824362
vn -0.66323262 -0.68894392 -0.29236758
vn -0.32636750 -0.91941524 0.21945366
vn -0.43925479 -0.89730394 0.04359904
vn -0.00199316 -0.99077755 -0.13548432
vn -0.18649015 -0.56802982 -0.80160058
vn -0.37915447 -0.51761115 0.76702052
vn -0.51034003 -0.68789959 -0.51608843
vn 0.24985406 -0.92154002 0.29721522
vn 0.09056315 -0.99551231 0.02745214
vn -0.02888568 -0.99813712 -0.05373919
vn 0.05136834 -0.99709767 -0.05619276
vn 0.05138199 -0.99709743 -0.05618428
vn -0.73918289 -0.53066647 -0.41473088
vn 0.21444091 -0.39941671 0.89133692
vn -0.71209639 -0.69754928 -0.07964711
vn -0.79870641 -0.59651089 -0.07901097
vn -0.65779287 -0.68703932 0.30868378
vn -0.67070633 -0.67345583 -0.31082180
vn -0.92845541 -0.28164917 -0.24216580
vn 0.24912472 -0.94305694 0.22040978
vn 0.22004639 -0.96346796 -0.15267329
vn 0.35967204 -0.90041780 0.24471150
vn 0.00521326 -0.99963838 -0.02637826
vn -0.06576198 -0.95270669 0.29669076
vn -0.06547868 -0.95402354 0.29249176
vn 0.32948399 -0.92217398 -0.20257194
vn 0.43087351 -0.87496674 -0.22086473
vn 0.94844466 -0.27304977 0.16092387
vn 0.04192971 -0.99910575 0.00544067
vn -0.80134690 -0.45633259 0.38678634
vn -0.80134690 -0.45633259 0.38678637
vn -0.19839771 -0.97809631 -0.06297564
vn -0.14219257 -0.98863912 -0.04872363
vn 0.04923449 -0.98909855 -0.13878012
vn 0.83730906 -0.50394899 0.21201134
vn -0.46660054 -0.50734502 -0.72448939
vn 0.81693745 -0.57668537 -0.00686897
vn 0.11998282 -0.79202634 -0.59858024
vn 0.36838263 -0.83951700 -0.39938113
vn 0.61597186 -0.75467569 0.22592771
vn 0.65683615 -0.64099526 0.39710361
vn 0.53811055 -0.84285301 0.00599133
vn 0.48818266 -0.86636662 -0.10529292
vn -0.03579324 -0.80250895 -0.59556544
vn 0.45774505 -0.82357162 -0.33496147
vn -0.30890787 -0.67090595 -0.67413735
vn 0.51966089 -0.76323080 0.38396782
vn 0.57012725 -0.82094437 0.03170702
vn 0.26952618 -0.77569395 0.57066149
vn 0.21516143 -0.65985972 0.71992415
vn 0.45130196 -0.58219284 -0.67629737
vn 0.45130193 -0.58219278 -0.67629731
vn 0.13748209 -0.60115296 0.78721905
vn 0.23799013 -0.65241396 0.71952534
vn 0.29264137 -0.95581347 0.02795912
vn 0.59020638 -0.21740285 -0.77742678
vn 0.27943444 -0.74001515 0.61179566
vn 0.39485699 -0.86788243 -0.30144307
vn 0.60500133 -0.73292232 -0.31112424
vn 0.85091382 -0.50761336 -0.13518320
vn -0.43536702 -0.77226841 0.46266285
vn -0.58885396 -0.71624368 0.37449455
vn 0.77417529 -0.60701144 -0.17941523
vn 0.37270689 -0.76012129 -0.53226435
vn -0.12796190 -0.82175869 -0.55528229
vn 0.14719485 -0.85419703 -0.49867931
vn -0.39879256 -0.77663696 -0.48764709
vn -0.42784542 -0.69743532 -0.57491940
vn -0.88815707 -0.43577957 0.14585350
vn -0.65980798 -0.72804689 0.18601401
vn -0.55656910 -0.83052576 -0.02139416
vn -0.56183857 -0.79254824 -0.23707537
vn 0.39078701 -0.87980139 -0.27061978
vn 0.21379547 -0.93536836 -0.28174028
vn 0.54654396 -0.78819573 -0.28290826
vn 0.12610877 -0.94417238 -0.30436021
vn -0.21731408 -0.97604001 -0.01097222
vn -0.26273468 -0.96189648 0.07566760
vn -0.62025052 -0.77364028 0.12949862
vn -0.19391397 -0.95570272 -0.22142646
vn -0.04263434 -0.93674952 -0.34739399
vn 0.22184291 -0.87703723 -0.42613533
vn 0.64830428 -0.59902579 -0.46996778
vn -0.15079878 -0.91713750 0.36894235
vn -0.00591823 -0.99463797 0.10324866
vn -0.08530916 -0.90034586 -0.42673159
vn -0.01675923 -0.96788561 -0.25083166
vn 0.07133813 -0.99725318 -0.01992425
vn -0.00938133 -0.99987829 -0.01247203
vn 0.07037824 -0.99738538 -0.01641059
vn -0.99385571 -0.10140021 0.04437024
vn -0.88288933 -0.10140018 -0.45850223
vn -0.88372523 -0.09171373 -0.45893160
vn -0.99479407 -0.09171606 0.04441640
vn 0.05564152 -0.99720293 0.04990164
vn 0.05636248 -0.99720252 0.04909689
vn -0.01495878 -0.99985611 0.00800292
vn -0.59074533 -0.21580251 0.77746338
vn -0.02525169 -0.84334219 -0.53678340
vn 0.20190139 -0.82803953 0.52305484
vn 0.09096340 -0.98157519 0.16803488
vn -0.39188373 -0.88566560 -0.24904519
vn 0.17745729 -0.98412561 -0.00239306
vn -0.17080922 -0.17386173 -0.96984345
vn -0.26582313 -0.86631918 -0.42288199
vn -0.14542967 -0.85494530 -0.49791449
vn 0.21124443 -0.95575488 0.20471540
vn -0.23635985 -0.96117121 -0.14242193
vn 0.00790048 -0.99580383 -0.09117141
vn 0.02349447 -0.99677724 -0.07670127
vn 0.02062298 -0.99663192 -0.07936917
vn -0.45850205 -0.10140017 0.88288945
vn -0.83851898 -0.10140021 0.53535384
vn -0.83930838 -0.09171896 0.53586286
vn -0.45893091 -0.09172172 0.88372487
vn 0.08650357 -0.99613655 -0.01513585
vn 0.08574681 -0.99616903 -0.01716611
vn 0.07959926 -0.99625993 -0.03361613
vn 0.45436111 -0.54835939 0.70203847
vn 0.35034841 -0.88129121 0.31714630
vn -0.30611396 -0.92551607 -0.22296648
vn 0.33711553 -0.89935541 0.27841172
vn -0.54077321 -0.75987476 -0.36076951
vn 0.18985534 -0.97785652 -0.08804294
vn 0.00305404 -0.99982214 -0.01860930
vn -0.12376778 -0.97369742 -0.19129771
vn -0.41592267 -0.90917891 0.02005004
vn 0.45748550 -0.86751711 -0.19524641
vn 0.92915899 -0.32166281 0.18219958
vn -0.31038162 -0.95058864 0.00666507
vn -0.72504491 -0.55896896 0.40232259
vn 0.93302572 -0.26313099 0.24540804
vn -0.37000048 -0.67669916 -0.63653582
vn 0.71370840 -0.68657136 -0.13870826
vn -0.00653771 -0.85411608 -0.52004135
vn 0.36121470 -0.84472620 -0.39491981
vn -0.20249803 -0.78188509 -0.58961868
vn 0.74676132 -0.46695730 0.47360149
vn -0.22215766 -0.83892453 -0.49684149
vn 0.12623172 -0.88548040 -0.44720244
vn -0.32038867 -0.27562919 -0.90629995
vn 0.34201962 -0.87706357 0.33731595
vn 0.23906121 -0.26316565 0.93466240
vn 0.81345886 -0.58097112 -0.02751970
vn 0.16485102 -0.73906589 -0.65315056
vn 0.37889120 -0.74718165 -0.54604119
vn 0.38930956 -0.91547054 -0.10174309
vn -0.67936856 -0.29265985 0.67291051
vn 0.54088575 -0.78206605 -0.30954066
vn 0.59564847 -0.71319622 -0.36953232
vn -0.13408178 -0.90586305 -0.40178886
vn -0.98589391 -0.15560709 -0.06164167
vn 0.72430962 -0.53562635 -0.43414301
vn -0.22085690 -0.97141707 -0.08701233
vn -0.40625027 -0.90397066 0.13340789
vn 0.10987119 -0.97425634 -0.19685741
vn -0.00299199 -0.99997389 -0.00658845
vn -0.04563465 -0.98863900 -0.14321481
vn -0.04477704 -0.98931915 -0.13871764
vn -0.19333684 -0.84863186 0.49238691
vn -0.22829956 -0.74786800 0.62335610
vn -0.14745753 -0.98382968 0.10166351
vn -0.16427229 -0.93907583 0.30191267
vn 0.65252024 -0.30941746 -0.69172126
vn 0.47979712 -0.84559256 -0.23402564
vn 0.29008767 -0.93687731 -0.19521792
vn 0.59997952 -0.75566930 -0.26265651
vn -0.39747185 -0.56432372 0.72357082
vn -0.12598333 -0.93395698 0.33444381
vn 0.03941697 -0.99355048 -0.10631905
vn 0.07230609 -0.99710631 -0.02347064
vn 0.01091831 -0.93992108 -0.34121710
vn -0.53535366 -0.10140021 -0.83851910
vn -0.53586251 -0.09171261 -0.83930939
vn 0.15196042 -0.98193908 -0.11271083
vn 0.14951229 -0.95549661 -0.25430730
vn -0.04131151 -0.65288013 -0.75633377
vn 0.07513591 -0.99677730 0.02809532
vn -0.17456850 -0.75345045 0.63390708
vn -0.08302395 -0.58451313 -0.80712545
vn 0.25160822 -0.92932338 0.27028018
vn 0.24745524 -0.96872008 -0.01863893
vn -0.05793371 -0.76437265 -0.64216679
vn 0.40659276 -0.59636074 0.69212449
vn -0.04165295 -0.99446565 -0.09645317
vn 0.00074168 -0.99520588 -0.09779933
vn -0.22615813 -0.95313013 -0.20098606
vn 0.04437068 -0.10140023 0.99385571
vn 0.04441676 -0.09172364 0.99479342
vn -0.02744403 -0.97963977 -0.19887844
vn -0.12519102 -0.92958772 -0.34668997
vn -0.60147870 -0.74789006 -0.28086257
vn 0.06534465 -0.99529994 -0.07147007
vn -0.72669166 -0.58049917 -0.36734176
vn 0.17949361 -0.45488602 0.87227339
vn -0.47989544 -0.84700364 -0.22865975
vn -0.51217455 -0.77821338 -0.36340213
vn -0.92020375 -0.32267359 -0.22160083
vn 0.24389064 -0.90554631 -0.34713584
vn 0.08741500 -0.91236794 -0.39992914
vn 0.08740960 -0.91236973 -0.39992645
vn -0.13443111 -0.95919150 -0.24875672
vn 0.43572268 -0.87944055 -0.19165103
vn 0.25968733 -0.92312682 -0.28354764
vn -0.43627116 -0.89447230 0.09791210
vn 0.00160653 -0.98893315 -0.14835267
vn 0.70636463 -0.70543951 0.05834552
vn 0.69978595 -0.65492302 0.28526410
vn -0.43107569 -0.54512435 -0.71903628
vn 0.58979332 -0.80671781 -0.03674447
vn 0.08661602 -0.87243849 -0.48098719
vn 0.28037283 -0.90982348 -0.30596140
vn 0.40145516 -0.89702767 0.18486460
vn 0.35156035 -0.93586636 0.02365433
vn 0.45700815 -0.83515596 0.30603629
vn 0.34566993 -0.93574262 -0.06998675
vn -0.13957329 -0.91084540 -0.38843289
vn 0.32766199 -0.90789837 -0.26145384
vn -0.31757924 -0.81189513 -0.48986700
vn 0.41859192 -0.90739971 0.03750394
vn 0.06141400 -0.90032923 0.43085462
vn 0.03949921 -0.82798862 0.55935198
vn 0.02331853 -0.77324152 0.63368279
vn 0.04459993 0.00000368 0.99900496
vn 0.04451444 0.00011880 0.99900877
vn 0.60371566 -0.26415145 -0.75216442
vn 0.34809065 -0.93738890 -0.01162041
vn 0.15499927 -0.94979459 -0.27178195
vn 0.19819918 -0.85348529 -0.48195425
vn -0.50374359 -0.85259432 0.13901530
vn -0.37609604 -0.90227216 0.21084736
vn 0.33714271 -0.82103992 -0.46068236
vn -0.34252053 -0.88330281 -0.32008711
vn 0.27754638 -0.90510005 -0.32212099
vn -0.86068362 -0.49749303 0.10827914
vn -0.51482338 -0.79418242 0.32284868
vn -0.45209807 -0.88838995 0.07981661
vn -0.41722846 -0.90758312 -0.04704548
vn 0.27276847 -0.95570165 -0.11059631
vn 0.16362302 -0.97587717 -0.14453802
vn 0.36868080 -0.91957110 -0.13587971
vn -0.18951423 -0.98130745 0.03346824
vn -0.09578343 -0.98908293 0.11198376
vn -0.33657199 -0.93088639 0.14202040
vn 0.14080429 -0.98692775 -0.07840716
vn -0.00255486 -0.99996412 -0.00807533
vn 0.08531589 -0.98337156 -0.16031700
vn 0.59200013 -0.75504142 -0.28186578
vn -0.41171122 -0.62321866 0.66490024
vn 0.00068491 -0.93097395 -0.36508486
vn 0.19859773 -0.94598418 0.25626707
vn 0.09003208 -0.98111230 0.17121007
vn -0.33418894 -0.74432015 0.57819128
vn -0.13443418 -0.64344633 -0.75359434
vn -0.11754277 -0.64025998 -0.75911188
vn -0.04437021 -0.10140023 -0.99385571
vn -0.04441537 -0.09171298 -0.99479443
vn 0.19439517 -0.97553611 -0.10266411
vn 0.06457742 -0.89421749 -0.44295016
vn -0.42549834 -0.62633193 0.65319175
vn -0.60569799 -0.26675266 0.74964845
vn 0.28091779 -0.95910835 0.03458925
vn -0.00433791 -0.94750130 -0.31972227
vn 0.29999346 -0.95017058 0.08473403
vn -0.19240080 -0.22104950 -0.95609570
vn 0.39475539 -0.60031170 0.69555306
vn 0.18128726 -0.98339403 0.00843558
vn 0.24391253 -0.83314484 0.49636304
vn -0.72959310 -0.58436704 -0.35525888
vn 0.53535414 -0.10140022 0.83851886
vn 0.53586245 -0.09172397 0.83930808
vn 0.02594305 -0.95026475 -0.31036106
vn -0.32346126 -0.87071133 -0.37045178
vn -0.30598164 -0.85936636 -0.40971294
vn -0.07710236 -0.89935046 -0.43037638
vn 0.12838303 -0.94296330 -0.30714491
vn -0.65671074 -0.59629780 0.46169239
vn 0.66154337 -0.74990320 -0.00235316
vn -0.08580449 -0.98933864 -0.11767188
vn 0.92722625 -0.29228187 0.23414266
vn -0.28263608 -0.85120869 -0.44222236
vn 0.43016222 -0.88526171 -0.17683953
vn -0.01925842 -0.93839884 -0.34501714
vn -0.15956597 -0.90909421 -0.38481998
vn 0.27441478 -0.91344440 -0.30052587
vn 0.74069786 -0.51267266 0.43420425
vn -0.29820463 -0.94240052 -0.15150982
vn -0.02196486 -0.96027714 -0.27818209
vn -0.29102144 -0.32354635 -0.90034676
vn 0.20429182 -0.97752011 0.05214617
vn -0.15261896 -0.97355509 0.16999424
vn 0.11511943 -0.95783991 0.26323059
vn 0.25765637 -0.31106338 0.91479653
vn -0.14148614 -0.98442227 0.10437773
vn -0.16893397 -0.95355415 0.24939096
vn 0.05166753 -0.76216722 0.64531511
vn -0.09172969 -0.89131278 0.44401264
vn -0.01191923 -0.84287018 -0.53798485
vn 0.13333336 -0.97984469 -0.14875016
vn -0.12896059 -0.97909880 -0.15727210
vn 0.06197189 -0.99635619 0.05859918
vn 0.05770037 -0.99692649 0.05299295
vn 0.15473624 -0.98468345 -0.08034515
vn -0.40121076 -0.90444118 0.14496928
vn -0.20681614 -0.97368211 -0.09576076
vn -0.23734340 -0.96900344 -0.06855869
vn -0.25930482 -0.95987564 -0.10676929
vn -0.97462028 -0.20595564 -0.08773655
vn 0.67398524 -0.58736938 -0.44804156
vn -0.83037925 -0.55333179 0.06553047
vn 0.02995442 -0.99505705 0.09467901
vn 0.02995441 -0.99505705 0.09467901
vn 0.02995440 -0.99505705 0.09467900
vn 0.02995443 -0.99505717 0.09467902
vn 0.04240033 -0.88998753 0.45400918
vn -0.00805028 -0.83098495 0.55623662
vn 0.06953728 -0.94070292 0.33202806
vn 0.62250221 -0.36002275 -0.69489175
vn 0.45956507 -0.88808352 0.01036949
vn 0.26535133 -0.96382129 0.02524563
vn 0.34009781 -0.93940419 0.04304802
vn 0.54669970 -0.83666736 -0.03327576
vn 0.12343185 -0.91148120 0.39238587
vn -0.62058437 -0.33056027 0.71105915
vn 0.17782165 -0.98130608 0.07360537
vn 0.22034316 -0.96074820 0.16855840
vn 0.37200794 -0.92772335 0.03065253
vn 0.45850205 -0.10140018 -0.88288945
vn 0.45893246 -0.09171476 -0.88372475
vn 0.00763173 -0.85576636 0.51730627
vn 0.10857274 -0.97966373 -0.16873287
vn 0.70913845 -0.59610856 0.37653327
vn 0.88372427 -0.09172282 0.45893171
vn -0.21598725 -0.91275692 -0.34673366
vn -0.25393760 -0.96259922 -0.09443732
vn -0.39860931 -0.91712075 -0.00044286
vn 0.40208867 -0.91173345 0.08406403
vn 0.51119351 -0.84646684 0.14891303
vn 0.50937653 -0.78694355 0.34821758
vn -0.39282688 -0.58490998 -0.70962483
vn 0.28037432 -0.95973837 -0.01710047
vn 0.04523411 -0.93656480 -0.34756324
vn 0.12068783 -0.98476708 -0.12517314
vn 0.20021999 -0.97104758 0.13030194
vn 0.16739883 -0.98514622 0.03826911
vn 0.21213850 -0.97681165 -0.02891906
vn 0.28646749 -0.93193644 0.22233039
vn -0.26567665 -0.95804715 -0.10752455
vn 0.14381936 -0.97673327 -0.15908502
vn -0.30352935 -0.91194022 -0.27610669
vn -0.18145366 -0.95069408 0.25150606
vn -0.14655253 -0.92608464 0.34769183
vn -0.09797548 -0.99486220 0.02549566
vn 0.46102011 -0.00021694 -0.88738966
vn 0.61403471 -0.62646621 -0.48010558
vn -0.20438345 -0.97309458 0.10636893
vn 0.61643034 -0.32187417 -0.71861720
vn -0.05836572 -0.98133808 0.18321854
vn -0.13765229 -0.97772878 0.15842398
vn -0.17631485 -0.97624564 -0.12592728
vn -0.10852095 -0.97507191 -0.19354083
vn -0.08756637 -0.96982795 -0.22752090
vn 0.17530921 -0.80058193 -0.57300550
vn -0.29761413 -0.93744797 -0.18060240
vn -0.18022180 -0.91748053 -0.35461193
vn -0.18342841 -0.97445834 -0.12955680
vn 0.21239422 -0.97476786 -0.06867588
vn 0.00353452 -0.99744475 0.07135484
vn 0.06069802 -0.95620310 -0.28634137
vn 0.06103566 -0.95763600 -0.28143942
vn -0.32538050 -0.93091029 -0.16593233
vn -0.27731502 -0.94353253 0.18122591
vn -0.21974656 -0.94840693 0.22855130
vn -0.26505449 -0.85884053 0.43833676
vn -0.22876856 -0.95609659 0.18315071
vn 0.14828812 -0.98841894 0.03222626
vn 0.32773656 -0.94074100 -0.08714975
vn -0.82893991 -0.55710644 0.04991011
vn 0.14145648 -0.98869270 0.04976735
vn 0.11714623 -0.99147600 0.05702763
vn 0.12245052 -0.99092442 0.05544860
vn -0.09700418 -0.98694611 0.12855960
vn -0.07632119 -0.98971307 0.12100884
vn -0.07082174 -0.99036604 0.11899344
vn 0.04835170 -0.96296132 0.26526889
vn 0.50056970 -0.86236489 -0.07587331
vn 0.42039689 -0.87777072 0.22974975
vn 0.37191343 -0.89513010 0.24580954
vn 0.50834709 -0.85598284 0.09421587
vn 0.30055046 -0.87161708 0.38723773
vn 0.30860940 -0.87069952 0.38293934
vn 0.29526711 -0.91448379 0.27665293
vn 0.52415210 -0.76220852 -0.37987196
vn 0.41905105 -0.86549371 0.27443936
vn 0.38931963 -0.86743391 0.30982050
vn 0.42389736 -0.86499262 0.26851207
vn 0.30229229 -0.91435915 0.26938215
vn -0.02502805 -0.95150596 0.30661035
vn 0.06681692 -0.94172013 0.32969481
vn -0.20016697 -0.93854553 0.28118575
vn -0.16408917 -0.92460424 0.34377581
vn 0.83851904 -0.10140024 -0.53535396
vn 0.83930933 -0.09171753 -0.53586173
vn 0.99479389 -0.09172048 -0.04441512
vn -0.22083491 -0.96223843 -0.15915160
vn 0.91796833 -0.33235380 0.21650693
vn -0.21065590 -0.93628973 -0.28104386
vn -0.03354159 -0.98365659 -0.17690276
vn -0.11620335 -0.97267580 -0.20099370
vn 0.12821345 -0.98222381 -0.13710429
vn 0.01223744 -0.97230524 -0.23339383
vn 0.72591162 -0.57016689 0.38465840
vn -0.20958239 -0.97649580 -0.05031144
vn -0.25345293 -0.38263312 -0.88845575
vn -0.15824360 -0.88641757 -0.43499747
vn 0.39130992 -0.63659835 -0.66454422
vn -0.19520724 -0.94053471 -0.27800813
vn -0.11473626 -0.96317351 -0.24317139
vn -0.30845758 -0.93716228 -0.16303585
vn -0.20363615 -0.97792375 0.04687860
vn 0.13636304 -0.98988068 0.03925984
vn -0.01899481 -0.99981201 0.00388145
vn -0.38566917 -0.88916886 -0.24624769
vn -0.28826290 -0.94207048 0.17148644
vn -0.89884740 -0.43793225 0.01698964
vn 0.66313684 -0.59134382 -0.45887044
vn -0.11195588 -0.98463827 0.13398939
vn 0.15402299 -0.98699635 0.04599075
vn 0.26620883 -0.87895203 0.39569712
vn 0.14029893 -0.85795355 0.49419820
vn 0.27667323 -0.89570659 0.34808290
vn 0.37693861 -0.85975605 0.34458196
vn 0.11715584 -0.91313869 0.39045128
vn -0.06482405 -0.94826657 0.31078655
vn -0.07262799 -0.94815320 0.30940363
vn 0.13355884 -0.96176296 0.23911096
vn 0.16860507 -0.98046809 0.10126504
vn 0.37276182 -0.90331274 0.21230842
vn -0.34694195 -0.63392973 -0.69120502
vn 0.32674897 -0.84643763 0.42045027
vn 0.02217950 -0.99963039 -0.01571448
vn -0.04010979 -0.99602991 -0.07947099
vn 0.04967717 -0.99445057 0.09273819
vn 0.07971660 -0.99565578 0.04811052
vn 0.25403735 -0.94292921 0.21528924
vn -0.27823070 -0.95602953 -0.09271079
vn -0.25073680 -0.96783900 0.02046426
vn -0.17304018 -0.98490113 -0.00519583
vn -0.28020212 -0.81276381 -0.51078552
vn -0.17894159 -0.94444269 -0.27569523
vn -0.20337668 -0.94444335 -0.25819522
vn -0.15862876 -0.98733455 -0.00269644
vn 0.74906367 -0.57660669 0.32623369
vn 0.26250309 -0.96042734 -0.09312010
vn 0.22443390 -0.97407955 0.02825737
vn -0.06699195 -0.99714386 0.03487256
vn -0.07033929 -0.99724382 0.02360089
vn -0.06987531 -0.99723834 0.02516546
vn -0.18893763 -0.95622027 -0.22348414
vn -0.07780608 -0.99627960 -0.03705799
vn 0.02203761 -0.99961579 -0.01681044
vn 0.73033905 -0.57357866 0.37096152
vn -0.01501844 -0.99675459 0.07908741
vn -0.02314984 -0.99721897 0.07084131
vn -0.00860983 -0.99629438 0.08557751
vn -0.33634511 -0.92868990 -0.15622745
vn 0.17767650 -0.94764304 0.26533705
vn -0.02537953 -0.99732286 0.06857795
vn -0.05835541 -0.99625570 0.06378984
vn 0.05211246 -0.96249270 0.26625559
vn 0.18970740 -0.94433659 0.26877415
vn -0.33349648 -0.63773543 -0.69431525
vn 0.40371183 0.89687312 -0.18065266
vn 0.43018815 0.90250659 0.02049719
vn 0.34990233 0.90054494 0.25804508
vn 0.23172568 0.90282029 -0.36224103
vn 0.19763640 0.91313839 0.35653606
vn 0.05002732 0.90082914 -0.43128195
vn -0.04543342 0.90016633 0.43317017
vn -0.19832869 0.91757327 -0.34456506
vn -0.20510754 0.90898222 0.36288014
vn -0.32352167 0.90928608 -0.26178735
vn -0.39344710 0.89169234 0.22379480
vn -0.42353880 0.90587300 0.00298830
vn 0.55041772 0.82175946 0.14748450
vn 0.56293511 0.60540783 0.56265932
vn 0.56245887 0.60573864 0.56277955
vn 0.59933329 0.53163284 0.59846985
vn 0.60034949 0.52974361 0.59912622
vn 0.63745195 0.75132382 0.17078507
vn 0.63717824 0.75161272 0.17053531
vn 0.65892076 0.36540690 0.65749609
vn 0.65789384 0.36653990 0.65789384
vn 0.20499797 0.61040872 0.76509941
vn 0.20500997 0.61039042 0.76511073
vn 0.20497061 0.61045039 0.76507348
vn 0.20470521 0.61085480 0.76482165
vn 0.20899755 0.01495747 0.97780174
vn 0.74580926 -0.63594621 -0.19834542
vn 0.74606711 -0.63554978 -0.19864635
vn 0.46212786 -0.58848548 -0.66341728
vn -0.82211381 0.41021574 0.39478067
vn -0.82208526 0.41000295 0.39506114
vn 0.66438931 -0.72612333 -0.17700754
vn 0.66532755 -0.72530860 -0.17682402
vn 0.66508967 -0.72551537 -0.17687061
vn 0.66406608 -0.72640371 -0.17707071
vn -0.85568565 -0.04589378 0.51545686
vn 0.44687289 -0.77591264 0.44526881
vn 0.46934953 -0.74915665 0.46741354
vn 0.46822977 -0.75017029 0.46691054
vn 0.44527498 -0.77732557 0.44440430
vn 0.56406558 -0.81194156 -0.15026893
vn 0.56375939 -0.81220031 -0.15001950
vn 0.56496143 -0.81118292 -0.15099902
vn 0.56543815 -0.81077838 -0.15138772
vn -0.95815980 -0.12821884 0.25590959
vn 0.38027203 -0.84350091 0.37934068
vn 0.37796631 -0.84517890 0.37790751
vn 0.28884885 -0.91287851 0.28847733
vn 0.28678411 -0.91396791 0.28708488
vn 0.13016951 -0.98294896 0.12987369
vn 0.13243544 -0.98245662 0.13130043
vn 0.47982296 -0.84310210 -0.24279392
vn 0.35156059 -0.73401904 -0.58105183
vn 0.31873551 -0.94773209 -0.01454739
vn 0.28839400 -0.89829016 -0.33151728
vn -0.12833492 -0.86388713 -0.48706162
vn -0.14869758 -0.81255662 -0.56359637
vn -0.14964682 -0.81114656 -0.56537336
vn -0.12747015 -0.86699605 -0.48173568
vn 0.17972040 -0.92284912 -0.34066114
vn -0.25985646 -0.92946547 0.26185623
vn -0.25850385 -0.93043160 0.25975543
vn 0.00565040 -0.99973583 0.02227485
vn -0.04431567 -0.98543936 -0.16415001
vn -0.04273322 -0.98608804 -0.16063660
vn 0.00658109 -0.99968201 0.02434376
vn 0.05217975 -0.99853009 -0.01465574
vn 0.05147244 -0.99855763 -0.01526935
vn 0.05256984 -0.99851459 -0.01431731
vn 0.05277350 -0.99850631 -0.01414060
vn -0.27176782 0.86714435 0.41737631
vn -0.42285922 0.87348700 0.24126849
vn -0.00158502 0.87383008 0.48622882
vn -0.48986346 0.87127894 -0.03011334
vn 0.21716616 0.87163889 0.43941382
vn -0.40705782 0.88558006 -0.22372276
vn 0.40141693 0.89068109 0.21342830
vn -0.22200160 0.87086415 -0.43853277
vn 0.46913177 0.88191807 0.04621596
vn 0.40095192 0.87959403 -0.25603127
vn -0.54329467 0.82175779 0.17188631
vn -0.77725875 0.60540831 -0.17131719
vn -0.77692169 0.60573953 -0.17167518
vn -0.82720947 0.53163147 -0.18191352
vn -0.82841921 0.52974230 -0.18191944
vn -0.90919828 0.36540270 -0.19959775
vn -0.90854710 0.36653489 -0.20048502
vn -0.58450145 0.61041576 -0.53455651
vn -0.58452058 0.61039412 -0.53456020
vn -0.58445776 0.61046505 -0.53454816
vn -0.58403355 0.61094254 -0.53446615
vn -0.70233911 0.01495925 -0.71168530
vn 0.48048583 0.41021189 -0.77515137
vn 0.48031288 0.41000158 -0.77536970
vn -0.52187806 -0.63595468 0.56851119
vn -0.52193493 -0.63554811 0.56891352
vn -0.03250794 -0.58849198 0.80784929
vn 0.44384417 -0.04589405 -0.89492798
vn -0.46473590 -0.72612065 0.50672418
vn -0.46564192 -0.72529072 0.50708085
vn -0.46541214 -0.72550136 0.50699043
vn -0.46442375 -0.72640616 0.50660115
vn 0.66988528 -0.12822230 -0.73130894
vn -0.61626214 -0.77591431 -0.13482544
vn -0.64714026 -0.74914378 -0.14139698
vn -0.64591825 -0.75016385 -0.14157669
vn -0.61445522 -0.77732325 -0.13495655
vn -0.39457300 -0.81193078 0.43020982
vn -0.39445105 -0.81218559 0.42984053
vn -0.39492968 -0.81118375 0.43129045
vn -0.39511925 -0.81078523 0.43186560
vn -0.52463579 -0.84351122 -0.11509146
vn -0.52193993 -0.84517777 -0.11512310
vn -0.39869469 -0.91288072 -0.08769998
vn -0.39620060 -0.91397196 -0.08763805
vn -0.17958872 -0.98295194 -0.03941461
vn -0.18227889 -0.98245734 -0.03939618
vn 0.01635636 -0.73402685 0.67892337
vn -0.27376831 -0.84309626 0.46286017
vn -0.06468360 -0.89828956 0.43461701
vn 0.37027040 -0.86388993 0.34145883
vn 0.42862418 -0.81255543 0.39501253
vn 0.43036795 -0.81115562 0.39599252
vn 0.36666325 -0.86700648 0.33742827
vn -0.26082128 -0.94773012 0.18379278
vn -0.86352026 -0.07585145 -0.49857733
vn -0.99711877 -0.07585599 -0.00002130
vn -0.86354029 -0.07586187 0.49854091
vn -0.49857655 -0.07586762 0.86351931
vn 0.03183077 -0.92285514 0.38382968
vn -0.49854282 -0.07584939 -0.86354035
vn -0.00002066 -0.07587136 0.99711764
vn 0.07810999 -0.92946732 -0.36054024
vn 0.07810043 -0.93043256 -0.35804418
vn -0.01674433 -0.99973607 -0.01573017
vn 0.12568995 -0.98543876 0.11450987
vn 0.12245883 -0.98608857 0.11239704
vn -0.01864567 -0.99968201 -0.01697548
vn 0.00001812 -0.07585044 -0.99711913
vn 0.49854150 -0.07587232 0.86353904
vn 0.49857476 -0.07585423 -0.86352146
vn 0.86352009 -0.07587035 0.49857476
vn -0.04666341 -0.99756247 0.05187977
vn -0.04654140 -0.99756438 0.05195492
vn -0.04711581 -0.99755573 0.05160119
vn -0.04716367 -0.99755502 0.05157172
vn 0.86353868 -0.07585985 -0.49854410
vn 0.99711800 -0.07586578 0.00001782
# 3517 vertex normals

vt 0.70208627 0.19444956 0.00000000
vt 0.69708699 0.18151639 0.00000000
vt 0.73292392 0.15225767 0.00000000
vt 0.74606383 0.18695025 0.00000000
vt 0.69747823 0.22431557 0.00000000
vt 0.70397824 0.21255712 0.00000000
vt 0.74595535 0.22564684 0.00000000
vt 0.72893190 0.25667226 0.00000000
vt 0.70071143 0.20869119 0.00000000
vt 0.74264276 0.22499745 0.00000000
vt 0.70441014 0.19862227 0.00000000
vt 0.74666315 0.18861948 0.00000000
vt 0.69325918 0.22027604 0.00000000
vt 0.72306329 0.25567341 0.00000000
vt 0.69866818 0.18639682 0.00000000
vt 0.73214167 0.15532701 0.00000000
vt 0.70141226 0.20226260 0.00000000
vt 0.69509977 0.19046165 0.00000000
vt 0.72631365 0.15892939 0.00000000
vt 0.74279851 0.19061194 0.00000000
vt 0.69949341 0.22448049 0.00000000
vt 0.70561695 0.21245228 0.00000000
vt 0.74803829 0.22266684 0.00000000
vt 0.73198080 0.25466835 0.00000000
vt 0.70172846 0.21591400 0.00000000
vt 0.74415523 0.22669531 0.00000000
vt 0.70549214 0.19887422 0.00000000
vt 0.74823546 0.18636541 0.00000000
vt 0.69581991 0.22775604 0.00000000
vt 0.72864091 0.25815874 0.00000000
vt 0.69893718 0.18725295 0.00000000
vt 0.73065603 0.15594088 0.00000000
vt 0.78923249 0.09343801 0.00000000
vt 0.80489737 0.08835317 0.00000000
vt 0.85752022 0.10386048 0.00000000
vt 0.81750017 0.24517940 0.00000000
vt 0.88973230 0.24533899 0.00000000
vt 0.89054573 0.25139439 0.00000000
vt 0.89838374 0.19505189 0.00000000
vt 0.82848334 0.18076180 0.00000000
vt 0.84077460 0.17480974 0.00000000
vt 0.93259525 0.22495903 0.00000000
vt 0.83021200 0.25294685 0.00000000
vt 0.85590672 0.31898296 0.00000000
vt 0.87022334 0.29292220 0.00000000
vt 0.82313699 0.25675273 0.00000000
vt 0.83608973 0.25667137 0.00000000
vt 0.86678916 0.11757509 0.00000000
vt 0.86460525 0.13292073 0.00000000
vt 0.86654186 0.11018108 0.00000000
vt 0.78877056 0.30916542 0.00000000
vt 0.84618145 0.34612137 0.00000000
vt 0.80009788 0.32353663 0.00000000
vt 0.84559804 0.09563796 0.00000000
vt 0.90535051 0.24694280 0.00000000
vt 0.90040404 0.18975545 0.00000000
vt 0.93286157 0.21614181 0.00000000
vt 0.93043685 0.23162244 0.00000000
vt 0.77834129 0.32562250 0.00000000
vt 0.84987259 0.33693022 0.00000000
vt 0.85145271 0.34429163 0.00000000
vt 0.85562515 0.32756048 0.00000000
vt 0.85293853 0.30454105 0.00000000
vt 0.85553128 0.31253719 0.00000000
vt 0.82744938 0.09179057 0.00000000
vt 0.78614515 0.09652890 0.00000000
vt 0.79527998 0.08773266 0.00000000
vt 0.82817823 0.25315046 0.00000000
vt 0.81933033 0.15006755 0.00000000
vt 0.86168569 0.21721934 0.00000000
vt 0.81956387 0.16069905 0.00000000
vt 0.83527625 0.16137908 0.00000000
vt 0.85882896 0.20296936 0.00000000
vt 0.84755784 0.33975947 0.00000000
vt 0.87481147 0.28929675 0.00000000
vt 0.86210233 0.23836778 0.00000000
vt 0.86755085 0.12465449 0.00000000
vt 0.86453289 0.10691230 0.00000000
vt 0.86821944 0.11737008 0.00000000
vt 0.84543180 0.35073864 0.00000000
vt 0.81611466 0.08490472 0.00000000
vt 0.85321265 0.09824179 0.00000000
vt 0.89177334 0.25538546 0.00000000
vt 0.91675228 0.24293067 0.00000000
vt 0.91093224 0.19542347 0.00000000
vt 0.85184962 0.16935100 0.00000000
vt 0.92916083 0.20882238 0.00000000
vt 0.94348836 0.22167502 0.00000000
vt 0.93908024 0.23534469 0.00000000
vt 0.92505711 0.23788963 0.00000000
vt 0.78768241 0.33473951 0.00000000
vt 0.85771132 0.33417195 0.00000000
vt 0.86006796 0.32777745 0.00000000
vt 0.84022593 0.25975573 0.00000000
vt 0.86034042 0.31531423 0.00000000
vt 0.86061734 0.32130766 0.00000000
vt 0.85617912 0.13928969 0.00000000
vt 0.86157316 0.14374276 0.00000000
vt 0.87149453 0.08332984 0.00000000
vt 0.88439268 0.10318752 0.00000000
vt 0.82567412 0.08514114 0.00000000
vt 0.85570788 0.23452942 0.00000000
vt 0.85797560 0.19777782 0.00000000
vt 0.86048144 0.20607637 0.00000000
vt 0.86157000 0.21484490 0.00000000
vt 0.84798896 0.18075280 0.00000000
vt 0.85393327 0.18936895 0.00000000
vt 0.85701680 0.30281883 0.00000000
vt 0.85249221 0.31231827 0.00000000
vt 0.83093870 0.32128161 0.00000000
vt 0.79580343 0.32450545 0.00000000
vt 0.83555937 0.23868187 0.00000000
vt 0.85540843 0.27890396 0.00000000
vt 0.85923010 0.08394150 0.00000000
vt 0.80729151 0.09004442 0.00000000
vt 0.85891414 0.07780997 0.00000000
vt 0.86003494 0.21932881 0.00000000
vt 0.88421744 0.13319896 0.00000000
vt 0.86139333 0.18364398 0.00000000
vt 0.85013050 0.34628034 0.00000000
vt 0.86874115 0.34284234 0.00000000
vt 0.86894464 0.34446812 0.00000000
vt 0.88213158 0.31665337 0.00000000
vt 0.84778291 0.25654936 0.00000000
vt 0.87048894 0.12983082 0.00000000
vt 0.85876226 0.10229115 0.00000000
vt 0.86948127 0.10595824 0.00000000
vt 0.87230623 0.11613075 0.00000000
vt 0.80756569 0.33443773 0.00000000
vt 0.85206395 0.09219985 0.00000000
vt 0.85815775 0.09478287 0.00000000
vt 0.92059320 0.24715953 0.00000000
vt 0.92194456 0.20199756 0.00000000
vt 0.90213627 0.18636827 0.00000000
vt 0.94250584 0.21454616 0.00000000
vt 0.94221139 0.22858332 0.00000000
vt 0.93444562 0.24061517 0.00000000
vt 0.79464656 0.34106636 0.00000000
vt 0.86119348 0.33638668 0.00000000
vt 0.85854161 0.30857170 0.00000000
vt 0.83484095 0.15383096 0.00000000
vt 0.88148862 0.11969526 0.00000000
vt 0.88615990 0.10353695 0.00000000
vt 0.80171204 0.08052891 0.00000000
vt 0.83959770 0.25162065 0.00000000
vt 0.86132598 0.22609033 0.00000000
vt 0.86101139 0.18839170 0.00000000
vt 0.86396527 0.19595639 0.00000000
vt 0.86600673 0.20345013 0.00000000
vt 0.86696422 0.21119179 0.00000000
vt 0.80601799 0.32940316 0.00000000
vt 0.84525430 0.24494784 0.00000000
vt 0.85805821 0.28805941 0.00000000
vt 0.85855174 0.29576254 0.00000000
vt 0.85856009 0.31130922 0.00000000
vt 0.84033978 0.32009327 0.00000000
vt 0.84724545 0.31715965 0.00000000
vt 0.88061243 0.12842880 0.00000000
vt 0.90143758 0.10529713 0.00000000
vt 0.89288777 0.08093445 0.00000000
vt 0.81569958 0.08129703 0.00000000
vt 0.86730772 0.23098998 0.00000000
vt 0.86896354 0.19861715 0.00000000
vt 0.87049651 0.20569663 0.00000000
vt 0.87128639 0.21662490 0.00000000
vt 0.86996728 0.22374700 0.00000000
vt 0.88677436 0.13642161 0.00000000
vt 0.84721559 0.16273938 0.00000000
vt 0.86620235 0.19140480 0.00000000
vt 0.88065684 0.33413666 0.00000000
vt 0.87880403 0.29740775 0.00000000
vt 0.88409966 0.32477117 0.00000000
vt 0.88147682 0.33255059 0.00000000
vt 0.88806516 0.33337158 0.00000000
vt 0.88412774 0.34080321 0.00000000
vt 0.87848312 0.28700316 0.00000000
vt 0.86910772 0.23742907 0.00000000
vt 0.87205112 0.12259369 0.00000000
vt 0.86696410 0.10238449 0.00000000
vt 0.87111050 0.10995264 0.00000000
vt 0.84498113 0.35521686 0.00000000
vt 0.86076051 0.35180187 0.00000000
vt 0.82326335 0.08115557 0.00000000
vt 0.86279541 0.09831335 0.00000000
vt 0.89379925 0.25870365 0.00000000
vt 0.92831391 0.24447744 0.00000000
vt 0.93460059 0.20361231 0.00000000
vt 0.92779261 0.19937031 0.00000000
vt 0.86123478 0.16437177 0.00000000
vt 0.93943119 0.20858832 0.00000000
vt 0.94837189 0.22167020 0.00000000
vt 0.94485235 0.23695381 0.00000000
vt 0.94076109 0.24234806 0.00000000
vt 0.85361350 0.34878737 0.00000000
vt 0.86360592 0.32977277 0.00000000
vt 0.84820706 0.26574886 0.00000000
vt 0.86396474 0.31677586 0.00000000
vt 0.86430341 0.32327265 0.00000000
vt 0.86438811 0.14623757 0.00000000
vt 0.85559750 0.08008832 0.00000000
vt 0.88606685 0.09631430 0.00000000
vt 0.82464927 0.07930566 0.00000000
vt 0.87099075 0.28576964 0.00000000
vt 0.84994650 0.25008506 0.00000000
vt 0.86454701 0.21812721 0.00000000
vt 0.86326414 0.23331513 0.00000000
vt 0.85693830 0.18046589 0.00000000
vt 0.84477252 0.32996327 0.00000000
vt 0.84466070 0.33627367 0.00000000
vt 0.80067289 0.32190692 0.00000000
vt 0.89293611 0.22797976 0.00000000
vt 0.89402616 0.23359890 0.00000000
vt 0.83750391 0.32554883 0.00000000
vt 0.86123824 0.28291595 0.00000000
vt 0.89518464 0.23791181 0.00000000
vt 0.86288166 0.29045177 0.00000000
vt 0.86301255 0.29701006 0.00000000
vt 0.86178601 0.30315763 0.00000000
vt 0.85944498 0.30948967 0.00000000
vt 0.85501075 0.31704944 0.00000000
vt 0.85051763 0.32118636 0.00000000
vt 0.84486377 0.32404476 0.00000000
vt 0.87758350 0.07671718 0.00000000
vt 0.85891855 0.07315902 0.00000000
vt 0.87488908 0.20386462 0.00000000
vt 0.87577742 0.21192597 0.00000000
vt 0.87575358 0.21849410 0.00000000
vt 0.87564862 0.21048121 0.00000000
vt 0.87979054 0.20990019 0.00000000
vt 0.87997133 0.21236448 0.00000000
vt 0.87462914 0.22462235 0.00000000
vt 0.89525121 0.11961369 0.00000000
vt 0.86795676 0.18489830 0.00000000
vt 0.87143350 0.19157128 0.00000000
vt 0.86067939 0.34654588 0.00000000
vt 0.87572104 0.34057134 0.00000000
vt 0.88279521 0.30752385 0.00000000
vt 0.88432664 0.31642181 0.00000000
vt 0.87974358 0.34649903 0.00000000
vt 0.85780245 0.25580776 0.00000000
vt 0.87432575 0.12924545 0.00000000
vt 0.87478405 0.10843496 0.00000000
vt 0.87032521 0.09948213 0.00000000
vt 0.87578577 0.11480771 0.00000000
vt 0.87567139 0.12152146 0.00000000
vt 0.81092292 0.34337139 0.00000000
vt 0.86132520 0.09161998 0.00000000
vt 0.85539985 0.08857553 0.00000000
vt 0.86616850 0.09525429 0.00000000
vt 0.92742163 0.24889080 0.00000000
vt 0.90434295 0.18337549 0.00000000
vt 0.94841123 0.21440975 0.00000000
vt 0.95181584 0.22248073 0.00000000
vt 0.94716024 0.22984411 0.00000000
vt 0.93499088 0.24624215 0.00000000
vt 0.79911691 0.34644812 0.00000000
vt 0.86420387 0.33967280 0.00000000
vt 0.86236143 0.30955255 0.00000000
vt 0.84578383 0.15768053 0.00000000
vt 0.88501626 0.11152391 0.00000000
vt 0.88911813 0.11452843 0.00000000
vt 0.86477947 0.07964246 0.00000000
vt 0.87906015 0.08520953 0.00000000
vt 0.89299792 0.10172741 0.00000000
vt 0.80517602 0.07343142 0.00000000
vt 0.87555772 0.28195971 0.00000000
vt 0.86716741 0.22558092 0.00000000
vt 0.86581641 0.18796749 0.00000000
vt 0.86873728 0.19519688 0.00000000
vt 0.87079018 0.20230861 0.00000000
vt 0.87127906 0.21136712 0.00000000
vt 0.86981350 0.21844129 0.00000000
vt 0.84470665 0.34099382 0.00000000
vt 0.84313381 0.08825909 0.00000000
vt 0.78999734 0.08593853 0.00000000
vt 0.82747912 0.08436929 0.00000000
vt 0.83616245 0.08526115 0.00000000
vt 0.89820242 0.23172359 0.00000000
vt 0.90278089 0.18607269 0.00000000
vt 0.85892510 0.15096264 0.00000000
vt 0.90483415 0.18106903 0.00000000
vt 0.81315291 0.33442003 0.00000000
vt 0.85315013 0.25059575 0.00000000
vt 0.89679682 0.24140935 0.00000000
vt 0.86333525 0.31117469 0.00000000
vt 0.86184800 0.31430709 0.00000000
vt 0.90025741 0.11250244 0.00000000
vt 0.89916009 0.08433931 0.00000000
vt 0.90281022 0.09087972 0.00000000
vt 0.90299767 0.09142236 0.00000000
vt 0.90415335 0.09871988 0.00000000
vt 0.88683438 0.07730536 0.00000000
vt 0.82081652 0.07329975 0.00000000
vt 0.87249547 0.23074596 0.00000000
vt 0.87356102 0.19773994 0.00000000
vt 0.87986904 0.21888231 0.00000000
vt 0.88929981 0.13907276 0.00000000
vt 0.90252215 0.11682110 0.00000000
vt 0.85679340 0.16464107 0.00000000
vt 0.86819834 0.35170001 0.00000000
vt 0.87438554 0.34998542 0.00000000
vt 0.88720638 0.30454648 0.00000000
vt 0.89013880 0.31223989 0.00000000
vt 0.89060128 0.32631630 0.00000000
vt 0.88419896 0.35068566 0.00000000
vt 0.89758819 0.33892101 0.00000000
vt 0.88883263 0.34505385 0.00000000
vt 0.89369094 0.33602583 0.00000000
vt 0.88215053 0.28508806 0.00000000
vt 0.87329352 0.23782085 0.00000000
vt 0.86504054 0.35615164 0.00000000
vt 0.84483916 0.36116624 0.00000000
vt 0.89712161 0.26248658 0.00000000
vt 0.94132948 0.20365791 0.00000000
vt 0.94586754 0.20849876 0.00000000
vt 0.93484378 0.19933756 0.00000000
vt 0.86950755 0.15998586 0.00000000
vt 0.95129395 0.23005973 0.00000000
vt 0.95041013 0.23753814 0.00000000
vt 0.94736695 0.24319012 0.00000000
vt 0.94249415 0.24747317 0.00000000
vt 0.85634106 0.35441405 0.00000000
vt 0.86740118 0.33285803 0.00000000
vt 0.86864406 0.14921738 0.00000000
vt 0.89192653 0.10802920 0.00000000
vt 0.86446750 0.07376507 0.00000000
vt 0.87220168 0.08159642 0.00000000
vt 0.87168890 0.07371950 0.00000000
vt 0.88997847 0.08888234 0.00000000
vt 0.88733822 0.08446328 0.00000000
vt 0.89251435 0.09539832 0.00000000
vt 0.82472569 0.07348034 0.00000000
vt 0.89032739 0.30347288 0.00000000
vt 0.88541752 0.31662881 0.00000000
vt 0.87918717 0.27950341 0.00000000
vt 0.85918617 0.24814843 0.00000000
vt 0.86848623 0.23312743 0.00000000
vt 0.86214131 0.18026049 0.00000000
vt 0.88026184 0.32247198 0.00000000
vt 0.88072056 0.33452654 0.00000000
vt 0.87313688 0.33546150 0.00000000
vt 0.80903137 0.33178502 0.00000000
vt 0.85848284 0.10293771 0.00000000
vt 0.86265790 0.14954542 0.00000000
vt 0.85517764 0.09610723 0.00000000
vt 0.80132902 0.07996169 0.00000000
vt 0.84034359 0.08095366 0.00000000
vt 0.84590566 0.08344100 0.00000000
vt 0.91046822 0.18621854 0.00000000
vt 0.91799808 0.21766157 0.00000000
vt 0.84041595 0.32955801 0.00000000
vt 0.86649978 0.29156125 0.00000000
vt 0.86506486 0.28399670 0.00000000
vt 0.90657485 0.23296486 0.00000000
vt 0.86669672 0.29832691 0.00000000
vt 0.86565793 0.30470115 0.00000000
vt 0.85330677 0.32427609 0.00000000
vt 0.86180925 0.32285064 0.00000000
vt 0.85795224 0.32005346 0.00000000
vt 0.84761381 0.32741195 0.00000000
vt 0.90276796 0.10564362 0.00000000
vt 0.89365917 0.07986461 0.00000000
vt 0.90889639 0.09368847 0.00000000
vt 0.90975565 0.09992842 0.00000000
vt 0.88535029 0.07222567 0.00000000
vt 0.89257270 0.07309841 0.00000000
vt 0.85925454 0.06859241 0.00000000
vt 0.87905675 0.20340161 0.00000000
vt 0.87865531 0.22498040 0.00000000
vt 0.88397437 0.21025167 0.00000000
vt 0.88782513 0.20416902 0.00000000
vt 0.88408625 0.21181266 0.00000000
vt 0.88453084 0.21848755 0.00000000
vt 0.87653279 0.23112111 0.00000000
vt 0.87534052 0.19123165 0.00000000
vt 0.87200010 0.18459587 0.00000000
vt 0.87756419 0.19735681 0.00000000
vt 0.89118004 0.31934839 0.00000000
vt 0.87875432 0.35409081 0.00000000
vt 0.89624828 0.32887506 0.00000000
vt 0.89342362 0.34777266 0.00000000
vt 0.88899839 0.35399908 0.00000000
vt 0.86681902 0.25489384 0.00000000
vt 0.87881619 0.12905775 0.00000000
vt 0.80980366 0.35205817 0.00000000
vt 0.86526775 0.08774589 0.00000000
vt 0.87035638 0.09203796 0.00000000
vt 0.85886741 0.08378322 0.00000000
vt 0.82751596 0.07419315 0.00000000
vt 0.84373993 0.03835261 0.00000000
vt 0.87450713 0.09700717 0.00000000
vt 0.85592812 0.27154291 0.00000000
vt 0.93551421 0.25101167 0.00000000
vt 0.90803367 0.17971365 0.00000000
vt 0.95373774 0.21526162 0.00000000
vt 0.95432472 0.22335021 0.00000000
vt 0.80110663 0.35357231 0.00000000
vt 0.86770856 0.34446049 0.00000000
vt 0.86841458 0.32601780 0.00000000
vt 0.88909000 0.29308760 0.00000000
vt 0.86690629 0.31012851 0.00000000
vt 0.87463349 0.32293624 0.00000000
vt 0.86821884 0.31881535 0.00000000
vt 0.87424660 0.33011574 0.00000000
vt 0.85447568 0.16124974 0.00000000
vt 0.89431357 0.11322142 0.00000000
vt 0.87768650 0.07559553 0.00000000
vt 0.88295084 0.07906002 0.00000000
vt 0.89707583 0.10653962 0.00000000
vt 0.80537140 0.06497219 0.00000000
vt 0.89731354 0.30676371 0.00000000
vt 0.89405614 0.31067312 0.00000000
vt 0.87204945 0.22531049 0.00000000
vt 0.87042481 0.18809141 0.00000000
vt 0.87353796 0.19508086 0.00000000
vt 0.87573713 0.20195358 0.00000000
vt 0.87469870 0.21829261 0.00000000
vt 0.88671875 0.33194119 0.00000000
vt 0.88498008 0.33828270 0.00000000
vt 0.87861216 0.33944345 0.00000000
vt 0.84531230 0.34551686 0.00000000
vt 0.89161170 0.32814276 0.00000000
vt 0.86426282 0.11538352 0.00000000
vt 0.85023534 0.09119065 0.00000000
vt 0.83340669 0.07973178 0.00000000
vt 0.85112703 0.08620577 0.00000000
vt 0.92125392 0.20506965 0.00000000
vt 0.90669179 0.17758812 0.00000000
vt 0.90709662 0.22809057 0.00000000
vt 0.91354978 0.22350435 0.00000000
vt 0.81711268 0.34172958 0.00000000
vt 0.89947176 0.24522357 0.00000000
vt 0.91094315 0.23529796 0.00000000
vt 0.86692297 0.31393754 0.00000000
vt 0.86566377 0.31640005 0.00000000
vt 0.90643382 0.11112402 0.00000000
vt 0.90700704 0.11726741 0.00000000
vt 0.90243840 0.07932024 0.00000000
vt 0.91827768 0.09155975 0.00000000
vt 0.91386455 0.09305017 0.00000000
vt 0.90995163 0.08200364 0.00000000
vt 0.90868604 0.10565607 0.00000000
vt 0.89801359 0.07548551 0.00000000
vt 0.82192296 0.06522398 0.00000000
vt 0.88383579 0.20363306 0.00000000
vt 0.88835937 0.21778373 0.00000000
vt 0.89297777 0.14194070 0.00000000
vt 0.87252122 0.35579842 0.00000000
vt 0.89578182 0.31476295 0.00000000
vt 0.89311820 0.30711120 0.00000000
vt 0.89682394 0.32185549 0.00000000
vt 0.88362002 0.35785627 0.00000000
vt 0.90122128 0.33203620 0.00000000
vt 0.90919340 0.33790076 0.00000000
vt 0.88721913 0.28309464 0.00000000
vt 0.87886703 0.23853080 0.00000000
vt 0.88004577 0.12018205 0.00000000
vt 0.87874049 0.10585953 0.00000000
vt 0.87997729 0.11271204 0.00000000
vt 0.87988085 0.11275564 0.00000000
vt 0.88015211 0.12019475 0.00000000
vt 0.86972135 0.36117429 0.00000000
vt 0.84085399 0.38637125 0.00000000
vt 0.86537272 0.08765514 0.00000000
vt 0.87048268 0.09195985 0.00000000
vt 0.85939121 0.08376549 0.00000000
vt 0.79996395 0.39092171 0.00000000
vt 0.90887231 0.27362263 0.00000000
vt 0.94956398 0.20401053 0.00000000
vt 0.95271134 0.20925079 0.00000000
vt 0.94466281 0.19868477 0.00000000
vt 0.92332274 0.17110313 0.00000000
vt 0.87920821 0.12889849 0.00000000
vt 0.95384049 0.22996871 0.00000000
vt 0.95466471 0.23762153 0.00000000
vt 0.95503974 0.24420212 0.00000000
vt 0.95283484 0.24949627 0.00000000
vt 0.94750953 0.25566202 0.00000000
vt 0.80827397 0.39182299 0.00000000
vt 0.87236714 0.33742231 0.00000000
vt 0.85986960 0.35959357 0.00000000
vt 0.87432492 0.31560814 0.00000000
vt 0.87477350 0.14997293 0.00000000
vt 0.87582445 0.06909408 0.00000000
vt 0.86840022 0.06866781 0.00000000
vt 0.88203287 0.07111977 0.00000000
vt 0.89898694 0.08412127 0.00000000
vt 0.89551765 0.08662204 0.00000000
vt 0.89195108 0.08039728 0.00000000
vt 0.89792055 0.09344821 0.00000000
vt 0.90409511 0.09750120 0.00000000
vt 0.89828491 0.10002859 0.00000000
vt 0.82600325 0.06632315 0.00000000
vt 0.90000361 0.31256551 0.00000000
vt 0.88321358 0.27781683 0.00000000
vt 0.89520341 0.31716621 0.00000000
vt 0.86788720 0.24613105 0.00000000
vt 0.87872034 0.22449802 0.00000000
vt 0.86665106 0.18066733 0.00000000
vt 0.87621146 0.21126749 0.00000000
vt 0.88001394 0.20285369 0.00000000
vt 0.81343639 0.34055221 0.00000000
vt 0.89447963 0.32343739 0.00000000
vt 0.86409879 0.10740297 0.00000000
vt 0.86867666 0.14625706 0.00000000
vt 0.85954595 0.09481992 0.00000000
vt 0.86576581 0.09849872 0.00000000
vt 0.86238551 0.10076438 0.00000000
vt 0.80832148 0.07465608 0.00000000
vt 0.84256208 0.07725464 0.00000000
vt 0.84822905 0.07967728 0.00000000
vt 0.85351455 0.08264329 0.00000000
vt 0.91641676 0.19242559 0.00000000
vt 0.91994882 0.19860138 0.00000000
vt 0.91765893 0.18708505 0.00000000
vt 0.92618644 0.21042745 0.00000000
vt 0.91871858 0.22587971 0.00000000
vt 0.91349924 0.22981800 0.00000000
vt 0.84328055 0.33444577 0.00000000
vt 0.86121118 0.25640303 0.00000000
vt 0.87411726 0.28556836 0.00000000
vt 0.86989450 0.28474867 0.00000000
vt 0.86985898 0.30720079 0.00000000
vt 0.86953759 0.31661308 0.00000000
vt 0.86973667 0.32750332 0.00000000
vt 0.86887228 0.31761301 0.00000000
vt 0.86574304 0.32520849 0.00000000
vt 0.86067450 0.33102179 0.00000000
vt 0.85686159 0.32772076 0.00000000
vt 0.91078180 0.11127906 0.00000000
vt 0.91473359 0.08022974 0.00000000
vt 0.90607911 0.07634507 0.00000000
vt 0.91909301 0.09890191 0.00000000
vt 0.91425920 0.09976958 0.00000000
vt 0.89575249 0.06960110 0.00000000
vt 0.88852930 0.06808709 0.00000000
vt 0.86026675 0.06255548 0.00000000
vt 0.88790417 0.22433214 0.00000000
vt 0.88354725 0.22487555 0.00000000
vt 0.88258743 0.19736122 0.00000000
vt 0.86670208 0.16668056 0.00000000
vt 0.88065434 0.19092469 0.00000000
vt 0.88301647 0.18375765 0.00000000
vt 0.87796217 0.18396942 0.00000000
vt 0.87737799 0.36009014 0.00000000
vt 0.89696902 0.35865110 0.00000000
vt 0.89266455 0.36413264 0.00000000
vt 0.90661556 0.27763271 0.00000000
vt 0.88389254 0.23894964 0.00000000
vt 0.87789774 0.09552573 0.00000000
vt 0.88142949 0.10357730 0.00000000
vt 0.88359708 0.11019062 0.00000000
vt 0.88201684 0.37609559 0.00000000
vt 0.86543387 0.07816136 0.00000000
vt 0.84228367 0.38977087 0.00000000
vt 0.90740544 0.14208145 0.00000000
vt 0.95807576 0.21636696 0.00000000
vt 0.80350035 0.02598789 0.00000000
vt 0.84104812 0.03320906 0.00000000
vt 0.86877960 0.34711599 0.00000000
vt 0.91201907 0.27528811 0.00000000
vt 0.89256412 0.29562652 0.00000000
vt 0.87878114 0.32520229 0.00000000
vt 0.87756854 0.33228481 0.00000000
vt 0.87478101 0.33999079 0.00000000
vt 0.86459142 0.16448034 0.00000000
vt 0.90348202 0.11228313 0.00000000
vt 0.88740915 0.07475002 0.00000000
vt 0.90248233 0.09085660 0.00000000
vt 0.89741021 0.07723184 0.00000000
vt 0.90432900 0.10442428 0.00000000
vt 0.90372247 0.31220675 0.00000000
vt 0.90118098 0.30582678 0.00000000
vt 0.90066636 0.31782347 0.00000000
vt 0.88281494 0.23068495 0.00000000
vt 0.88177431 0.18064801 0.00000000
vt 0.88075167 0.18934573 0.00000000
vt 0.87984747 0.19611479 0.00000000
vt 0.88011587 0.21023627 0.00000000
vt 0.87890756 0.21733122 0.00000000
vt 0.89012122 0.33591336 0.00000000
vt 0.88127881 0.34337211 0.00000000
vt 0.84684694 0.35134792 0.00000000
vt 0.89984667 0.32291585 0.00000000
vt 0.86838627 0.11333491 0.00000000
vt 0.86286151 0.09240939 0.00000000
vt 0.86767375 0.10528223 0.00000000
vt 0.83570373 0.07565682 0.00000000
vt 0.92256165 0.19242524 0.00000000
vt 0.92556143 0.19798891 0.00000000
vt 0.92676294 0.20396133 0.00000000
vt 0.90925944 0.17447673 0.00000000
vt 0.92504478 0.21511416 0.00000000
vt 0.92252159 0.22103952 0.00000000
vt 0.84577966 0.33896661 0.00000000
vt 0.87546933 0.29478776 0.00000000
vt 0.87100673 0.29308349 0.00000000
vt 0.87558806 0.30268431 0.00000000
vt 0.87102401 0.30038446 0.00000000
vt 0.91681170 0.23922698 0.00000000
vt 0.91857386 0.26328832 0.00000000
vt 0.89710343 0.27946436 0.00000000
vt 0.91776216 0.23186629 0.00000000
vt 0.87387836 0.30995345 0.00000000
vt 0.87803400 0.31266874 0.00000000
vt 0.85405600 0.33551782 0.00000000
vt 0.85078871 0.33152384 0.00000000
vt 0.91252470 0.11864494 0.00000000
vt 0.91059136 0.07366495 0.00000000
vt 0.90144300 0.07236819 0.00000000
vt 0.91822785 0.10546254 0.00000000
vt 0.91311228 0.10563390 0.00000000
vt 0.92785859 0.08767109 0.00000000
vt 0.93015540 0.09708129 0.00000000
vt 0.90557808 0.06878744 0.00000000
vt 0.85995483 0.03800137 0.00000000
vt 0.88169211 0.23144798 0.00000000
vt 0.88638651 0.23121308 0.00000000
vt 0.88704222 0.19777052 0.00000000
vt 0.89251411 0.21695773 0.00000000
vt 0.89237505 0.22320537 0.00000000
vt 0.89198053 0.20474045 0.00000000
vt 0.91231722 0.15120523 0.00000000
vt 0.90863615 0.17659287 0.00000000
vt 0.88541895 0.19117545 0.00000000
vt 0.90370637 0.31808949 0.00000000
vt 0.90312397 0.32517296 0.00000000
vt 0.90318441 0.31031382 0.00000000
vt 0.88786656 0.36945415 0.00000000
vt 0.91283822 0.34092075 0.00000000
vt 0.90938348 0.24864183 0.00000000
vt 0.87466961 0.08932288 0.00000000
vt 0.88378328 0.10135372 0.00000000
vt 0.88665986 0.10796057 0.00000000
vt 0.88092685 0.09471528 0.00000000
vt 0.88479865 0.11694531 0.00000000
vt 0.88580555 0.12390099 0.00000000
vt 0.87053621 0.08384030 0.00000000
vt 0.84602439 0.03377467 0.00000000
vt 0.79880184 0.39572757 0.00000000
vt 0.95760870 0.20393021 0.00000000
vt 0.96046710 0.21023996 0.00000000
vt 0.95420671 0.19786443 0.00000000
vt 0.91130918 0.13990800 0.00000000
vt 0.96245861 0.22633754 0.00000000
vt 0.96185660 0.22983609 0.00000000
vt 0.96012330 0.23769943 0.00000000
vt 0.96454954 0.22820224 0.00000000
vt 0.95699120 0.24383236 0.00000000
vt 0.94953895 0.25629997 0.00000000
vt 0.80981213 0.39639294 0.00000000
vt 0.80339032 0.02094573 0.00000000
vt 0.86135471 0.36085910 0.00000000
vt 0.87935543 0.31875384 0.00000000
vt 0.91228479 0.14816870 0.00000000
vt 0.88157982 0.06221747 0.00000000
vt 0.88759542 0.06599073 0.00000000
vt 0.87429172 0.05905235 0.00000000
vt 0.89282149 0.07077317 0.00000000
vt 0.90687758 0.07733020 0.00000000
vt 0.91204667 0.08457579 0.00000000
vt 0.91548407 0.09183027 0.00000000
vt 0.91783351 0.09957187 0.00000000
vt 0.90591645 0.31854427 0.00000000
vt 0.88860494 0.27594745 0.00000000
vt 0.90814614 0.23627476 0.00000000
vt 0.88742137 0.22887035 0.00000000
vt 0.88422483 0.20907663 0.00000000
vt 0.88390458 0.20248641 0.00000000
vt 0.89434224 0.33252019 0.00000000
vt 0.88678014 0.35296845 0.00000000
vt 0.88393658 0.34817207 0.00000000
vt 0.89101285 0.34572297 0.00000000
vt 0.89307100 0.33894521 0.00000000
vt 0.89678240 0.34232152 0.00000000
vt 0.88777226 0.34161562 0.00000000
vt 0.81369281 0.34994411 0.00000000
vt 0.87746966 0.14098953 0.00000000
vt 0.86978173 0.09534512 0.00000000
vt 0.87243140 0.10251938 0.00000000
vt 0.81158364 0.06663680 0.00000000
vt 0.83769870 0.07034962 0.00000000
vt 0.84517264 0.07261729 0.00000000
vt 0.85131109 0.07556750 0.00000000
vt 0.85685194 0.07924058 0.00000000
vt 0.92745495 0.19191657 0.00000000
vt 0.92270160 0.18618299 0.00000000
vt 0.93133581 0.21083502 0.00000000
vt 0.92987430 0.21695821 0.00000000
vt 0.83716905 0.37838137 0.00000000
vt 0.92638671 0.24555252 0.00000000
vt 0.92119133 0.26527381 0.00000000
vt 0.88029206 0.29072034 0.00000000
vt 0.88020456 0.29770809 0.00000000
vt 0.87278473 0.32858640 0.00000000
vt 0.86450243 0.33378226 0.00000000
vt 0.85858953 0.33923918 0.00000000
vt 0.91610485 0.11183207 0.00000000
vt 0.92504287 0.07788973 0.00000000
vt 0.92969954 0.10547452 0.00000000
vt 0.89929509 0.06540199 0.00000000
vt 0.89156461 0.06280954 0.00000000
vt 0.82130384 0.02522661 0.00000000
vt 0.89724165 0.05236049 0.00000000
vt 0.89210027 0.22937219 0.00000000
vt 0.89610529 0.22203498 0.00000000
vt 0.89151555 0.19866495 0.00000000
vt 0.89556795 0.21599315 0.00000000
vt 0.89509261 0.20544188 0.00000000
vt 0.92360920 0.12165819 0.00000000
vt 0.89116824 0.18718515 0.00000000
vt 0.89098078 0.19284759 0.00000000
vt 0.91273141 0.33092564 0.00000000
vt 0.90098852 0.36053532 0.00000000
vt 0.89548343 0.36582202 0.00000000
vt 0.88945293 0.37050211 0.00000000
vt 0.91401660 0.24751787 0.00000000
vt 0.91834080 0.31530744 0.00000000
vt 0.89236200 0.23564486 0.00000000
vt 0.88947839 0.10611005 0.00000000
vt 0.87829256 0.08740066 0.00000000
vt 0.88598317 0.09895782 0.00000000
vt 0.88413787 0.09424244 0.00000000
vt 0.88876259 0.11429654 0.00000000
vt 0.88351905 0.37828225 0.00000000
vt 0.87469065 0.08053502 0.00000000
vt 0.86989915 0.07324699 0.00000000
vt 0.84358335 0.39286822 0.00000000
vt 0.91484231 0.27687013 0.00000000
vt 0.92688054 0.17020561 0.00000000
vt 0.96372938 0.21834569 0.00000000
vt 0.96286082 0.23717453 0.00000000
vt 0.95522141 0.24972199 0.00000000
vt 0.84282047 0.03007416 0.00000000
vt 0.86941516 0.35017872 0.00000000
vt 0.89491260 0.29734063 0.00000000
vt 0.88224018 0.32609993 0.00000000
vt 0.88088918 0.33403158 0.00000000
vt 0.90358621 0.17514689 0.00000000
vt 0.91915274 0.10850541 0.00000000
vt 0.90666878 0.07319996 0.00000000
vt 0.88319105 0.04804626 0.00000000
vt 0.90669286 0.30664200 0.00000000
vt 0.90864873 0.31366158 0.00000000
vt 0.90492797 0.32577193 0.00000000
vt 0.90833455 0.27145326 0.00000000
vt 0.88528752 0.22247781 0.00000000
vt 0.88799733 0.19036995 0.00000000
vt 0.88584846 0.19591798 0.00000000
vt 0.88311762 0.21601082 0.00000000
vt 0.89408541 0.34919816 0.00000000
vt 0.89760739 0.33543670 0.00000000
vt 0.85434699 0.37281591 0.00000000
vt 0.87425089 0.11091410 0.00000000
vt 0.86620712 0.08893357 0.00000000
vt 0.83825576 0.06849787 0.00000000
vt 0.84624648 0.07065229 0.00000000
vt 0.85266626 0.07387546 0.00000000
vt 0.93049896 0.19777463 0.00000000
vt 0.93180227 0.20403229 0.00000000
vt 0.91370380 0.17111669 0.00000000
vt 0.93597996 0.21221988 0.00000000
vt 0.92699158 0.22306721 0.00000000
vt 0.92828166 0.23013453 0.00000000
vt 0.92301500 0.22788028 0.00000000
vt 0.85205078 0.34468579 0.00000000
vt 0.87976682 0.30500120 0.00000000
vt 0.92328703 0.23486988 0.00000000
vt 0.90070951 0.28244478 0.00000000
vt 0.93168199 0.24898838 0.00000000
vt 0.86778080 0.33605140 0.00000000
vt 0.88057864 0.31507719 0.00000000
vt 0.92057782 0.06870948 0.00000000
vt 0.93395126 0.08553861 0.00000000
vt 0.93557084 0.09686117 0.00000000
vt 0.93453193 0.10603450 0.00000000
vt 0.82129556 0.02032433 0.00000000
vt 0.90018147 0.04631309 0.00000000
vt 0.89687234 0.22775672 0.00000000
vt 0.89998788 0.22087376 0.00000000
vt 0.89529479 0.19957106 0.00000000
vt 0.89876586 0.21477024 0.00000000
vt 0.89841795 0.20631741 0.00000000
vt 0.91555601 0.15197419 0.00000000
vt 0.92943990 0.12324868 0.00000000
vt 0.91312861 0.17820470 0.00000000
vt 0.91572714 0.32366228 0.00000000
vt 0.91530246 0.33275563 0.00000000
vt 0.90995044 0.27731639 0.00000000
vt 0.89180464 0.11276837 0.00000000
vt 0.89339417 0.10431544 0.00000000
vt 0.88145500 0.08575250 0.00000000
vt 0.88800693 0.09427391 0.00000000
vt 0.17375198 0.75358796 0.00000000
vt 0.16450277 0.75795710 0.00000000
vt 0.16374828 0.75691104 0.00000000
vt 0.88858682 0.09628586 0.00000000
vt 0.89103574 0.12024479 0.00000000
vt 0.84756720 0.03055455 0.00000000
vt 0.79793108 0.39904803 0.00000000
vt 0.96043873 0.20468031 0.00000000
vt 0.96258211 0.21137483 0.00000000
vt 0.95659876 0.19737299 0.00000000
vt 0.91396087 0.13846205 0.00000000
vt 0.95956612 0.24369688 0.00000000
vt 0.96819401 0.22211729 0.00000000
vt 0.96621060 0.22001798 0.00000000
vt 0.95179176 0.25778180 0.00000000
vt 0.91749436 0.27842462 0.00000000
vt 0.81087559 0.39955372 0.00000000
vt 0.88528597 0.04517676 0.00000000
vt 0.80328840 0.01743285 0.00000000
vt 0.87692720 0.34272271 0.00000000
vt 0.86246288 0.36150122 0.00000000
vt 0.88269031 0.32017255 0.00000000
vt 0.32007760 0.75688970 0.00000000
vt 0.31931967 0.75992751 0.00000000
vt 0.31251264 0.75771773 0.00000000
vt 0.91598618 0.14801027 0.00000000
vt 0.89232826 0.18601896 0.00000000
vt 0.89077377 0.05337070 0.00000000
vt 0.89685529 0.05893220 0.00000000
vt 0.90209699 0.06522836 0.00000000
vt 0.91127515 0.07340363 0.00000000
vt 0.91616631 0.08181180 0.00000000
vt 0.91902864 0.09002261 0.00000000
vt 0.92094070 0.09849982 0.00000000
vt 0.92197376 0.10811065 0.00000000
vt 0.90907323 0.31986117 0.00000000
vt 0.91247791 0.30662441 0.00000000
vt 0.91265261 0.23478819 0.00000000
vt 0.89762259 0.22497882 0.00000000
vt 0.88708538 0.20823212 0.00000000
vt 0.88704634 0.20284776 0.00000000
vt 0.88995922 0.35740429 0.00000000
vt 0.89982772 0.34468096 0.00000000
vt 0.90152925 0.33789587 0.00000000
vt 0.81456238 0.39144832 0.00000000
vt 0.87649155 0.11006241 0.00000000
vt 0.87143278 0.09386967 0.00000000
vt 0.87448943 0.10124491 0.00000000
vt 0.82499897 0.02842553 0.00000000
vt 0.85809100 0.07829155 0.00000000
vt 0.93409920 0.19120483 0.00000000
vt 0.93657470 0.19789611 0.00000000
vt 0.93018305 0.18442447 0.00000000
vt 0.94103980 0.15706880 0.00000000
vt 0.91593313 0.12036882 0.00000000
vt 0.93459642 0.21788172 0.00000000
vt 0.93205762 0.22465496 0.00000000
vt 0.93715286 0.20488255 0.00000000
vt 0.84012842 0.38248420 0.00000000
vt 0.93206108 0.23968641 0.00000000
vt 0.92353523 0.26712817 0.00000000
vt 0.93429482 0.25169373 0.00000000
vt 0.88461828 0.29974091 0.00000000
vt 0.88540268 0.29447299 0.00000000
vt 0.88342869 0.30683470 0.00000000
vt 0.87054634 0.33823174 0.00000000
vt 0.87599790 0.32929581 0.00000000
vt 0.86231947 0.34260935 0.00000000
vt 0.85693359 0.34955591 0.00000000
vt 0.92755687 0.11338596 0.00000000
vt 0.93090034 0.07696132 0.00000000
vt 0.91432548 0.06186344 0.00000000
vt 0.90689319 0.05624558 0.00000000
vt 0.91825044 0.05867629 0.00000000
vt 0.86111796 0.03476234 0.00000000
vt 0.91033673 0.05198891 0.00000000
vt 0.89886904 0.23320644 0.00000000
vt 0.90164340 0.22655515 0.00000000
vt 0.31494913 0.21025464 0.00000000
vt 0.30841303 0.21585828 0.00000000
vt 0.30755609 0.21232775 0.00000000
vt 0.89940393 0.20042299 0.00000000
vt 0.32231951 0.21636868 0.00000000
vt 0.32392657 0.21348129 0.00000000
vt 0.32978109 0.21921748 0.00000000
vt 0.31585053 0.21384105 0.00000000
vt 0.89569783 0.19437318 0.00000000
vt 0.89740855 0.18980359 0.00000000
vt 0.89812630 0.36734557 0.00000000
vt 0.90405858 0.36108619 0.00000000
vt 0.91479558 0.34321570 0.00000000
vt 0.89148402 0.37243313 0.00000000
vt 0.91720068 0.24677132 0.00000000
vt 0.92030257 0.31584036 0.00000000
vt 0.91679519 0.32447797 0.00000000
vt 0.89656985 0.11146666 0.00000000
vt 0.88531840 0.08335410 0.00000000
vt 0.16797818 0.74621773 0.00000000
vt 0.17184897 0.75958908 0.00000000
vt 0.89427680 0.11865874 0.00000000
vt 0.88443130 0.38104099 0.00000000
vt 0.87728858 0.07774258 0.00000000
vt 0.87172496 0.06964745 0.00000000
vt 0.84481436 0.39579761 0.00000000
vt 0.93009162 0.16933744 0.00000000
vt 0.96496153 0.23618324 0.00000000
vt 0.95777655 0.25047600 0.00000000
vt 0.88684803 0.04203996 0.00000000
vt 0.84441835 0.02737221 0.00000000
vt 0.86957890 0.35361499 0.00000000
vt 0.89624751 0.29831511 0.00000000
vt 0.29663998 0.74286151 0.00000000
vt 0.30399829 0.75189185 0.00000000
vt 0.30453429 0.75404906 0.00000000
vt 0.31258380 0.75487554 0.00000000
vt 0.32816628 0.75916541 0.00000000
vt 0.90799206 0.17697813 0.00000000
vt 0.89338201 0.05089584 0.00000000
vt 0.91330016 0.31432295 0.00000000
vt 0.91265219 0.32102507 0.00000000
vt 0.90797305 0.32574135 0.00000000
vt 0.91776478 0.30694300 0.00000000
vt 0.91184878 0.27153343 0.00000000
vt 0.89282918 0.21948175 0.00000000
vt 0.41552514 0.64436758 0.00000000
vt 0.42346352 0.64066732 0.00000000
vt 0.42586464 0.64329350 0.00000000
vt 0.43217215 0.63776577 0.00000000
vt 0.43473625 0.64012599 0.00000000
vt 0.88944286 0.21427463 0.00000000
vt 0.43926072 0.63317424 0.00000000
vt 0.89726347 0.35246593 0.00000000
vt 0.85597771 0.37588930 0.00000000
vt 0.86715901 0.08760346 0.00000000
vt 0.86140180 0.07548738 0.00000000
vt 0.84389293 0.06134954 0.00000000
vt 0.85029197 0.06581983 0.00000000
vt 0.85602117 0.07034124 0.00000000
vt 0.93978024 0.18204652 0.00000000
vt 0.92037129 0.11766933 0.00000000
vt 0.94172812 0.21487279 0.00000000
vt 0.94059372 0.21848898 0.00000000
vt 0.94574225 0.21931119 0.00000000
vt 0.93926311 0.22671823 0.00000000
vt 0.90317357 0.28448653 0.00000000
vt 0.93656695 0.24226360 0.00000000
vt 0.86453688 0.34548479 0.00000000
vt 0.41335174 0.31096315 0.00000000
vt 0.41142446 0.31355852 0.00000000
vt 0.40311402 0.30902886 0.00000000
vt 0.92495096 0.06667976 0.00000000
vt 0.93545973 0.11580084 0.00000000
vt 0.93236339 0.11443041 0.00000000
vt 0.93931866 0.09668718 0.00000000
vt 0.93724442 0.08327161 0.00000000
vt 0.93790019 0.10700499 0.00000000
vt 0.82123691 0.01692905 0.00000000
vt 0.91201746 0.04862510 0.00000000
vt 0.90060347 0.04237868 0.00000000
vt 0.90515667 0.23179697 0.00000000
vt 0.90492076 0.22631262 0.00000000
vt 0.30144468 0.21939667 0.00000000
vt 0.32819510 0.22295037 0.00000000
vt 0.32571012 0.22637326 0.00000000
vt 0.32632852 0.27774173 0.00000000
vt 0.28064093 0.24241090 0.00000000
vt 0.31000671 0.21986377 0.00000000
vt 0.91852367 0.15269570 0.00000000
vt 0.93243968 0.12490742 0.00000000
vt 0.91618758 0.17931418 0.00000000
vt 0.90078586 0.36896634 0.00000000
vt 0.91772991 0.33449090 0.00000000
vt 0.90726113 0.36071855 0.00000000
vt 0.91629487 0.34565288 0.00000000
vt 0.23737687 0.14431414 0.00000000
vt 0.24182954 0.15084794 0.00000000
vt 0.22377819 0.14763898 0.00000000
vt 0.91290611 0.27703643 0.00000000
vt 0.91939718 0.32561320 0.00000000
vt 0.89996594 0.11736651 0.00000000
vt 0.18071480 0.75362694 0.00000000
vt 0.17932342 0.75843084 0.00000000
vt 0.16259369 0.75013173 0.00000000
vt 0.15593755 0.73070645 0.00000000
vt 0.21678403 0.73116934 0.00000000
vt 0.84844023 0.02864611 0.00000000
vt 0.79736394 0.40097475 0.00000000
vt 0.96268940 0.20509960 0.00000000
vt 0.96502137 0.21245171 0.00000000
vt 0.95852041 0.19718872 0.00000000
vt 0.91547626 0.13765584 0.00000000
vt 0.96485567 0.24371623 0.00000000
vt 0.96214700 0.24359028 0.00000000
vt 0.96729398 0.23483075 0.00000000
vt 0.95989037 0.25181264 0.00000000
vt 0.95307779 0.25948590 0.00000000
vt 0.81147826 0.40140283 0.00000000
vt 0.89558887 0.04835141 0.00000000
vt 0.80319494 0.01537560 0.00000000
vt 0.32883000 0.74826670 0.00000000
vt 0.33656839 0.75633335 0.00000000
vt 0.28198817 0.73205185 0.00000000
vt 0.28655609 0.73573363 0.00000000
vt 0.30723861 0.74512959 0.00000000
vt 0.31591856 0.74703670 0.00000000
vt 0.91931230 0.14799808 0.00000000
vt 0.39214626 0.64268100 0.00000000
vt 0.41353899 0.64156455 0.00000000
vt 0.92491919 0.10825573 0.00000000
vt 0.89985174 0.05685955 0.00000000
vt 0.90569764 0.06341639 0.00000000
vt 0.91902560 0.07934469 0.00000000
vt 0.92207646 0.08852844 0.00000000
vt 0.91031098 0.32720643 0.00000000
vt 0.91762543 0.31518275 0.00000000
vt 0.91574401 0.23374493 0.00000000
vt 0.91752350 0.23314498 0.00000000
vt 0.44143936 0.62814295 0.00000000
vt 0.44081444 0.61262989 0.00000000
vt 0.44235054 0.62086862 0.00000000
vt 0.89144623 0.36045355 0.00000000
vt 0.90318626 0.34714335 0.00000000
vt 0.90420395 0.33917707 0.00000000
vt 0.81511217 0.39631003 0.00000000
vt 0.88276112 0.10424118 0.00000000
vt 0.86973917 0.08433674 0.00000000
vt 0.87456477 0.09057753 0.00000000
vt 0.87866366 0.09723024 0.00000000
vt 0.82709730 0.02387312 0.00000000
vt 0.94338250 0.19047235 0.00000000
vt 0.94445431 0.20685346 0.00000000
vt 0.94414115 0.15579949 0.00000000
vt 0.94812846 0.18120162 0.00000000
vt 0.94390643 0.22823696 0.00000000
vt 0.94640553 0.21740754 0.00000000
vt 0.94055128 0.23554651 0.00000000
vt 0.93629360 0.23356800 0.00000000
vt 0.84214842 0.38533872 0.00000000
vt 0.92577088 0.26890492 0.00000000
vt 0.93600202 0.25440699 0.00000000
vt 0.93934333 0.24457400 0.00000000
vt 0.42310581 0.33403760 0.00000000
vt 0.41905728 0.32722002 0.00000000
vt 0.42215478 0.32408834 0.00000000
vt 0.41632023 0.31962425 0.00000000
vt 0.41868523 0.31655225 0.00000000
vt 0.40436900 0.36632410 0.00000000
vt 0.41864923 0.33597159 0.00000000
vt 0.39626276 0.31230912 0.00000000
vt 0.39696178 0.30821919 0.00000000
vt 0.86629927 0.35018933 0.00000000
vt 0.85912704 0.35301024 0.00000000
vt 0.93500912 0.07709752 0.00000000
vt 0.92853940 0.06564249 0.00000000
vt 0.92105144 0.05639960 0.00000000
vt 0.86220509 0.03187098 0.00000000
vt 0.90851957 0.23219036 0.00000000
vt 0.30241355 0.22321233 0.00000000
vt 0.90064931 0.19564037 0.00000000
vt 0.33349943 0.22818856 0.00000000
vt 0.33118737 0.23240434 0.00000000
vt 0.32864720 0.24891993 0.00000000
vt 0.30244327 0.31113997 0.00000000
vt 0.26462170 0.28129053 0.00000000
vt 0.28170264 0.23996189 0.00000000
vt 0.90380573 0.19186221 0.00000000
vt 0.89323485 0.37493593 0.00000000
vt 0.22035995 0.15334252 0.00000000
vt 0.21797502 0.15087256 0.00000000
vt 0.92005950 0.33616048 0.00000000
vt 0.24487329 0.14605024 0.00000000
vt 0.22629121 0.15742379 0.00000000
vt 0.91903895 0.24636011 0.00000000
vt 0.92214984 0.32634509 0.00000000
vt 0.92308724 0.31567436 0.00000000
vt 0.18850332 0.75020432 0.00000000
vt 0.18662386 0.75468493 0.00000000
vt 0.16005504 0.74574995 0.00000000
vt 0.87992400 0.07239345 0.00000000
vt 0.16277915 0.73956001 0.00000000
vt 0.17163898 0.68888295 0.00000000
vt 0.21982011 0.69086289 0.00000000
vt 0.21539259 0.73333049 0.00000000
vt 0.88422900 0.38347524 0.00000000
vt 0.87281460 0.06226304 0.00000000
vt 0.23150155 0.20783356 0.00000000
vt 0.22276542 0.21389472 0.00000000
vt 0.22829995 0.20779419 0.00000000
vt 0.93311405 0.16847746 0.00000000
vt 0.21211028 0.84992754 0.00000000
vt 0.22146234 0.85315120 0.00000000
vt 0.20985696 0.85100126 0.00000000
vt 0.20470402 0.84588754 0.00000000
vt 0.96766210 0.21335290 0.00000000
vt 0.92013913 0.28004432 0.00000000
vt 0.81188291 0.40279430 0.00000000
vt 0.88735437 0.03921512 0.00000000
vt 0.84592956 0.02491814 0.00000000
vt 0.33510453 0.69007504 0.00000000
vt 0.26525471 0.80402958 0.00000000
vt 0.30091029 0.74137723 0.00000000
vt 0.41296571 0.68100393 0.00000000
vt 0.38841221 0.64140576 0.00000000
vt 0.90902543 0.06218319 0.00000000
vt 0.92723131 0.09783258 0.00000000
vt 0.92403316 0.09787203 0.00000000
vt 0.91642499 0.32234579 0.00000000
vt 0.91399413 0.32931364 0.00000000
vt 0.92096674 0.31561249 0.00000000
vt 0.92135108 0.30643874 0.00000000
vt 0.91497797 0.27159923 0.00000000
vt 0.42256904 0.58311212 0.00000000
vt 0.38615528 0.64047873 0.00000000
vt 0.89930791 0.35500520 0.00000000
vt 0.90796876 0.34097576 0.00000000
vt 0.85750884 0.37866980 0.00000000
vt 0.86411977 0.07381916 0.00000000
vt 0.85377157 0.06180753 0.00000000
vt 0.84808314 0.05555367 0.00000000
vt 0.85902822 0.06759264 0.00000000
vt 0.95005453 0.19965218 0.00000000
vt 0.94479954 0.19875459 0.00000000
vt 0.94979084 0.19075324 0.00000000
vt 0.92342806 0.11581771 0.00000000
vt 0.88768613 0.09993263 0.00000000
vt 0.94733214 0.22904597 0.00000000
vt 0.44571483 0.35423023 0.00000000
vt 0.40288851 0.36801818 0.00000000
vt 0.40322435 0.31272778 0.00000000
vt 0.39138433 0.31050625 0.00000000
vt 0.86052096 0.35924280 0.00000000
vt 0.40924650 0.31610340 0.00000000
vt 0.41030446 0.32589296 0.00000000
vt 0.93825901 0.11772339 0.00000000
vt 0.93490136 0.12699609 0.00000000
vt 0.37103263 0.23140490 0.00000000
vt 0.36360776 0.23259751 0.00000000
vt 0.36301079 0.22889778 0.00000000
vt 0.94122028 0.10861717 0.00000000
vt 0.37444988 0.23332675 0.00000000
vt 0.82115293 0.01494823 0.00000000
vt 0.38877383 0.26148602 0.00000000
vt 0.38566372 0.25357604 0.00000000
vt 0.38874501 0.25072905 0.00000000
vt 0.38313788 0.24596328 0.00000000
vt 0.38554019 0.24322045 0.00000000
vt 0.37481469 0.29869351 0.00000000
vt 0.38453349 0.26339117 0.00000000
vt 0.29527342 0.22793117 0.00000000
vt 0.29539070 0.22437051 0.00000000
vt 0.32788032 0.23716465 0.00000000
vt 0.32738033 0.27488890 0.00000000
vt 0.38285553 0.30885923 0.00000000
vt 0.33875138 0.34432626 0.00000000
vt 0.27388716 0.34085006 0.00000000
vt 0.24568704 0.31503201 0.00000000
vt 0.22099164 0.21885842 0.00000000
vt 0.22137105 0.26347387 0.00000000
vt 0.27679834 0.19383153 0.00000000
vt 0.92138976 0.15333788 0.00000000
vt 0.91793931 0.17995332 0.00000000
vt 0.89385283 0.37781358 0.00000000
vt 0.21757033 0.15998772 0.00000000
vt 0.25143725 0.15008903 0.00000000
vt 0.23843208 0.20466714 0.00000000
vt 0.91568899 0.27684325 0.00000000
vt 0.21412405 0.73504746 0.00000000
vt 0.16408062 0.74347126 0.00000000
vt 0.15734494 0.73264217 0.00000000
vt 0.17721179 0.65939033 0.00000000
vt 0.21444583 0.65418196 0.00000000
vt 0.27963853 0.72647750 0.00000000
vt 0.26629800 0.67845058 0.00000000
vt 0.21783808 0.79115391 0.00000000
vt 0.91657013 0.13708772 0.00000000
vt 0.21808887 0.16971579 0.00000000
vt 0.15798539 0.73350859 0.00000000
vt 0.16282825 0.73978817 0.00000000
vt 0.15832159 0.73395991 0.00000000
vt 0.22224367 0.21427998 0.00000000
vt 0.96529102 0.20497926 0.00000000
vt 0.96087694 0.19615977 0.00000000
vt 0.24152595 0.83595872 0.00000000
vt 0.22892937 0.85242867 0.00000000
vt 0.23572618 0.84879816 0.00000000
vt 0.20959768 0.82441223 0.00000000
vt 0.20687297 0.84465253 0.00000000
vt 0.24181470 0.84236825 0.00000000
vt 0.80305475 0.01384270 0.00000000
vt 0.33417001 0.68805373 0.00000000
vt 0.26234967 0.80239832 0.00000000
vt 0.28085876 0.72955370 0.00000000
vt 0.33296198 0.68563020 0.00000000
vt 0.41018766 0.68223643 0.00000000
vt 0.92782378 0.10921194 0.00000000
vt 0.92498094 0.08717848 0.00000000
vt 0.91936541 0.32351232 0.00000000
vt 0.41618899 0.58017558 0.00000000
vt 0.89227182 0.36329955 0.00000000
vt 0.90579069 0.34896088 0.00000000
vt 0.81543726 0.39965028 0.00000000
vt 0.87707639 0.08773397 0.00000000
vt 0.87137949 0.08163588 0.00000000
vt 0.88216245 0.09393902 0.00000000
vt 0.82851028 0.02068336 0.00000000
vt 0.94920945 0.20847349 0.00000000
vt 0.95151877 0.17988630 0.00000000
vt 0.94700813 0.15478073 0.00000000
vt 0.95331097 0.19040106 0.00000000
vt 0.94364142 0.23720919 0.00000000
vt 0.95251215 0.21003328 0.00000000
vt 0.84329379 0.38702267 0.00000000
vt 0.44578376 0.35721835 0.00000000
vt 0.45849144 0.35586628 0.00000000
vt 0.46592486 0.35062689 0.00000000
vt 0.94157910 0.24716161 0.00000000
vt 0.41445631 0.33143646 0.00000000
vt 0.41338858 0.32326519 0.00000000
vt 0.41230166 0.34044021 0.00000000
vt 0.39507008 0.31642783 0.00000000
vt 0.39161623 0.31376421 0.00000000
vt 0.38842437 0.31224051 0.00000000
vt 0.38751751 0.31154448 0.00000000
vt 0.38079584 0.23805901 0.00000000
vt 0.37824377 0.24055183 0.00000000
vt 0.35609254 0.23252746 0.00000000
vt 0.38255328 0.30327475 0.00000000
vt 0.37188807 0.29877225 0.00000000
vt 0.92037302 0.24606906 0.00000000
vt 0.28278440 0.23798266 0.00000000
vt 0.33412656 0.23965764 0.00000000
vt 0.33150160 0.24382120 0.00000000
vt 0.33894804 0.26836646 0.00000000
vt 0.32823604 0.27245641 0.00000000
vt 0.39853850 0.37299749 0.00000000
vt 0.35606125 0.39114901 0.00000000
vt 0.29836833 0.37150934 0.00000000
vt 0.22489759 0.37387577 0.00000000
vt 0.20716514 0.35056078 0.00000000
vt 0.21398088 0.29503894 0.00000000
vt 0.27349737 0.19530986 0.00000000
vt 0.27959421 0.19213204 0.00000000
vt 0.33003312 0.27052885 0.00000000
vt 0.22348064 0.16646259 0.00000000
vt 0.25015131 0.15348691 0.00000000
vt 0.23497248 0.20672832 0.00000000
vt 0.25740734 0.15630028 0.00000000
vt 0.28190538 0.19004139 0.00000000
vt 0.22096646 0.21510178 0.00000000
vt 0.16349228 0.62408054 0.00000000
vt 0.18890259 0.61130816 0.00000000
vt 0.24906954 0.63858032 0.00000000
vt 0.22141674 0.79192626 0.00000000
vt 0.25902322 0.80085373 0.00000000
vt 0.30729175 0.64678872 0.00000000
vt 0.21459433 0.79053485 0.00000000
vt 0.20416927 0.82876813 0.00000000
vt 0.20208487 0.82929730 0.00000000
vt 0.21155286 0.78991079 0.00000000
vt 0.20191267 0.83879650 0.00000000
vt 0.36458212 0.71379495 0.00000000
vt 0.36260283 0.71583319 0.00000000
vt 0.39089954 0.73949814 0.00000000
vt 0.39043200 0.74298704 0.00000000
vt 0.43080252 0.72058535 0.00000000
vt 0.92073756 0.07664834 0.00000000
vt 0.42761594 0.72838831 0.00000000
vt 0.43048549 0.72996247 0.00000000
vt 0.42754900 0.73749065 0.00000000
vt 0.42785758 0.71948266 0.00000000
vt 0.91615570 0.33117163 0.00000000
vt 0.91090333 0.34190226 0.00000000
vt 0.92401683 0.31558275 0.00000000
vt 0.92415857 0.30525833 0.00000000
vt 0.91791373 0.27170002 0.00000000
vt 0.43675244 0.51045275 0.00000000
vt 0.42986399 0.53347921 0.00000000
vt 0.43684724 0.50966370 0.00000000
vt 0.90095240 0.35759991 0.00000000
vt 0.85904902 0.38127667 0.00000000
vt 0.86719632 0.07238579 0.00000000
vt 0.85644400 0.05746338 0.00000000
vt 0.86207378 0.06476958 0.00000000
vt 0.85037339 0.04942587 0.00000000
vt 0.95352364 0.20028077 0.00000000
vt 0.92519963 0.11475830 0.00000000
vt 0.89380145 0.09620439 0.00000000
vt 0.94657385 0.23906730 0.00000000
vt 0.40179220 0.36934125 0.00000000
vt 0.47436324 0.35122830 0.00000000
vt 0.38505253 0.31010580 0.00000000
vt 0.38528147 0.31023765 0.00000000
vt 0.94048703 0.12004654 0.00000000
vt 0.93635094 0.12914924 0.00000000
vt 0.35690671 0.23581478 0.00000000
vt 0.38325042 0.30365211 0.00000000
vt 0.38291165 0.25590676 0.00000000
vt 0.37607983 0.24234112 0.00000000
vt 0.38086653 0.24821685 0.00000000
vt 0.38163704 0.26528072 0.00000000
vt 0.33535454 0.26806813 0.00000000
vt 0.36195070 0.29313445 0.00000000
vt 0.36552069 0.29572397 0.00000000
vt 0.41360119 0.43372807 0.00000000
vt 0.36704820 0.44309014 0.00000000
vt 0.31372958 0.40870357 0.00000000
vt 0.24017116 0.39917463 0.00000000
vt 0.18136209 0.38928074 0.00000000
vt 0.16875085 0.36667114 0.00000000
vt 0.18820219 0.32799453 0.00000000
vt 0.92433935 0.15389143 0.00000000
vt 0.13712639 0.60420144 0.00000000
vt 0.15691386 0.58735836 0.00000000
vt 0.21170488 0.59441566 0.00000000
vt 0.27918676 0.61219430 0.00000000
vt 0.38007534 0.63767350 0.00000000
vt 0.34151846 0.60558295 0.00000000
vt 0.20416926 0.83766592 0.00000000
vt 0.38859788 0.73294401 0.00000000
vt 0.40541518 0.74075747 0.00000000
vt 0.39677671 0.73867726 0.00000000
vt 0.36674526 0.71161616 0.00000000
vt 0.40742421 0.68348002 0.00000000
vt 0.42252508 0.74254918 0.00000000
vt 0.42475790 0.73565531 0.00000000
vt 0.41965210 0.74091268 0.00000000
vt 0.41243115 0.74515355 0.00000000
vt 0.91818619 0.33345151 0.00000000
vt 0.92733335 0.32617778 0.00000000
vt 0.92228562 0.32468843 0.00000000
vt 0.91883171 0.23266529 0.00000000
vt 0.43556949 0.50963306 0.00000000
vt 0.43744501 0.50398135 0.00000000
vt 0.88935816 0.36997455 0.00000000
vt 0.90838963 0.35075653 0.00000000
vt 0.81556296 0.40158916 0.00000000
vt 0.87997949 0.08478425 0.00000000
vt 0.88646293 0.09085478 0.00000000
vt 0.87292445 0.07861924 0.00000000
vt 0.82928407 0.01879151 0.00000000
vt 0.95654619 0.18961911 0.00000000
vt 0.95421946 0.17808153 0.00000000
vt 0.94981444 0.15401249 0.00000000
vt 0.95686567 0.20099120 0.00000000
vt 0.95057106 0.22916083 0.00000000
vt 0.95521903 0.21227513 0.00000000
vt 0.48615372 0.37022239 0.00000000
vt 0.48759735 0.35920936 0.00000000
vt 0.49207154 0.37180719 0.00000000
vt 0.47676244 0.36053222 0.00000000
vt 0.44602421 0.36038256 0.00000000
vt 0.46926674 0.35587013 0.00000000
vt 0.41007090 0.33492672 0.00000000
vt 0.40845239 0.34437454 0.00000000
vt 0.38403231 0.30952281 0.00000000
vt 0.35020724 0.23866519 0.00000000
vt 0.36422825 0.23586288 0.00000000
vt 0.36843714 0.29732126 0.00000000
vt 0.37705791 0.26181176 0.00000000
vt 0.37615383 0.25199577 0.00000000
vt 0.37398735 0.27367568 0.00000000
vt 0.35857695 0.24235800 0.00000000
vt 0.33193931 0.26894003 0.00000000
vt 0.38308257 0.30556327 0.00000000
vt 0.45907626 0.40169021 0.00000000
vt 0.44678876 0.36382091 0.00000000
vt 0.41107208 0.49545252 0.00000000
vt 0.36798048 0.49797449 0.00000000
vt 0.32257316 0.45046240 0.00000000
vt 0.25139055 0.42693841 0.00000000
vt 0.19291534 0.41177157 0.00000000
vt 0.13756669 0.40098152 0.00000000
vt 0.12792832 0.37951711 0.00000000
vt 0.15668342 0.34276634 0.00000000
vt 0.10523091 0.58303654 0.00000000
vt 0.12119243 0.56605756 0.00000000
vt 0.17454889 0.56980491 0.00000000
vt 0.23095933 0.57285511 0.00000000
vt 0.30305901 0.57813168 0.00000000
vt 0.36940616 0.70930684 0.00000000
vt 0.40131021 0.68634522 0.00000000
vt 0.36525008 0.55727500 0.00000000
vt 0.40543294 0.74588776 0.00000000
vt 0.38450328 0.63969606 0.00000000
vt 0.41998661 0.73291504 0.00000000
vt 0.42269671 0.72468364 0.00000000
vt 0.42210820 0.71427250 0.00000000
vt 0.92888951 0.31077421 0.00000000
vt 0.92617530 0.29753757 0.00000000
vt 0.92065221 0.34091973 0.00000000
vt 0.92086023 0.27189398 0.00000000
vt 0.38242090 0.63864273 0.00000000
vt 0.43416998 0.51336855 0.00000000
vt 0.90086240 0.36323684 0.00000000
vt 0.91395646 0.34226435 0.00000000
vt 0.86067754 0.38382375 0.00000000
vt 0.87443900 0.07547139 0.00000000
vt 0.85725272 0.05337323 0.00000000
vt 0.86454475 0.06193255 0.00000000
vt 0.87062705 0.07136688 0.00000000
vt 0.85000741 0.04487954 0.00000000
vt 0.92650008 0.11398529 0.00000000
vt 0.89750695 0.09554677 0.00000000
vt 0.47755438 0.35888928 0.00000000
vt 0.48167548 0.35405830 0.00000000
vt 0.49102923 0.37948999 0.00000000
vt 0.48414761 0.36489713 0.00000000
vt 0.40039697 0.37103122 0.00000000
vt 0.35109952 0.24569491 0.00000000
vt 0.34468803 0.25300586 0.00000000
vt 0.34458983 0.24388683 0.00000000
vt 0.46070719 0.40474668 0.00000000
vt 0.48328131 0.37931639 0.00000000
vt 0.32419789 0.49452862 0.00000000
vt 0.25822288 0.45689079 0.00000000
vt 0.20218010 0.43480831 0.00000000
vt 0.14703080 0.42141727 0.00000000
vt 0.10986050 0.40956676 0.00000000
vt 0.10067378 0.38792539 0.00000000
vt 0.11944233 0.35684645 0.00000000
vt 0.08342475 0.56759030 0.00000000
vt 0.09756556 0.55069983 0.00000000
vt 0.13539869 0.54972357 0.00000000
vt 0.18920466 0.55053544 0.00000000
vt 0.24534285 0.54713106 0.00000000
vt 0.40450972 0.68480563 0.00000000
vt 0.43767169 0.50225586 0.00000000
vt 0.43767750 0.50318742 0.00000000
vt 0.43751320 0.50322688 0.00000000
vt 0.43032017 0.49947572 0.00000000
vt 0.43038487 0.49843365 0.00000000
vt 0.43059513 0.49853832 0.00000000
vt 0.43069452 0.49132577 0.00000000
vt 0.43046206 0.49707067 0.00000000
vt 0.91189134 0.35433501 0.00000000
vt 0.81555921 0.40302664 0.00000000
vt 0.88269138 0.08258654 0.00000000
vt 0.88972819 0.08951934 0.00000000
vt 0.82980072 0.01735063 0.00000000
vt 0.48365340 0.39459950 0.00000000
vt 0.48169416 0.38837713 0.00000000
vt 0.48859784 0.38692826 0.00000000
vt 0.48540467 0.37985462 0.00000000
vt 0.47443944 0.39667058 0.00000000
vt 0.46458641 0.40951863 0.00000000
vt 0.41852874 0.43410364 0.00000000
vt 0.46249750 0.40732893 0.00000000
vt 0.41632703 0.43383074 0.00000000
vt 0.45919183 0.45883968 0.00000000
vt 0.31964239 0.53886884 0.00000000
vt 0.26011160 0.48800781 0.00000000
vt 0.20831183 0.45857146 0.00000000
vt 0.15515274 0.44115704 0.00000000
vt 0.11891023 0.42946443 0.00000000
vt 0.93682212 0.56414336 0.00000000
vt 0.91722816 0.58526558 0.00000000
vt 0.90969431 0.57278705 0.00000000
vt 0.92405814 0.55710369 0.00000000
vt 0.09275974 0.36502278 0.00000000
vt 0.93473530 0.50852609 0.00000000
vt 0.94322973 0.53605485 0.00000000
vt 0.92865604 0.53634006 0.00000000
vt 0.92225641 0.51605952 0.00000000
vt 0.11066099 0.53575003 0.00000000
vt 0.14756882 0.53324246 0.00000000
vt 0.20082578 0.52924985 0.00000000
vt 0.42365971 0.49623084 0.00000000
vt 0.41422197 0.49422812 0.00000000
vt 0.42686763 0.49421346 0.00000000
vt 0.41824088 0.49403757 0.00000000
vt 0.46922812 0.46134970 0.00000000
vt 0.46938574 0.46496779 0.00000000
vt 0.46414068 0.45549276 0.00000000
vt 0.44890422 0.48288667 0.00000000
vt 0.45297962 0.47697911 0.00000000
vt 0.45904443 0.47797349 0.00000000
vt 0.45954782 0.46983737 0.00000000
vt 0.46593004 0.47157437 0.00000000
vt 0.44291428 0.48248771 0.00000000
vt 0.90186739 0.09520046 0.00000000
vt 0.44521594 0.44702703 0.00000000
vt 0.25690988 0.51886952 0.00000000
vt 0.21056530 0.48274976 0.00000000
vt 0.16095908 0.46049675 0.00000000
vt 0.12661749 0.44764531 0.00000000
vt 0.88969743 0.59376079 0.00000000
vt 0.88941264 0.57918710 0.00000000
vt 0.90236479 0.56088758 0.00000000
vt 0.91176087 0.55046326 0.00000000
vt 0.91468596 0.53673780 0.00000000
vt 0.91035664 0.52338874 0.00000000
vt 0.91361517 0.48893258 0.00000000
vt 0.90657431 0.50169581 0.00000000
vt 0.12149718 0.52175522 0.00000000
vt 0.15678078 0.51610482 0.00000000
vt 0.20834455 0.50664413 0.00000000
vt 0.89380777 0.08807136 0.00000000
vt 0.45348021 0.45205307 0.00000000
vt 0.16358623 0.47955775 0.00000000
vt 0.13209626 0.46431863 0.00000000
vt 0.86160707 0.58735168 0.00000000
vt 0.86864799 0.57458854 0.00000000
vt 0.88901526 0.56521714 0.00000000
vt 0.89504248 0.54940325 0.00000000
vt 0.89967734 0.54417890 0.00000000
vt 0.90107912 0.53733706 0.00000000
vt 0.89887220 0.53071105 0.00000000
vt 0.89993298 0.51399285 0.00000000
vt 0.88552791 0.48252353 0.00000000
vt 0.88581139 0.49709728 0.00000000
vt 0.12939191 0.50805670 0.00000000
vt 0.16231611 0.49820462 0.00000000
vt 0.13469407 0.47974080 0.00000000
vt 0.84048527 0.56775522 0.00000000
vt 0.85296506 0.56022334 0.00000000
vt 0.87528944 0.56229174 0.00000000
vt 0.88841635 0.55161023 0.00000000
vt 0.88761127 0.53814238 0.00000000
vt 0.89364803 0.52607626 0.00000000
vt 0.88620788 0.51106745 0.00000000
vt 0.85799885 0.49101618 0.00000000
vt 0.86553073 0.50349599 0.00000000
vt 0.13389707 0.49420494 0.00000000
vt 0.83199281 0.54022372 0.00000000
vt 0.84656650 0.53994137 0.00000000
vt 0.86486542 0.55289519 0.00000000
vt 0.88157451 0.55020845 0.00000000
vt 0.88680637 0.52467448 0.00000000
vt 0.87285882 0.51539642 0.00000000
vt 0.83840358 0.51213557 0.00000000
vt 0.85116607 0.51917779 0.00000000
vt 0.86053652 0.53954548 0.00000000
vt 0.87635022 0.54557347 0.00000000
vt 0.88018036 0.52688128 0.00000000
vt 0.86346239 0.52582002 0.00000000
vt 0.87414348 0.53894728 0.00000000
vt 0.87554538 0.53210551 0.00000000
vt 0.79998052 0.77124393 0.00000000
vt 0.82381082 0.74846858 0.00000000
vt 0.83184338 0.76344770 0.00000000
vt 0.83142036 0.78067338 0.00000000
vt 0.79912412 0.77262366 0.00000000
vt 0.83048201 0.78222477 0.00000000
vt 0.82219064 0.79737884 0.00000000
vt 0.84481192 0.72823751 0.00000000
vt 0.85965431 0.75683111 0.00000000
vt 0.82254910 0.79527706 0.00000000
vt 0.85895813 0.78934991 0.00000000
vt 0.83080214 0.76429945 0.00000000
vt 0.85799611 0.79093945 0.00000000
vt 0.84340870 0.81936657 0.00000000
vt 0.79894537 0.77249485 0.00000000
vt 0.82305044 0.75096565 0.00000000
vt 0.83012617 0.76606405 0.00000000
vt 0.84233773 0.81655371 0.00000000
vt 0.82315457 0.74874580 0.00000000
vt 0.85800588 0.75726914 0.00000000
vt 0.82922208 0.78288805 0.00000000
vt 0.84434426 0.73193163 0.00000000
vt 0.85712546 0.76056486 0.00000000
vt 0.79918975 0.77022010 0.00000000
vt 0.83001709 0.78049642 0.00000000
vt 0.82073784 0.79488629 0.00000000
vt 0.84520710 0.72648430 0.00000000
vt 0.82040948 0.79693860 0.00000000
vt 0.85584527 0.79183143 0.00000000
vt 0.83133268 0.76350003 0.00000000
vt 0.85657686 0.78932279 0.00000000
vt 0.83955228 0.81650394 0.00000000
vt 0.82396531 0.74838465 0.00000000
vt 0.83985937 0.81822091 0.00000000
vt 0.85988683 0.75743932 0.00000000
vt 0.84595627 0.72973007 0.00000000
vt 0.87175035 0.69147122 0.00000000
vt 0.88202053 0.68594730 0.00000000
vt 0.92276216 0.69089079 0.00000000
vt 0.90376705 0.79703689 0.00000000
vt 0.95658815 0.79306650 0.00000000
vt 0.95720756 0.79745597 0.00000000
vt 0.95943677 0.75593156 0.00000000
vt 0.90796852 0.74995500 0.00000000
vt 0.91688168 0.74474347 0.00000000
vt 0.98749673 0.77560294 0.00000000
vt 0.91408771 0.80261791 0.00000000
vt 0.93327141 0.84971344 0.00000000
vt 0.90514439 0.81290466 0.00000000
vt 0.90408456 0.73760396 0.00000000
vt 0.93036312 0.78868663 0.00000000
vt 0.91196078 0.69623536 0.00000000
vt 0.88195145 0.69844317 0.00000000
vt 0.88863683 0.69259751 0.00000000
vt 0.94121683 0.83497405 0.00000000
vt 0.90506560 0.81000441 0.00000000
vt 0.91460657 0.80965388 0.00000000
vt 0.93043417 0.70135319 0.00000000
vt 0.92982626 0.71363372 0.00000000
vt 0.92964017 0.69546223 0.00000000
vt 0.88137507 0.84903884 0.00000000
vt 0.92479122 0.87424260 0.00000000
vt 0.89018130 0.85920751 0.00000000
vt 0.91255319 0.68628299 0.00000000
vt 0.96787596 0.79353112 0.00000000
vt 0.96027863 0.75196671 0.00000000
vt 0.98697507 0.76894188 0.00000000
vt 0.98622346 0.78074074 0.00000000
vt 0.87644041 0.85535514 0.00000000
vt 0.92871118 0.86301005 0.00000000
vt 0.92977881 0.86832237 0.00000000
vt 0.93301046 0.85594022 0.00000000
vt 0.93113744 0.83845204 0.00000000
vt 0.93308342 0.84463531 0.00000000
vt 0.92534393 0.80100977 0.00000000
vt 0.92883712 0.77433032 0.00000000
vt 0.93013436 0.78051752 0.00000000
vt 0.93041307 0.78695667 0.00000000
vt 0.92275053 0.76137435 0.00000000
vt 0.92646545 0.76797539 0.00000000
vt 0.93107212 0.73114443 0.00000000
vt 0.93469644 0.73461920 0.00000000
vt 0.94441360 0.69062680 0.00000000
vt 0.95314789 0.70568240 0.00000000
vt 0.91071105 0.69148088 0.00000000
vt 0.88298476 0.86183894 0.00000000
vt 0.89308667 0.75004905 0.00000000
vt 0.90891117 0.80221599 0.00000000
vt 0.88319105 0.79284573 0.00000000
vt 0.90037113 0.73926896 0.00000000
vt 0.91180414 0.74005836 0.00000000
vt 0.92967451 0.77029085 0.00000000
vt 0.92563671 0.86955237 0.00000000
vt 0.94447988 0.83221531 0.00000000
vt 0.93306231 0.79583454 0.00000000
vt 0.93145645 0.70692283 0.00000000
vt 0.92787373 0.69299722 0.00000000
vt 0.93149853 0.70099640 0.00000000
vt 0.92435902 0.87763858 0.00000000
vt 0.88948500 0.68201137 0.00000000
vt 0.91876286 0.68739754 0.00000000
vt 0.95825857 0.80029786 0.00000000
vt 0.97632563 0.78997785 0.00000000
vt 0.96859252 0.75519031 0.00000000
vt 0.92446840 0.74015081 0.00000000
vt 0.98354733 0.76369786 0.00000000
vt 0.99513781 0.77234614 0.00000000
vt 0.99282336 0.78303564 0.00000000
vt 0.98242831 0.78575677 0.00000000
vt 0.93456852 0.86071867 0.00000000
vt 0.93621504 0.85602009 0.00000000
vt 0.92190135 0.80717075 0.00000000
vt 0.93665135 0.84678960 0.00000000
vt 0.93676543 0.85144168 0.00000000
vt 0.91322988 0.81263214 0.00000000
vt 0.92966199 0.79516977 0.00000000
vt 0.91495508 0.74098426 0.00000000
vt 0.93154866 0.76759452 0.00000000
vt 0.93315369 0.77332026 0.00000000
vt 0.93414885 0.77893698 0.00000000
vt 0.93439263 0.78464752 0.00000000
vt 0.95019764 0.71781623 0.00000000
vt 0.95443094 0.70598757 0.00000000
vt 0.89335430 0.68782133 0.00000000
vt 0.88791835 0.86637080 0.00000000
vt 0.92983437 0.68397343 0.00000000
vt 0.89405036 0.68507838 0.00000000
vt 0.93043536 0.67941630 0.00000000
vt 0.93095207 0.78213298 0.00000000
vt 0.94624889 0.72095108 0.00000000
vt 0.93125761 0.75623184 0.00000000
vt 0.92767406 0.87423468 0.00000000
vt 0.94125736 0.87119198 0.00000000
vt 0.94142365 0.87236518 0.00000000
vt 0.95079362 0.85186523 0.00000000
vt 0.94993776 0.86461598 0.00000000
vt 0.95052719 0.86344945 0.00000000
vt 0.92320627 0.80929494 0.00000000
vt 0.93375826 0.71059209 0.00000000
vt 0.92347419 0.68978226 0.00000000
vt 0.93136412 0.69205797 0.00000000
vt 0.93436843 0.69963467 0.00000000
vt 0.89602375 0.86696213 0.00000000
vt 0.91674304 0.68324012 0.00000000
vt 0.92182285 0.68450701 0.00000000
vt 0.97936070 0.79287881 0.00000000
vt 0.97747028 0.75914437 0.00000000
vt 0.96120560 0.74939167 0.00000000
vt 0.99389529 0.76693517 0.00000000
vt 0.99475849 0.77771878 0.00000000
vt 0.98961985 0.78727484 0.00000000
vt 0.93711865 0.86224359 0.00000000
vt 0.93525267 0.84157336 0.00000000
vt 0.91170335 0.87037617 0.00000000
vt 0.91043967 0.87467253 0.00000000
vt 0.87989265 0.85750735 0.00000000
vt 0.93429708 0.84069169 0.00000000
vt 0.92054212 0.81223279 0.00000000
vt 0.93231487 0.78954381 0.00000000
vt 0.93062669 0.80060005 0.00000000
vt 0.92916405 0.76155931 0.00000000
vt 0.93657100 0.73655719 0.00000000
vt 0.93259269 0.68807989 0.00000000
vt 0.95462632 0.70066059 0.00000000
vt 0.90998507 0.68732297 0.00000000
vt 0.93153918 0.87147444 0.00000000
vt 0.87389594 0.86184448 0.00000000
vt 0.89913952 0.86181235 0.00000000
vt 0.88081807 0.86601150 0.00000000
vt 0.91970617 0.83276689 0.00000000
vt 0.91533363 0.80746925 0.00000000
vt 0.91882515 0.85002506 0.00000000
vt 0.92079979 0.83951658 0.00000000
vt 0.92048967 0.84506178 0.00000000
vt 0.91931337 0.85627174 0.00000000
vt 0.91501254 0.85665387 0.00000000
vt 0.90591991 0.86155671 0.00000000
vt 0.91100985 0.85985154 0.00000000
vt 0.94358778 0.71741915 0.00000000
vt 0.95732176 0.70200735 0.00000000
vt 0.95318508 0.68472183 0.00000000
vt 0.90087032 0.67887843 0.00000000
vt 0.93657970 0.79043335 0.00000000
vt 0.93696624 0.76697838 0.00000000
vt 0.93814939 0.77208024 0.00000000
vt 0.93897277 0.77997530 0.00000000
vt 0.93824595 0.78515542 0.00000000
vt 0.94818527 0.72331989 0.00000000
vt 0.92052960 0.74124074 0.00000000
vt 0.93488801 0.76179808 0.00000000
vt 0.94770896 0.83796656 0.00000000
vt 0.95238459 0.85773802 0.00000000
vt 0.94709158 0.83043051 0.00000000
vt 0.93812555 0.79504240 0.00000000
vt 0.93461138 0.70478308 0.00000000
vt 0.92923588 0.68948752 0.00000000
vt 0.93301147 0.69498158 0.00000000
vt 0.92414278 0.88092285 0.00000000
vt 0.93555450 0.87795013 0.00000000
vt 0.89422357 0.67840457 0.00000000
vt 0.92583787 0.68668616 0.00000000
vt 0.95995295 0.80259562 0.00000000
vt 0.98515677 0.79048175 0.00000000
vt 0.98710024 0.75925767 0.00000000
vt 0.98161542 0.75667727 0.00000000
vt 0.93061560 0.73606205 0.00000000
vt 0.99115539 0.76262242 0.00000000
vt 0.99866343 0.77195716 0.00000000
vt 0.99717581 0.78392571 0.00000000
vt 0.99435866 0.78825426 0.00000000
vt 0.93879402 0.85739994 0.00000000
vt 0.92780828 0.81108814 0.00000000
vt 0.93931019 0.84782720 0.00000000
vt 0.93942189 0.85275519 0.00000000
vt 0.92362481 0.69200075 0.00000000
vt 0.88425052 0.69129390 0.00000000
vt 0.91171020 0.68940812 0.00000000
vt 0.91828042 0.68988657 0.00000000
vt 0.90956962 0.87789971 0.00000000
vt 0.93936366 0.86997569 0.00000000
vt 0.93765622 0.83806622 0.00000000
vt 0.93374830 0.79515815 0.00000000
vt 0.92256540 0.74425471 0.00000000
vt 0.93498266 0.76752859 0.00000000
vt 0.93655062 0.77303857 0.00000000
vt 0.93756592 0.77840340 0.00000000
vt 0.93741107 0.78504699 0.00000000
vt 0.93599021 0.79010749 0.00000000
vt 0.95318639 0.71187818 0.00000000
vt 0.95602912 0.71424955 0.00000000
vt 0.93941164 0.68785614 0.00000000
vt 0.94984442 0.69222254 0.00000000
vt 0.95949203 0.70493472 0.00000000
vt 0.89591664 0.68310493 0.00000000
vt 0.89117813 0.87022245 0.00000000
vt 0.95068341 0.79888314 0.00000000
vt 0.95102143 0.80306864 0.00000000
vt 0.93232465 0.73975194 0.00000000
vt 0.96095645 0.76934385 0.00000000
vt 0.90358442 0.86536455 0.00000000
vt 0.92354476 0.83604103 0.00000000
vt 0.95150590 0.80630636 0.00000000
vt 0.92401552 0.84153712 0.00000000
vt 0.92349261 0.84622920 0.00000000
vt 0.92210060 0.85056132 0.00000000
vt 0.92004931 0.85500407 0.00000000
vt 0.91650790 0.86025107 0.00000000
vt 0.91310471 0.86300552 0.00000000
vt 0.90893024 0.86474895 0.00000000
vt 0.94347334 0.68047720 0.00000000
vt 0.93115628 0.67600387 0.00000000
vt 0.94130611 0.77067077 0.00000000
vt 0.94208491 0.77648669 0.00000000
vt 0.94223845 0.78123957 0.00000000
vt 0.94195968 0.77544475 0.00000000
vt 0.94492865 0.77494109 0.00000000
vt 0.94510823 0.77671862 0.00000000
vt 0.94163257 0.78569627 0.00000000
vt 0.95353007 0.71166158 0.00000000
vt 0.93613309 0.75710309 0.00000000
vt 0.93873477 0.76185107 0.00000000
vt 0.93540633 0.87411976 0.00000000
vt 0.94635862 0.86939228 0.00000000
vt 0.95101339 0.84521592 0.00000000
vt 0.95242649 0.85165364 0.00000000
vt 0.95544088 0.86392438 0.00000000
vt 0.95254374 0.86937582 0.00000000
vt 0.94934726 0.87359321 0.00000000
vt 0.93052745 0.80852604 0.00000000
vt 0.93647313 0.70964074 0.00000000
vt 0.93557370 0.69357675 0.00000000
vt 0.93139619 0.68718094 0.00000000
vt 0.93680495 0.69835103 0.00000000
vt 0.93714666 0.70358485 0.00000000
vt 0.89877379 0.87341881 0.00000000
vt 0.92370784 0.68203509 0.00000000
vt 0.91871715 0.68045640 0.00000000
vt 0.92783910 0.68430084 0.00000000
vt 0.98463547 0.79379249 0.00000000
vt 0.96252972 0.74704760 0.00000000
vt 0.99812651 0.76632124 0.00000000
vt 1.00120318 0.77228212 0.00000000
vt 0.99846709 0.77833903 0.00000000
vt 0.99023199 0.79145384 0.00000000
vt 0.93936777 0.86452889 0.00000000
vt 0.93801552 0.84236997 0.00000000
vt 0.93476206 0.70374286 0.00000000
vt 0.93507808 0.73901564 0.00000000
vt 0.93252712 0.69833267 0.00000000
vt 0.89216161 0.68701303 0.00000000
vt 0.92133850 0.68656677 0.00000000
vt 0.92572808 0.68827468 0.00000000
vt 0.93791723 0.87924045 0.00000000
vt 0.93189108 0.87882602 0.00000000
vt 0.88450521 0.86527568 0.00000000
vt 0.94370270 0.86573553 0.00000000
vt 0.94796169 0.85538393 0.00000000
vt 0.94028133 0.83635724 0.00000000
vt 0.92704529 0.81139916 0.00000000
vt 0.93424857 0.80076754 0.00000000
vt 0.93289608 0.76165253 0.00000000
vt 0.93943173 0.73891437 0.00000000
vt 0.95840317 0.70955366 0.00000000
vt 0.93916607 0.68357080 0.00000000
vt 0.94493431 0.68937874 0.00000000
vt 0.94452298 0.68361706 0.00000000
vt 0.95773578 0.69530135 0.00000000
vt 0.95591122 0.69193113 0.00000000
vt 0.95938599 0.70023412 0.00000000
vt 0.91002357 0.68317711 0.00000000
vt 0.93369317 0.87537378 0.00000000
vt 0.95415646 0.80209011 0.00000000
vt 0.96283108 0.76587152 0.00000000
vt 0.88555616 0.87007391 0.00000000
vt 0.92054236 0.81213731 0.00000000
vt 0.95237923 0.80900913 0.00000000
vt 0.92263919 0.85644710 0.00000000
vt 0.92142916 0.85863715 0.00000000
vt 0.95673072 0.70691383 0.00000000
vt 0.95716906 0.68750423 0.00000000
vt 0.95913482 0.69219476 0.00000000
vt 0.95922881 0.69256920 0.00000000
vt 0.95956147 0.69759315 0.00000000
vt 0.94960850 0.68171239 0.00000000
vt 0.90544409 0.67297614 0.00000000
vt 0.94032329 0.79016167 0.00000000
vt 0.94030714 0.76626384 0.00000000
vt 0.94520205 0.78143322 0.00000000
vt 0.95013481 0.72523284 0.00000000
vt 0.95841312 0.70993644 0.00000000
vt 0.92761499 0.74270654 0.00000000
vt 0.94097257 0.87765723 0.00000000
vt 0.94545519 0.87624484 0.00000000
vt 0.95421600 0.84293383 0.00000000
vt 0.95665818 0.84847265 0.00000000
vt 0.95727909 0.85874927 0.00000000
vt 0.95261228 0.87655032 0.00000000
vt 0.96251470 0.86790252 0.00000000
vt 0.95601016 0.87239528 0.00000000
vt 0.95962912 0.86580026 0.00000000
vt 0.94970590 0.82890332 0.00000000
vt 0.94118840 0.79523480 0.00000000
vt 0.93875414 0.88100195 0.00000000
vt 0.92419618 0.88527071 0.00000000
vt 0.96269518 0.80517507 0.00000000
vt 0.99210131 0.75866908 0.00000000
vt 0.99582624 0.76197094 0.00000000
vt 0.98691642 0.75600833 0.00000000
vt 0.93582720 0.73252916 0.00000000
vt 1.00149584 0.77820706 0.00000000
vt 1.00131178 0.78404480 0.00000000
vt 0.99922884 0.78857630 0.00000000
vt 0.99574447 0.79209018 0.00000000
vt 0.94156599 0.85951102 0.00000000
vt 0.93842477 0.71361023 0.00000000
vt 0.92888391 0.69436049 0.00000000
vt 0.91595924 0.68591177 0.00000000
vt 0.92972445 0.69044930 0.00000000
vt 0.94300836 0.87795538 0.00000000
vt 0.94059247 0.88268697 0.00000000
vt 0.93541694 0.88272405 0.00000000
vt 0.90904129 0.88112479 0.00000000
vt 0.94736737 0.87537271 0.00000000
vt 0.95316547 0.85829091 0.00000000
vt 0.95055717 0.86133260 0.00000000
vt 0.93717611 0.79524988 0.00000000
vt 0.92858517 0.74723679 0.00000000
vt 0.93824279 0.76786804 0.00000000
vt 0.93992168 0.77324671 0.00000000
vt 0.94105226 0.77847099 0.00000000
vt 0.93943393 0.79029322 0.00000000
vt 0.95986813 0.71348828 0.00000000
vt 0.94896376 0.68508464 0.00000000
vt 0.95279622 0.68778139 0.00000000
vt 0.96222687 0.70868146 0.00000000
vt 0.89611179 0.67747664 0.00000000
vt 0.89281321 0.87532532 0.00000000
vt 0.96645755 0.77013201 0.00000000
vt 0.96940035 0.79364765 0.00000000
vt 0.90546829 0.86848974 0.00000000
vt 0.92647856 0.84258509 0.00000000
vt 0.92621630 0.83710051 0.00000000
vt 0.96004039 0.80376482 0.00000000
vt 0.92594492 0.84741473 0.00000000
vt 0.92466432 0.85190898 0.00000000
vt 0.91493607 0.86542600 0.00000000
vt 0.92102760 0.86483240 0.00000000
vt 0.91842866 0.86260176 0.00000000
vt 0.91072953 0.86738491 0.00000000
vt 0.95825642 0.70230973 0.00000000
vt 0.95379579 0.68403709 0.00000000
vt 0.96303654 0.69438046 0.00000000
vt 0.96329784 0.69865215 0.00000000
vt 0.94927132 0.67804104 0.00000000
vt 0.95394874 0.67930341 0.00000000
vt 0.93216079 0.67271656 0.00000000
vt 0.94431204 0.77025682 0.00000000
vt 0.94454896 0.78586650 0.00000000
vt 0.94793952 0.77511597 0.00000000
vt 0.95059824 0.77066696 0.00000000
vt 0.94804740 0.77623898 0.00000000
vt 0.94852257 0.78104532 0.00000000
vt 0.94326401 0.79034066 0.00000000
vt 0.94160265 0.76153105 0.00000000
vt 0.93913192 0.75682330 0.00000000
vt 0.94321913 0.76590985 0.00000000
vt 0.95762259 0.85364330 0.00000000
vt 0.94867057 0.87913573 0.00000000
vt 0.96152753 0.86054403 0.00000000
vt 0.95936602 0.87434745 0.00000000
vt 0.95609969 0.87889433 0.00000000
vt 0.93708426 0.80764711 0.00000000
vt 0.93972361 0.70894414 0.00000000
vt 0.89822739 0.87986475 0.00000000
vt 0.92627990 0.67909712 0.00000000
vt 0.93059748 0.68175244 0.00000000
vt 0.92086136 0.67701441 0.00000000
vt 0.89679646 0.67281902 0.00000000
vt 0.90611029 0.64587551 0.00000000
vt 0.93419939 0.68510097 0.00000000
vt 0.93331504 0.81471670 0.00000000
vt 0.99078226 0.79499686 0.00000000
vt 0.96491295 0.74413288 0.00000000
vt 1.00198603 0.76649022 0.00000000
vt 1.00307024 0.77271885 0.00000000
vt 0.94205195 0.86785120 0.00000000
vt 0.94239658 0.85456032 0.00000000
vt 0.95604408 0.82904828 0.00000000
vt 0.94133890 0.84287059 0.00000000
vt 0.94704014 0.85192269 0.00000000
vt 0.94235015 0.84923875 0.00000000
vt 0.94663656 0.85719633 0.00000000
vt 0.96445018 0.76350045 0.00000000
vt 0.93878365 0.70745426 0.00000000
vt 0.93957669 0.73712289 0.00000000
vt 0.93598455 0.69744045 0.00000000
vt 0.94062144 0.70060265 0.00000000
vt 0.93788797 0.70220101 0.00000000
vt 0.89693034 0.68330753 0.00000000
vt 0.92287087 0.68369633 0.00000000
vt 0.92741424 0.68533337 0.00000000
vt 0.93157381 0.68763697 0.00000000
vt 0.88636804 0.87150580 0.00000000
vt 0.95008749 0.87168729 0.00000000
vt 0.95503867 0.86308306 0.00000000
vt 0.94314659 0.83516616 0.00000000
vt 0.95114386 0.86664069 0.00000000
vt 0.93312192 0.81039816 0.00000000
vt 0.94188929 0.79503852 0.00000000
vt 0.93609619 0.76218069 0.00000000
vt 0.94089222 0.78528023 0.00000000
vt 0.94401407 0.77942830 0.00000000
vt 0.94374484 0.73973197 0.00000000
vt 0.94753909 0.68027741 0.00000000
vt 0.94203442 0.67988902 0.00000000
vt 0.95213962 0.68186641 0.00000000
vt 0.96447080 0.69209045 0.00000000
vt 0.96186411 0.69382697 0.00000000
vt 0.95936626 0.68904841 0.00000000
vt 0.96342677 0.69901729 0.00000000
vt 0.96779829 0.70234805 0.00000000
vt 0.96342933 0.70392114 0.00000000
vt 0.91088438 0.67808127 0.00000000
vt 0.89886498 0.90239751 0.00000000
vt 0.97270530 0.78479099 0.00000000
vt 0.96079880 0.80025542 0.00000000
vt 0.96576816 0.79749912 0.00000000
vt 0.88787574 0.87554616 0.00000000
vt 0.95398796 0.81205809 0.00000000
vt 0.96298134 0.80586380 0.00000000
vt 0.92495936 0.85863858 0.00000000
vt 0.92397410 0.86035442 0.00000000
vt 0.96095097 0.70613158 0.00000000
vt 0.96155721 0.71027988 0.00000000
vt 0.95977062 0.68432820 0.00000000
vt 0.96937770 0.69334173 0.00000000
vt 0.96636623 0.69416171 0.00000000
vt 0.96453840 0.68665403 0.00000000
vt 0.96241808 0.70250154 0.00000000
vt 0.95721179 0.68140376 0.00000000
vt 0.90738559 0.66666561 0.00000000
vt 0.94775194 0.77033949 0.00000000
vt 0.95121896 0.78044927 0.00000000
vt 0.95300198 0.72723651 0.00000000
vt 0.94417447 0.88053399 0.00000000
vt 0.96095252 0.85018271 0.00000000
vt 0.95871693 0.84463823 0.00000000
vt 0.96189445 0.85537755 0.00000000
vt 0.95222098 0.88178045 0.00000000
vt 0.96524400 0.86283863 0.00000000
vt 0.97112328 0.86723697 0.00000000
vt 0.95333415 0.82725054 0.00000000
vt 0.94528902 0.79558045 0.00000000
vt 0.94020629 0.70223290 0.00000000
vt 0.93825781 0.69138438 0.00000000
vt 0.93973207 0.69651687 0.00000000
vt 0.93966675 0.69656473 0.00000000
vt 0.94028175 0.70222795 0.00000000
vt 0.94225776 0.88454342 0.00000000
vt 0.92212480 0.90381116 0.00000000
vt 0.92633569 0.67901468 0.00000000
vt 0.93068302 0.68168890 0.00000000
vt 0.92127746 0.67700839 0.00000000
vt 0.89265496 0.90913033 0.00000000
vt 0.97206163 0.81313211 0.00000000
vt 0.99814141 0.75812262 0.00000000
vt 1.00079024 0.76190197 0.00000000
vt 0.99416852 0.75451994 0.00000000
vt 0.97514749 0.73609662 0.00000000
vt 0.94001019 0.70883650 0.00000000
vt 1.00333691 0.77794814 0.00000000
vt 1.00446200 0.78386194 0.00000000
vt 1.00486028 0.78901756 0.00000000
vt 1.00316620 0.79326969 0.00000000
vt 0.99934363 0.79830539 0.00000000
vt 0.94522077 0.86250228 0.00000000
vt 0.93635416 0.87903476 0.00000000
vt 0.94685864 0.84652513 0.00000000
vt 0.94160753 0.71230817 0.00000000
vt 0.93865561 0.69567347 0.00000000
vt 0.94163895 0.70602489 0.00000000
vt 0.91746312 0.68283695 0.00000000
vt 0.94503278 0.88144076 0.00000000
vt 0.93666887 0.88611966 0.00000000
vt 0.90876716 0.88545471 0.00000000
vt 0.95436043 0.87149072 0.00000000
vt 0.95789111 0.86278862 0.00000000
vt 0.95606476 0.85748869 0.00000000
vt 0.95533389 0.86737502 0.00000000
vt 0.94427347 0.79970449 0.00000000
vt 0.94700968 0.76290214 0.00000000
vt 0.94548124 0.76939094 0.00000000
vt 0.94424736 0.77445477 0.00000000
vt 0.94370931 0.78477192 0.00000000
vt 0.94245541 0.78984201 0.00000000
vt 0.93566012 0.75007278 0.00000000
vt 0.96655101 0.71325696 0.00000000
vt 0.95608836 0.68469208 0.00000000
vt 0.96687138 0.69729608 0.00000000
vt 0.96340889 0.68684906 0.00000000
vt 0.96762413 0.70751297 0.00000000
vt 0.92081720 0.65406311 0.00000000
vt 0.89281958 0.65105706 0.00000000
vt 0.97023165 0.77517998 0.00000000
vt 0.97227716 0.77997929 0.00000000
vt 0.97154039 0.77141076 0.00000000
vt 0.97581768 0.78912210 0.00000000
vt 0.96928054 0.79968852 0.00000000
vt 0.96523935 0.80209494 0.00000000
vt 0.90729606 0.87224418 0.00000000
vt 0.92590928 0.81693101 0.00000000
vt 0.93266916 0.83905864 0.00000000
vt 0.92965579 0.83804971 0.00000000
vt 0.92736852 0.85395676 0.00000000
vt 0.92662764 0.86069041 0.00000000
vt 0.92652857 0.86849409 0.00000000
vt 0.92614436 0.86137581 0.00000000
vt 0.92373484 0.86670887 0.00000000
vt 0.91993755 0.87071979 0.00000000
vt 0.91732228 0.86813241 0.00000000
vt 0.96400601 0.70628697 0.00000000
vt 0.96787894 0.68579519 0.00000000
vt 0.96255296 0.68264300 0.00000000
vt 0.96971124 0.69812655 0.00000000
vt 0.96639419 0.69864690 0.00000000
vt 0.95659393 0.67724019 0.00000000
vt 0.95205635 0.67550820 0.00000000
vt 0.93397254 0.66845149 0.00000000
vt 0.95120203 0.78517079 0.00000000
vt 0.94807559 0.78567433 0.00000000
vt 0.94687688 0.76581997 0.00000000
vt 0.93506020 0.74418938 0.00000000
vt 0.94552118 0.76120627 0.00000000
vt 0.94735169 0.75600147 0.00000000
vt 0.94356281 0.75625902 0.00000000
vt 0.94775337 0.88354969 0.00000000
vt 0.96183628 0.88225895 0.00000000
vt 0.95874828 0.88618237 0.00000000
vt 0.96724987 0.82233268 0.00000000
vt 0.94899201 0.79570925 0.00000000
vt 0.93659389 0.68386859 0.00000000
vt 0.94009870 0.68953401 0.00000000
vt 0.94224632 0.69448829 0.00000000
vt 0.95154357 0.89509290 0.00000000
vt 0.92507601 0.67230320 0.00000000
vt 0.92330700 0.90623778 0.00000000
vt 0.95913887 0.71769917 0.00000000
vt 1.00514579 0.76694828 0.00000000
vt 0.94292831 0.86971760 0.00000000
vt 0.97428763 0.81442082 0.00000000
vt 0.95862490 0.83088833 0.00000000
vt 0.95011836 0.85342097 0.00000000
vt 0.94905061 0.85858405 0.00000000
vt 0.94699943 0.86410606 0.00000000
vt 0.96655136 0.76146954 0.00000000
vt 0.94617707 0.73405856 0.00000000
vt 0.94393450 0.69840640 0.00000000
vt 0.94546920 0.70427251 0.00000000
vt 0.89866412 0.67797834 0.00000000
vt 0.91856194 0.67882133 0.00000000
vt 0.92452228 0.68002415 0.00000000
vt 0.92955035 0.68204147 0.00000000
vt 0.93409008 0.68492454 0.00000000
vt 0.94884968 0.87911934 0.00000000
vt 0.93843490 0.89437866 0.00000000
vt 0.93754202 0.89020520 0.00000000
vt 0.94371641 0.88932019 0.00000000
vt 0.94678587 0.88414913 0.00000000
vt 0.94901609 0.88728166 0.00000000
vt 0.94211847 0.88563877 0.00000000
vt 0.88503855 0.87715864 0.00000000
vt 0.95938063 0.86801237 0.00000000
vt 0.94694149 0.83378011 0.00000000
vt 0.96122533 0.80473053 0.00000000
vt 0.94752568 0.79858565 0.00000000
vt 0.94668978 0.78417736 0.00000000
vt 0.94677466 0.77945185 0.00000000
vt 0.97033828 0.74034542 0.00000000
vt 0.95167530 0.67526406 0.00000000
vt 0.95618558 0.67814952 0.00000000
vt 0.94620705 0.67287791 0.00000000
vt 0.96006340 0.68185174 0.00000000
vt 0.97036582 0.68727076 0.00000000
vt 0.97410148 0.69304746 0.00000000
vt 0.97641164 0.69883072 0.00000000
vt 0.97776365 0.70496535 0.00000000
vt 0.90000784 0.90560889 0.00000000
vt 0.89230859 0.64753670 0.00000000
vt 0.97463232 0.77573276 0.00000000
vt 0.97634304 0.78004062 0.00000000
vt 0.97673303 0.78448123 0.00000000
vt 0.97463864 0.79242164 0.00000000
vt 0.97237355 0.79650289 0.00000000
vt 0.90889782 0.87570602 0.00000000
vt 0.93250573 0.84567726 0.00000000
vt 0.92952228 0.84403509 0.00000000
vt 0.93169147 0.85120732 0.00000000
vt 0.92876726 0.84920174 0.00000000
vt 0.96687853 0.80925721 0.00000000
vt 0.96642154 0.82703531 0.00000000
vt 0.95005548 0.83645618 0.00000000
vt 0.96812713 0.80396700 0.00000000
vt 0.92990363 0.85615575 0.00000000
vt 0.93248975 0.85831243 0.00000000
vt 0.91502595 0.87369585 0.00000000
vt 0.91282535 0.87058288 0.00000000
vt 0.96554762 0.71107864 0.00000000
vt 0.96592563 0.68127257 0.00000000
vt 0.95996505 0.67962700 0.00000000
vt 0.96911728 0.70240510 0.00000000
vt 0.96553308 0.70254540 0.00000000
vt 0.97587091 0.69108605 0.00000000
vt 0.97721964 0.69672704 0.00000000
vt 0.96328956 0.67768192 0.00000000
vt 0.93954444 0.65107816 0.00000000
vt 0.94702905 0.79043877 0.00000000
vt 0.95044845 0.79012412 0.00000000
vt 0.95011854 0.76604557 0.00000000
vt 0.95413667 0.77975786 0.00000000
vt 0.95439297 0.78423321 0.00000000
vt 0.95355225 0.77103430 0.00000000
vt 0.96837014 0.73263991 0.00000000
vt 0.96710527 0.75044775 0.00000000
vt 0.94905889 0.76130188 0.00000000
vt 0.96696913 0.85244697 0.00000000
vt 0.96666509 0.85773289 0.00000000
vt 0.96633482 0.84667706 0.00000000
vt 0.95550144 0.89012724 0.00000000
vt 0.97369117 0.86965656 0.00000000
vt 0.96768868 0.80157936 0.00000000
vt 0.93343663 0.67950279 0.00000000
vt 0.94162738 0.68773139 0.00000000
vt 0.94439447 0.69275337 0.00000000
vt 0.93875206 0.68303859 0.00000000
vt 0.94353616 0.69963545 0.00000000
vt 0.94455415 0.70491618 0.00000000
vt 0.92963105 0.67584229 0.00000000
vt 0.90743816 0.64253461 0.00000000
vt 0.89204967 0.91274709 0.00000000
vt 1.00383043 0.75720477 0.00000000
vt 1.00632370 0.76193148 0.00000000
vt 1.00084198 0.75262088 0.00000000
vt 0.96178043 0.71589041 0.00000000
vt 1.00915480 0.77422124 0.00000000
vt 1.00907469 0.77705431 0.00000000
vt 1.00851607 0.78350520 0.00000000
vt 1.01083469 0.77536219 0.00000000
vt 1.00630760 0.78866458 0.00000000
vt 1.00078905 0.79874021 0.00000000
vt 0.93744314 0.87994099 0.00000000
vt 0.95061040 0.84855938 0.00000000
vt 0.94610482 0.71097308 0.00000000
vt 0.94139993 0.69307244 0.00000000
vt 0.91880941 0.67741817 0.00000000
vt 0.92513978 0.67844313 0.00000000
vt 0.93048149 0.68064779 0.00000000
vt 0.94519466 0.89259136 0.00000000
vt 0.95096469 0.88174832 0.00000000
vt 0.90820664 0.90191734 0.00000000
vt 0.96015882 0.85797960 0.00000000
vt 0.96167499 0.86382198 0.00000000
vt 0.95807749 0.87398112 0.00000000
vt 0.96066117 0.82998502 0.00000000
vt 0.94665712 0.79396975 0.00000000
vt 0.96326470 0.75982356 0.00000000
vt 0.95058030 0.77063686 0.00000000
vt 0.94837451 0.77481788 0.00000000
vt 0.94551122 0.78912914 0.00000000
vt 0.97817379 0.71191216 0.00000000
vt 0.97025514 0.68408048 0.00000000
vt 0.95224994 0.66465729 0.00000000
vt 0.92191046 0.65173370 0.00000000
vt 0.97817862 0.77581251 0.00000000
vt 0.97522569 0.77121949 0.00000000
vt 0.97947139 0.78987390 0.00000000
vt 0.97794974 0.79418594 0.00000000
vt 0.89899296 0.90307635 0.00000000
vt 0.97326791 0.81473207 0.00000000
vt 0.96812373 0.82873821 0.00000000
vt 0.93661308 0.84342229 0.00000000
vt 0.93549436 0.84832823 0.00000000
vt 0.92871296 0.86932206 0.00000000
vt 0.92263192 0.87286246 0.00000000
vt 0.91818571 0.87665164 0.00000000
vt 0.96779186 0.70658374 0.00000000
vt 0.97491384 0.68499684 0.00000000
vt 0.97706401 0.70185184 0.00000000
vt 0.95974123 0.67486495 0.00000000
vt 0.95512325 0.67233497 0.00000000
vt 0.91435421 0.63662326 0.00000000
vt 0.96133727 0.66638958 0.00000000
vt 0.95455992 0.78859621 0.00000000
vt 0.95705616 0.78326732 0.00000000
vt 0.95336694 0.76664722 0.00000000
vt 0.95625323 0.77899265 0.00000000
vt 0.95574236 0.77152252 0.00000000
vt 0.97363365 0.71247780 0.00000000
vt 0.95353132 0.75834274 0.00000000
vt 0.95320159 0.76243287 0.00000000
vt 0.97392690 0.86200881 0.00000000
vt 0.96466553 0.88376898 0.00000000
vt 0.96072853 0.88735527 0.00000000
vt 0.95668137 0.89084542 0.00000000
vt 0.97097266 0.80057973 0.00000000
vt 0.97775775 0.84966439 0.00000000
vt 0.95503241 0.79299796 0.00000000
vt 0.94640172 0.69136304 0.00000000
vt 0.93583941 0.67782480 0.00000000
vt 0.94307226 0.68585622 0.00000000
vt 0.94109952 0.68248540 0.00000000
vt 0.94636500 0.69762844 0.00000000
vt 0.95271897 0.89662987 0.00000000
vt 0.93224192 0.67314219 0.00000000
vt 0.92782080 0.66836166 0.00000000
vt 0.92438376 0.90844691 0.00000000
vt 0.97629094 0.81560421 0.00000000
vt 0.97745311 0.73483640 0.00000000
vt 1.00932860 0.76796603 0.00000000
vt 1.01051331 0.78278124 0.00000000
vt 1.00485301 0.79338777 0.00000000
vt 0.94349945 0.87186682 0.00000000
vt 0.96038449 0.83216977 0.00000000
vt 0.95270228 0.85400051 0.00000000
vt 0.95141613 0.85975170 0.00000000
vt 0.97002208 0.75944674 0.00000000
vt 0.94781864 0.71055728 0.00000000
vt 0.94533324 0.69738632 0.00000000
vt 0.94715911 0.70349967 0.00000000
vt 0.90218002 0.65097260 0.00000000
vt 0.93503666 0.68416190 0.00000000
vt 0.93918258 0.89854246 0.00000000
vt 0.95086902 0.88959950 0.00000000
vt 0.95363659 0.88404053 0.00000000
vt 0.87389779 0.90121877 0.00000000
vt 0.96183419 0.86904830 0.00000000
vt 0.96442795 0.85748965 0.00000000
vt 0.96435994 0.80382901 0.00000000
vt 0.95461619 0.79614979 0.00000000
vt 0.95426786 0.76736164 0.00000000
vt 0.94877583 0.78372735 0.00000000
vt 0.94899124 0.77994555 0.00000000
vt 0.97295308 0.74046075 0.00000000
vt 0.95813024 0.66867316 0.00000000
vt 0.96286929 0.67295331 0.00000000
vt 0.96687102 0.67788541 0.00000000
vt 0.97362715 0.68448448 0.00000000
vt 0.97720486 0.69110399 0.00000000
vt 0.97910631 0.69769657 0.00000000
vt 0.98011243 0.70445210 0.00000000
vt 0.98024356 0.71194929 0.00000000
vt 0.95362496 0.66247797 0.00000000
vt 0.90079987 0.90781945 0.00000000
vt 0.89191854 0.64507145 0.00000000
vt 0.97989464 0.78033495 0.00000000
vt 0.98033482 0.78498596 0.00000000
vt 0.98268777 0.79128891 0.00000000
vt 0.97541350 0.79836839 0.00000000
vt 0.97578746 0.80362141 0.00000000
vt 0.97219598 0.80152309 0.00000000
vt 0.91302955 0.88025248 0.00000000
vt 0.93428487 0.85327601 0.00000000
vt 0.97184676 0.80664301 0.00000000
vt 0.95243132 0.83887082 0.00000000
vt 0.97684211 0.81767887 0.00000000
vt 0.92500132 0.87455535 0.00000000
vt 0.93408859 0.86007309 0.00000000
vt 0.97339249 0.67916286 0.00000000
vt 0.97985363 0.68997514 0.00000000
vt 0.98083633 0.69626564 0.00000000
vt 0.98036385 0.70164120 0.00000000
vt 0.91529882 0.63321775 0.00000000
vt 0.96523350 0.66349977 0.00000000
vt 0.95801449 0.78723282 0.00000000
vt 0.95983851 0.78226388 0.00000000
vt 0.95609379 0.76730639 0.00000000
vt 0.95844334 0.77803713 0.00000000
vt 0.95805073 0.77214992 0.00000000
vt 0.97088003 0.73281592 0.00000000
vt 0.97794670 0.71262830 0.00000000
vt 0.97058928 0.75148559 0.00000000
vt 0.97607881 0.85631824 0.00000000
vt 0.97584623 0.86349440 0.00000000
vt 0.96965891 0.82186085 0.00000000
vt 0.94859159 0.69653225 0.00000000
vt 0.94928670 0.69009179 0.00000000
vt 0.93790901 0.67635417 0.00000000
vt 0.94396490 0.68217975 0.00000000
vt 0.61105216 0.74092001 0.00000000
vt 0.60524672 0.74683899 0.00000000
vt 0.60426986 0.74644667 0.00000000
vt 0.94472861 0.68376291 0.00000000
vt 0.94827896 0.70218134 0.00000000
vt 0.90832359 0.64018095 0.00000000
vt 0.89158642 0.91524994 0.00000000
vt 1.00590456 0.75757891 0.00000000
vt 1.00791097 0.76264644 0.00000000
vt 1.00246119 0.75190705 0.00000000
vt 0.96359682 0.71465909 0.00000000
vt 1.00821388 0.78845215 0.00000000
vt 1.01282084 0.77035630 0.00000000
vt 1.01122653 0.76896131 0.00000000
vt 1.00236785 0.79985762 0.00000000
vt 0.97814345 0.81679642 0.00000000
vt 0.94858575 0.86583531 0.00000000
vt 0.93823874 0.88042104 0.00000000
vt 0.95309663 0.84937310 0.00000000
vt 0.95007563 0.86757410 0.00000000
vt 0.99091256 0.75201511 0.00000000
vt 0.97503555 0.72379434 0.00000000
vt 0.94218791 0.69206059 0.00000000
vt 0.93757463 0.68187124 0.00000000
vt 0.92162985 0.67155206 0.00000000
vt 0.92751598 0.67433292 0.00000000
vt 0.93274534 0.67762929 0.00000000
vt 0.94660884 0.89585614 0.00000000
vt 0.96054405 0.87401044 0.00000000
vt 0.90819317 0.90440214 0.00000000
vt 0.96531242 0.86401540 0.00000000
vt 0.96466869 0.86988062 0.00000000
vt 0.96838272 0.85670936 0.00000000
vt 0.96313208 0.82983601 0.00000000
vt 0.95228124 0.79234767 0.00000000
vt 0.96641088 0.76134557 0.00000000
vt 0.95270723 0.77151942 0.00000000
vt 0.95066035 0.77537471 0.00000000
vt 0.95012617 0.78825599 0.00000000
vt 0.97321063 0.68320322 0.00000000
vt 0.95992714 0.66677874 0.00000000
vt 0.95456356 0.66007811 0.00000000
vt 0.73747712 0.68957096 0.00000000
vt 0.71788955 0.67553085 0.00000000
vt 0.73825908 0.68751287 0.00000000
vt 0.98299497 0.77591419 0.00000000
vt 0.98423356 0.78097892 0.00000000
vt 0.98073292 0.77064973 0.00000000
vt 0.98125720 0.79526919 0.00000000
vt 0.97891438 0.79996175 0.00000000
vt 0.98409879 0.78608364 0.00000000
vt 0.90068483 0.90623200 0.00000000
vt 0.97776669 0.81090337 0.00000000
vt 0.96962583 0.83032608 0.00000000
vt 0.97854221 0.81986636 0.00000000
vt 0.93823087 0.85053557 0.00000000
vt 0.93996811 0.84668541 0.00000000
vt 0.93650645 0.85507441 0.00000000
vt 0.92706138 0.87608021 0.00000000
vt 0.93107414 0.86982846 0.00000000
vt 0.92081535 0.87928730 0.00000000
vt 0.91616607 0.88413411 0.00000000
vt 0.97593623 0.70694304 0.00000000
vt 0.97875893 0.68491274 0.00000000
vt 0.97054523 0.67446834 0.00000000
vt 0.96678299 0.67014110 0.00000000
vt 0.97382247 0.67323840 0.00000000
vt 0.94122910 0.64906394 0.00000000
vt 0.97022235 0.66839236 0.00000000
vt 0.95969236 0.79096419 0.00000000
vt 0.96151054 0.78613603 0.00000000
vt 0.96229315 0.78149575 0.00000000
vt 0.95903921 0.76800156 0.00000000
vt 0.96036798 0.77284586 0.00000000
vt 0.96063298 0.77694744 0.00000000
vt 0.95672435 0.76351172 0.00000000
vt 0.95828050 0.76012850 0.00000000
vt 0.96256965 0.88841528 0.00000000
vt 0.96681184 0.88434660 0.00000000
vt 0.97501022 0.87152201 0.00000000
vt 0.95824981 0.89216971 0.00000000
vt 0.97322428 0.79991305 0.00000000
vt 0.97923243 0.84992331 0.00000000
vt 0.97688895 0.85692441 0.00000000
vt 0.95215303 0.69570833 0.00000000
vt 0.94032729 0.67417580 0.00000000
vt 0.60509849 0.73876750 0.00000000
vt 0.61142617 0.74534065 0.00000000
vt 0.95062017 0.70103204 0.00000000
vt 0.95349354 0.89858884 0.00000000
vt 0.93376386 0.67092645 0.00000000
vt 0.92881882 0.66565239 0.00000000
vt 0.92540431 0.91053385 0.00000000
vt 0.97948253 0.73358500 0.00000000
vt 1.01199234 0.78166461 0.00000000
vt 1.00662696 0.79395223 0.00000000
vt 0.94377673 0.87425822 0.00000000
vt 0.96138966 0.83292222 0.00000000
vt 0.95360130 0.85347509 0.00000000
vt 0.95324427 0.86021388 0.00000000
vt 0.97837758 0.72248000 0.00000000
vt 0.98780489 0.76984590 0.00000000
vt 0.95307809 0.70724761 0.00000000
vt 0.94432193 0.68960059 0.00000000
vt 0.94807410 0.69512939 0.00000000
vt 0.95080012 0.70101267 0.00000000
vt 0.90274590 0.64748669 0.00000000
vt 0.93900990 0.90130782 0.00000000
vt 0.95287442 0.89214009 0.00000000
vt 0.95553887 0.88529450 0.00000000
vt 0.87241894 0.90427482 0.00000000
vt 0.96230102 0.87527305 0.00000000
vt 0.96880639 0.86405492 0.00000000
vt 0.96651852 0.80319375 0.00000000
vt 0.75143790 0.60031068 0.00000000
vt 0.76428962 0.61172199 0.00000000
vt 0.76648104 0.61625123 0.00000000
vt 0.95607412 0.76868743 0.00000000
vt 0.76794893 0.62822121 0.00000000
vt 0.76487643 0.63119477 0.00000000
vt 0.76814449 0.62464112 0.00000000
vt 0.76823419 0.62053365 0.00000000
vt 0.97529787 0.74066067 0.00000000
vt 0.98236388 0.71244681 0.00000000
vt 0.96500933 0.67138982 0.00000000
vt 0.96954060 0.67659509 0.00000000
vt 0.97933733 0.68922567 0.00000000
vt 0.98141605 0.69678020 0.00000000
vt 0.96137595 0.66479278 0.00000000
vt 0.73134786 0.72286659 0.00000000
vt 0.71673495 0.67418057 0.00000000
vt 0.76544595 0.69956326 0.00000000
vt 0.98659748 0.79371607 0.00000000
vt 0.98550493 0.79623181 0.00000000
vt 0.98913121 0.79727072 0.00000000
vt 0.98391378 0.80207282 0.00000000
vt 0.95406079 0.84050697 0.00000000
vt 0.98081517 0.81313872 0.00000000
vt 0.92236394 0.88150662 0.00000000
vt 0.93564469 0.86196846 0.00000000
vt 0.97670901 0.67854011 0.00000000
vt 0.98165923 0.70714855 0.00000000
vt 0.97939146 0.70688945 0.00000000
vt 0.98337340 0.69579601 0.00000000
vt 0.98196852 0.68892550 0.00000000
vt 0.98268235 0.70158565 0.00000000
vt 0.91589308 0.63088381 0.00000000
vt 0.97234595 0.66705376 0.00000000
vt 0.96689934 0.66150808 0.00000000
vt 0.96423233 0.78966343 0.00000000
vt 0.96396667 0.78579372 0.00000000
vt 0.96157289 0.76848900 0.00000000
vt 0.69283193 0.37231895 0.00000000
vt 0.69202691 0.36510327 0.00000000
vt 0.69520807 0.37028259 0.00000000
vt 0.68117863 0.44288254 0.00000000
vt 0.66219455 0.42593163 0.00000000
vt 0.68308008 0.36747840 0.00000000
vt 0.68771398 0.36308596 0.00000000
vt 0.68233979 0.36453363 0.00000000
vt 0.97317296 0.73297596 0.00000000
vt 0.98024023 0.71311808 0.00000000
vt 0.97296417 0.75219482 0.00000000
vt 0.96441633 0.88952661 0.00000000
vt 0.97764593 0.86498034 0.00000000
vt 0.96904790 0.88434255 0.00000000
vt 0.97596848 0.87348002 0.00000000
vt 0.62732136 0.31287730 0.00000000
vt 0.63101077 0.31758428 0.00000000
vt 0.61668617 0.31519362 0.00000000
vt 0.97179300 0.82143134 0.00000000
vt 0.97883725 0.85772789 0.00000000
vt 0.95476878 0.70016414 0.00000000
vt 0.61682653 0.73834997 0.00000000
vt 0.61664099 0.74223137 0.00000000
vt 0.60130352 0.74119604 0.00000000
vt 0.62472963 0.67794436 0.00000000
vt 0.64754194 0.67122591 0.00000000
vt 0.90881574 0.63878775 0.00000000
vt 0.89127451 0.91670603 0.00000000
vt 1.00755465 0.75776994 0.00000000
vt 1.00973213 0.76327753 0.00000000
vt 1.00377405 0.75148273 0.00000000
vt 0.96465039 0.71395838 0.00000000
vt 0.67920858 0.79208559 0.00000000
vt 0.68194354 0.78791785 0.00000000
vt 0.68367344 0.78877777 0.00000000
vt 0.67750806 0.79108667 0.00000000
vt 0.66918153 0.79381174 0.00000000
vt 1.00804448 0.79502630 0.00000000
vt 1.01010680 0.78830421 0.00000000
vt 1.00323582 0.80119073 0.00000000
vt 0.72443235 0.71895242 0.00000000
vt 0.72678089 0.72691923 0.00000000
vt 0.96209848 0.83349109 0.00000000
vt 0.70599377 0.72515738 0.00000000
vt 0.71022242 0.72046971 0.00000000
vt 0.71048963 0.72695810 0.00000000
vt 0.72100794 0.72762972 0.00000000
vt 0.71569711 0.72760659 0.00000000
vt 0.71617734 0.72180367 0.00000000
vt 0.99327791 0.75138307 0.00000000
vt 0.99389827 0.77009743 0.00000000
vt 0.93972701 0.68051291 0.00000000
vt 0.92926025 0.67067915 0.00000000
vt 0.92329288 0.66658294 0.00000000
vt 0.93470424 0.67514455 0.00000000
vt 0.94723946 0.89842707 0.00000000
vt 0.95822185 0.88708419 0.00000000
vt 0.76917791 0.55677050 0.00000000
vt 0.79996473 0.56745416 0.00000000
vt 0.79806405 0.56905764 0.00000000
vt 0.96775699 0.87070739 0.00000000
vt 0.96516740 0.87712079 0.00000000
vt 0.97157115 0.86351675 0.00000000
vt 0.97100616 0.85537177 0.00000000
vt 0.75284970 0.60146976 0.00000000
vt 0.96534300 0.82969022 0.00000000
vt 0.96856678 0.76240355 0.00000000
vt 0.76082987 0.63285744 0.00000000
vt 0.75562584 0.63341117 0.00000000
vt 0.74031597 0.63258362 0.00000000
vt 0.97203231 0.67575312 0.00000000
vt 0.78802615 0.67708969 0.00000000
vt 0.79042327 0.67660606 0.00000000
vt 0.79123980 0.68254703 0.00000000
vt 0.98243040 0.70432293 0.00000000
vt 0.71584964 0.67314428 0.00000000
vt 0.76527804 0.69725895 0.00000000
vt 0.73898882 0.68566918 0.00000000
vt 0.98969901 0.77625686 0.00000000
vt 0.98917246 0.78816545 0.00000000
vt 0.98712504 0.80356044 0.00000000
vt 0.98975337 0.79595345 0.00000000
vt 0.98416603 0.80857736 0.00000000
vt 0.98126119 0.80679560 0.00000000
vt 0.90180880 0.90842968 0.00000000
vt 0.75331491 0.46415859 0.00000000
vt 0.78277701 0.45852119 0.00000000
vt 0.78216696 0.46066752 0.00000000
vt 0.97959358 0.82198298 0.00000000
vt 0.98264939 0.81503010 0.00000000
vt 0.94044775 0.85177863 0.00000000
vt 0.93860179 0.85653991 0.00000000
vt 0.94213688 0.84828931 0.00000000
vt 0.76719695 0.42334631 0.00000000
vt 0.76090872 0.42402571 0.00000000
vt 0.76252991 0.42119324 0.00000000
vt 0.75565630 0.42367542 0.00000000
vt 0.75772160 0.42035365 0.00000000
vt 0.91739231 0.88684040 0.00000000
vt 0.98125196 0.68544734 0.00000000
vt 0.97930402 0.67845321 0.00000000
vt 0.97619957 0.67249233 0.00000000
vt 0.94277072 0.64729297 0.00000000
vt 0.96668643 0.78979504 0.00000000
vt 0.67808378 0.37035730 0.00000000
vt 0.67790353 0.36698738 0.00000000
vt 0.96046454 0.76443750 0.00000000
vt 0.69733757 0.37591845 0.00000000
vt 0.69677138 0.38607419 0.00000000
vt 0.58711618 0.48030135 0.00000000
vt 0.58011901 0.46437848 0.00000000
vt 0.66410482 0.38412791 0.00000000
vt 0.96321017 0.76144928 0.00000000
vt 0.95972621 0.89387238 0.00000000
vt 0.96614426 0.89092612 0.00000000
vt 0.63419962 0.31245738 0.00000000
vt 0.63300079 0.31416798 0.00000000
vt 0.61969906 0.32204759 0.00000000
vt 0.97452217 0.79954618 0.00000000
vt 0.64347041 0.32064897 0.00000000
vt 0.63785499 0.31724834 0.00000000
vt 0.63919771 0.31561673 0.00000000
vt 0.66021496 0.34678948 0.00000000
vt 0.64199072 0.32219896 0.00000000
vt 0.62231511 0.73326540 0.00000000
vt 0.62148237 0.73722005 0.00000000
vt 0.59959888 0.73557079 0.00000000
vt 0.93499684 0.66687083 0.00000000
vt 0.60123676 0.72637630 0.00000000
vt 0.56756967 0.63964444 0.00000000
vt 0.57600373 0.62455684 0.00000000
vt 0.64122134 0.71170396 0.00000000
vt 0.95343977 0.90035111 0.00000000
vt 0.92900217 0.66036546 0.00000000
vt 0.92642432 0.91261172 0.00000000
vt 0.65568513 0.78317475 0.00000000
vt 0.64687192 0.75400186 0.00000000
vt 0.64899534 0.75330704 0.00000000
vt 0.64025491 0.71454167 0.00000000
vt 0.68486905 0.78321707 0.00000000
vt 0.67060041 0.79230094 0.00000000
vt 0.66411549 0.79206091 0.00000000
vt 1.01168060 0.76376033 0.00000000
vt 0.97991073 0.81813788 0.00000000
vt 0.70452136 0.71669579 0.00000000
vt 0.68371665 0.69999236 0.00000000
vt 0.98068029 0.72159088 0.00000000
vt 0.95728415 0.70506859 0.00000000
vt 0.99426770 0.77707881 0.00000000
vt 0.95036209 0.69323444 0.00000000
vt 0.94569212 0.68752259 0.00000000
vt 0.95397341 0.69917643 0.00000000
vt 0.76619440 0.55669326 0.00000000
vt 0.79128575 0.55246472 0.00000000
vt 0.81834656 0.58622593 0.00000000
vt 0.82107592 0.58544219 0.00000000
vt 0.82514369 0.59042674 0.00000000
vt 0.95438415 0.89412969 0.00000000
vt 0.97023940 0.87135971 0.00000000
vt 0.78429008 0.60965234 0.00000000
vt 0.70762193 0.57999480 0.00000000
vt 0.74198347 0.63299465 0.00000000
vt 0.76313895 0.65257090 0.00000000
vt 0.76150912 0.65409219 0.00000000
vt 0.78750700 0.67051107 0.00000000
vt 0.78510338 0.67136234 0.00000000
vt 0.78997880 0.68838847 0.00000000
vt 0.78884679 0.68276972 0.00000000
vt 0.99374062 0.78348517 0.00000000
vt 0.99005163 0.78235590 0.00000000
vt 0.98952031 0.80442894 0.00000000
vt 0.75193977 0.46519586 0.00000000
vt 0.79671180 0.45950899 0.00000000
vt 0.76849389 0.44495994 0.00000000
vt 0.76596349 0.42576143 0.00000000
vt 0.74981666 0.42489454 0.00000000
vt 0.76839954 0.42983440 0.00000000
vt 0.77099907 0.42941970 0.00000000
vt 0.77118528 0.43482307 0.00000000
vt 0.76493055 0.43599406 0.00000000
vt 0.75250363 0.42091832 0.00000000
vt 0.98376983 0.70766932 0.00000000
vt 0.98218822 0.71389592 0.00000000
vt 0.98594612 0.69519728 0.00000000
vt 0.98496181 0.70165229 0.00000000
vt 0.74768555 0.40204534 0.00000000
vt 0.73307818 0.42889774 0.00000000
vt 0.73173195 0.43006149 0.00000000
vt 0.97411817 0.66551536 0.00000000
vt 0.97859848 0.67181695 0.00000000
vt 0.96782136 0.65938598 0.00000000
vt 0.67347324 0.37420526 0.00000000
vt 0.67390692 0.37103841 0.00000000
vt 0.96293104 0.76478302 0.00000000
vt 0.69524866 0.37884995 0.00000000
vt 0.69817102 0.40270260 0.00000000
vt 0.69788086 0.46413317 0.00000000
vt 0.59290498 0.49629092 0.00000000
vt 0.64081472 0.41581440 0.00000000
vt 0.57227528 0.44816810 0.00000000
vt 0.65481031 0.35064986 0.00000000
vt 0.97537780 0.73308051 0.00000000
vt 0.97432280 0.75260365 0.00000000
vt 0.96049911 0.89581829 0.00000000
vt 0.61495537 0.31983876 0.00000000
vt 0.62646651 0.35630551 0.00000000
vt 0.66506529 0.38125783 0.00000000
vt 0.65854746 0.34820166 0.00000000
vt 0.64067990 0.71328425 0.00000000
vt 0.60215831 0.73316467 0.00000000
vt 0.60150796 0.70292199 0.00000000
vt 0.66905379 0.65660650 0.00000000
vt 0.58362257 0.60946602 0.00000000
vt 0.65334827 0.75195086 0.00000000
vt 0.90913504 0.63772643 0.00000000
vt 0.89098012 0.91777927 0.00000000
vt 1.00944185 0.75759065 0.00000000
vt 0.65741229 0.78251356 0.00000000
vt 0.68376267 0.77336478 0.00000000
vt 0.66031623 0.77675813 0.00000000
vt 0.66554856 0.79070210 0.00000000
vt 0.68629640 0.77695245 0.00000000
vt 0.68680549 0.74677300 0.00000000
vt 0.71479988 0.67179781 0.00000000
vt 0.68446738 0.74667233 0.00000000
vt 0.68296689 0.69844997 0.00000000
vt 0.68757856 0.63643032 0.00000000
vt 0.99647117 0.76952696 0.00000000
vt 0.99545556 0.75090200 0.00000000
vt 0.99682027 0.77717316 0.00000000
vt 0.80146790 0.53511554 0.00000000
vt 0.80161369 0.54181916 0.00000000
vt 0.79918414 0.54075116 0.00000000
vt 0.79209590 0.54790527 0.00000000
vt 0.79582918 0.54959583 0.00000000
vt 0.79620510 0.54478794 0.00000000
vt 0.79918361 0.54613572 0.00000000
vt 0.78672224 0.55008817 0.00000000
vt 0.82248020 0.59101772 0.00000000
vt 0.82754833 0.59582728 0.00000000
vt 0.96046323 0.88804489 0.00000000
vt 0.79633695 0.57056624 0.00000000
vt 0.96684563 0.87883353 0.00000000
vt 0.80941004 0.61513430 0.00000000
vt 0.81417990 0.61258817 0.00000000
vt 0.81570673 0.61495239 0.00000000
vt 0.80805331 0.61250091 0.00000000
vt 0.78423822 0.60747433 0.00000000
vt 0.74982929 0.59833521 0.00000000
vt 0.75073224 0.59942269 0.00000000
vt 0.78759235 0.68829358 0.00000000
vt 0.78573126 0.67728227 0.00000000
vt 0.78297842 0.67167675 0.00000000
vt 0.73972648 0.68386406 0.00000000
vt 0.76482189 0.69485736 0.00000000
vt 0.99245387 0.78975683 0.00000000
vt 0.98626244 0.81002653 0.00000000
vt 0.99470234 0.79116869 0.00000000
vt 0.78171390 0.46278593 0.00000000
vt 0.79070014 0.46265009 0.00000000
vt 0.98408234 0.81707156 0.00000000
vt 0.76646876 0.44105622 0.00000000
vt 0.77043927 0.43979159 0.00000000
vt 0.76790953 0.43561935 0.00000000
vt 0.76344937 0.44673944 0.00000000
vt 0.75988144 0.42671201 0.00000000
vt 0.75367182 0.42669284 0.00000000
vt 0.74710709 0.42751008 0.00000000
vt 0.98213100 0.67863339 0.00000000
vt 0.74549216 0.40196976 0.00000000
vt 0.94469941 0.64587247 0.00000000
vt 0.66463709 0.38252208 0.00000000
vt 0.69838184 0.38275510 0.00000000
vt 0.71877176 0.38381523 0.00000000
vt 0.69850016 0.40108001 0.00000000
vt 0.70973808 0.49054059 0.00000000
vt 0.59709883 0.51246393 0.00000000
vt 0.65251052 0.35154784 0.00000000
vt 0.65679735 0.34947249 0.00000000
vt 0.96566248 0.76154113 0.00000000
vt 0.61742228 0.32841507 0.00000000
vt 0.61320877 0.32465515 0.00000000
vt 0.63676554 0.31965479 0.00000000
vt 0.62384784 0.35660499 0.00000000
vt 0.59924436 0.72926271 0.00000000
vt 0.62134969 0.38720766 0.00000000
vt 0.60033548 0.70361549 0.00000000
vt 0.59004605 0.59407008 0.00000000
vt 0.65578002 0.75119567 0.00000000
vt 0.65111262 0.75263572 0.00000000
vt 0.62145114 0.35687029 0.00000000
vt 0.61347151 0.33078867 0.00000000
vt 0.62013739 0.38649341 0.00000000
vt 0.66018975 0.78828663 0.00000000
vt 0.65854812 0.78153837 0.00000000
vt 0.68189359 0.74665034 0.00000000
vt 0.79157299 0.49967483 0.00000000
vt 0.76647305 0.51574928 0.00000000
vt 0.76480639 0.51575041 0.00000000
vt 0.79231846 0.52258837 0.00000000
vt 0.78704882 0.52508211 0.00000000
vt 0.99617589 0.78425252 0.00000000
vt 0.79591984 0.53168333 0.00000000
vt 0.79910463 0.53049028 0.00000000
vt 0.79210269 0.52799392 0.00000000
vt 0.79619116 0.52636671 0.00000000
vt 0.79899913 0.53604269 0.00000000
vt 0.76440465 0.55667871 0.00000000
vt 0.81206882 0.58547544 0.00000000
vt 0.82494891 0.59624541 0.00000000
vt 0.82826531 0.60167927 0.00000000
vt 0.82362175 0.60770136 0.00000000
vt 0.82529265 0.60965306 0.00000000
vt 0.82098520 0.61312973 0.00000000
vt 0.81656808 0.60753441 0.00000000
vt 0.81937671 0.61097288 0.00000000
vt 0.78445798 0.60298604 0.00000000
vt 0.78428406 0.60530102 0.00000000
vt 0.75988060 0.65558463 0.00000000
vt 0.78642511 0.68285644 0.00000000
vt 0.77512270 0.69231641 0.00000000
vt 0.78512347 0.68827820 0.00000000
vt 0.78107774 0.69340873 0.00000000
vt 0.76159006 0.69107807 0.00000000
vt 0.76869005 0.69294739 0.00000000
vt 0.98823613 0.81159741 0.00000000
vt 0.75091863 0.46601456 0.00000000
vt 0.80256003 0.46056345 0.00000000
vt 0.73069423 0.43091968 0.00000000
vt 0.98553318 0.70849383 0.00000000
vt 0.98342675 0.71488726 0.00000000
vt 0.98707700 0.70189905 0.00000000
vt 0.97513878 0.66372991 0.00000000
vt 0.98444867 0.67983574 0.00000000
vt 0.98079640 0.67130935 0.00000000
vt 0.96776730 0.65757626 0.00000000
vt 0.71684396 0.38214341 0.00000000
vt 0.73933983 0.40002528 0.00000000
vt 0.74135423 0.40099639 0.00000000
vt 0.71625245 0.51993257 0.00000000
vt 0.59946513 0.52885443 0.00000000
vt 0.97763622 0.73310435 0.00000000
vt 0.97529936 0.75290155 0.00000000
vt 0.70052153 0.61000800 0.00000000
vt 0.59500861 0.57816046 0.00000000
vt 0.66153145 0.78711659 0.00000000
vt 0.74051154 0.68193293 0.00000000
vt 0.99920726 0.77694011 0.00000000
vt 0.99859899 0.76855367 0.00000000
vt 0.78990418 0.49828932 0.00000000
vt 0.99851596 0.78506315 0.00000000
vt 0.79667997 0.53702682 0.00000000
vt 0.78914195 0.54699767 0.00000000
vt 0.79351246 0.54369366 0.00000000
vt 0.79683352 0.53957123 0.00000000
vt 0.78348225 0.54950416 0.00000000
vt 0.81763297 0.59091657 0.00000000
vt 0.82573307 0.60190505 0.00000000
vt 0.79470575 0.57210135 0.00000000
vt 0.81036806 0.60935348 0.00000000
vt 0.80265379 0.60882974 0.00000000
vt 0.82144576 0.60318357 0.00000000
vt 0.73936665 0.63239169 0.00000000
vt 0.73815858 0.63211155 0.00000000
vt 0.78466451 0.60068941 0.00000000
vt 0.77619928 0.69582522 0.00000000
vt 0.78247571 0.68317616 0.00000000
vt 0.78147364 0.67663205 0.00000000
vt 0.77787930 0.67027134 0.00000000
vt 0.74145705 0.67977607 0.00000000
vt 0.99183559 0.80478352 0.00000000
vt 0.99647123 0.79301536 0.00000000
vt 0.80897212 0.47468632 0.00000000
vt 0.81106007 0.46709371 0.00000000
vt 0.81297761 0.47642428 0.00000000
vt 0.80329126 0.46720326 0.00000000
vt 0.78145891 0.46502835 0.00000000
vt 0.79827774 0.46340707 0.00000000
vt 0.76302373 0.44231001 0.00000000
vt 0.76014489 0.44875571 0.00000000
vt 0.72936827 0.43199629 0.00000000
vt 0.98767245 0.69397366 0.00000000
vt 0.74344403 0.40154803 0.00000000
vt 0.75220782 0.38104182 0.00000000
vt 0.74900854 0.37804917 0.00000000
vt 0.75324094 0.37468213 0.00000000
vt 0.74819142 0.37115386 0.00000000
vt 0.74709547 0.38616815 0.00000000
vt 0.74966371 0.36434796 0.00000000
vt 0.75240350 0.36918414 0.00000000
vt 0.73661143 0.36386746 0.00000000
vt 0.98003823 0.73304182 0.00000000
vt 0.78616583 0.49300542 0.00000000
vt 0.78138274 0.46749523 0.00000000
vt 0.71439892 0.55060840 0.00000000
vt 0.59812707 0.54534853 0.00000000
vt 0.59658235 0.56181628 0.00000000
vt 0.80396461 0.49097061 0.00000000
vt 0.76353532 0.51573706 0.00000000
vt 0.78411669 0.52563012 0.00000000
vt 0.79322320 0.53260779 0.00000000
vt 0.78929335 0.52875590 0.00000000
vt 0.76304495 0.55666870 0.00000000
vt 0.82074654 0.59682024 0.00000000
vt 0.75813967 0.65714014 0.00000000
vt 0.75628430 0.65886968 0.00000000
vt 0.80399549 0.46613243 0.00000000
vt 0.80729771 0.46308890 0.00000000
vt 0.81128448 0.48189002 0.00000000
vt 0.80811912 0.47089535 0.00000000
vt 0.74963087 0.46707368 0.00000000
vt 0.98831570 0.71206659 0.00000000
vt 0.98523337 0.72012126 0.00000000
vt 0.99110514 0.70344341 0.00000000
vt 0.72529233 0.37129891 0.00000000
vt 0.78704965 0.49510124 0.00000000
vt 0.80573452 0.48033834 0.00000000
vt 0.80361563 0.48628873 0.00000000
vt 0.80840898 0.48662797 0.00000000
vt 0.80719554 0.48093328 0.00000000
vt 0.79768252 0.49099243 0.00000000
vt 0.78842509 0.49679840 0.00000000
vt 0.78907770 0.53428853 0.00000000
vt 0.78560144 0.54590535 0.00000000
vt 0.78935778 0.54160839 0.00000000
vt 0.77956003 0.54919565 0.00000000
vt 0.79314315 0.57381213 0.00000000
vt 0.79156679 0.57573962 0.00000000
vt 0.76132399 0.55666059 0.00000000
vt 0.73067093 0.36619353 0.00000000
vt 0.76192218 0.51569533 0.00000000
vt 0.78077239 0.52601302 0.00000000
vt 0.78593385 0.52968091 0.00000000
vt 0.79710287 0.17069964 0.00000000
vt 0.77137560 0.11159925 0.00000000
vt 0.76974100 0.29205418 0.00000000
vt 0.79681379 0.23481892 0.00000000
vt 0.79435688 0.23771141 0.00000000
vt 0.79463410 0.17070280 0.00000000
vt 0.76160002 0.29487622 0.00000000
vt 0.76893687 0.11234854 0.00000000
vt 0.75895917 0.11582236 0.00000000
vt 0.78949606 0.17039753 0.00000000
vt 0.77276802 0.28730661 0.00000000
vt 0.79879737 0.22841842 0.00000000
vt 0.79502594 0.23163228 0.00000000
vt 0.80681384 0.16839550 0.00000000
vt 0.76800799 0.29374188 0.00000000
vt 0.76391828 0.11706428 0.00000000
vt 0.90583920 0.08478628 0.00000000
vt 0.89706433 0.04578534 0.00000000
vt 0.90266842 0.05489695 0.00000000
vt 0.39820093 0.74425721 0.00000000
vt 0.39834979 0.74774885 0.00000000
vt 0.90523630 0.05311537 0.00000000
vt 0.91210836 0.06197719 0.00000000
vt 0.40576997 0.74921727 0.00000000
vt 0.41278684 0.74820518 0.00000000
vt 0.88491273 0.74514747 0.00000000
vt 0.86080223 0.70563853 0.00000000
vt 0.88693488 0.79259986 0.00000000
vt 0.86685562 0.83667350 0.00000000
vt 0.88533580 0.79399681 0.00000000
vt 0.86398327 0.83372116 0.00000000
vt 0.88250965 0.74637729 0.00000000
vt 0.88175076 0.75076562 0.00000000
vt 0.86192697 0.71062356 0.00000000
vt 0.86494583 0.70203388 0.00000000
vt 0.88251686 0.79506052 0.00000000
vt 0.86018813 0.83380908 0.00000000
vt 0.85887384 0.83651096 0.00000000
vt 0.86401832 0.71158206 0.00000000
vt 0.96157396 0.68825024 0.00000000
vt 0.96702099 0.66988206 0.00000000
vt 0.77140248 0.69868255 0.00000000
vt 0.77184081 0.70092064 0.00000000
vt 0.77691317 0.69812793 0.00000000
vt 0.77754664 0.70027947 0.00000000
vt 0.78275228 0.69774395 0.00000000
vt 0.78185570 0.69566035 0.00000000
vt 0.77080822 0.69633144 0.00000000
vt 0.47012061 0.49705425 0.00000000
vt 0.46693367 0.48490676 0.00000000
vt 0.46039534 0.61332190 0.00000000
vt 0.46458745 0.60118765 0.00000000
vt 0.47270787 0.50892490 0.00000000
vt 0.46328849 0.47243616 0.00000000
vt 0.46827877 0.58934724 0.00000000
vt 0.47457606 0.52057713 0.00000000
vt 0.47133636 0.57772565 0.00000000
vt 0.74124026 0.35924187 0.00000000
vt 0.47563744 0.53207541 0.00000000
vt 0.47366047 0.56624842 0.00000000
vt 0.47584444 0.54348016 0.00000000
vt 0.47518015 0.55485177 0.00000000
# 3004 texture coords

o double_spout
g double_spout
usemtl Material__2
s off
f 1/1/1 2/2/2 3/3/3 
f 3/3/3 4/4/4 1/1/1 
f 2/5/2 5/6/5 6/7/6 
f 6/7/6 3/8/3 2/5/2 
f 7/9/7 1/1/1 4/4/4 
f 4/4/4 8/10/8 7/9/7 
f 5/6/5 9/11/9 10/12/10 
f 10/12/10 6/7/6 5/6/5 
f 11/13/11 7/9/7 8/10/8 
f 8/10/8 12/14/12 11/13/11 
f 9/11/9 13/15/13 14/16/14 
f 14/16/14 10/12/10 9/11/9 
f 15/17/15 11/18/11 12/19/12 
f 12/19/12 16/20/16 15/17/15 
f 13/21/13 17/22/17 18/23/18 
f 18/23/18 14/24/14 13/21/13 
f 19/25/19 15/17/15 16/20/16 
f 16/20/16 20/26/20 19/25/19 
f 17/22/17 21/27/21 22/28/22 
f 22/28/22 18/23/18 17/22/17 
f 23/29/23 19/25/19 20/26/20 
f 20/26/20 24/30/24 23/29/23 
f 21/27/21 23/31/23 24/32/24 
f 24/32/24 22/28/22 21/27/21 
f 25/33/25 26/34/26 27/35/27 
f 28/36/28 29/37/29 30/38/30 
f 31/39/31 32/40/32 33/41/33 
f 31/39/31 34/42/34 29/37/29 
f 28/36/28 35/43/35 36/44/36 
f 37/45/37 38/46/38 39/47/39 
f 32/40/32 40/48/40 41/49/41 
f 42/50/42 40/48/43 27/35/44 
f 25/51/25 43/52/45 26/53/26 
f 26/34/26 44/54/46 27/35/27 
f 28/36/28 30/38/30 35/43/35 
f 29/37/29 45/55/47 30/38/30 
f 31/39/31 33/41/33 46/56/48 
f 32/40/32 41/49/41 33/41/33 
f 31/39/31 47/57/49 34/42/34 
f 34/42/34 48/58/50 29/37/29 
f 49/59/51 50/60/52 51/61/53 
f 36/44/36 52/62/54 50/60/52 
f 36/44/36 35/43/35 53/63/55 
f 53/63/55 54/64/56 36/44/36 
f 55/65/57 49/66/51 56/67/58 
f 57/68/59 58/69/60 59/70/61 
f 60/71/62 61/72/63 62/73/64 
f 25/51/25 63/74/65 43/52/45 
f 37/45/37 39/47/39 64/75/66 
f 38/46/38 65/76/67 39/47/39 
f 40/48/40 66/77/68 41/49/41 
f 27/35/44 67/78/69 42/50/42 
f 42/50/70 68/79/71 40/48/40 
f 26/53/26 43/52/45 69/80/72 
f 44/54/46 26/34/26 70/81/73 
f 27/35/27 44/54/46 71/82/74 
f 35/43/35 30/38/30 72/83/75 
f 29/37/29 73/84/76 45/55/47 
f 30/38/30 45/55/47 72/83/75 
f 31/39/31 46/56/48 74/85/77 
f 46/56/48 33/41/33 75/86/78 
f 33/41/33 41/49/41 75/86/78 
f 31/39/31 76/87/79 47/57/49 
f 77/88/80 34/42/34 47/57/49 
f 34/42/34 78/89/81 48/58/50 
f 48/58/50 79/90/82 29/37/29 
f 49/59/51 51/61/53 56/91/58 
f 50/60/52 80/92/83 51/61/53 
f 81/93/84 52/62/54 36/44/36 
f 80/92/83 50/60/52 52/62/54 
f 53/63/55 35/43/35 82/94/85 
f 53/63/55 83/95/86 54/64/56 
f 54/64/56 84/96/87 36/44/36 
f 58/69/60 85/97/88 86/98/89 
f 87/99/90 88/100/91 85/97/88 
f 85/97/88 55/65/57 87/99/90 
f 55/65/57 56/67/58 89/101/92 
f 57/68/59 59/70/61 90/102/93 
f 91/103/94 92/104/95 93/105/96 
f 91/103/94 93/105/96 59/70/61 
f 59/70/61 58/69/60 94/106/97 
f 91/103/94 59/70/61 94/106/97 
f 91/103/94 94/106/97 95/107/98 
f 96/108/99 97/109/100 98/110/101 
f 98/110/101 99/111/102 100/112/103 
f 96/108/99 98/110/101 100/112/103 
f 96/108/99 100/112/103 101/113/104 
f 102/114/105 99/115/106 103/116/107 
f 38/46/38 104/117/108 65/76/67 
f 60/71/62 105/118/109 61/72/63 
f 61/72/63 106/119/110 62/73/64 
f 63/74/111 107/120/112 43/52/113 
f 63/74/111 108/121/114 109/122/115 
f 37/45/37 64/75/66 110/123/116 
f 64/75/66 39/47/39 111/124/117 
f 39/47/39 65/76/67 111/124/117 
f 40/48/40 68/79/71 66/77/68 
f 112/125/118 41/49/41 66/77/68 
f 27/35/27 113/126/119 67/78/120 
f 42/50/42 67/78/69 114/127/121 
f 42/50/70 115/128/122 68/79/71 
f 26/53/26 69/80/72 70/129/73 
f 43/52/45 107/120/123 69/80/72 
f 44/54/46 70/81/73 116/130/124 
f 71/82/74 113/126/119 27/35/27 
f 44/54/46 117/131/125 71/82/74 
f 35/43/35 72/83/75 82/94/85 
f 29/37/29 79/90/82 73/84/76 
f 118/132/126 45/55/47 73/84/76 
f 45/55/47 118/132/126 72/83/75 
f 31/39/31 74/85/77 119/133/127 
f 74/85/77 46/56/48 120/134/128 
f 46/56/48 75/86/78 120/134/128 
f 41/49/41 112/125/118 75/86/78 
f 119/133/127 76/87/79 31/39/31 
f 121/135/129 47/57/49 76/87/79 
f 77/88/80 47/57/49 121/135/129 
f 34/42/34 77/88/80 122/136/130 
f 34/42/34 122/136/130 78/89/81 
f 48/58/50 78/89/81 123/137/131 
f 48/58/50 123/137/131 79/90/82 
f 56/91/58 51/61/53 124/138/132 
f 125/139/133 51/61/134 80/92/135 
f 81/93/84 36/44/36 84/96/87 
f 80/92/83 52/62/54 81/93/84 
f 53/63/55 82/94/85 126/140/136 
f 53/63/55 126/140/136 83/95/86 
f 54/64/56 83/95/86 84/96/87 
f 58/69/60 86/98/89 127/141/137 
f 85/97/88 128/142/138 86/98/89 
f 85/97/88 88/100/91 129/143/139 
f 55/65/57 89/101/92 87/99/90 
f 88/100/140 87/99/141 129/143/142 
f 89/101/92 56/67/58 124/144/132 
f 57/68/59 90/102/93 130/145/143 
f 59/70/144 131/146/145 90/102/146 
f 94/106/97 58/69/60 127/141/137 
f 94/106/97 132/147/147 95/107/98 
f 95/107/98 133/148/148 91/103/94 
f 134/149/149 92/104/95 91/103/94 
f 135/150/150 93/105/96 92/104/95 
f 93/105/151 135/150/152 59/70/144 
f 99/111/106 98/110/153 136/151/154 
f 101/113/155 100/112/156 137/152/157 
f 96/108/158 101/113/155 138/153/159 
f 138/153/159 139/154/160 96/108/158 
f 140/155/161 97/109/100 96/108/99 
f 141/156/162 98/110/153 97/109/163 
f 97/109/163 142/157/164 141/156/162 
f 60/71/62 143/158/165 105/118/109 
f 144/159/166 143/158/165 102/114/105 
f 102/114/105 145/160/167 144/159/166 
f 102/114/105 103/116/107 145/160/167 
f 103/116/107 99/115/106 136/161/154 
f 104/117/108 146/162/168 65/76/67 
f 62/73/64 147/163/169 148/164/170 
f 149/165/171 150/166/172 104/117/108 
f 61/72/63 105/118/109 151/167/173 
f 106/119/110 61/72/63 152/168/174 
f 62/73/64 106/119/110 153/169/175 
f 63/74/111 109/122/115 107/120/112 
f 108/121/114 154/170/176 109/122/115 
f 64/75/66 155/171/177 110/123/116 
f 110/123/116 156/172/178 157/173/179 
f 158/174/180 159/175/181 154/170/182 
f 154/170/182 157/173/179 158/174/180 
f 64/75/66 111/124/117 160/176/183 
f 65/76/67 161/177/184 111/124/117 
f 162/178/185 66/77/68 68/79/71 
f 112/125/118 66/77/68 162/178/185 
f 163/179/186 67/78/120 113/126/119 
f 42/50/70 114/127/187 164/180/188 
f 114/127/187 67/78/120 163/179/186 
f 42/50/70 164/180/188 115/128/122 
f 162/178/185 68/79/71 115/128/122 
f 165/181/189 70/129/73 69/80/72 
f 107/120/123 166/182/190 69/80/72 
f 44/54/46 116/130/124 117/131/125 
f 167/183/191 116/130/192 70/81/193 
f 71/82/74 168/184/194 113/126/119 
f 71/82/74 117/131/125 168/184/194 
f 169/185/195 82/94/85 72/83/75 
f 170/186/196 73/84/76 79/90/82 
f 118/132/126 73/84/76 170/186/196 
f 169/185/195 72/83/75 118/132/126 
f 74/85/77 171/187/197 119/133/127 
f 74/85/77 120/134/128 172/188/198 
f 173/189/199 120/134/128 75/86/78 
f 173/189/200 75/86/201 112/125/202 
f 119/133/127 174/190/203 76/87/79 
f 121/135/129 76/87/79 174/190/203 
f 175/191/204 77/88/80 121/135/129 
f 122/136/130 176/192/205 78/89/81 
f 78/89/81 177/193/206 123/137/131 
f 170/186/196 79/90/82 123/137/131 
f 178/194/207 124/138/208 51/61/209 
f 125/139/133 178/194/210 51/61/134 
f 179/195/211 81/93/212 84/96/213 
f 180/196/214 126/140/215 82/94/216 
f 126/140/215 181/197/217 83/95/218 
f 83/95/218 182/198/219 84/96/213 
f 127/141/137 86/98/89 183/199/220 
f 85/97/88 129/143/139 128/142/138 
f 86/98/89 128/142/138 183/199/220 
f 89/101/92 184/200/221 87/99/90 
f 87/99/141 185/201/222 129/143/142 
f 89/101/92 124/144/132 186/202/223 
f 187/203/224 57/68/59 130/145/143 
f 130/145/225 90/102/146 188/204/226 
f 59/70/144 189/205/227 131/146/145 
f 190/206/228 90/102/146 131/146/145 
f 94/106/97 127/141/137 191/207/229 
f 94/106/97 191/207/229 132/147/147 
f 95/107/98 132/147/147 133/148/148 
f 134/149/149 91/103/94 133/148/148 
f 135/150/150 92/104/95 134/149/149 
f 135/150/152 189/205/227 59/70/144 
f 192/208/230 193/209/231 194/210/232 
f 195/211/233 196/212/234 100/112/156 
f 98/110/153 197/213/235 136/151/154 
f 101/113/155 137/152/157 198/214/236 
f 100/112/156 199/215/237 137/152/157 
f 101/113/155 200/216/238 138/153/159 
f 138/153/159 201/217/239 139/154/160 
f 202/218/240 96/108/158 139/154/160 
f 96/108/99 203/219/241 140/155/161 
f 97/109/163 140/155/242 204/220/243 
f 97/109/163 205/221/244 142/157/164 
f 206/222/245 141/156/162 142/157/164 
f 197/213/235 98/110/153 141/156/162 
f 103/116/107 207/223/246 145/160/167 
f 103/116/107 136/161/154 208/224/247 
f 104/117/108 150/166/172 146/162/168 
f 161/177/184 65/76/67 146/162/168 
f 153/169/175 147/163/169 62/73/64 
f 209/225/248 148/164/170 147/163/169 
f 149/165/171 210/226/249 211/227/250 
f 212/228/251 148/164/170 209/225/248 
f 210/226/252 212/228/253 213/229/254 
f 213/229/254 214/230/255 210/226/252 
f 149/165/171 215/231/256 150/166/172 
f 61/72/63 151/167/173 152/168/174 
f 105/118/109 216/232/257 151/167/173 
f 106/119/110 152/168/174 217/233/258 
f 106/119/110 218/234/259 153/169/175 
f 109/122/260 219/235/261 107/120/123 
f 154/170/182 220/236/262 109/122/260 
f 155/171/177 64/75/66 160/176/183 
f 110/123/116 155/171/177 221/237/263 
f 110/123/116 222/238/264 156/172/178 
f 158/174/180 157/173/179 156/172/178 
f 154/170/182 159/175/181 223/239/265 
f 224/240/266 160/176/183 111/124/117 
f 224/240/267 111/124/268 161/177/269 
f 225/241/270 112/125/202 162/178/271 
f 163/179/186 113/126/119 168/184/194 
f 114/127/272 226/242/273 164/180/274 
f 227/243/275 114/127/272 163/179/276 
f 164/180/274 228/244/277 115/128/278 
f 229/245/279 162/178/271 115/128/278 
f 165/181/189 69/80/72 166/182/190 
f 165/181/189 167/246/280 70/129/73 
f 166/182/190 107/120/123 219/235/261 
f 116/130/192 230/247/281 117/131/282 
f 167/183/191 231/248/283 116/130/192 
f 117/131/282 232/249/284 168/184/285 
f 169/185/195 180/196/286 82/94/85 
f 233/250/287 118/132/126 170/186/196 
f 233/250/287 169/185/195 118/132/126 
f 74/85/77 172/188/198 171/187/197 
f 119/133/127 171/187/197 174/190/203 
f 234/251/288 172/188/198 120/134/128 
f 173/189/199 234/251/288 120/134/128 
f 225/241/270 173/189/200 112/125/202 
f 235/252/289 121/135/129 174/190/203 
f 175/191/204 121/135/129 235/252/289 
f 236/253/290 237/254/291 175/191/204 
f 122/136/130 237/254/291 176/192/205 
f 78/89/81 176/192/205 177/193/206 
f 238/255/292 123/137/131 177/193/206 
f 238/255/292 170/186/196 123/137/131 
f 178/194/207 239/256/293 124/138/208 
f 240/257/294 125/139/133 179/195/211 
f 240/257/294 178/194/210 125/139/133 
f 179/195/211 84/96/213 182/198/219 
f 180/196/214 241/258/295 126/140/215 
f 126/140/215 241/258/295 181/197/217 
f 83/95/218 181/197/217 182/198/219 
f 127/141/137 183/199/220 242/259/296 
f 129/143/139 243/260/297 128/142/138 
f 128/142/138 244/261/298 183/199/220 
f 184/200/221 89/101/92 186/202/223 
f 87/99/90 184/200/221 245/262/299 
f 87/99/141 246/263/300 185/201/222 
f 185/201/301 247/264/302 129/143/139 
f 239/265/303 186/202/223 124/144/132 
f 187/203/224 130/145/143 248/266/304 
f 248/266/304 130/145/143 188/204/305 
f 90/102/146 190/206/228 188/204/226 
f 249/267/306 131/146/145 189/205/227 
f 190/206/228 131/146/145 249/267/306 
f 191/207/229 127/141/137 242/259/296 
f 191/207/229 250/268/307 132/147/147 
f 132/147/147 251/269/308 133/148/148 
f 252/270/309 134/149/149 133/148/148 
f 253/271/310 135/150/150 134/149/149 
f 135/150/152 254/272/311 189/205/227 
f 194/210/232 193/209/231 255/273/312 
f 256/274/313 194/275/232 257/276/314 
f 257/276/314 258/277/315 256/274/313 
f 195/211/316 259/278/317 196/212/318 
f 100/112/156 196/212/234 199/215/237 
f 260/279/319 261/280/320 262/281/321 
f 195/211/316 260/279/322 259/278/317 
f 263/282/323 136/151/324 197/213/325 
f 101/113/155 198/214/236 200/216/238 
f 264/283/326 198/214/327 137/152/328 
f 265/284/329 137/152/330 199/215/331 
f 138/153/159 200/216/238 201/217/239 
f 202/218/240 139/154/160 201/217/239 
f 203/219/332 96/108/158 202/218/240 
f 140/155/333 203/219/334 266/285/335 
f 266/285/335 267/286/336 140/155/333 
f 97/109/163 204/220/243 205/221/244 
f 206/222/245 142/157/164 205/221/244 
f 197/213/235 141/156/162 206/222/245 
f 144/159/166 268/287/337 216/232/257 
f 145/160/167 269/288/338 270/289/339 
f 144/159/166 271/290/340 272/291/341 
f 207/223/246 103/116/107 208/224/247 
f 145/160/167 207/223/246 273/292/342 
f 263/293/343 208/224/247 136/161/154 
f 274/294/344 146/162/168 150/166/172 
f 161/177/184 146/162/168 274/294/344 
f 153/169/175 275/295/345 147/163/169 
f 209/225/248 147/163/169 275/295/345 
f 149/165/171 211/227/250 215/231/256 
f 210/226/252 276/296/346 211/227/347 
f 213/229/254 212/228/253 209/225/348 
f 210/226/252 214/230/255 276/296/346 
f 274/294/344 150/166/172 215/231/256 
f 277/297/349 152/168/174 151/167/173 
f 216/232/257 278/298/350 151/167/173 
f 106/119/110 217/233/258 218/234/259 
f 279/299/351 217/233/352 152/168/353 
f 153/169/175 218/234/259 275/295/345 
f 280/300/354 219/235/261 109/122/260 
f 154/170/182 223/239/265 220/236/262 
f 220/236/262 281/301/355 109/122/260 
f 155/171/177 160/176/183 282/302/356 
f 221/237/263 222/238/264 110/123/116 
f 155/171/177 283/303/357 221/237/263 
f 284/304/358 156/172/178 222/238/264 
f 158/174/180 156/172/178 284/304/358 
f 159/175/181 285/305/359 223/239/265 
f 286/306/360 287/307/361 288/308/362 
f 159/175/181 287/307/361 285/305/359 
f 224/240/266 289/309/363 160/176/183 
f 290/310/364 224/240/267 161/177/269 
f 225/241/270 162/178/271 229/245/279 
f 227/243/275 163/179/276 168/184/285 
f 227/243/365 226/242/366 114/127/367 
f 164/180/274 226/242/273 228/244/277 
f 229/245/279 115/128/278 228/244/277 
f 291/311/368 165/181/189 166/182/190 
f 292/312/369 167/246/280 165/181/189 
f 166/182/190 219/235/261 280/300/354 
f 116/130/192 231/248/283 230/247/281 
f 117/131/282 230/247/281 232/249/284 
f 227/243/275 168/184/285 232/249/284 
f 293/313/370 180/196/286 169/185/195 
f 233/250/287 170/186/196 238/255/292 
f 293/313/370 169/185/195 233/250/287 
f 172/188/198 294/314/371 171/187/197 
f 171/187/197 295/315/372 174/190/203 
f 234/251/288 296/316/373 172/188/198 
f 297/317/374 234/251/288 173/189/199 
f 297/317/375 173/189/200 225/241/270 
f 235/252/289 174/190/203 295/315/372 
f 236/253/290 175/191/204 235/252/289 
f 236/253/290 298/318/376 237/254/291 
f 237/254/291 299/319/377 176/192/205 
f 176/192/205 300/320/378 177/193/206 
f 301/321/379 238/255/292 177/193/206 
f 302/322/380 239/256/293 178/194/207 
f 240/257/294 179/195/211 303/323/381 
f 240/257/294 302/322/382 178/194/210 
f 303/323/381 179/195/211 182/198/219 
f 304/324/383 242/259/296 183/199/220 
f 305/325/384 243/260/297 129/143/139 
f 244/261/298 128/142/138 243/260/297 
f 304/324/383 183/199/220 244/261/298 
f 184/200/221 186/202/223 306/326/385 
f 245/262/299 307/327/386 87/99/90 
f 184/200/221 308/328/387 245/262/299 
f 87/99/90 307/327/386 246/263/388 
f 309/329/389 185/201/301 246/263/388 
f 246/263/388 310/330/390 309/329/389 
f 185/201/301 311/331/391 247/264/302 
f 305/325/384 129/143/139 247/264/302 
f 239/265/303 312/332/392 186/202/223 
f 313/333/393 314/334/394 187/203/224 
f 187/203/224 248/266/304 313/333/393 
f 248/266/304 188/204/305 315/335/395 
f 316/336/396 188/204/226 190/206/228 
f 249/267/306 189/205/227 254/272/311 
f 317/337/397 190/206/228 249/267/306 
f 191/207/229 242/259/296 318/338/398 
f 191/207/229 318/338/398 250/268/307 
f 132/147/147 250/268/307 251/269/308 
f 252/270/309 133/148/148 251/269/308 
f 253/271/310 134/149/149 252/270/309 
f 135/150/152 253/271/399 254/272/311 
f 319/339/400 320/340/401 321/341/402 
f 193/209/231 321/341/402 255/273/312 
f 194/210/232 255/273/312 322/342/403 
f 187/203/224 314/334/394 319/339/400 
f 261/280/320 323/343/404 324/344/405 
f 256/274/406 325/345/407 323/343/408 
f 257/276/314 194/275/232 322/346/403 
f 257/276/314 326/347/409 258/277/315 
f 258/277/315 327/348/410 256/274/313 
f 196/212/411 259/278/412 199/215/331 
f 260/279/322 262/281/413 328/349/414 
f 262/281/415 261/280/416 324/344/417 
f 260/279/322 329/350/418 259/278/317 
f 330/351/419 263/282/323 197/213/325 
f 198/214/327 331/352/420 200/216/421 
f 265/284/329 264/283/422 137/152/330 
f 264/283/326 332/353/423 198/214/327 
f 265/284/329 199/215/331 333/354/424 
f 200/216/421 334/355/425 201/217/426 
f 335/356/427 202/218/428 201/217/426 
f 204/220/429 336/357/430 205/221/431 
f 267/286/336 337/358/432 338/359/433 
f 204/220/429 338/359/433 336/357/430 
f 339/360/434 206/222/435 205/221/431 
f 330/351/419 197/213/325 206/222/435 
f 144/159/166 340/361/436 268/287/337 
f 145/160/167 341/362/437 269/288/338 
f 271/290/340 342/363/438 343/364/439 
f 272/291/341 340/361/436 144/159/166 
f 271/290/340 343/364/439 272/291/341 
f 207/223/246 208/224/247 344/365/440 
f 273/292/342 341/362/437 145/160/167 
f 207/223/246 345/366/441 273/292/342 
f 263/293/343 346/367/442 208/224/247 
f 290/310/364 161/177/269 274/294/443 
f 347/368/444 209/225/348 275/295/445 
f 211/227/347 348/369/446 215/231/447 
f 211/227/347 276/296/346 348/369/446 
f 213/229/254 209/225/348 347/368/444 
f 349/370/448 213/229/254 347/368/444 
f 349/370/448 350/371/449 351/372/450 
f 214/230/255 351/372/450 352/373/451 
f 214/230/255 352/373/451 276/296/346 
f 353/374/452 274/294/443 215/231/447 
f 277/297/349 151/167/173 278/298/350 
f 277/297/349 279/299/453 152/168/174 
f 217/233/352 354/375/454 218/234/455 
f 279/299/351 355/376/456 217/233/352 
f 218/234/455 356/377/457 275/295/445 
f 280/300/354 109/122/260 281/301/355 
f 220/236/262 223/239/265 281/301/355 
f 155/171/177 282/302/356 283/303/357 
f 289/309/363 282/302/356 160/176/183 
f 221/237/263 357/378/458 222/238/264 
f 221/237/263 283/303/357 357/378/458 
f 284/304/358 222/238/264 357/378/458 
f 223/239/265 285/305/359 358/379/459 
f 286/306/360 288/308/362 359/380/460 
f 359/380/460 284/304/358 357/378/458 
f 286/306/360 360/381/461 287/307/361 
f 287/307/361 361/382/462 285/305/359 
f 362/383/463 289/309/363 224/240/266 
f 362/383/464 224/240/267 290/310/364 
f 363/384/465 225/241/270 229/245/279 
f 291/311/368 166/182/190 280/300/354 
f 292/312/369 165/181/189 291/311/368 
f 292/312/369 364/385/466 167/246/280 
f 232/249/284 230/247/281 365/386/467 
f 365/386/467 366/387/468 232/249/284 
f 367/388/469 364/389/470 368/390/471 
f 369/391/472 227/243/275 232/249/284 
f 293/313/370 370/392/473 180/196/286 
f 371/393/474 233/250/287 238/255/292 
f 371/393/474 293/313/370 233/250/287 
f 172/188/198 296/316/373 294/314/371 
f 171/187/197 294/314/371 295/315/372 
f 372/394/475 296/316/373 234/251/288 
f 297/317/374 372/394/475 234/251/288 
f 363/384/465 297/317/375 225/241/270 
f 373/395/476 235/252/289 295/315/372 
f 236/253/290 235/252/289 373/395/476 
f 236/253/290 374/396/477 298/318/376 
f 237/254/291 298/318/376 299/319/377 
f 176/192/205 299/319/377 300/320/378 
f 301/321/379 177/193/206 300/320/378 
f 371/393/474 238/255/292 301/321/379 
f 302/322/380 375/397/478 239/256/293 
f 376/398/479 240/257/294 303/323/381 
f 302/322/382 240/257/294 376/398/479 
f 303/323/381 182/198/219 377/399/480 
f 370/392/481 378/400/482 379/401/483 
f 379/401/483 380/402/484 381/403/485 
f 381/403/485 382/404/486 377/399/480 
f 304/324/383 383/405/487 242/259/296 
f 244/261/298 243/260/297 305/325/384 
f 384/406/488 304/324/383 244/261/298 
f 184/200/221 306/326/385 308/328/387 
f 312/332/392 306/326/385 186/202/223 
f 245/262/299 385/407/489 307/327/386 
f 245/262/299 308/328/387 385/407/489 
f 386/408/490 246/263/388 307/327/386 
f 185/201/301 309/329/389 311/331/391 
f 310/330/390 246/263/388 386/408/490 
f 387/409/491 305/325/384 247/264/302 
f 375/410/492 312/332/392 239/265/303 
f 315/335/395 388/411/493 313/333/393 
f 313/333/393 248/266/304 315/335/395 
f 314/334/394 313/333/393 389/412/494 
f 316/336/495 315/335/496 188/204/497 
f 317/337/397 316/336/396 190/206/228 
f 390/413/498 249/267/306 254/272/311 
f 317/337/397 249/267/306 390/413/498 
f 383/405/487 318/338/398 242/259/296 
f 318/338/398 391/414/499 250/268/307 
f 250/268/307 392/415/500 251/269/308 
f 393/416/501 252/270/309 251/269/308 
f 253/271/399 394/417/502 254/272/311 
f 319/339/400 395/418/503 320/340/401 
f 320/340/401 396/419/504 397/420/505 
f 397/420/505 321/341/402 320/340/401 
f 321/341/402 397/420/505 255/273/312 
f 398/421/506 322/342/507 255/273/508 
f 314/334/509 399/422/510 319/339/511 
f 323/343/404 400/423/512 324/344/405 
f 256/274/406 401/424/513 325/345/407 
f 257/276/314 322/346/403 402/425/514 
f 257/276/314 402/425/514 326/347/409 
f 258/277/315 326/347/409 327/348/410 
f 403/426/515 256/274/313 327/348/410 
f 259/278/412 333/354/424 199/215/331 
f 260/279/322 328/349/414 404/427/516 
f 328/349/517 262/281/415 405/428/518 
f 262/281/415 324/344/417 405/428/518 
f 260/279/322 404/427/516 329/350/418 
f 406/429/519 259/278/412 329/350/520 
f 329/350/520 407/430/521 406/429/519 
f 408/431/522 263/282/323 330/351/419 
f 198/214/327 332/353/423 331/352/420 
f 200/216/421 331/352/420 334/355/425 
f 409/432/523 264/283/422 265/284/329 
f 410/433/524 265/284/329 333/354/424 
f 335/356/427 201/217/426 334/355/425 
f 411/434/525 266/285/335 335/356/427 
f 267/286/336 412/435/526 337/358/432 
f 339/360/434 205/221/431 336/357/430 
f 330/351/419 206/222/435 339/360/434 
f 413/436/527 268/287/337 340/361/436 
f 414/437/528 278/298/350 413/436/527 
f 415/438/529 269/288/338 341/362/437 
f 416/439/530 417/440/531 418/441/532 
f 272/291/341 419/442/533 340/361/436 
f 272/291/341 343/364/439 419/442/533 
f 207/223/246 344/365/440 345/366/441 
f 346/367/442 344/365/440 208/224/247 
f 273/292/342 420/443/534 341/362/437 
f 273/292/342 345/366/441 420/443/534 
f 408/444/535 346/367/442 263/293/343 
f 290/310/364 274/294/443 353/374/452 
f 347/368/444 275/295/445 356/377/457 
f 353/374/452 215/231/447 348/369/446 
f 349/370/448 347/368/444 421/445/536 
f 349/370/448 421/445/536 350/371/449 
f 350/371/449 422/446/537 351/372/450 
f 351/372/450 422/446/537 352/373/451 
f 414/437/528 277/297/349 278/298/350 
f 423/447/538 279/299/453 277/297/349 
f 217/233/352 355/376/456 354/375/454 
f 218/234/455 354/375/454 356/377/457 
f 424/448/539 280/300/354 281/301/355 
f 223/239/265 358/379/459 281/301/355 
f 282/302/356 425/449/540 283/303/357 
f 289/309/363 426/450/541 282/302/356 
f 283/303/357 427/451/542 357/378/458 
f 285/305/359 428/452/543 358/379/459 
f 286/306/360 359/380/460 429/453/544 
f 359/380/460 357/378/458 427/451/542 
f 286/306/360 430/454/545 360/381/461 
f 287/307/361 360/381/461 361/382/462 
f 285/305/359 361/382/462 428/452/543 
f 362/383/463 431/455/546 289/309/363 
f 432/456/547 362/383/464 290/310/364 
f 363/384/465 229/245/279 433/457/548 
f 434/458/549 435/459/550 436/460/551 
f 437/461/552 433/457/553 436/460/554 
f 291/311/368 280/300/354 424/448/539 
f 438/462/555 292/312/369 291/311/368 
f 364/385/466 292/312/369 439/463/556 
f 367/388/557 440/464/558 365/386/559 
f 365/386/559 441/465/560 366/387/561 
f 369/391/472 232/249/284 366/387/468 
f 368/390/471 442/466/562 367/388/469 
f 368/467/563 364/385/466 439/463/556 
f 370/392/473 293/313/370 443/468/564 
f 443/468/564 293/313/370 371/393/474 
f 296/316/373 444/469/565 294/314/371 
f 294/314/371 445/470/566 295/315/372 
f 372/394/475 446/471/567 296/316/373 
f 297/317/374 447/472/568 372/394/475 
f 297/317/375 363/384/465 448/473/569 
f 373/395/476 295/315/372 445/470/566 
f 374/396/477 236/253/290 373/395/476 
f 374/396/477 449/474/570 298/318/376 
f 298/318/376 450/475/571 299/319/377 
f 299/319/377 451/476/572 300/320/378 
f 452/477/573 301/321/379 300/320/378 
f 453/478/574 371/393/474 301/321/379 
f 454/479/575 375/397/478 302/322/380 
f 376/398/479 303/323/381 455/480/576 
f 302/322/382 376/398/479 456/481/577 
f 455/480/576 303/323/381 377/399/480 
f 378/400/578 370/392/473 443/468/564 
f 379/401/483 378/400/482 457/482/579 
f 379/401/483 457/482/579 380/402/484 
f 381/403/485 380/402/484 382/404/486 
f 455/480/576 377/399/480 382/404/486 
f 458/483/580 383/405/487 304/324/383 
f 384/406/488 244/261/298 305/325/384 
f 458/483/580 304/324/383 384/406/488 
f 306/326/385 459/484/581 308/328/387 
f 312/332/392 460/485/582 306/326/385 
f 386/408/490 307/327/386 385/407/489 
f 308/328/387 461/486/583 385/407/489 
f 462/487/584 463/488/585 464/489/586 
f 465/490/587 466/491/588 467/492/589 
f 387/409/491 247/264/302 467/492/589 
f 384/406/488 305/325/384 387/409/491 
f 375/410/492 468/493/590 312/332/392 
f 313/333/393 388/411/493 469/494/591 
f 388/411/592 315/335/496 470/495/593 
f 389/412/494 471/496/594 314/334/394 
f 313/333/393 469/494/591 389/412/494 
f 316/336/495 470/495/593 315/335/496 
f 472/497/595 316/336/396 317/337/397 
f 390/413/498 254/272/311 394/417/502 
f 317/337/397 390/413/498 473/498/596 
f 383/405/487 474/499/597 318/338/398 
f 318/338/398 474/499/597 391/414/499 
f 250/268/307 391/414/499 392/415/500 
f 393/416/501 251/269/308 392/415/500 
f 475/500/598 393/416/501 476/501/599 
f 253/271/399 475/500/598 394/417/502 
f 399/422/600 395/418/503 319/339/400 
f 396/419/504 320/340/401 395/418/503 
f 398/421/506 255/273/508 397/420/601 
f 398/421/506 477/502/602 322/342/507 
f 314/334/509 478/503/603 399/422/510 
f 400/423/512 323/343/404 479/504/604 
f 480/505/605 324/344/606 400/423/607 
f 403/426/515 401/424/608 256/274/313 
f 325/345/407 401/424/513 403/426/609 
f 325/345/407 403/426/609 481/506/610 
f 481/506/611 482/507/612 483/508/613 
f 479/504/604 323/343/404 483/508/614 
f 477/509/615 402/425/616 322/346/617 
f 402/425/616 484/510/618 326/347/619 
f 326/347/619 485/511/620 327/348/621 
f 486/512/622 403/426/623 327/348/621 
f 404/427/624 328/349/517 487/513/625 
f 487/513/625 488/514/626 404/427/624 
f 328/349/517 405/428/518 489/515/627 
f 480/505/628 405/428/518 324/344/417 
f 329/350/520 404/427/624 490/516/629 
f 329/350/520 491/517/630 407/430/521 
f 492/518/631 406/429/519 407/430/521 
f 493/519/632 408/431/522 330/351/419 
f 409/432/523 265/284/329 410/433/524 
f 409/432/523 494/520/633 264/283/422 
f 494/520/634 495/521/635 496/522/636 
f 410/433/524 333/354/424 492/518/631 
f 497/523/637 335/356/427 334/355/425 
f 411/434/525 335/356/427 497/523/637 
f 498/524/638 411/434/525 497/523/637 
f 499/525/639 500/526/640 498/524/638 
f 412/435/526 500/526/640 501/527/641 
f 412/435/526 501/527/641 337/358/432 
f 337/358/432 502/528/642 503/529/643 
f 493/519/632 330/351/419 339/360/434 
f 413/436/527 340/361/436 419/442/533 
f 414/437/528 413/436/527 504/530/644 
f 415/438/529 341/362/437 420/443/534 
f 505/531/645 418/441/532 506/532/646 
f 417/440/531 507/533/647 508/534/648 
f 505/531/645 416/439/530 418/441/532 
f 417/440/531 416/439/530 507/533/647 
f 344/365/440 509/535/649 345/366/441 
f 346/367/442 510/536/650 344/365/440 
f 408/444/535 511/537/651 346/367/442 
f 421/445/536 347/368/444 356/377/457 
f 352/373/451 512/538/652 513/539/653 
f 350/371/449 421/445/536 514/540/654 
f 352/373/451 422/446/537 512/538/652 
f 423/447/538 277/297/349 414/437/528 
f 423/447/538 515/541/655 279/299/453 
f 355/376/456 516/542/656 354/375/454 
f 354/375/454 514/540/654 356/377/457 
f 515/541/657 517/543/658 518/544/659 
f 355/376/456 518/544/659 516/542/656 
f 424/448/539 281/301/355 358/379/459 
f 282/302/356 426/450/541 425/449/540 
f 283/303/357 425/449/540 427/451/542 
f 431/455/546 426/450/541 289/309/363 
f 519/545/660 358/379/459 428/452/543 
f 286/306/360 429/453/544 430/454/545 
f 429/453/544 359/380/460 427/451/542 
f 430/454/545 520/546/661 360/381/461 
f 360/381/461 520/546/661 361/382/462 
f 361/382/462 521/547/662 428/452/543 
f 362/383/463 522/548/663 431/455/546 
f 362/383/464 432/456/547 523/549/664 
f 448/473/665 363/384/666 433/457/553 
f 524/550/667 369/391/472 441/465/668 
f 434/458/669 525/551/670 526/552/671 
f 434/458/669 526/552/671 435/459/672 
f 437/461/552 436/460/554 435/459/673 
f 448/473/665 433/457/553 437/461/552 
f 438/462/555 291/311/368 424/448/539 
f 292/312/369 438/462/555 527/553/674 
f 439/463/556 292/312/369 527/553/674 
f 367/388/557 442/466/675 440/464/558 
f 365/386/559 440/464/558 441/465/560 
f 369/391/676 366/387/677 441/465/678 
f 442/466/562 368/390/471 528/554/679 
f 368/467/563 439/463/556 529/555/680 
f 443/468/564 371/393/474 453/478/574 
f 296/316/373 446/471/567 444/469/565 
f 294/314/371 444/469/565 445/470/566 
f 372/394/475 447/472/568 446/471/567 
f 297/317/374 530/556/681 447/472/568 
f 448/473/569 530/556/682 297/317/375 
f 531/557/683 373/395/476 445/470/566 
f 374/396/477 373/395/476 531/557/683 
f 298/318/376 449/474/570 450/475/571 
f 299/319/377 450/475/571 451/476/572 
f 452/477/573 300/320/378 451/476/572 
f 453/478/574 301/321/379 452/477/573 
f 454/479/575 302/322/380 456/481/684 
f 375/410/492 454/558/685 532/559/686 
f 533/560/687 376/398/479 455/480/576 
f 456/481/577 376/398/479 533/560/687 
f 378/400/578 443/468/564 534/561/688 
f 378/400/482 535/562/689 457/482/579 
f 457/482/579 536/563/690 380/402/484 
f 380/402/484 537/564/691 382/404/486 
f 538/565/692 455/480/576 382/404/486 
f 458/483/580 539/566/693 383/405/487 
f 540/567/694 458/483/580 384/406/488 
f 306/326/385 460/485/582 459/484/581 
f 308/328/387 459/484/581 461/486/583 
f 468/493/590 460/485/582 312/332/392 
f 541/568/695 386/408/490 385/407/489 
f 541/568/695 385/407/489 461/486/583 
f 463/488/585 542/569/696 465/490/587 
f 543/570/697 464/489/586 541/568/695 
f 543/570/697 462/487/584 464/489/586 
f 463/488/585 462/487/584 542/569/696 
f 465/490/587 542/569/696 466/491/588 
f 544/571/698 467/492/589 466/491/588 
f 544/571/698 387/409/491 467/492/589 
f 540/567/694 384/406/488 387/409/491 
f 375/410/492 532/559/686 468/493/590 
f 388/411/592 545/572/699 469/494/700 
f 388/411/592 470/495/593 546/573/701 
f 389/412/494 547/574/702 471/496/594 
f 314/334/394 471/496/594 478/503/703 
f 389/412/494 469/494/591 547/574/702 
f 472/497/704 470/495/593 316/336/495 
f 472/497/595 317/337/397 548/575/705 
f 473/498/596 390/413/498 394/417/502 
f 548/575/705 317/337/397 473/498/596 
f 474/499/597 383/405/487 549/576/706 
f 391/414/499 474/499/597 549/576/706 
f 392/415/500 391/414/499 550/577/707 
f 393/416/501 392/415/500 551/578/708 
f 475/500/598 476/501/599 552/579/709 
f 393/416/501 551/578/708 476/501/599 
f 394/417/502 475/500/598 553/580/710 
f 399/422/600 554/581/711 395/418/503 
f 396/419/504 395/418/503 554/581/711 
f 555/582/712 398/421/506 397/420/601 
f 556/583/713 477/502/602 398/421/506 
f 399/422/510 478/503/603 557/584/714 
f 558/585/715 400/423/607 479/504/716 
f 558/585/715 480/505/605 400/423/607 
f 486/512/717 481/506/718 403/426/719 
f 481/506/611 559/586/720 482/507/612 
f 560/587/721 483/508/613 482/507/612 
f 560/587/721 479/504/716 483/508/613 
f 477/509/615 561/588/722 402/425/616 
f 402/425/616 561/588/722 484/510/618 
f 326/347/619 484/510/618 485/511/620 
f 486/512/622 327/348/621 485/511/620 
f 328/349/517 562/589/723 487/513/625 
f 487/513/625 563/590/724 488/514/626 
f 564/591/725 404/427/624 488/514/626 
f 328/349/517 489/515/627 562/589/723 
f 565/592/726 489/515/627 405/428/518 
f 480/505/628 565/592/726 405/428/518 
f 490/516/629 566/593/727 329/350/520 
f 490/516/629 404/427/624 564/591/725 
f 329/350/520 567/594/728 491/517/630 
f 492/518/631 407/430/521 491/517/630 
f 408/431/522 493/519/632 568/595/729 
f 496/522/636 569/596/730 570/597/731 
f 570/597/731 571/598/732 572/599/733 
f 497/523/637 334/355/425 572/599/733 
f 573/600/734 409/432/523 410/433/524 
f 574/601/735 575/602/736 494/520/633 
f 494/520/633 409/432/523 574/601/735 
f 494/520/634 575/602/737 495/521/635 
f 496/522/636 495/521/635 569/596/730 
f 410/433/524 492/518/631 576/603/738 
f 498/524/638 497/523/637 577/604/739 
f 498/524/638 578/605/740 499/525/639 
f 500/526/640 499/525/639 501/527/641 
f 337/358/432 501/527/641 502/528/642 
f 579/606/741 580/607/742 503/529/643 
f 493/519/632 339/360/434 580/607/742 
f 579/606/741 503/529/643 502/528/642 
f 581/608/743 414/437/528 504/530/644 
f 505/531/645 506/532/646 582/609/744 
f 582/609/744 506/532/646 583/610/745 
f 508/534/648 507/533/647 584/611/746 
f 508/534/648 584/611/746 585/612/747 
f 505/531/645 586/613/748 416/439/530 
f 416/439/530 587/614/749 507/533/647 
f 344/365/440 510/536/650 509/535/649 
f 511/537/651 510/536/650 346/367/442 
f 509/535/649 588/615/750 583/610/745 
f 408/444/535 589/616/751 511/537/651 
f 523/549/664 432/456/547 590/617/752 
f 421/445/536 356/377/457 514/540/654 
f 591/618/753 590/617/752 513/539/653 
f 591/618/753 513/539/653 512/538/652 
f 350/371/449 514/540/654 592/619/754 
f 422/446/537 593/620/755 594/621/756 
f 595/622/757 350/371/449 592/619/754 
f 422/446/537 594/621/756 512/538/652 
f 581/608/743 423/447/538 414/437/528 
f 515/541/655 423/447/538 596/623/758 
f 354/375/454 516/542/656 514/540/654 
f 515/541/657 597/624/759 517/543/658 
f 518/544/659 517/543/658 598/625/760 
f 518/544/659 598/625/760 516/542/656 
f 519/545/660 424/448/539 358/379/459 
f 426/450/541 599/626/761 425/449/540 
f 425/449/540 600/627/762 427/451/542 
f 431/455/546 601/628/763 426/450/541 
f 602/629/764 519/545/660 428/452/543 
f 430/454/545 429/453/544 600/627/762 
f 429/453/544 427/451/542 600/627/762 
f 520/546/661 430/454/545 603/630/765 
f 361/382/462 520/546/661 521/547/662 
f 602/629/764 428/452/543 521/547/662 
f 362/383/463 604/631/766 522/548/663 
f 431/455/546 522/548/663 601/628/763 
f 604/631/767 362/383/464 523/549/664 
f 524/550/667 441/465/668 605/632/768 
f 525/551/670 606/633/769 607/634/770 
f 608/635/771 524/550/667 605/632/768 
f 525/551/670 607/634/770 526/552/671 
f 609/636/772 435/459/672 526/552/671 
f 609/636/772 437/461/773 435/459/672 
f 610/637/774 448/473/569 437/461/773 
f 438/462/555 424/448/539 519/545/660 
f 527/553/674 438/462/555 519/545/660 
f 439/463/556 527/553/674 529/555/680 
f 442/466/562 611/638/775 440/464/776 
f 440/464/776 605/632/768 441/465/668 
f 442/466/562 528/554/679 611/638/775 
f 368/390/471 612/639/777 528/554/679 
f 368/467/563 529/555/680 612/640/778 
f 443/468/779 453/478/779 534/561/780 
f 446/471/567 613/641/781 444/469/565 
f 444/469/565 614/642/782 445/470/566 
f 447/472/568 615/643/783 446/471/567 
f 447/472/568 530/556/681 616/644/784 
f 530/556/682 448/473/569 610/637/774 
f 531/557/683 445/470/566 614/642/782 
f 617/645/785 374/396/477 531/557/683 
f 449/474/570 618/646/786 619/647/787 
f 618/646/786 617/645/785 620/648/788 
f 449/474/570 619/647/787 450/475/571 
f 450/475/571 621/649/789 451/476/572 
f 452/477/790 451/476/791 621/649/791 
f 622/650/792 453/478/574 452/477/573 
f 454/479/575 456/481/684 623/651/793 
f 532/559/686 454/558/685 623/652/794 
f 533/560/687 455/480/576 538/565/692 
f 456/481/577 533/560/687 624/653/795 
f 378/400/578 534/561/688 535/562/796 
f 457/482/579 535/562/689 625/654/797 
f 457/482/579 625/654/797 536/563/690 
f 380/402/484 536/563/690 537/564/691 
f 538/565/692 382/404/486 537/564/691 
f 539/566/693 458/483/580 626/655/798 
f 383/405/487 539/566/693 549/576/706 
f 626/655/798 458/483/580 540/567/694 
f 460/485/582 627/656/799 459/484/581 
f 459/484/581 628/657/800 461/486/583 
f 468/493/590 629/658/801 460/485/582 
f 630/659/802 541/568/695 461/486/583 
f 543/570/697 541/568/695 630/659/802 
f 543/570/697 631/660/803 462/487/584 
f 462/487/584 632/661/804 542/569/696 
f 542/569/696 633/662/805 466/491/588 
f 634/663/806 544/571/698 466/491/588 
f 540/567/694 387/409/491 544/571/698 
f 468/493/590 532/559/686 629/658/801 
f 388/411/592 546/573/701 545/572/699 
f 469/494/700 545/572/699 635/664/807 
f 636/665/808 546/573/701 470/495/593 
f 557/584/809 471/496/594 547/574/702 
f 557/584/809 478/503/703 471/496/594 
f 469/494/700 635/664/807 547/574/810 
f 472/497/704 636/665/808 470/495/593 
f 637/666/811 472/497/595 548/575/705 
f 473/498/596 394/417/502 553/580/710 
f 638/667/812 548/575/705 473/498/596 
f 391/414/499 549/576/706 550/577/707 
f 392/415/500 550/577/707 551/578/708 
f 475/500/598 552/579/709 553/580/710 
f 476/501/599 639/668/813 552/579/709 
f 640/669/814 476/501/599 551/578/815 
f 399/422/600 641/670/816 554/581/711 
f 642/671/817 643/672/818 644/673/819 
f 645/674/820 646/675/821 644/673/819 
f 644/673/819 647/676/822 645/674/820 
f 556/583/713 648/677/823 477/502/602 
f 399/422/510 557/584/714 641/670/824 
f 558/585/715 479/504/716 560/587/721 
f 649/678/825 480/505/605 558/585/715 
f 486/512/717 559/586/826 481/506/718 
f 559/586/720 650/679/827 482/507/612 
f 651/680/828 560/587/721 482/507/612 
f 561/588/722 477/509/615 648/681/829 
f 648/681/829 652/682/830 561/588/722 
f 485/511/620 484/510/618 653/683/831 
f 653/683/831 654/684/832 485/511/620 
f 655/685/833 486/512/622 485/511/620 
f 487/513/625 562/589/723 563/590/724 
f 564/591/725 488/514/626 563/590/724 
f 489/515/627 656/686/834 562/589/723 
f 565/592/726 657/687/835 489/515/627 
f 649/678/836 565/592/726 480/505/628 
f 566/593/727 490/516/629 658/688/837 
f 658/688/837 659/689/838 566/593/727 
f 329/350/520 566/593/727 567/594/728 
f 576/603/738 492/518/631 491/517/630 
f 660/690/839 408/431/522 568/595/729 
f 568/595/729 493/519/632 580/607/742 
f 570/597/731 569/596/730 571/598/732 
f 577/604/739 572/599/733 571/598/732 
f 577/604/739 497/523/637 572/599/733 
f 573/600/734 410/433/524 576/603/738 
f 409/432/523 573/600/734 661/691/840 
f 575/602/736 574/601/735 662/692/841 
f 574/601/735 409/432/523 661/691/840 
f 495/521/635 575/602/737 663/693/842 
f 495/521/635 664/694/843 569/596/730 
f 498/524/638 577/604/739 578/605/740 
f 499/525/844 578/605/845 665/695/846 
f 501/527/641 499/525/639 666/696/847 
f 501/527/641 666/696/847 502/528/642 
f 568/595/729 580/607/742 579/606/741 
f 667/697/848 579/606/741 502/528/642 
f 668/698/849 504/530/644 585/612/747 
f 581/608/743 504/530/644 668/698/849 
f 669/699/850 505/531/645 582/609/744 
f 582/609/744 583/610/745 588/615/750 
f 507/533/647 670/700/851 584/611/746 
f 668/698/849 585/612/747 584/611/746 
f 505/531/645 669/699/850 586/613/748 
f 416/439/530 586/613/748 587/614/749 
f 507/533/647 587/614/749 670/700/851 
f 510/536/650 671/701/852 509/535/649 
f 511/537/651 672/702/853 510/536/650 
f 509/535/649 671/701/852 588/615/750 
f 408/444/535 660/703/854 589/616/751 
f 511/537/651 589/616/751 673/704/855 
f 523/549/664 590/617/752 591/618/753 
f 674/705/856 591/618/753 512/538/652 
f 516/542/656 592/619/754 514/540/654 
f 593/620/755 675/706/857 594/621/756 
f 595/622/757 592/619/754 676/707/858 
f 593/620/755 677/708/859 675/706/857 
f 678/709/860 595/622/757 676/707/858 
f 674/705/856 512/538/652 594/621/756 
f 423/447/538 581/608/743 679/710/861 
f 597/624/862 515/541/655 596/623/758 
f 596/623/758 423/447/538 679/710/861 
f 517/543/658 597/624/759 680/711/863 
f 517/543/658 681/712/864 598/625/760 
f 516/542/656 598/625/760 592/619/754 
f 426/450/541 601/628/763 599/626/761 
f 425/449/540 599/626/761 600/627/762 
f 527/553/674 519/545/660 602/629/764 
f 430/454/545 600/627/762 682/713/865 
f 520/546/661 603/630/765 683/714/866 
f 603/630/765 430/454/545 682/713/865 
f 520/546/661 684/715/867 521/547/662 
f 685/716/868 602/629/764 521/547/662 
f 522/548/663 604/631/766 686/717/869 
f 522/548/663 687/718/870 601/628/763 
f 604/631/767 523/549/664 688/719/871 
f 606/633/769 689/720/872 607/634/770 
f 608/635/771 605/632/768 690/721/873 
f 606/633/769 691/722/874 689/720/872 
f 692/723/875 608/635/771 690/721/873 
f 693/724/876 526/552/671 607/634/770 
f 693/724/876 609/636/772 526/552/671 
f 610/637/774 437/461/773 609/636/772 
f 529/555/680 527/553/674 694/725/877 
f 440/464/776 611/638/775 605/632/768 
f 528/554/679 695/726/878 611/638/775 
f 528/554/679 612/639/777 696/727/879 
f 612/640/778 529/555/680 697/728/880 
f 534/561/688 453/478/574 698/729/881 
f 446/471/567 615/643/783 613/641/781 
f 444/469/565 613/641/781 614/642/782 
f 615/643/882 447/472/883 699/730/884 
f 447/472/568 616/644/784 699/730/885 
f 530/556/682 610/637/774 616/644/886 
f 700/731/887 531/557/683 614/642/782 
f 617/645/785 531/557/683 700/731/887 
f 618/646/786 701/732/888 619/647/787 
f 618/646/786 620/648/788 701/732/888 
f 620/648/788 617/645/785 700/731/887 
f 450/475/571 619/647/787 621/649/789 
f 702/733/889 452/477/573 621/649/789 
f 622/650/792 452/477/573 702/733/889 
f 453/478/574 622/650/792 698/729/881 
f 623/651/793 456/481/684 624/653/890 
f 532/559/686 623/652/794 703/734/891 
f 704/735/892 533/560/687 538/565/692 
f 624/653/795 533/560/687 704/735/892 
f 535/562/796 534/561/688 698/729/881 
f 535/562/689 705/736/893 625/654/797 
f 625/654/797 706/737/894 536/563/690 
f 536/563/690 707/738/895 537/564/691 
f 708/739/896 539/566/693 626/655/798 
f 539/566/693 708/739/896 549/576/706 
f 626/655/798 540/567/694 709/740/897 
f 460/485/582 629/658/801 627/656/799 
f 459/484/581 627/656/799 628/657/800 
f 630/659/802 461/486/583 628/657/800 
f 710/741/898 543/570/697 630/659/802 
f 543/570/697 710/741/898 631/660/803 
f 462/487/584 631/660/803 632/661/804 
f 542/569/696 632/661/804 633/662/805 
f 634/663/806 466/491/588 633/662/805 
f 709/740/897 544/571/698 634/663/806 
f 709/740/897 540/567/694 544/571/698 
f 532/559/686 711/742/899 629/658/801 
f 712/743/900 545/572/699 546/573/701 
f 713/744/901 635/664/807 545/572/699 
f 636/665/808 712/743/900 546/573/701 
f 557/584/902 547/574/810 714/745/903 
f 547/574/810 635/664/807 714/745/903 
f 472/497/704 715/746/904 636/665/808 
f 638/667/812 637/666/811 548/575/705 
f 472/497/704 637/666/905 715/746/904 
f 716/747/906 473/498/596 553/580/710 
f 716/747/906 638/667/812 473/498/596 
f 549/576/907 717/748/908 550/577/909 
f 550/577/909 718/749/910 551/578/815 
f 552/579/709 719/750/911 553/580/710 
f 476/501/599 640/669/814 639/668/813 
f 552/579/709 639/668/813 719/750/911 
f 640/669/814 551/578/815 718/749/910 
f 642/671/817 644/673/819 720/751/912 
f 556/583/713 643/672/818 642/671/817 
f 720/751/912 644/673/819 646/675/821 
f 721/752/913 646/675/821 645/674/820 
f 721/752/913 641/670/914 557/584/902 
f 648/677/823 556/583/713 722/753/915 
f 723/754/916 558/585/715 560/587/721 
f 723/754/916 649/678/825 558/585/715 
f 486/512/717 655/685/917 724/755/918 
f 724/755/918 559/586/826 486/512/717 
f 559/586/720 724/755/919 650/679/827 
f 651/680/828 482/507/612 650/679/827 
f 723/754/916 560/587/721 651/680/828 
f 648/681/829 725/756/920 652/682/830 
f 652/682/830 726/757/921 653/683/831 
f 653/683/831 727/758/922 654/684/832 
f 655/685/833 485/511/620 654/684/832 
f 562/589/723 728/759/923 563/590/724 
f 729/760/924 564/591/725 563/590/724 
f 489/515/627 657/687/835 656/686/834 
f 562/589/723 656/686/834 728/759/923 
f 730/761/925 657/687/835 565/592/726 
f 649/678/836 730/761/925 565/592/726 
f 731/762/926 658/688/837 729/760/924 
f 732/763/927 733/764/928 734/765/929 
f 576/603/738 491/517/630 734/765/929 
f 660/690/839 568/595/729 735/766/930 
f 569/596/730 736/767/931 571/598/732 
f 578/605/740 577/604/739 571/598/732 
f 573/600/734 576/603/738 737/768/932 
f 661/691/840 573/600/734 737/768/932 
f 575/602/736 662/692/841 738/769/933 
f 574/601/735 739/770/934 662/692/841 
f 574/601/735 661/691/840 739/770/934 
f 495/521/635 663/693/842 664/694/843 
f 575/602/737 738/769/935 663/693/842 
f 569/596/730 664/694/843 736/767/931 
f 499/525/639 665/695/936 740/771/937 
f 578/605/845 741/772/938 665/695/846 
f 499/525/639 740/771/937 666/696/847 
f 667/697/848 502/528/642 666/696/847 
f 735/766/930 568/595/729 579/606/741 
f 735/766/930 579/606/741 667/697/848 
f 679/710/861 581/608/743 668/698/849 
f 669/699/850 582/609/744 742/773/939 
f 742/773/939 582/609/744 588/615/750 
f 586/613/748 669/699/850 743/774/940 
f 586/613/748 744/775/941 587/614/749 
f 587/614/749 745/776/942 670/700/851 
f 510/536/650 672/702/853 671/701/852 
f 511/537/651 673/704/855 672/702/853 
f 589/616/751 660/703/854 746/777/943 
f 673/704/855 589/616/751 747/778/944 
f 688/719/871 523/549/664 591/618/753 
f 688/719/871 591/618/753 674/705/856 
f 748/779/945 594/621/756 675/706/857 
f 598/625/760 676/707/858 592/619/754 
f 677/708/859 749/780/946 675/706/857 
f 678/709/860 676/707/858 750/781/947 
f 677/708/859 751/782/948 749/780/946 
f 752/783/949 678/709/860 750/781/947 
f 748/779/945 674/705/856 594/621/756 
f 597/624/862 596/623/758 753/784/950 
f 596/623/758 679/710/861 754/785/951 
f 517/543/658 680/711/863 681/712/864 
f 597/624/759 755/786/952 680/711/863 
f 598/625/760 681/712/864 676/707/858 
f 601/628/763 756/787/953 599/626/761 
f 599/626/761 682/713/865 600/627/762 
f 527/553/674 602/629/764 685/716/868 
f 520/546/661 683/714/866 684/715/867 
f 603/630/765 682/713/865 757/788/954 
f 685/716/868 521/547/662 684/715/867 
f 522/548/663 686/717/869 758/789/955 
f 604/631/767 688/719/871 686/717/956 
f 522/548/663 758/789/955 687/718/870 
f 601/628/763 687/718/870 756/787/953 
f 759/790/957 607/634/770 689/720/872 
f 611/638/775 690/721/873 605/632/768 
f 691/722/874 760/791/958 689/720/872 
f 692/723/875 690/721/873 761/792/959 
f 762/793/960 692/723/875 761/792/959 
f 763/794/961 764/795/962 762/796/963 
f 691/722/874 764/797/964 760/791/958 
f 759/790/957 693/724/876 607/634/770 
f 765/798/965 609/636/772 693/724/876 
f 765/798/965 610/637/774 609/636/772 
f 529/555/680 694/725/877 697/728/880 
f 694/725/877 527/553/674 685/716/868 
f 528/554/679 696/727/879 695/726/878 
f 611/638/775 695/726/878 690/721/873 
f 612/639/777 766/799/966 696/727/879 
f 612/640/778 697/728/880 766/800/967 
f 767/801/968 613/641/969 615/643/882 
f 613/641/970 768/802/971 614/642/972 
f 699/730/884 769/803/973 615/643/882 
f 699/730/885 616/644/784 770/804/974 
f 616/644/886 610/637/774 765/798/965 
f 700/731/887 614/642/782 768/802/975 
f 619/647/787 701/732/888 771/805/976 
f 701/732/977 620/648/978 772/806/979 
f 620/648/788 700/731/887 773/807/980 
f 619/647/787 771/805/976 621/649/789 
f 702/733/889 621/649/789 771/805/976 
f 774/808/981 622/650/792 702/733/889 
f 698/729/881 622/650/792 775/809/982 
f 623/651/793 624/653/890 776/810/983 
f 532/559/686 703/734/891 777/811/984 
f 703/734/891 623/652/794 776/812/985 
f 704/735/892 538/565/692 778/813/986 
f 624/653/795 704/735/892 779/814/987 
f 535/562/796 698/729/881 705/736/988 
f 625/654/797 705/736/893 780/815/989 
f 625/654/797 780/815/989 706/737/894 
f 536/563/690 706/737/894 707/738/895 
f 781/816/990 778/817/986 707/818/895 
f 708/739/896 626/655/798 782/819/991 
f 549/576/907 708/739/992 783/820/993 
f 626/655/798 709/740/897 782/819/991 
f 629/658/801 784/821/994 627/656/799 
f 627/656/799 785/822/995 628/657/800 
f 786/823/996 630/659/802 628/657/800 
f 710/741/898 630/659/802 786/823/996 
f 631/660/803 710/741/898 787/824/997 
f 631/660/803 788/825/998 632/661/804 
f 632/661/804 789/826/999 633/662/805 
f 790/827/1000 634/663/806 633/662/805 
f 791/828/1001 709/740/897 634/663/806 
f 711/742/899 532/559/686 777/811/984 
f 629/658/801 711/742/899 784/821/994 
f 712/743/900 713/744/901 545/572/699 
f 713/744/901 792/829/1002 635/664/807 
f 636/665/808 793/830/1003 712/743/900 
f 721/752/913 557/584/902 714/745/903 
f 635/664/807 792/829/1002 714/745/903 
f 636/665/808 715/746/904 793/830/1003 
f 638/667/812 794/831/1004 637/666/811 
f 715/746/904 637/666/905 794/831/1005 
f 716/747/906 553/580/710 719/750/911 
f 795/832/1006 638/667/812 716/747/906 
f 549/576/907 783/820/993 717/748/908 
f 550/577/909 717/748/908 718/749/910 
f 640/669/814 796/833/1007 639/668/813 
f 639/668/813 796/833/1007 719/750/911 
f 797/834/1008 640/669/814 718/749/910 
f 798/835/1009 642/671/817 720/751/912 
f 722/753/915 556/583/713 642/671/817 
f 720/751/912 646/675/821 799/836/1010 
f 721/752/913 800/837/1011 646/675/821 
f 801/838/1012 648/677/823 722/753/915 
f 649/678/825 723/754/916 802/839/1013 
f 724/755/919 803/840/1014 650/679/827 
f 804/841/1015 651/680/828 650/679/827 
f 802/839/1013 723/754/916 651/680/828 
f 648/681/829 801/842/1016 725/756/920 
f 652/682/830 725/756/920 726/757/921 
f 653/683/831 726/757/921 727/758/922 
f 805/843/1017 654/684/832 727/758/922 
f 805/843/1017 655/685/833 654/684/832 
f 729/760/924 563/590/724 728/759/923 
f 657/687/835 806/844/1018 656/686/834 
f 656/686/834 807/845/1019 728/759/923 
f 730/761/925 808/846/1020 657/687/835 
f 809/847/1021 730/761/925 649/678/836 
f 649/678/836 810/848/1022 809/847/1021 
f 659/689/838 811/849/1023 812/850/1024 
f 659/689/838 812/850/1024 732/763/927 
f 731/762/926 729/760/924 813/851/1025 
f 732/763/927 812/850/1024 733/764/928 
f 737/768/932 734/765/929 733/764/928 
f 737/768/932 576/603/738 734/765/929 
f 660/690/839 735/766/930 746/852/1026 
f 578/605/740 571/598/732 736/767/931 
f 661/691/840 737/768/932 814/853/1027 
f 738/769/933 662/692/841 815/854/1028 
f 662/692/841 739/770/934 816/855/1029 
f 739/770/934 661/691/840 814/853/1027 
f 663/693/842 817/856/1030 664/694/843 
f 663/693/842 738/769/935 818/857/1031 
f 664/694/843 819/858/1032 736/767/931 
f 665/695/936 820/859/1033 740/771/937 
f 741/772/1034 578/605/740 736/767/931 
f 665/695/846 741/772/938 821/860/1035 
f 822/861/1036 666/696/847 740/771/937 
f 822/861/1036 667/697/848 666/696/847 
f 823/862/1037 735/766/930 667/697/848 
f 679/710/861 668/698/849 824/863/1038 
f 825/864/1039 669/699/850 742/773/939 
f 742/773/939 588/615/750 826/865/1040 
f 586/613/748 743/774/940 744/775/941 
f 669/699/850 825/864/1039 743/774/940 
f 587/614/749 744/775/941 745/776/942 
f 672/702/853 827/866/1041 671/701/852 
f 672/702/853 673/704/855 827/866/1041 
f 827/866/1041 828/867/1042 826/865/1040 
f 589/616/751 746/777/943 829/868/1043 
f 673/704/855 747/778/944 830/869/1044 
f 589/616/751 829/868/1043 747/778/944 
f 831/870/1045 688/719/871 674/705/856 
f 832/871/1046 748/779/945 675/706/857 
f 832/871/1046 675/706/857 749/780/946 
f 681/712/864 750/781/947 676/707/858 
f 751/872/948 833/873/1047 749/874/946 
f 752/783/949 750/781/947 834/875/1048 
f 835/876/1049 752/877/949 834/878/1048 
f 751/872/948 836/879/1050 833/873/1047 
f 831/870/1045 674/705/856 748/779/945 
f 597/624/862 753/784/950 755/786/1051 
f 596/623/758 754/785/951 753/784/950 
f 754/785/951 679/710/861 824/863/1038 
f 680/711/863 837/880/1052 681/712/864 
f 680/711/863 755/786/952 838/881/1053 
f 599/626/761 756/787/953 682/713/865 
f 683/714/866 839/882/1054 684/715/867 
f 683/714/866 840/883/1055 839/882/1054 
f 841/884/1056 603/630/765 757/788/954 
f 756/787/953 757/788/954 682/713/865 
f 842/885/1057 685/716/868 684/715/867 
f 758/789/955 686/717/869 843/886/1058 
f 686/717/956 688/719/871 831/870/1045 
f 687/718/870 758/789/955 844/887/1059 
f 687/718/870 845/888/1060 756/787/953 
f 846/889/1061 759/790/957 689/720/872 
f 846/889/1061 689/720/872 760/791/958 
f 695/726/878 761/792/959 690/721/873 
f 762/793/960 761/792/959 847/890/1062 
f 848/891/1063 763/794/961 762/796/963 
f 764/795/964 763/794/1064 760/892/958 
f 849/893/1065 693/724/876 759/790/957 
f 849/893/1065 765/798/965 693/724/876 
f 697/728/880 694/725/877 850/894/1066 
f 694/725/877 685/716/868 842/885/1057 
f 696/727/879 851/895/1067 695/726/878 
f 696/727/879 766/799/966 852/896/1068 
f 766/800/967 697/728/880 853/897/1069 
f 615/643/882 769/803/973 767/801/968 
f 613/641/970 767/801/1070 768/802/971 
f 769/803/1071 699/730/885 854/898/1072 
f 699/730/885 770/804/974 854/898/1072 
f 616/644/886 765/798/965 770/804/1073 
f 773/807/980 700/731/887 768/802/975 
f 772/806/979 855/899/1074 701/732/977 
f 620/648/788 773/807/980 772/806/1075 
f 774/808/981 702/733/889 856/900/1076 
f 622/650/792 774/808/981 775/809/982 
f 705/736/988 698/729/881 775/809/982 
f 776/810/983 624/653/890 779/814/1077 
f 777/811/984 703/734/891 857/901/1078 
f 703/734/891 776/812/985 858/902/1079 
f 859/903/1080 704/735/892 778/813/986 
f 859/903/1080 779/814/987 704/735/892 
f 705/736/893 860/904/1081 780/815/989 
f 780/905/989 861/906/1082 706/907/894 
f 706/907/894 862/908/1083 707/818/895 
f 781/816/990 707/818/895 862/908/1083 
f 859/909/1080 778/817/986 781/816/990 
f 708/739/896 782/819/991 863/910/1084 
f 708/739/992 863/910/1085 783/820/993 
f 709/740/897 791/828/1001 782/819/991 
f 627/656/799 784/821/994 785/822/995 
f 786/823/996 628/657/800 785/822/995 
f 787/824/997 710/741/898 786/823/996 
f 631/660/803 787/824/997 788/825/998 
f 632/661/804 788/825/998 789/826/999 
f 790/827/1000 633/662/805 789/826/999 
f 791/828/1001 634/663/806 790/827/1000 
f 711/742/899 777/811/984 864/911/1086 
f 711/742/899 864/911/1086 784/821/994 
f 712/743/900 865/912/1087 713/744/901 
f 713/744/901 866/913/1088 792/829/1002 
f 712/743/900 793/830/1003 865/912/1087 
f 721/752/913 714/745/903 867/914/1089 
f 792/829/1002 867/914/1089 714/745/903 
f 793/830/1003 715/746/904 868/915/1090 
f 794/831/1004 638/667/812 795/832/1006 
f 715/746/904 794/831/1005 869/916/1091 
f 870/917/1092 716/747/906 719/750/911 
f 795/832/1006 716/747/906 870/917/1092 
f 783/918/993 871/919/1093 717/920/908 
f 717/920/908 872/921/1094 718/922/910 
f 640/669/814 797/834/1008 796/833/1007 
f 796/833/1007 873/923/1095 719/750/911 
f 797/924/1008 718/922/910 872/921/1094 
f 798/835/1009 720/751/912 874/925/1096 
f 722/753/915 642/671/817 798/835/1009 
f 874/925/1096 720/751/912 799/836/1010 
f 800/837/1011 721/752/913 867/914/1089 
f 801/838/1012 722/753/915 875/926/1097 
f 810/848/1098 649/678/825 802/839/1013 
f 876/927/1099 805/843/1100 877/928/1101 
f 724/755/919 876/927/1102 803/840/1014 
f 804/841/1015 650/679/827 803/840/1014 
f 802/839/1013 651/680/828 804/841/1015 
f 725/756/920 801/842/1016 878/929/1103 
f 725/756/920 879/930/1104 726/757/921 
f 726/757/921 880/931/1105 727/758/922 
f 877/928/1106 805/843/1017 727/758/922 
f 813/851/1025 729/760/924 728/759/923 
f 657/687/835 808/846/1020 806/844/1018 
f 656/686/834 806/844/1018 807/845/1019 
f 813/851/1025 728/759/923 807/845/1019 
f 730/761/925 881/932/1107 808/846/1020 
f 809/847/1021 810/848/1022 882/933/1108 
f 730/761/925 809/847/1021 881/932/1107 
f 883/934/1109 731/762/926 813/851/1025 
f 884/935/1110 883/934/1109 885/936/1111 
f 811/849/1023 884/935/1110 886/937/1112 
f 811/849/1023 886/937/1112 812/850/1024 
f 814/853/1027 737/768/932 733/764/928 
f 746/852/1026 735/766/930 823/862/1037 
f 738/769/933 815/854/1028 887/938/1113 
f 662/692/841 816/855/1029 815/854/1028 
f 816/855/1029 739/770/934 888/939/1114 
f 739/770/934 814/853/1027 888/939/1114 
f 663/693/842 818/857/1031 817/856/1030 
f 664/694/843 817/856/1030 819/858/1032 
f 738/769/935 887/938/1115 818/857/1031 
f 741/772/1034 736/767/931 819/858/1032 
f 665/695/936 821/860/1116 820/859/1033 
f 889/940/1117 740/771/937 820/859/1033 
f 741/941/938 890/942/1118 821/943/1035 
f 889/940/1117 822/861/1036 740/771/937 
f 823/862/1037 667/697/848 822/861/1036 
f 825/864/1039 742/773/939 891/944/1119 
f 892/945/1120 893/946/1121 745/776/942 
f 754/785/951 824/863/1038 893/946/1121 
f 743/774/940 894/947/1122 744/775/941 
f 743/774/940 825/864/1039 895/948/1123 
f 744/775/941 896/949/1124 745/776/942 
f 673/704/855 830/869/1044 827/866/1041 
f 827/866/1041 830/869/1044 828/867/1042 
f 829/868/1043 746/777/943 897/950/1125 
f 747/778/944 898/951/1126 830/869/1044 
f 747/778/944 829/868/1043 899/952/1127 
f 900/953/1128 748/779/945 832/871/1046 
f 901/954/1129 832/871/1046 749/780/946 
f 681/712/864 837/880/1052 750/781/947 
f 901/955/1129 749/874/946 833/873/1047 
f 837/880/1052 834/875/1048 750/781/947 
f 835/876/1049 834/878/1048 902/956/1130 
f 903/957/1131 835/876/1049 902/956/1130 
f 903/957/1131 904/958/1132 905/959/1133 
f 905/959/1133 906/960/1134 903/957/1131 
f 836/879/1050 906/960/1134 833/873/1047 
f 900/953/1128 831/870/1045 748/779/945 
f 755/786/1051 753/784/950 907/961/1135 
f 753/784/950 754/785/951 908/962/1136 
f 680/711/863 838/881/1053 837/880/1052 
f 755/786/952 909/963/1137 838/881/1053 
f 842/885/1057 684/715/867 839/882/1054 
f 840/883/1055 910/964/1138 839/882/1054 
f 841/884/1056 757/788/954 911/965/1139 
f 840/883/1055 912/966/1140 910/964/1138 
f 913/967/1141 841/884/1056 911/965/1139 
f 913/968/1141 914/969/1142 912/970/1140 
f 756/787/953 845/888/1060 757/788/954 
f 758/789/955 843/886/1058 915/971/1143 
f 686/717/956 831/870/1045 843/886/1144 
f 687/718/870 844/887/1059 916/972/1145 
f 758/789/955 915/971/1143 844/887/1059 
f 687/718/870 916/972/1145 845/888/1060 
f 917/973/1146 759/790/957 846/889/1061 
f 918/974/1147 846/975/1061 760/892/958 
f 695/726/878 851/895/1067 761/792/959 
f 848/891/1148 762/796/960 847/976/1062 
f 851/895/1067 847/890/1062 761/792/959 
f 763/794/1064 848/891/1148 919/977/1149 
f 919/977/1149 920/978/1150 763/794/1064 
f 918/974/1147 760/892/958 763/794/1064 
f 917/973/1146 849/893/1065 759/790/957 
f 770/804/1073 765/798/965 849/893/1065 
f 697/728/880 850/894/1066 853/897/1069 
f 696/727/879 852/896/1068 851/895/1067 
f 766/799/966 921/979/1151 852/896/1068 
f 766/800/967 853/897/1069 921/980/1152 
f 769/803/1071 922/981/1153 767/801/1154 
f 767/801/1154 923/982/1155 768/802/975 
f 769/803/1071 854/898/1072 924/983/1156 
f 854/898/1072 770/804/974 925/984/1157 
f 773/807/980 768/802/975 923/982/1155 
f 855/899/1158 926/985/1159 927/986/1160 
f 928/987/1161 855/899/1162 772/806/1163 
f 929/988/1164 856/900/1076 927/986/1160 
f 930/989/1165 774/808/981 856/900/1076 
f 930/989/1165 775/809/982 774/808/981 
f 705/736/988 775/809/982 860/904/1166 
f 776/810/983 779/814/1077 931/990/1167 
f 777/811/984 857/901/1078 932/991/1168 
f 703/734/891 858/902/1079 857/901/1078 
f 858/902/1079 776/812/985 931/992/1169 
f 933/993/1170 779/994/1171 859/909/1170 
f 934/995/1172 780/905/1173 860/996/1172 
f 780/905/989 935/997/1174 861/906/1082 
f 706/907/894 861/906/1082 862/908/1083 
f 781/816/990 862/908/1083 936/998/1175 
f 933/993/1176 859/909/1080 781/816/990 
f 863/910/1084 782/819/991 937/999/1177 
f 783/918/993 863/1000/1085 938/1001/1178 
f 782/819/991 791/828/1001 939/1002/1179 
f 785/822/995 784/821/994 864/911/1086 
f 864/911/1086 940/1003/1180 785/822/995 
f 941/1004/1181 786/823/996 785/822/995 
f 787/824/997 786/823/996 941/1004/1181 
f 787/824/997 942/1005/1182 788/825/998 
f 788/825/998 943/1006/1183 789/826/999 
f 939/1002/1179 791/828/1001 790/827/1000 
f 777/811/984 932/991/1168 864/911/1086 
f 713/744/901 865/912/1087 866/913/1088 
f 944/1007/1184 792/829/1002 866/913/1088 
f 793/830/1003 945/1008/1185 865/912/1087 
f 944/1007/1184 867/914/1089 792/829/1002 
f 793/830/1003 868/915/1090 945/1008/1185 
f 715/746/904 869/916/1091 868/915/1090 
f 794/831/1004 795/832/1006 946/1009/1186 
f 869/916/1091 794/831/1005 946/1009/1187 
f 870/917/1092 719/750/911 873/923/1095 
f 947/1010/1188 795/832/1006 870/917/1092 
f 783/918/993 938/1001/1178 871/919/1093 
f 717/920/908 871/919/1093 872/921/1094 
f 797/924/1008 872/921/1094 796/1011/1007 
f 870/1012/1092 873/1013/1095 796/1011/1007 
f 948/1014/1189 798/835/1009 874/925/1096 
f 722/753/915 798/835/1009 875/926/1097 
f 874/925/1096 799/836/1010 949/1015/1190 
f 950/1016/1191 800/837/1011 867/914/1089 
f 950/1016/1191 949/1015/1190 799/836/1010 
f 801/838/1012 875/926/1097 951/1017/1192 
f 810/848/1098 802/839/1013 952/1018/1193 
f 876/927/1099 877/928/1101 953/1019/1194 
f 876/927/1102 954/1020/1195 803/840/1014 
f 955/1021/1196 804/841/1015 803/840/1014 
f 952/1018/1193 802/839/1013 804/841/1015 
f 725/756/920 878/929/1103 879/930/1104 
f 801/842/1016 951/1022/1197 878/929/1103 
f 726/757/921 879/930/1104 880/931/1105 
f 877/928/1106 727/758/922 880/931/1105 
f 808/846/1020 956/1023/1198 806/844/1018 
f 957/1024/1199 813/851/1025 807/845/1019 
f 808/846/1020 881/932/1107 956/1023/1198 
f 809/847/1021 882/933/1108 958/1025/1200 
f 810/848/1098 952/1018/1193 882/933/1201 
f 881/932/1107 809/847/1021 959/1026/1202 
f 883/934/1109 813/851/1025 957/1024/1199 
f 884/935/1110 885/936/1111 960/1027/1203 
f 883/934/1109 961/1028/1204 885/936/1111 
f 884/935/1110 960/1027/1203 886/937/1112 
f 886/937/1112 962/1029/1205 963/1030/1206 
f 814/853/1027 733/764/928 963/1030/1206 
f 746/852/1026 823/862/1037 897/1031/1207 
f 887/938/1113 815/854/1028 964/1032/1208 
f 815/854/1028 816/855/1029 965/1033/1209 
f 816/855/1029 888/939/1114 966/1034/1210 
f 888/939/1114 814/853/1027 963/1030/1206 
f 818/1035/1031 967/1036/1211 817/1037/1030 
f 817/1037/1030 968/1038/1212 819/1039/1032 
f 818/1035/1031 887/1040/1115 969/1041/1213 
f 890/942/1214 741/941/1034 819/1039/1032 
f 821/943/1116 970/1042/1215 820/1043/1033 
f 971/1044/1216 889/940/1117 820/859/1033 
f 972/1045/1217 822/861/1036 889/940/1117 
f 972/1045/1217 823/862/1037 822/861/1036 
f 973/1046/1218 825/864/1039 891/944/1119 
f 974/1047/1219 891/944/1119 828/867/1042 
f 892/945/1120 745/776/942 896/949/1124 
f 908/962/1136 893/946/1121 892/945/1120 
f 908/962/1136 754/785/951 893/946/1121 
f 743/774/940 895/948/1123 894/947/1122 
f 744/775/941 894/947/1122 896/949/1124 
f 825/864/1039 973/1046/1218 895/948/1123 
f 830/869/1044 975/1048/1220 828/867/1042 
f 829/868/1043 897/950/1125 976/1049/1221 
f 747/778/944 899/952/1127 898/951/1126 
f 830/869/1044 898/951/1126 975/1048/1220 
f 829/868/1043 976/1049/1221 899/952/1127 
f 977/1050/1222 900/953/1128 832/871/1046 
f 977/1050/1222 832/871/1046 901/954/1129 
f 978/1051/1223 901/955/1129 833/873/1047 
f 837/880/1052 979/1052/1224 834/875/1048 
f 979/1053/1224 902/956/1130 834/878/1048 
f 980/1054/1225 903/957/1131 902/956/1130 
f 904/958/1226 903/957/1227 981/1055/1228 
f 905/959/1229 904/958/1230 982/1056/1231 
f 982/1056/1231 983/1057/1232 905/959/1229 
f 905/959/1233 984/1058/1234 906/960/1235 
f 978/1051/1223 833/873/1047 906/960/1134 
f 843/886/1144 831/870/1045 900/953/1128 
f 755/786/1051 907/961/1135 909/963/1236 
f 753/784/950 908/962/1136 907/961/1135 
f 838/881/1053 979/1052/1224 837/880/1052 
f 838/881/1053 909/963/1137 985/1059/1237 
f 986/1060/1238 842/885/1057 839/882/1054 
f 986/1060/1238 839/882/1054 910/964/1138 
f 845/888/1060 911/965/1139 757/788/954 
f 912/970/1140 987/1061/1239 910/1062/1138 
f 913/967/1141 911/965/1139 988/1063/1240 
f 913/968/1141 988/1064/1240 914/969/1142 
f 914/969/1142 989/1065/1241 912/970/1140 
f 915/971/1143 843/886/1058 990/1066/1242 
f 844/887/1059 991/1067/1243 916/972/1145 
f 844/887/1059 915/971/1143 992/1068/1244 
f 845/888/1060 916/972/1145 911/965/1139 
f 993/1069/1245 917/1070/1146 846/975/1061 
f 993/1069/1245 846/975/1061 918/974/1147 
f 994/1071/1246 848/891/1148 847/976/1062 
f 851/895/1067 994/1072/1246 847/890/1062 
f 919/977/1247 848/891/1248 995/1073/1249 
f 920/978/1250 919/977/1251 996/1074/1252 
f 996/1074/1252 997/1075/1253 920/978/1250 
f 920/978/1254 998/1076/1255 763/794/1256 
f 993/1069/1245 918/974/1147 763/794/1064 
f 917/973/1146 925/984/1257 849/893/1065 
f 770/804/1073 849/893/1065 925/984/1257 
f 999/1077/1258 853/897/1069 850/894/1066 
f 999/1077/1258 850/894/1066 986/1060/1238 
f 852/896/1068 994/1072/1246 851/895/1067 
f 1000/1078/1259 852/896/1068 921/979/1151 
f 1001/1079/1260 921/1080/1152 853/1081/1069 
f 769/803/1071 924/983/1156 922/981/1153 
f 767/801/1154 922/981/1153 923/982/1155 
f 924/983/1156 854/898/1072 1002/1082/1261 
f 854/898/1072 925/984/1157 1002/1082/1261 
f 855/899/1158 928/987/1262 926/985/1159 
f 929/988/1164 927/986/1160 926/985/1159 
f 1003/1083/1263 928/1084/1161 772/1085/1163 
f 1003/1083/1264 772/1085/1075 1004/1086/1265 
f 922/981/1153 1004/1087/1265 923/982/1155 
f 930/989/1165 856/900/1076 929/988/1164 
f 930/989/1165 1005/1088/1266 775/809/982 
f 1005/1088/1266 860/904/1166 775/809/982 
f 1006/1089/1267 931/990/1167 779/814/1077 
f 857/901/1078 858/902/1079 1007/1090/1268 
f 858/902/1079 931/992/1169 1008/1091/1269 
f 933/993/1176 1006/1092/1267 779/994/1077 
f 1005/1093/1266 934/995/1270 860/996/1166 
f 1009/1094/1271 780/905/989 934/995/1272 
f 780/905/989 1009/1094/1271 935/997/1174 
f 861/906/1082 935/997/1174 936/998/1175 
f 861/906/1082 936/998/1175 862/908/1083 
f 933/993/1176 781/816/990 936/998/1175 
f 863/1000/1084 937/1095/1177 1010/1096/1273 
f 782/819/991 939/1002/1179 937/999/1177 
f 863/1000/1085 1010/1096/1274 938/1001/1178 
f 941/1004/1181 785/822/995 940/1003/1180 
f 787/824/997 941/1004/1181 1011/1097/1275 
f 788/825/998 942/1005/1182 943/1006/1183 
f 787/824/997 1011/1097/1275 942/1005/1182 
f 1012/1098/1276 1013/1099/1277 943/1006/1183 
f 939/1002/1179 790/827/1000 1013/1099/1277 
f 865/912/1087 1014/1100/1278 866/913/1088 
f 1015/1101/1279 944/1007/1184 866/913/1088 
f 865/912/1087 945/1008/1185 1014/1100/1278 
f 950/1016/1191 867/914/1089 944/1007/1184 
f 868/915/1090 1016/1102/1280 945/1008/1185 
f 868/915/1090 869/916/1091 1017/1103/1281 
f 946/1009/1282 795/832/1283 947/1010/1284 
f 869/916/1091 946/1009/1187 1018/1104/1285 
f 947/1105/1188 870/1012/1092 796/1011/1007 
f 871/919/1093 938/1001/1178 1019/1106/1286 
f 872/921/1094 871/919/1093 796/1011/1007 
f 948/1014/1189 874/925/1096 1020/1107/1287 
f 875/926/1097 798/835/1009 948/1014/1189 
f 1020/1107/1287 874/925/1096 949/1015/1190 
f 950/1016/1191 1021/1108/1288 949/1015/1190 
f 951/1017/1192 875/926/1097 1022/1109/1289 
f 876/927/1102 953/1019/1290 954/1020/1195 
f 953/1019/1194 877/928/1101 1023/1110/1291 
f 955/1021/1196 803/840/1014 954/1020/1195 
f 952/1018/1193 804/841/1015 955/1021/1196 
f 878/929/1103 1024/1111/1292 879/930/1104 
f 878/929/1103 951/1022/1197 1025/1112/1293 
f 879/930/1104 1026/1113/1294 880/931/1105 
f 1023/1110/1295 877/928/1106 880/931/1105 
f 956/1023/1198 1027/1114/1296 1028/1115/1297 
f 957/1024/1199 807/845/1019 1028/1115/1297 
f 881/932/1107 1029/1116/1298 956/1023/1198 
f 809/847/1021 958/1025/1200 959/1026/1202 
f 958/1025/1200 882/933/1108 1030/1117/1299 
f 882/933/1201 952/1018/1193 1031/1118/1300 
f 881/932/1107 959/1026/1202 1029/1116/1298 
f 961/1028/1204 883/934/1109 957/1024/1199 
f 885/936/1111 1032/1119/1301 960/1027/1203 
f 1032/1119/1301 885/936/1111 961/1028/1204 
f 886/937/1112 960/1027/1203 962/1029/1205 
f 888/939/1114 963/1030/1206 962/1029/1205 
f 897/1031/1207 823/862/1037 972/1045/1217 
f 887/1040/1113 964/1120/1208 1033/1121/1302 
f 815/854/1028 965/1033/1209 964/1032/1208 
f 965/1033/1209 816/855/1029 966/1034/1210 
f 966/1034/1210 888/939/1114 962/1029/1205 
f 818/1035/1031 969/1041/1213 967/1036/1211 
f 817/1037/1030 967/1036/1211 968/1038/1212 
f 890/942/1214 819/1039/1032 968/1038/1212 
f 887/1040/1115 1033/1121/1303 969/1041/1213 
f 821/943/1116 1034/1122/1304 970/1042/1215 
f 971/1123/1216 820/1043/1033 970/1042/1215 
f 1035/1124/1305 889/940/1117 971/1044/1216 
f 1036/1125/1306 890/942/1214 968/1038/1212 
f 1037/1126/1307 1034/1122/1308 1036/1125/1309 
f 1035/1124/1305 972/1045/1217 889/940/1117 
f 973/1046/1218 891/944/1119 974/1047/1219 
f 974/1047/1219 828/867/1042 975/1048/1220 
f 1038/1127/1310 892/945/1120 896/949/1124 
f 1039/1128/1311 908/962/1136 892/945/1120 
f 895/1129/1123 1040/1130/1312 894/1131/1122 
f 894/947/1122 1041/1132/1313 896/949/1124 
f 895/1129/1123 973/1133/1218 1040/1130/1312 
f 976/1049/1221 897/950/1125 1042/1134/1314 
f 899/1135/1127 1043/1136/1315 898/1137/1126 
f 1044/1138/1316 975/1139/1220 898/1137/1126 
f 898/1137/1126 1043/1136/1315 1044/1138/1316 
f 899/1135/1127 976/1140/1221 1045/1141/1317 
f 977/1050/1222 990/1066/1318 900/953/1128 
f 1046/1142/1319 977/1143/1222 901/955/1129 
f 1046/1142/1319 901/955/1129 978/1051/1223 
f 979/1053/1224 980/1054/1225 902/956/1130 
f 980/1054/1225 1047/1144/1320 903/957/1131 
f 904/958/1226 981/1055/1228 1048/1145/1321 
f 903/957/1131 1047/1144/1320 981/1055/1322 
f 904/958/1230 1049/1146/1323 1050/1147/1324 
f 1050/1147/1324 982/1056/1231 904/958/1230 
f 983/1057/1232 982/1056/1231 1051/1148/1325 
f 1051/1148/1325 1052/1149/1326 983/1057/1232 
f 919/1150/1251 905/959/1229 983/1057/1232 
f 983/1057/1232 996/1151/1252 919/1150/1251 
f 905/959/1327 1053/1152/1328 984/1058/1329 
f 984/1058/1234 1046/1142/1330 906/960/1235 
f 1046/1142/1319 978/1051/1223 906/960/1134 
f 843/886/1144 900/953/1128 990/1066/1318 
f 909/963/1236 907/961/1135 1054/1153/1331 
f 907/961/1135 908/962/1136 1039/1128/1311 
f 838/881/1053 985/1059/1237 979/1052/1224 
f 909/963/1137 1055/1154/1332 985/1059/1237 
f 1056/1155/1333 986/1060/1238 910/964/1138 
f 989/1065/1241 987/1061/1239 912/970/1140 
f 1056/1156/1333 910/1062/1138 987/1061/1239 
f 916/972/1145 988/1063/1240 911/965/1139 
f 991/1157/1243 914/969/1142 988/1064/1240 
f 1057/1158/1334 989/1065/1241 914/969/1142 
f 915/971/1143 990/1066/1242 1058/1159/1335 
f 844/887/1059 992/1068/1244 991/1067/1243 
f 916/972/1145 991/1067/1243 988/1063/1240 
f 915/971/1143 1058/1159/1335 992/1068/1244 
f 993/1069/1245 1059/1160/1336 917/1070/1146 
f 994/1071/1246 1060/1161/1337 848/891/1148 
f 919/977/1247 995/1073/1249 1061/1162/1338 
f 848/891/1148 1060/1161/1337 995/1073/1339 
f 997/1075/1253 996/1074/1252 1062/1163/1340 
f 1062/1163/1340 1063/1164/1341 997/1075/1253 
f 1064/1165/1342 920/978/1250 997/1075/1253 
f 997/1075/1253 1065/1166/1343 1064/1165/1342 
f 920/978/1344 1066/1167/1345 998/1076/1346 
f 998/1076/1255 993/1069/1347 763/794/1256 
f 917/973/1146 1059/1168/1336 925/984/1257 
f 999/1169/1258 1001/1079/1260 853/1081/1069 
f 999/1077/1258 986/1060/1238 1056/1155/1333 
f 852/896/1068 1000/1078/1259 994/1072/1246 
f 1067/1170/1348 1000/1171/1259 921/1172/1151 
f 1001/1079/1260 1067/1173/1349 921/1080/1152 
f 924/983/1156 1068/1174/1350 922/981/1153 
f 924/983/1156 1002/1082/1261 1069/1175/1351 
f 1059/1168/1352 1002/1082/1261 925/984/1157 
f 1070/1176/1353 926/1177/1159 928/1084/1262 
f 1070/1176/1353 929/1178/1164 926/1177/1159 
f 928/1084/1161 1003/1083/1263 1071/1179/1354 
f 1071/1179/1354 1070/1176/1355 928/1084/1161 
f 1003/1083/1264 1004/1086/1265 1072/1180/1356 
f 922/981/1153 1068/1174/1350 1004/1087/1265 
f 1070/1176/1353 930/1181/1165 929/1178/1164 
f 1070/1176/1353 1005/1093/1266 930/1181/1165 
f 1006/1182/1357 1008/1091/1269 931/992/1169 
f 858/902/1079 1008/1091/1269 1007/1090/1268 
f 933/993/1176 1073/1183/1358 1006/1092/1267 
f 1074/1184/1359 934/995/1270 1005/1093/1266 
f 1075/1185/1360 1009/1094/1271 934/995/1272 
f 936/998/1175 935/997/1174 1009/1094/1271 
f 1076/1186/1361 933/993/1176 936/998/1175 
f 1010/1096/1273 937/1095/1177 1077/1187/1362 
f 937/999/1177 939/1002/1179 1078/1188/1363 
f 1010/1096/1274 1019/1106/1286 938/1001/1178 
f 942/1005/1182 1079/1189/1364 943/1006/1183 
f 1012/1098/1276 943/1006/1183 1079/1189/1364 
f 1078/1188/1363 1013/1099/1277 1012/1098/1276 
f 1078/1188/1363 939/1002/1179 1013/1099/1277 
f 1015/1101/1279 866/913/1088 1014/1100/1278 
f 945/1008/1185 1080/1190/1365 1014/1100/1278 
f 868/915/1090 1017/1103/1281 1016/1102/1280 
f 945/1008/1185 1016/1102/1280 1080/1190/1365 
f 869/916/1091 1018/1104/1285 1017/1103/1281 
f 1018/1104/1285 946/1009/1187 947/1010/1366 
f 1081/1191/1367 947/1105/1188 796/1011/1007 
f 871/919/1093 1019/1106/1286 796/1011/1007 
f 1082/1192/1368 948/1014/1189 1020/1107/1287 
f 875/926/1097 948/1014/1189 1022/1109/1289 
f 1020/1107/1287 949/1015/1190 1083/1193/1369 
f 1021/1108/1288 1083/1193/1369 949/1015/1190 
f 951/1017/1192 1022/1109/1289 1084/1194/1370 
f 953/1019/1290 1085/1195/1371 954/1020/1195 
f 953/1019/1194 1023/1110/1291 1086/1196/1372 
f 1087/1197/1373 955/1021/1196 954/1020/1195 
f 1031/1118/1300 952/1018/1193 955/1021/1196 
f 878/929/1103 1025/1112/1293 1024/1111/1292 
f 879/930/1104 1024/1111/1292 1026/1113/1294 
f 951/1022/1197 1084/1198/1374 1025/1112/1293 
f 1023/1110/1295 880/931/1105 1026/1113/1294 
f 956/1023/1198 1029/1116/1298 1027/1114/1296 
f 1088/1199/1375 1028/1115/1297 1027/1114/1296 
f 1088/1199/1375 957/1024/1199 1028/1115/1297 
f 959/1026/1202 958/1025/1200 1089/1200/1376 
f 958/1025/1200 1030/1117/1299 1090/1201/1377 
f 882/933/1201 1031/1118/1300 1030/1117/1378 
f 959/1026/1202 1091/1202/1379 1029/1116/1298 
f 961/1028/1204 957/1024/1199 1088/1199/1375 
f 960/1027/1203 1032/1119/1301 1092/1203/1380 
f 961/1028/1204 1093/1204/1381 1032/1119/1301 
f 960/1027/1203 1092/1203/1380 962/1029/1205 
f 897/1031/1207 972/1045/1217 1042/1205/1382 
f 1094/1206/1383 1033/1121/1302 964/1120/1208 
f 1095/1207/1384 964/1120/1208 965/1208/1209 
f 965/1033/1209 966/1034/1210 1096/1209/1385 
f 966/1034/1210 962/1029/1205 1092/1203/1380 
f 969/1041/1213 1097/1210/1386 967/1036/1211 
f 967/1036/1211 1098/1211/1387 968/1038/1212 
f 1099/1212/1388 969/1041/1213 1033/1121/1303 
f 1034/1122/1304 1100/1213/1389 970/1042/1215 
f 1101/1214/1390 971/1123/1216 970/1042/1215 
f 1102/1215/1391 1035/1216/1305 971/1123/1216 
f 1036/1125/1306 968/1038/1212 1098/1211/1387 
f 1037/1126/1392 1036/1125/1306 1098/1211/1387 
f 1037/1126/1307 1100/1213/1393 1034/1122/1308 
f 1035/1124/1305 1042/1205/1382 972/1045/1217 
f 973/1133/1218 974/1217/1219 1103/1218/1394 
f 1103/1218/1394 974/1217/1219 975/1139/1220 
f 1038/1127/1310 896/949/1124 1041/1132/1313 
f 1039/1128/1311 892/945/1120 1038/1127/1310 
f 894/1131/1122 1040/1130/1312 1041/1219/1313 
f 973/1133/1218 1103/1218/1394 1040/1130/1312 
f 976/1140/1221 1042/1220/1314 1104/1221/1395 
f 899/1135/1127 1045/1141/1317 1043/1136/1315 
f 1103/1218/1394 975/1139/1220 1044/1138/1316 
f 976/1140/1221 1104/1221/1395 1045/1141/1317 
f 977/1050/1222 1105/1222/1396 990/1066/1318 
f 1046/1142/1319 1105/1223/1396 977/1143/1222 
f 985/1224/1237 980/1054/1225 979/1053/1224 
f 1106/1225/1397 1047/1144/1320 980/1054/1225 
f 1107/1226/1398 904/958/1399 1048/1145/1400 
f 1048/1145/1401 981/1055/1322 1108/1227/1402 
f 1106/1225/1397 981/1055/1322 1047/1144/1320 
f 1049/1146/1323 1109/1228/1403 1110/1229/1404 
f 1110/1229/1404 1050/1147/1324 1049/1146/1323 
f 982/1056/1231 1050/1147/1324 1111/1230/1405 
f 1111/1230/1405 1051/1148/1325 982/1056/1231 
f 1052/1149/1326 1051/1148/1325 1112/1231/1406 
f 1112/1231/1406 1113/1232/1407 1052/1149/1326 
f 996/1151/1252 983/1057/1232 1052/1149/1326 
f 1052/1149/1326 1062/1233/1340 996/1151/1252 
f 905/959/1327 1114/1234/1408 1053/1152/1328 
f 984/1058/1329 1053/1152/1328 1115/1235/1409 
f 1046/1142/1319 984/1058/1410 1105/1223/1396 
f 909/963/1236 1054/1153/1331 1055/1154/1411 
f 907/961/1135 1039/1128/1311 1054/1153/1331 
f 1106/1225/1397 985/1224/1237 1055/1236/1332 
f 1116/1237/1412 987/1061/1239 989/1065/1241 
f 1116/1237/1412 1056/1156/1333 987/1061/1239 
f 991/1157/1243 1117/1238/1413 914/969/1142 
f 1114/1234/1408 1057/1158/1334 914/969/1142 
f 1057/1158/1334 1118/1239/1414 989/1065/1241 
f 1105/1222/1415 1058/1159/1335 990/1066/1242 
f 992/1240/1244 1117/1238/1413 991/1157/1243 
f 1117/1238/1413 992/1240/1244 1058/1241/1335 
f 993/1069/1245 998/1076/1416 1059/1160/1336 
f 1000/1171/1259 1060/1161/1337 994/1071/1246 
f 1057/1158/1334 919/1150/1417 1061/1242/1418 
f 1061/1162/1419 995/1073/1339 1067/1170/1348 
f 1000/1171/1259 995/1073/1339 1060/1161/1337 
f 1063/1164/1341 1062/1163/1340 1119/1243/1420 
f 1119/1243/1420 1120/1244/1421 1063/1164/1341 
f 1065/1166/1343 997/1075/1253 1063/1164/1341 
f 1063/1164/1341 1121/1245/1422 1065/1166/1343 
f 1122/1246/1423 920/978/1344 1064/1165/1424 
f 1064/1165/1424 1123/1247/1425 1122/1246/1423 
f 1076/1186/1426 1064/1165/1342 1065/1166/1343 
f 1065/1166/1343 1124/1248/1427 1076/1186/1426 
f 920/978/1344 1122/1246/1423 1066/1167/1345 
f 998/1076/1346 1066/1167/1345 1125/1249/1428 
f 1116/1237/1412 1001/1079/1260 999/1169/1258 
f 1116/1237/1412 999/1169/1258 1056/1156/1333 
f 995/1073/1339 1000/1171/1259 1067/1170/1348 
f 1118/1239/1414 1067/1173/1349 1001/1079/1260 
f 924/983/1156 1069/1175/1351 1068/1174/1350 
f 1126/1250/1429 1069/1251/1351 1002/1252/1261 
f 1059/1160/1352 1125/1249/1428 1002/1252/1261 
f 1071/1179/1430 1003/1083/1264 1072/1180/1356 
f 1070/1176/1353 1071/1179/1430 1122/1246/1423 
f 1122/1246/1423 1123/1247/1425 1070/1176/1353 
f 1068/1253/1350 1072/1180/1356 1004/1086/1265 
f 1070/1176/1353 1074/1184/1359 1005/1093/1266 
f 1006/1092/1357 1127/1254/1431 1008/1255/1269 
f 1128/1256/1432 1007/1257/1268 1008/1255/1269 
f 1076/1186/1361 1073/1183/1358 933/993/1176 
f 1073/1183/1433 1127/1254/1431 1006/1092/1357 
f 1074/1184/1359 1075/1185/1434 934/995/1270 
f 1064/1165/1435 1009/1094/1271 1075/1185/1360 
f 1064/1165/1435 936/998/1175 1009/1094/1271 
f 1064/1165/1435 1076/1186/1361 936/998/1175 
f 1010/1096/1273 1077/1187/1362 1019/1106/1436 
f 937/1095/1177 1078/1258/1363 1077/1187/1362 
f 942/1005/1182 1129/1259/1437 1079/1189/1364 
f 1130/1260/1438 1012/1261/1276 1079/1262/1364 
f 1131/1263/1439 1078/1258/1363 1012/1261/1276 
f 1132/1264/1440 1015/1101/1279 1014/1100/1278 
f 1133/1265/1441 1021/1108/1288 1015/1101/1279 
f 1132/1264/1440 1014/1100/1278 1080/1190/1365 
f 1017/1103/1281 1134/1266/1442 1016/1102/1280 
f 1017/1103/1281 1018/1104/1285 1135/1267/1443 
f 1018/1104/1285 947/1010/1366 1136/1268/1444 
f 947/1269/1188 1081/1191/1367 1137/1270/1445 
f 1137/1270/1445 1138/1271/1446 947/1269/1188 
f 1082/1192/1368 1020/1107/1287 1139/1272/1447 
f 1022/1109/1289 948/1014/1189 1082/1192/1368 
f 1139/1272/1447 1020/1107/1287 1083/1193/1369 
f 1021/1108/1288 1133/1265/1441 1083/1193/1369 
f 1084/1194/1370 1022/1109/1289 1140/1273/1448 
f 953/1019/1290 1086/1196/1449 1085/1195/1371 
f 1087/1197/1373 954/1020/1195 1085/1195/1371 
f 1086/1196/1372 1023/1110/1291 1141/1274/1450 
f 1031/1118/1300 955/1021/1196 1087/1197/1373 
f 1025/1112/1293 1142/1275/1451 1024/1111/1292 
f 1024/1111/1292 1143/1276/1452 1026/1113/1294 
f 1025/1112/1293 1084/1198/1374 1144/1277/1453 
f 1141/1274/1454 1023/1110/1295 1026/1113/1294 
f 1029/1116/1298 1145/1278/1455 1027/1114/1296 
f 1093/1204/1381 1088/1199/1375 1027/1114/1296 
f 959/1026/1202 1089/1200/1376 1091/1202/1379 
f 958/1025/1200 1090/1201/1377 1089/1200/1376 
f 1090/1201/1377 1030/1117/1299 1146/1279/1456 
f 1030/1117/1378 1031/1118/1300 1147/1280/1457 
f 1029/1116/1298 1091/1202/1379 1145/1278/1455 
f 961/1028/1204 1088/1199/1375 1093/1204/1381 
f 1032/1119/1301 1148/1281/1458 1092/1203/1380 
f 1095/1207/1384 1094/1206/1383 964/1120/1208 
f 1094/1206/1383 1149/1282/1459 1033/1121/1302 
f 1095/1207/1384 965/1208/1209 1096/1283/1385 
f 1096/1209/1385 966/1034/1210 1092/1203/1380 
f 969/1041/1213 1099/1212/1388 1097/1210/1386 
f 967/1036/1211 1097/1210/1386 1098/1211/1387 
f 1149/1282/1460 1099/1212/1388 1033/1121/1303 
f 1101/1214/1390 970/1042/1215 1100/1213/1389 
f 1102/1215/1391 971/1123/1216 1101/1214/1390 
f 1102/1215/1391 1150/1284/1461 1035/1216/1305 
f 1097/1210/1386 1037/1126/1392 1098/1211/1387 
f 1037/1126/1462 1109/1228/1463 1049/1146/1464 
f 1049/1146/1464 1100/1213/1465 1037/1126/1462 
f 1035/1216/1305 1150/1284/1461 1042/1285/1382 
f 1151/1286/1466 1038/1127/1310 1041/1132/1313 
f 1152/1287/1467 1039/1128/1311 1038/1127/1310 
f 1040/1130/1312 1153/1288/1468 1041/1219/1313 
f 1150/1289/1469 1104/1221/1395 1042/1220/1314 
f 1045/1141/1317 1154/1290/1470 1043/1136/1315 
f 1155/1291/1471 1044/1138/1316 1156/1292/1472 
f 1155/1291/1471 1103/1218/1394 1044/1138/1316 
f 1157/1293/1473 1045/1141/1317 1104/1221/1395 
f 985/1224/1237 1106/1225/1397 980/1054/1225 
f 1107/1226/1398 1048/1145/1400 1158/1294/1474 
f 1158/1294/1474 1048/1145/1400 1108/1227/1475 
f 981/1055/1322 1106/1225/1397 1108/1227/1402 
f 1049/1146/1476 1159/1295/1477 1160/1296/1478 
f 1109/1228/1403 1161/1297/1479 1162/1298/1480 
f 1162/1298/1480 1110/1229/1404 1109/1228/1403 
f 1050/1147/1324 1110/1229/1404 1163/1299/1481 
f 1163/1299/1481 1111/1230/1405 1050/1147/1324 
f 1051/1148/1325 1111/1230/1405 1164/1300/1482 
f 1164/1300/1482 1112/1231/1406 1051/1148/1325 
f 1113/1232/1407 1112/1231/1406 1165/1301/1483 
f 1165/1301/1483 1166/1302/1484 1113/1232/1407 
f 1062/1233/1340 1052/1149/1326 1113/1232/1407 
f 1113/1232/1407 1119/1303/1420 1062/1233/1340 
f 1114/1234/1408 914/969/1142 1053/1152/1328 
f 984/1058/1329 1115/1235/1409 1105/1223/1415 
f 1053/1152/1328 1117/1238/1413 1115/1235/1409 
f 1167/1304/1485 1055/1154/1411 1054/1153/1331 
f 1152/1287/1467 1054/1153/1331 1039/1128/1311 
f 1108/1227/1402 1106/1225/1397 1055/1236/1332 
f 1118/1239/1414 1116/1237/1412 989/1065/1241 
f 1053/1152/1328 914/969/1142 1117/1238/1413 
f 1057/1158/1334 1061/1242/1418 1118/1239/1414 
f 1105/1223/1415 1115/1235/1409 1058/1241/1335 
f 1115/1235/1409 1117/1238/1413 1058/1241/1335 
f 998/1076/1346 1125/1249/1428 1059/1160/1352 
f 1118/1239/1414 1061/1242/1418 1067/1173/1349 
f 1120/1244/1421 1119/1243/1420 1168/1305/1486 
f 1168/1305/1486 1169/1306/1487 1120/1244/1421 
f 1121/1245/1422 1063/1164/1341 1120/1244/1421 
f 1120/1244/1421 1170/1307/1488 1121/1245/1422 
f 1124/1248/1427 1065/1166/1343 1121/1245/1422 
f 1121/1245/1422 1171/1308/1489 1124/1248/1427 
f 1123/1247/1425 1064/1165/1424 1075/1185/1434 
f 1172/1309/1490 1076/1186/1426 1124/1248/1427 
f 1124/1248/1427 1173/1310/1491 1172/1309/1490 
f 1122/1246/1423 1071/1179/1430 1066/1167/1345 
f 1116/1237/1412 1118/1239/1414 1001/1079/1260 
f 1069/1251/1351 1174/1311/1492 1068/1253/1350 
f 1125/1249/1428 1126/1250/1429 1002/1252/1261 
f 1069/1251/1351 1126/1250/1429 1174/1311/1492 
f 1071/1179/1430 1072/1180/1356 1174/1311/1492 
f 1123/1247/1425 1074/1184/1359 1070/1176/1353 
f 1068/1253/1350 1174/1311/1492 1072/1180/1356 
f 1127/1254/1431 1128/1256/1432 1008/1255/1269 
f 1175/1312/1493 1128/1256/1432 1127/1254/1431 
f 1176/1313/1494 1177/1314/1495 1175/1312/1493 
f 1076/1186/1496 1178/1315/1497 1073/1183/1433 
f 1073/1183/1433 1178/1315/1497 1127/1254/1431 
f 1123/1247/1425 1075/1185/1434 1074/1184/1359 
f 1179/1316/1498 1019/1106/1436 1077/1187/1362 
f 1131/1263/1439 1077/1187/1362 1078/1258/1363 
f 1129/1317/1437 1180/1318/1499 1079/1262/1364 
f 1176/1313/1500 1181/1319/1501 1182/1320/1502 
f 1129/1317/1437 1181/1319/1503 1180/1318/1499 
f 1130/1260/1438 1079/1262/1364 1180/1318/1499 
f 1131/1263/1439 1012/1261/1276 1130/1260/1438 
f 1133/1265/1441 1015/1101/1279 1132/1264/1440 
f 1183/1321/1504 1132/1264/1440 1080/1190/1365 
f 1017/1103/1281 1135/1267/1443 1134/1266/1442 
f 1134/1266/1442 1184/1322/1505 1185/1323/1506 
f 1183/1321/1504 1080/1190/1365 1185/1323/1506 
f 1018/1104/1285 1136/1268/1444 1135/1267/1443 
f 1138/1324/1507 1136/1268/1444 947/1010/1366 
f 1081/1191/1508 1186/1325/1509 1137/1270/1510 
f 1137/1270/1510 1187/1326/1511 1138/1271/1507 
f 1188/1327/1512 1082/1192/1368 1139/1272/1447 
f 1022/1109/1289 1082/1192/1368 1140/1273/1448 
f 1139/1272/1447 1083/1193/1369 1189/1328/1513 
f 1133/1265/1441 1189/1328/1513 1083/1193/1369 
f 1084/1194/1370 1140/1273/1448 1190/1329/1514 
f 1086/1196/1449 1191/1330/1515 1085/1195/1371 
f 1192/1331/1516 1087/1197/1373 1085/1195/1371 
f 1086/1196/1372 1141/1274/1450 1193/1332/1517 
f 1147/1280/1457 1031/1118/1300 1087/1197/1373 
f 1025/1112/1293 1144/1277/1453 1142/1275/1451 
f 1024/1111/1292 1142/1275/1451 1143/1276/1452 
f 1141/1274/1454 1026/1113/1294 1143/1276/1452 
f 1084/1198/1374 1190/1333/1518 1144/1277/1453 
f 1093/1204/1381 1027/1114/1296 1145/1278/1455 
f 1089/1200/1376 1194/1334/1519 1091/1202/1379 
f 1089/1200/1376 1090/1201/1377 1195/1335/1520 
f 1090/1201/1377 1146/1279/1456 1196/1336/1521 
f 1030/1117/1378 1147/1280/1457 1146/1279/1522 
f 1091/1202/1379 1197/1337/1523 1145/1278/1455 
f 1032/1119/1301 1198/1338/1524 1148/1281/1458 
f 1096/1209/1385 1092/1203/1380 1148/1281/1458 
f 1199/1339/1525 1093/1204/1381 1145/1278/1455 
f 1200/1340/1526 1198/1341/1527 1199/1342/1528 
f 1201/1343/1529 1094/1206/1530 1095/1207/1531 
f 1202/1344/1532 1149/1282/1459 1094/1206/1383 
f 1095/1207/1384 1096/1283/1385 1203/1345/1533 
f 1099/1212/1388 1204/1346/1534 1097/1210/1386 
f 1205/1347/1535 1099/1212/1388 1149/1282/1460 
f 1102/1215/1391 1101/1214/1390 1100/1213/1389 
f 1102/1215/1391 1206/1348/1536 1150/1284/1461 
f 1097/1210/1386 1204/1346/1534 1037/1126/1392 
f 1109/1228/1537 1037/1126/1538 1205/1347/1539 
f 1049/1146/1540 1102/1215/1541 1100/1213/1542 
f 1151/1349/1466 1041/1219/1313 1153/1288/1468 
f 1152/1287/1467 1038/1127/1310 1151/1286/1466 
f 1040/1130/1312 1207/1350/1543 1153/1288/1468 
f 1150/1289/1469 1208/1351/1544 1104/1221/1395 
f 1045/1141/1317 1157/1293/1473 1154/1290/1470 
f 1157/1293/1473 1209/1352/1545 1154/1290/1470 
f 1210/1353/1546 1209/1352/1545 1211/1354/1547 
f 1155/1291/1471 1156/1292/1472 1210/1353/1546 
f 1208/1351/1544 1157/1293/1473 1104/1221/1395 
f 1107/1226/1548 1158/1294/1549 1212/1355/1550 
f 1158/1294/1474 1108/1227/1475 1167/1356/1485 
f 1049/1146/1476 1160/1296/1478 1206/1357/1551 
f 1159/1295/1552 1211/1354/1553 1160/1296/1554 
f 1159/1295/1552 1210/1353/1555 1211/1354/1553 
f 1213/1358/1556 1161/1297/1557 1109/1228/1558 
f 1109/1228/1558 1214/1359/1559 1213/1358/1556 
f 1161/1297/1479 1215/1360/1560 1216/1361/1561 
f 1216/1361/1561 1162/1298/1480 1161/1297/1479 
f 1110/1229/1404 1162/1298/1480 1217/1362/1562 
f 1217/1362/1562 1163/1299/1481 1110/1229/1404 
f 1111/1230/1405 1163/1299/1481 1218/1363/1563 
f 1218/1363/1563 1164/1300/1482 1111/1230/1405 
f 1112/1231/1406 1164/1300/1482 1219/1364/1564 
f 1219/1364/1564 1165/1301/1483 1112/1231/1406 
f 1166/1302/1484 1165/1301/1483 1220/1365/1565 
f 1220/1365/1565 1221/1366/1566 1166/1302/1484 
f 1119/1303/1420 1113/1232/1407 1166/1302/1484 
f 1166/1302/1484 1168/1367/1486 1119/1303/1420 
f 1152/1287/1467 1167/1304/1485 1054/1153/1331 
f 1167/1356/1485 1108/1227/1475 1055/1236/1411 
f 1169/1306/1487 1168/1305/1486 1222/1368/1567 
f 1222/1368/1567 1223/1369/1568 1169/1306/1487 
f 1170/1307/1488 1120/1244/1421 1169/1306/1487 
f 1169/1306/1487 1224/1370/1569 1170/1307/1488 
f 1171/1308/1489 1121/1245/1422 1170/1307/1488 
f 1170/1307/1488 1225/1371/1570 1171/1308/1489 
f 1173/1310/1491 1124/1248/1427 1171/1308/1489 
f 1171/1308/1489 1226/1372/1571 1173/1310/1491 
f 1227/1373/1572 1076/1186/1496 1172/1309/1573 
f 1172/1309/1573 1228/1374/1574 1227/1373/1572 
f 1081/1191/1367 1172/1309/1490 1173/1310/1491 
f 1173/1310/1491 1229/1375/1575 1081/1191/1367 
f 1126/1250/1429 1071/1179/1430 1174/1311/1492 
f 1178/1315/1497 1175/1312/1493 1127/1254/1431 
f 1227/1373/1576 1176/1313/1500 1175/1312/1577 
f 1176/1313/1494 1182/1320/1578 1230/1376/1579 
f 1076/1186/1496 1227/1373/1572 1178/1315/1497 
f 1131/1263/1439 1179/1316/1498 1077/1187/1362 
f 1179/1316/1498 1231/1377/1580 1019/1106/1436 
f 1176/1313/1500 1232/1378/1581 1181/1319/1501 
f 1181/1319/1503 1232/1378/1582 1180/1318/1499 
f 1233/1379/1583 1130/1260/1438 1180/1318/1499 
f 1234/1380/1584 1131/1263/1439 1130/1260/1438 
f 1235/1381/1585 1134/1266/1442 1135/1267/1443 
f 1135/1267/1443 1236/1382/1586 1235/1381/1585 
f 1134/1266/1442 1235/1381/1585 1184/1322/1505 
f 1237/1383/1587 1185/1323/1506 1184/1322/1505 
f 1237/1383/1587 1183/1321/1504 1185/1323/1506 
f 1236/1382/1586 1135/1267/1443 1136/1268/1444 
f 1138/1324/1507 1187/1384/1511 1136/1268/1444 
f 1019/1106/1286 1231/1377/1588 1238/1385/1589 
f 1081/1191/1508 1239/1386/1590 1186/1325/1509 
f 1137/1270/1510 1186/1325/1509 1187/1326/1511 
f 1188/1327/1512 1139/1272/1447 1240/1387/1591 
f 1188/1327/1512 1140/1273/1448 1082/1192/1368 
f 1240/1387/1591 1139/1272/1447 1189/1328/1513 
f 1133/1265/1441 1241/1388/1592 1189/1328/1513 
f 1242/1389/1593 1190/1329/1514 1140/1273/1448 
f 1086/1196/1449 1193/1332/1594 1191/1330/1515 
f 1192/1331/1516 1085/1195/1371 1191/1330/1515 
f 1147/1280/1457 1087/1197/1373 1192/1331/1516 
f 1243/1390/1595 1193/1332/1517 1141/1274/1450 
f 1144/1277/1453 1244/1391/1596 1142/1275/1451 
f 1142/1275/1451 1245/1392/1597 1143/1276/1452 
f 1246/1393/1598 1141/1274/1454 1143/1276/1452 
f 1247/1394/1599 1144/1277/1453 1190/1333/1518 
f 1089/1200/1376 1195/1335/1520 1194/1334/1519 
f 1091/1202/1379 1194/1334/1519 1197/1337/1523 
f 1090/1201/1377 1196/1336/1521 1195/1335/1520 
f 1248/1395/1600 1196/1336/1521 1146/1279/1456 
f 1249/1396/1601 1146/1279/1522 1147/1280/1457 
f 1199/1339/1525 1145/1278/1455 1197/1337/1523 
f 1198/1341/1524 1250/1397/1602 1148/1398/1458 
f 1203/1345/1533 1096/1283/1385 1148/1398/1458 
f 1200/1340/1603 1199/1342/1525 1197/1399/1523 
f 1200/1340/1526 1251/1400/1604 1198/1341/1527 
f 1201/1343/1529 1095/1207/1531 1250/1397/1605 
f 1201/1343/1529 1202/1344/1606 1094/1206/1530 
f 1202/1344/1532 1252/1401/1607 1149/1282/1459 
f 1095/1207/1384 1203/1345/1533 1250/1397/1602 
f 1099/1212/1388 1205/1347/1535 1204/1346/1534 
f 1252/1401/1608 1205/1347/1535 1149/1282/1460 
f 1049/1146/1540 1206/1348/1609 1102/1215/1541 
f 1206/1357/1551 1208/1351/1544 1150/1289/1469 
f 1037/1126/1392 1204/1346/1534 1205/1347/1535 
f 1109/1228/1537 1205/1347/1539 1252/1401/1610 
f 1253/1402/1611 1151/1349/1466 1153/1288/1468 
f 1254/1403/1612 1152/1404/1467 1151/1349/1466 
f 1207/1350/1543 1212/1355/1613 1153/1288/1468 
f 1157/1293/1473 1211/1354/1547 1209/1352/1545 
f 1211/1354/1547 1157/1293/1473 1208/1351/1544 
f 1158/1294/1549 1254/1403/1614 1212/1355/1550 
f 1254/1403/1612 1158/1294/1474 1167/1356/1485 
f 1206/1357/1551 1160/1296/1478 1208/1351/1544 
f 1160/1296/1478 1211/1354/1547 1208/1351/1544 
f 1161/1297/1557 1213/1358/1556 1255/1405/1615 
f 1214/1359/1559 1109/1228/1558 1252/1401/1607 
f 1256/1406/1616 1213/1358/1556 1214/1359/1559 
f 1214/1359/1559 1201/1343/1617 1256/1406/1616 
f 1215/1360/1560 1081/1191/1367 1229/1375/1575 
f 1229/1375/1575 1216/1361/1561 1215/1360/1560 
f 1162/1298/1480 1216/1361/1561 1257/1407/1618 
f 1257/1407/1618 1217/1362/1562 1162/1298/1480 
f 1163/1299/1481 1217/1362/1562 1258/1408/1619 
f 1258/1408/1619 1218/1363/1563 1163/1299/1481 
f 1164/1300/1482 1218/1363/1563 1259/1409/1620 
f 1259/1409/1620 1219/1364/1564 1164/1300/1482 
f 1165/1301/1483 1219/1364/1564 1260/1410/1621 
f 1260/1410/1621 1220/1365/1565 1165/1301/1483 
f 1221/1366/1566 1220/1365/1565 1261/1411/1622 
f 1261/1411/1622 1262/1412/1623 1221/1366/1566 
f 1168/1367/1486 1166/1302/1484 1221/1366/1566 
f 1221/1366/1566 1222/1413/1567 1168/1367/1486 
f 1254/1403/1612 1167/1356/1485 1152/1404/1467 
f 1223/1369/1568 1222/1368/1567 1263/1414/1624 
f 1263/1414/1624 1264/1415/1625 1223/1369/1568 
f 1224/1370/1569 1169/1306/1487 1223/1369/1568 
f 1223/1369/1568 1265/1416/1626 1224/1370/1569 
f 1225/1371/1570 1170/1307/1488 1224/1370/1569 
f 1224/1370/1569 1266/1417/1627 1225/1371/1570 
f 1226/1372/1571 1171/1308/1489 1225/1371/1570 
f 1225/1371/1570 1267/1418/1628 1226/1372/1571 
f 1228/1374/1574 1172/1309/1573 1238/1385/1629 
f 1176/1313/1494 1227/1373/1572 1228/1374/1574 
f 1228/1374/1574 1232/1378/1582 1176/1313/1494 
f 1227/1373/1576 1175/1312/1577 1178/1315/1630 
f 1234/1380/1584 1179/1316/1498 1131/1263/1439 
f 1268/1419/1631 1231/1377/1580 1179/1316/1498 
f 1233/1379/1583 1180/1318/1499 1232/1378/1582 
f 1234/1380/1584 1130/1260/1438 1233/1379/1583 
f 1237/1383/1587 1241/1388/1592 1183/1321/1504 
f 1184/1420/1505 1235/1421/1585 1236/1422/1586 
f 1237/1423/1587 1184/1420/1505 1186/1325/1509 
f 1187/1384/1511 1236/1382/1586 1136/1268/1444 
f 1268/1419/1631 1238/1385/1629 1231/1377/1580 
f 1239/1386/1590 1237/1423/1587 1186/1325/1509 
f 1236/1422/1586 1187/1326/1511 1186/1325/1509 
f 1240/1424/1591 1269/1425/1632 1237/1423/1587 
f 1237/1423/1587 1242/1426/1593 1188/1427/1512 
f 1240/1424/1591 1237/1423/1587 1188/1427/1512 
f 1188/1327/1512 1242/1389/1593 1140/1273/1448 
f 1240/1387/1591 1189/1328/1513 1269/1428/1632 
f 1241/1388/1592 1269/1428/1632 1189/1328/1513 
f 1242/1389/1593 1270/1429/1633 1190/1329/1514 
f 1193/1332/1594 1271/1430/1634 1191/1330/1515 
f 1272/1431/1635 1192/1331/1516 1191/1330/1515 
f 1249/1396/1601 1147/1280/1457 1192/1331/1516 
f 1246/1393/1636 1243/1390/1595 1141/1274/1450 
f 1193/1332/1594 1243/1390/1637 1271/1430/1634 
f 1144/1277/1453 1247/1394/1599 1244/1391/1596 
f 1142/1275/1451 1244/1391/1596 1245/1392/1597 
f 1246/1393/1598 1143/1276/1452 1245/1392/1597 
f 1270/1432/1638 1247/1394/1599 1190/1333/1518 
f 1195/1433/1520 1273/1434/1639 1194/1435/1519 
f 1194/1435/1519 1274/1436/1640 1197/1399/1523 
f 1275/1437/1641 1195/1433/1520 1196/1438/1521 
f 1249/1396/1601 1248/1395/1642 1146/1279/1522 
f 1248/1439/1600 1276/1440/1643 1196/1438/1521 
f 1198/1341/1524 1251/1400/1644 1250/1397/1602 
f 1203/1345/1533 1148/1398/1458 1250/1397/1602 
f 1200/1340/1603 1197/1399/1523 1274/1436/1640 
f 1201/1343/1529 1251/1400/1604 1200/1340/1526 
f 1201/1343/1529 1250/1397/1605 1251/1400/1604 
f 1214/1359/1559 1202/1344/1532 1201/1343/1617 
f 1214/1359/1559 1252/1401/1607 1202/1344/1532 
f 1253/1402/1611 1153/1288/1468 1212/1355/1613 
f 1254/1403/1612 1151/1349/1466 1253/1402/1611 
f 1254/1403/1612 1253/1402/1611 1212/1355/1613 
f 1161/1297/1557 1255/1405/1615 1277/1441/1645 
f 1213/1358/1556 1256/1406/1616 1255/1405/1615 
f 1256/1406/1646 1201/1343/1529 1274/1436/1647 
f 1278/1442/1648 1161/1297/1649 1277/1441/1650 
f 1216/1361/1561 1229/1375/1575 1279/1443/1651 
f 1279/1443/1651 1257/1407/1618 1216/1361/1561 
f 1217/1362/1562 1257/1407/1618 1280/1444/1652 
f 1280/1444/1652 1258/1408/1619 1217/1362/1562 
f 1218/1363/1563 1258/1408/1619 1281/1445/1653 
f 1281/1445/1653 1259/1409/1620 1218/1363/1563 
f 1219/1364/1564 1259/1409/1620 1282/1446/1654 
f 1282/1446/1654 1260/1410/1621 1219/1364/1564 
f 1220/1365/1565 1260/1410/1621 1283/1447/1655 
f 1283/1447/1655 1261/1411/1622 1220/1365/1565 
f 1262/1448/1623 1261/1449/1622 1284/1450/1656 
f 1284/1450/1656 1285/1451/1657 1262/1448/1623 
f 1222/1413/1567 1221/1366/1566 1262/1412/1623 
f 1262/1412/1623 1263/1452/1624 1222/1413/1567 
f 1264/1453/1625 1263/1454/1624 1286/1455/1658 
f 1286/1455/1658 1287/1456/1659 1264/1453/1625 
f 1265/1416/1626 1223/1369/1568 1264/1415/1625 
f 1264/1415/1625 1288/1457/1660 1265/1416/1626 
f 1266/1417/1627 1224/1370/1569 1265/1416/1626 
f 1265/1416/1626 1289/1458/1661 1266/1417/1627 
f 1267/1418/1628 1225/1371/1570 1266/1417/1627 
f 1266/1417/1627 1290/1459/1662 1267/1418/1628 
f 1228/1374/1574 1238/1385/1629 1268/1419/1631 
f 1228/1374/1663 1268/1419/1664 1232/1378/1581 
f 1234/1380/1584 1268/1419/1631 1179/1316/1498 
f 1234/1380/1584 1233/1379/1583 1232/1378/1582 
f 1241/1388/1592 1237/1383/1587 1269/1428/1632 
f 1184/1420/1505 1236/1422/1586 1186/1325/1509 
f 1291/1460/1665 1215/1360/1666 1292/1461/1667 
f 1239/1386/1590 1291/1460/1665 1237/1423/1587 
f 1293/1462/1668 1242/1426/1593 1237/1423/1587 
f 1293/1462/1668 1270/1463/1633 1242/1426/1593 
f 1272/1431/1635 1191/1330/1515 1271/1430/1634 
f 1249/1396/1601 1192/1331/1516 1272/1431/1635 
f 1278/1442/1669 1243/1464/1595 1246/1465/1636 
f 1243/1464/1637 1278/1442/1670 1271/1466/1634 
f 1247/1467/1599 1294/1468/1671 1244/1469/1596 
f 1244/1469/1596 1295/1470/1672 1245/1471/1597 
f 1246/1465/1598 1245/1471/1597 1295/1470/1672 
f 1296/1472/1673 1247/1467/1599 1270/1463/1638 
f 1195/1433/1520 1275/1437/1641 1273/1434/1639 
f 1194/1435/1519 1273/1434/1639 1274/1436/1640 
f 1276/1440/1643 1275/1437/1641 1196/1438/1521 
f 1297/1473/1674 1248/1395/1642 1249/1396/1601 
f 1277/1441/1645 1276/1440/1643 1248/1439/1600 
f 1201/1343/1529 1200/1340/1526 1274/1436/1647 
f 1277/1441/1645 1255/1405/1615 1276/1440/1643 
f 1255/1405/1675 1256/1406/1646 1274/1436/1647 
f 1215/1360/1676 1295/1470/1677 1296/1472/1678 
f 1278/1442/1648 1277/1441/1650 1297/1474/1679 
f 1257/1407/1618 1279/1443/1651 1298/1475/1680 
f 1298/1475/1680 1280/1444/1652 1257/1407/1618 
f 1258/1408/1619 1280/1444/1652 1299/1476/1681 
f 1299/1476/1681 1281/1445/1653 1258/1408/1619 
f 1259/1409/1620 1281/1445/1653 1300/1477/1682 
f 1300/1477/1682 1282/1446/1654 1259/1409/1620 
f 1260/1410/1621 1282/1446/1654 1301/1478/1683 
f 1301/1478/1683 1283/1447/1655 1260/1410/1621 
f 1261/1449/1622 1283/1479/1655 1302/1480/1684 
f 1302/1480/1684 1284/1450/1656 1261/1449/1622 
f 1285/1451/1657 1284/1450/1656 1303/1481/1685 
f 1303/1481/1685 1304/1482/1686 1285/1451/1657 
f 1263/1454/1624 1262/1448/1623 1285/1451/1657 
f 1285/1451/1657 1286/1455/1658 1263/1454/1624 
f 1287/1456/1659 1286/1455/1658 1305/1483/1687 
f 1305/1483/1687 1306/1484/1688 1287/1456/1659 
f 1288/1485/1660 1264/1453/1625 1287/1456/1659 
f 1287/1456/1659 1307/1486/1689 1288/1485/1660 
f 1289/1458/1661 1265/1416/1626 1288/1457/1660 
f 1288/1457/1660 1308/1487/1690 1289/1458/1661 
f 1290/1459/1662 1266/1417/1627 1289/1458/1661 
f 1289/1458/1661 1309/1488/1691 1290/1459/1662 
f 1298/1475/1680 1267/1418/1628 1290/1459/1662 
f 1290/1459/1662 1310/1489/1692 1298/1475/1680 
f 1268/1419/1664 1234/1380/1693 1232/1378/1581 
f 1291/1460/1665 1292/1461/1667 1293/1462/1668 
f 1215/1360/1676 1296/1472/1678 1292/1461/1694 
f 1291/1460/1665 1293/1462/1668 1237/1423/1587 
f 1293/1462/1668 1292/1461/1667 1270/1463/1633 
f 1311/1490/1695 1272/1431/1635 1271/1430/1634 
f 1297/1473/1674 1249/1396/1601 1272/1431/1635 
f 1295/1470/1696 1278/1442/1669 1246/1465/1636 
f 1311/1491/1695 1271/1466/1634 1278/1442/1670 
f 1247/1467/1599 1296/1472/1673 1294/1468/1671 
f 1244/1469/1596 1294/1468/1671 1295/1470/1672 
f 1292/1461/1697 1296/1472/1673 1270/1463/1638 
f 1274/1436/1640 1273/1434/1639 1275/1437/1641 
f 1255/1405/1675 1275/1437/1698 1276/1440/1699 
f 1297/1474/1674 1277/1441/1700 1248/1439/1642 
f 1255/1405/1675 1274/1436/1647 1275/1437/1698 
f 1295/1470/1672 1294/1468/1671 1296/1472/1673 
f 1280/1444/1652 1298/1475/1680 1310/1489/1692 
f 1310/1489/1692 1299/1476/1681 1280/1444/1652 
f 1281/1445/1653 1299/1476/1681 1312/1492/1701 
f 1312/1492/1701 1300/1477/1682 1281/1445/1653 
f 1282/1446/1654 1300/1477/1682 1313/1493/1702 
f 1313/1493/1702 1301/1478/1683 1282/1446/1654 
f 1283/1479/1655 1301/1494/1683 1314/1495/1703 
f 1314/1495/1703 1302/1480/1684 1283/1479/1655 
f 1284/1450/1656 1302/1480/1684 1315/1496/1704 
f 1315/1496/1704 1303/1481/1685 1284/1450/1656 
f 1304/1482/1686 1303/1481/1685 1316/1497/1705 
f 1316/1497/1705 1317/1498/1706 1304/1482/1686 
f 1286/1455/1658 1285/1451/1657 1304/1482/1686 
f 1304/1482/1686 1305/1483/1687 1286/1455/1658 
f 1306/1484/1688 1305/1483/1687 1318/1499/1707 
f 1318/1499/1707 1319/1500/1708 1306/1484/1688 
f 1307/1486/1689 1287/1456/1659 1306/1484/1688 
f 1306/1484/1688 1320/1501/1709 1307/1486/1689 
f 1308/1502/1690 1288/1485/1660 1307/1486/1689 
f 1307/1486/1689 1321/1503/1710 1308/1502/1690 
f 1309/1488/1691 1289/1458/1661 1308/1487/1690 
f 1308/1487/1690 1322/1504/1711 1309/1488/1691 
f 1310/1489/1692 1290/1459/1662 1309/1488/1691 
f 1309/1488/1691 1323/1505/1712 1310/1489/1692 
f 1297/1473/1674 1272/1431/1635 1311/1490/1695 
f 1297/1474/1674 1311/1491/1695 1278/1442/1670 
f 1299/1476/1681 1310/1489/1692 1323/1505/1712 
f 1323/1505/1712 1312/1492/1701 1299/1476/1681 
f 1300/1477/1682 1312/1492/1701 1324/1506/1713 
f 1324/1506/1713 1313/1493/1702 1300/1477/1682 
f 1301/1494/1683 1313/1507/1702 1325/1508/1714 
f 1325/1508/1714 1314/1495/1703 1301/1494/1683 
f 1302/1480/1684 1314/1495/1703 1326/1509/1715 
f 1326/1509/1715 1315/1496/1704 1302/1480/1684 
f 1303/1481/1685 1315/1496/1704 1327/1510/1716 
f 1327/1510/1716 1316/1497/1705 1303/1481/1685 
f 1316/1497/1705 1328/1511/1717 1317/1498/1706 
f 1305/1483/1687 1304/1482/1686 1317/1498/1706 
f 1317/1498/1706 1318/1499/1707 1305/1483/1687 
f 1318/1499/1707 1328/1511/1717 1319/1500/1708 
f 1320/1501/1709 1306/1484/1688 1319/1500/1708 
f 1319/1500/1708 1329/1512/1718 1320/1501/1709 
f 1321/1503/1710 1307/1486/1689 1320/1501/1709 
f 1320/1501/1709 1330/1513/1719 1321/1503/1710 
f 1322/1514/1711 1308/1502/1690 1321/1503/1710 
f 1321/1503/1710 1331/1515/1720 1322/1514/1711 
f 1323/1505/1712 1309/1488/1691 1322/1504/1711 
f 1322/1504/1711 1332/1516/1721 1323/1505/1712 
f 1312/1492/1701 1323/1505/1712 1332/1516/1721 
f 1332/1516/1721 1324/1506/1713 1312/1492/1701 
f 1313/1507/1702 1324/1517/1713 1333/1518/1722 
f 1333/1518/1722 1325/1508/1714 1313/1507/1702 
f 1314/1495/1703 1325/1508/1714 1334/1519/1723 
f 1334/1519/1723 1326/1509/1715 1314/1495/1703 
f 1315/1496/1704 1326/1509/1715 1335/1520/1724 
f 1335/1520/1724 1327/1510/1716 1315/1496/1704 
f 1327/1510/1716 1328/1511/1717 1316/1497/1705 
f 1317/1498/1706 1328/1511/1717 1318/1499/1707 
f 1319/1500/1708 1328/1511/1717 1329/1512/1718 
f 1330/1513/1719 1320/1501/1709 1329/1512/1718 
f 1329/1512/1718 1336/1521/1725 1330/1513/1719 
f 1331/1515/1720 1321/1503/1710 1330/1513/1719 
f 1330/1513/1719 1337/1522/1726 1331/1515/1720 
f 1332/1523/1721 1322/1514/1711 1331/1515/1720 
f 1331/1515/1720 1338/1524/1727 1332/1523/1721 
f 1324/1517/1713 1332/1523/1721 1338/1524/1727 
f 1338/1524/1727 1333/1518/1722 1324/1517/1713 
f 1325/1508/1714 1333/1518/1722 1339/1525/1728 
f 1339/1525/1728 1334/1519/1723 1325/1508/1714 
f 1326/1509/1715 1334/1519/1723 1340/1526/1729 
f 1340/1526/1729 1335/1520/1724 1326/1509/1715 
f 1335/1520/1724 1328/1511/1717 1327/1510/1716 
f 1329/1512/1718 1328/1511/1717 1336/1521/1725 
f 1337/1522/1726 1330/1513/1719 1336/1521/1725 
f 1336/1521/1725 1341/1527/1730 1337/1522/1726 
f 1338/1524/1727 1331/1515/1720 1337/1522/1726 
f 1337/1522/1726 1342/1528/1731 1338/1524/1727 
f 1333/1518/1722 1338/1524/1727 1342/1528/1731 
f 1342/1528/1731 1339/1525/1728 1333/1518/1722 
f 1334/1519/1723 1339/1525/1728 1343/1529/1732 
f 1343/1529/1732 1340/1526/1729 1334/1519/1723 
f 1340/1526/1729 1328/1511/1717 1335/1520/1724 
f 1336/1521/1725 1328/1511/1717 1341/1527/1730 
f 1342/1528/1731 1337/1522/1726 1341/1527/1730 
f 1341/1527/1730 1344/1530/1733 1342/1528/1731 
f 1339/1525/1728 1342/1528/1731 1344/1530/1733 
f 1344/1530/1733 1343/1529/1732 1339/1525/1728 
f 1343/1529/1732 1328/1511/1717 1340/1526/1729 
f 1341/1527/1730 1328/1511/1717 1344/1530/1733 
f 1344/1530/1733 1328/1511/1717 1343/1529/1732 
f 1345/1531/1734 1346/1532/1735 1347/1533/1736 
f 1345/1531/1734 1347/1533/1736 1348/1534/1737 
f 1345/1535/1734 1349/1536/1738 1346/1537/1735 
f 1347/1533/1736 1346/1532/1735 1350/1538/1739 
f 1350/1538/1739 1351/1539/1740 1347/1533/1736 
f 1345/1531/1734 1348/1534/1737 1352/1540/1741 
f 1348/1534/1737 1347/1533/1736 1351/1539/1740 
f 1351/1539/1740 1353/1541/1742 1348/1534/1737 
f 1345/1535/1734 1354/1542/1743 1349/1536/1738 
f 1346/1537/1735 1349/1536/1738 1355/1543/1744 
f 1355/1543/1744 1350/1544/1739 1346/1537/1735 
f 1345/1545/1734 1352/1546/1741 1356/1547/1745 
f 1352/1540/1741 1348/1534/1737 1353/1541/1742 
f 1353/1541/1742 1357/1548/1746 1352/1540/1741 
f 1345/1535/1734 1358/1549/1747 1354/1542/1743 
f 1349/1536/1738 1354/1542/1743 1359/1550/1748 
f 1359/1550/1748 1355/1543/1744 1349/1536/1738 
f 1345/1545/1734 1356/1547/1745 1360/1551/1749 
f 1356/1547/1745 1352/1546/1741 1357/1552/1746 
f 1357/1552/1746 1361/1553/1750 1356/1547/1745 
f 1345/1554/1734 1362/1555/1751 1358/1556/1747 
f 1354/1542/1743 1358/1549/1747 1363/1557/1752 
f 1363/1557/1752 1359/1550/1748 1354/1542/1743 
f 1345/1545/1734 1360/1551/1749 1364/1558/1753 
f 1360/1551/1749 1356/1547/1745 1361/1553/1750 
f 1361/1553/1750 1365/1559/1754 1360/1551/1749 
f 1345/1554/1734 1366/1560/1755 1362/1555/1751 
f 1358/1556/1747 1362/1555/1751 1367/1561/1756 
f 1367/1561/1756 1363/1562/1752 1358/1556/1747 
f 1345/1554/1734 1364/1563/1753 1366/1560/1755 
f 1364/1558/1753 1360/1551/1749 1365/1559/1754 
f 1365/1559/1754 1368/1564/1757 1364/1558/1753 
f 1362/1555/1751 1366/1560/1755 1369/1565/1758 
f 1369/1565/1758 1367/1561/1756 1362/1555/1751 
f 1366/1560/1755 1364/1563/1753 1368/1566/1757 
f 1368/1566/1757 1369/1565/1758 1366/1560/1755 
f 1370/1567/1759 1371/1568/1760 1372/1569/1761 
f 1373/1570/1762 1374/1571/1763 1375/1572/1764 
f 1376/1573/1765 1377/1574/1766 1378/1575/1767 
f 1376/1573/1765 1379/1576/1768 1374/1571/1763 
f 1373/1570/1762 1380/1577/1769 1381/1578/1770 
f 1382/1579/1771 1383/1580/1772 1384/1581/1773 
f 1385/1582/1774 1386/1583/1775 1387/1584/1776 
f 1388/1585/1777 1389/1586/1778 1390/1587/1779 
f 1377/1574/1766 1391/1588/1780 1392/1589/1781 
f 1393/1590/1782 1391/1588/1783 1372/1569/1784 
f 1370/1591/1759 1394/1592/1785 1371/1593/1760 
f 1371/1568/1760 1395/1594/1786 1372/1569/1761 
f 1373/1570/1762 1375/1572/1764 1380/1577/1769 
f 1374/1571/1763 1396/1595/1787 1375/1572/1764 
f 1376/1573/1765 1378/1575/1767 1397/1596/1788 
f 1377/1574/1766 1392/1589/1781 1378/1575/1767 
f 1376/1573/1765 1398/1597/1789 1379/1576/1768 
f 1379/1576/1768 1399/1598/1790 1374/1571/1763 
f 1386/1599/1775 1400/1600/1791 1401/1601/1792 
f 1381/1578/1770 1402/1602/1793 1400/1600/1791 
f 1381/1578/1770 1380/1577/1769 1403/1603/1794 
f 1403/1603/1794 1404/1604/1795 1381/1578/1770 
f 1382/1579/1771 1384/1581/1773 1405/1605/1796 
f 1406/1606/1797 1407/1607/1798 1408/1608/1799 
f 1406/1606/1797 1408/1608/1799 1384/1581/1773 
f 1384/1581/1773 1383/1580/1772 1409/1609/1800 
f 1406/1606/1797 1384/1581/1773 1409/1609/1800 
f 1406/1606/1797 1409/1609/1800 1410/1610/1801 
f 1383/1580/1772 1411/1611/1802 1412/1612/1803 
f 1413/1613/1804 1414/1614/1805 1411/1611/1802 
f 1411/1611/1802 1385/1582/1774 1413/1613/1804 
f 1385/1582/1774 1387/1584/1776 1415/1615/1806 
f 1386/1599/1775 1401/1601/1792 1387/1616/1776 
f 1416/1617/1807 1417/1618/1808 1418/1619/1809 
f 1419/1620/1810 1420/1621/1811 1421/1622/1812 
f 1370/1591/1759 1422/1623/1813 1394/1592/1785 
f 1388/1585/1777 1390/1587/1779 1423/1624/1814 
f 1389/1586/1778 1424/1625/1815 1390/1587/1779 
f 1391/1588/1780 1425/1626/1816 1392/1589/1781 
f 1372/1569/1784 1426/1627/1817 1393/1590/1782 
f 1393/1590/1818 1427/1628/1819 1391/1588/1780 
f 1371/1593/1760 1394/1592/1785 1428/1629/1820 
f 1395/1594/1786 1371/1568/1760 1429/1630/1821 
f 1372/1569/1761 1395/1594/1786 1430/1631/1822 
f 1380/1577/1769 1375/1572/1764 1431/1632/1823 
f 1374/1571/1763 1432/1633/1824 1396/1595/1787 
f 1375/1572/1764 1396/1595/1787 1431/1632/1823 
f 1376/1573/1765 1397/1596/1788 1433/1634/1825 
f 1397/1596/1788 1378/1575/1767 1434/1635/1826 
f 1378/1575/1767 1392/1589/1781 1434/1635/1826 
f 1376/1573/1765 1435/1636/1827 1398/1597/1789 
f 1436/1637/1828 1379/1576/1768 1398/1597/1789 
f 1379/1576/1768 1437/1638/1829 1399/1598/1790 
f 1399/1598/1790 1438/1639/1830 1374/1571/1763 
f 1400/1600/1791 1439/1640/1831 1401/1601/1792 
f 1440/1641/1832 1402/1602/1793 1381/1578/1770 
f 1439/1640/1831 1400/1600/1791 1402/1602/1793 
f 1403/1603/1794 1380/1577/1769 1441/1642/1833 
f 1403/1603/1794 1442/1643/1834 1404/1604/1795 
f 1404/1604/1795 1443/1644/1835 1381/1578/1770 
f 1382/1579/1771 1405/1605/1796 1444/1645/1836 
f 1384/1581/1837 1445/1646/1838 1405/1605/1839 
f 1409/1609/1800 1383/1580/1772 1446/1647/1840 
f 1409/1609/1800 1447/1648/1841 1410/1610/1801 
f 1410/1610/1801 1448/1649/1842 1406/1606/1797 
f 1449/1650/1843 1407/1607/1798 1406/1606/1797 
f 1450/1651/1844 1408/1608/1799 1407/1607/1798 
f 1408/1608/1845 1450/1651/1846 1384/1581/1837 
f 1383/1580/1772 1412/1612/1803 1446/1647/1840 
f 1411/1611/1802 1451/1652/1847 1412/1612/1803 
f 1411/1611/1802 1414/1614/1805 1452/1653/1848 
f 1385/1582/1774 1415/1615/1806 1413/1613/1804 
f 1414/1614/1849 1413/1613/1850 1452/1653/1851 
f 1415/1615/1806 1387/1584/1776 1453/1654/1852 
f 1387/1616/1776 1401/1601/1792 1453/1655/1852 
f 1454/1656/1853 1455/1657/1854 1456/1658/1855 
f 1389/1586/1778 1457/1659/1856 1424/1625/1815 
f 1419/1620/1810 1458/1660/1857 1420/1621/1811 
f 1420/1621/1811 1459/1661/1858 1421/1622/1812 
f 1422/1623/1859 1460/1662/1860 1394/1592/1861 
f 1422/1623/1859 1461/1663/1862 1462/1664/1863 
f 1388/1585/1777 1423/1624/1814 1463/1665/1864 
f 1464/1666/1865 1461/1663/1862 1463/1665/1866 
f 1463/1665/1866 1465/1667/1867 1464/1666/1865 
f 1423/1624/1814 1390/1587/1779 1466/1668/1868 
f 1390/1587/1779 1424/1625/1815 1466/1668/1868 
f 1391/1588/1780 1427/1628/1819 1425/1626/1816 
f 1467/1669/1869 1392/1589/1781 1425/1626/1816 
f 1372/1569/1761 1468/1670/1870 1426/1627/1871 
f 1393/1590/1782 1426/1627/1817 1469/1671/1872 
f 1393/1590/1818 1470/1672/1873 1427/1628/1819 
f 1371/1593/1760 1428/1629/1820 1429/1673/1821 
f 1394/1592/1785 1460/1662/1874 1428/1629/1820 
f 1395/1594/1786 1429/1630/1821 1471/1674/1875 
f 1430/1631/1822 1468/1670/1870 1372/1569/1761 
f 1395/1594/1786 1472/1675/1876 1430/1631/1822 
f 1380/1577/1769 1431/1632/1823 1441/1642/1833 
f 1374/1571/1763 1438/1639/1830 1432/1633/1824 
f 1473/1676/1877 1396/1595/1787 1432/1633/1824 
f 1396/1595/1787 1473/1676/1877 1431/1632/1823 
f 1376/1573/1765 1433/1634/1825 1474/1677/1878 
f 1433/1634/1825 1397/1596/1788 1475/1678/1879 
f 1397/1596/1788 1434/1635/1826 1475/1678/1879 
f 1392/1589/1781 1467/1669/1869 1434/1635/1826 
f 1474/1677/1878 1435/1636/1827 1376/1573/1765 
f 1476/1679/1880 1398/1597/1789 1435/1636/1827 
f 1436/1637/1828 1398/1597/1789 1476/1679/1880 
f 1379/1576/1768 1436/1637/1828 1477/1680/1881 
f 1379/1576/1768 1477/1680/1881 1437/1638/1829 
f 1399/1598/1790 1437/1638/1829 1478/1681/1882 
f 1399/1598/1790 1478/1681/1882 1438/1639/1830 
f 1479/1682/1883 1401/1601/1884 1439/1640/1885 
f 1440/1641/1832 1381/1578/1770 1443/1644/1835 
f 1439/1640/1831 1402/1602/1793 1440/1641/1832 
f 1403/1603/1794 1441/1642/1833 1480/1683/1886 
f 1403/1603/1794 1480/1683/1886 1442/1643/1834 
f 1404/1604/1795 1442/1643/1834 1443/1644/1835 
f 1481/1684/1887 1482/1685/1888 1483/1686/1889 
f 1484/1687/1890 1382/1579/1771 1444/1645/1836 
f 1444/1645/1891 1405/1605/1839 1485/1688/1892 
f 1384/1581/1837 1486/1689/1893 1445/1646/1838 
f 1487/1690/1894 1405/1605/1839 1445/1646/1838 
f 1409/1609/1800 1446/1647/1840 1488/1691/1895 
f 1409/1609/1800 1488/1691/1895 1447/1648/1841 
f 1410/1610/1801 1447/1648/1841 1448/1649/1842 
f 1449/1650/1843 1406/1606/1797 1448/1649/1842 
f 1450/1651/1844 1407/1607/1798 1449/1650/1843 
f 1450/1651/1846 1486/1689/1893 1384/1581/1837 
f 1446/1647/1840 1412/1612/1803 1489/1692/1896 
f 1411/1611/1802 1452/1653/1848 1451/1652/1847 
f 1412/1612/1803 1451/1652/1847 1489/1692/1896 
f 1415/1615/1806 1490/1693/1897 1413/1613/1804 
f 1413/1613/1850 1491/1694/1898 1452/1653/1851 
f 1415/1615/1806 1453/1654/1852 1492/1695/1899 
f 1493/1696/1900 1453/1655/1901 1401/1601/1902 
f 1455/1697/1854 1494/1698/1903 1495/1699/1904 
f 1496/1700/1905 1417/1618/1808 1497/1701/1906 
f 1498/1702/1907 1496/1700/1905 1499/1703/1908 
f 1499/1703/1908 1500/1704/1909 1498/1702/1907 
f 1501/1705/1910 1502/1706/1911 1498/1702/1912 
f 1503/1707/1913 1494/1698/1903 1502/1706/1914 
f 1502/1706/1914 1504/1708/1915 1503/1707/1913 
f 1419/1620/1810 1505/1709/1916 1458/1660/1857 
f 1506/1710/1917 1505/1709/1916 1454/1656/1853 
f 1454/1656/1853 1507/1711/1918 1506/1710/1917 
f 1454/1656/1853 1456/1658/1855 1507/1711/1918 
f 1456/1658/1855 1455/1657/1854 1495/1712/1904 
f 1457/1659/1856 1508/1713/1919 1424/1625/1815 
f 1421/1622/1812 1509/1714/1920 1510/1715/1921 
f 1511/1716/1922 1512/1717/1923 1457/1659/1856 
f 1420/1621/1811 1458/1660/1857 1513/1718/1924 
f 1459/1661/1858 1420/1621/1811 1514/1719/1925 
f 1421/1622/1812 1459/1661/1858 1515/1720/1926 
f 1422/1623/1859 1462/1664/1863 1460/1662/1860 
f 1461/1663/1862 1464/1666/1865 1462/1664/1863 
f 1423/1624/1814 1516/1721/1927 1463/1665/1864 
f 1463/1665/1864 1517/1722/1928 1465/1667/1929 
f 1423/1624/1814 1466/1668/1868 1518/1723/1930 
f 1424/1625/1815 1519/1724/1931 1466/1668/1868 
f 1520/1725/1932 1425/1626/1816 1427/1628/1819 
f 1467/1669/1869 1425/1626/1816 1520/1725/1932 
f 1521/1726/1933 1426/1627/1871 1468/1670/1870 
f 1393/1590/1818 1469/1671/1934 1522/1727/1935 
f 1469/1671/1934 1426/1627/1871 1521/1726/1933 
f 1393/1590/1818 1522/1727/1935 1470/1672/1873 
f 1520/1725/1932 1427/1628/1819 1470/1672/1873 
f 1523/1728/1936 1429/1673/1821 1428/1629/1820 
f 1460/1662/1874 1524/1729/1937 1428/1629/1820 
f 1395/1594/1786 1471/1674/1875 1472/1675/1876 
f 1525/1730/1938 1471/1674/1939 1429/1630/1940 
f 1430/1631/1822 1526/1731/1941 1468/1670/1870 
f 1430/1631/1822 1472/1675/1876 1526/1731/1941 
f 1527/1732/1942 1441/1642/1833 1431/1632/1823 
f 1528/1733/1943 1432/1633/1824 1438/1639/1830 
f 1473/1676/1877 1432/1633/1824 1528/1733/1943 
f 1527/1732/1942 1431/1632/1823 1473/1676/1877 
f 1433/1634/1825 1529/1734/1944 1474/1677/1878 
f 1433/1634/1825 1475/1678/1879 1530/1735/1945 
f 1531/1736/1946 1475/1678/1879 1434/1635/1826 
f 1531/1736/1947 1434/1635/1948 1467/1669/1949 
f 1474/1677/1878 1532/1737/1950 1435/1636/1827 
f 1476/1679/1880 1435/1636/1827 1532/1737/1950 
f 1533/1738/1951 1436/1637/1828 1476/1679/1880 
f 1477/1680/1881 1534/1739/1952 1437/1638/1829 
f 1437/1638/1829 1535/1740/1953 1478/1681/1882 
f 1528/1733/1943 1438/1639/1830 1478/1681/1882 
f 1479/1682/1883 1493/1696/1954 1401/1601/1884 
f 1536/1741/1955 1440/1641/1956 1443/1644/1957 
f 1537/1742/1958 1480/1683/1959 1441/1642/1960 
f 1480/1683/1959 1538/1743/1961 1442/1643/1962 
f 1442/1643/1962 1539/1744/1963 1443/1644/1957 
f 1540/1745/1964 1483/1746/1889 1541/1747/1965 
f 1541/1747/1965 1542/1748/1966 1540/1745/1964 
f 1483/1686/1889 1482/1685/1888 1543/1749/1967 
f 1481/1684/1887 1484/1687/1890 1544/1750/1968 
f 1484/1687/1890 1444/1645/1836 1545/1751/1969 
f 1545/1751/1969 1444/1645/1836 1485/1688/1970 
f 1405/1605/1839 1487/1690/1894 1485/1688/1892 
f 1546/1752/1971 1445/1646/1838 1486/1689/1893 
f 1487/1690/1894 1445/1646/1838 1546/1752/1971 
f 1488/1691/1895 1446/1647/1840 1547/1753/1972 
f 1488/1691/1895 1548/1754/1973 1447/1648/1841 
f 1447/1648/1841 1549/1755/1974 1448/1649/1842 
f 1550/1756/1975 1449/1650/1843 1448/1649/1842 
f 1551/1757/1976 1450/1651/1844 1449/1650/1843 
f 1450/1651/1846 1552/1758/1977 1486/1689/1893 
f 1446/1647/1840 1489/1692/1896 1547/1753/1972 
f 1452/1653/1848 1553/1759/1978 1451/1652/1847 
f 1451/1652/1847 1554/1760/1979 1489/1692/1896 
f 1490/1693/1897 1415/1615/1806 1492/1695/1899 
f 1413/1613/1804 1490/1693/1897 1555/1761/1980 
f 1413/1613/1850 1556/1762/1981 1491/1694/1898 
f 1491/1694/1982 1557/1763/1983 1452/1653/1848 
f 1558/1764/1984 1492/1695/1899 1453/1654/1852 
f 1493/1696/1900 1558/1765/1985 1453/1655/1901 
f 1559/1766/1986 1560/1767/1987 1417/1618/1808 
f 1561/1768/1988 1562/1769/1989 1559/1766/1986 
f 1494/1698/1903 1563/1770/1990 1495/1699/1904 
f 1496/1700/1905 1497/1701/1906 1564/1771/1991 
f 1417/1618/1808 1565/1772/1992 1497/1701/1906 
f 1496/1700/1905 1566/1773/1993 1499/1703/1908 
f 1499/1703/1908 1567/1774/1994 1500/1704/1909 
f 1568/1775/1995 1498/1702/1907 1500/1704/1909 
f 1498/1702/1912 1569/1776/1996 1501/1705/1910 
f 1502/1706/1914 1501/1705/1997 1570/1777/1998 
f 1502/1706/1914 1571/1778/1999 1504/1708/1915 
f 1572/1779/2000 1503/1707/1913 1504/1708/1915 
f 1563/1770/1990 1494/1698/1903 1503/1707/1913 
f 1456/1658/1855 1573/1780/2001 1507/1711/1918 
f 1456/1658/1855 1495/1712/1904 1574/1781/2002 
f 1457/1659/1856 1512/1717/1923 1508/1713/1919 
f 1519/1724/1931 1424/1625/1815 1508/1713/1919 
f 1515/1720/1926 1509/1714/1920 1421/1622/1812 
f 1575/1782/2003 1510/1715/1921 1509/1714/1920 
f 1511/1716/1922 1576/1783/2004 1577/1784/2005 
f 1578/1785/2006 1510/1715/1921 1575/1782/2003 
f 1576/1783/2007 1578/1785/2008 1579/1786/2009 
f 1579/1786/2009 1580/1787/2010 1576/1783/2007 
f 1511/1716/1922 1581/1788/2011 1512/1717/1923 
f 1420/1621/1811 1513/1718/1924 1514/1719/1925 
f 1458/1660/1857 1582/1789/2012 1513/1718/1924 
f 1459/1661/1858 1514/1719/1925 1583/1790/2013 
f 1459/1661/1858 1584/1791/2014 1515/1720/1926 
f 1462/1664/2015 1585/1792/2016 1460/1662/1874 
f 1464/1666/2017 1586/1793/2018 1462/1664/2015 
f 1516/1721/1927 1423/1624/1814 1518/1723/1930 
f 1463/1665/1864 1516/1721/1927 1587/1794/2019 
f 1463/1665/1864 1588/1795/2020 1517/1722/1928 
f 1589/1796/2021 1465/1667/1929 1517/1722/1928 
f 1464/1666/2017 1590/1797/2022 1591/1798/2023 
f 1592/1799/2024 1518/1723/1930 1466/1668/1868 
f 1592/1799/2025 1466/1668/2026 1519/1724/2027 
f 1593/1800/2028 1467/1669/1949 1520/1725/2029 
f 1521/1726/1933 1468/1670/1870 1526/1731/1941 
f 1469/1671/2030 1594/1801/2031 1522/1727/2032 
f 1595/1802/2033 1469/1671/2030 1521/1726/2034 
f 1522/1727/2032 1596/1803/2035 1470/1672/2036 
f 1597/1804/2037 1520/1725/2029 1470/1672/2036 
f 1523/1728/1936 1428/1629/1820 1524/1729/1937 
f 1523/1728/1936 1525/1805/2038 1429/1673/1821 
f 1524/1729/1937 1460/1662/1874 1585/1792/2016 
f 1471/1674/1939 1598/1806/2039 1472/1675/2040 
f 1525/1730/1938 1599/1807/2041 1471/1674/1939 
f 1472/1675/2040 1600/1808/2042 1526/1731/2043 
f 1527/1732/1942 1537/1742/2044 1441/1642/1833 
f 1601/1809/2045 1473/1676/1877 1528/1733/1943 
f 1601/1809/2045 1527/1732/1942 1473/1676/1877 
f 1433/1634/1825 1530/1735/1945 1529/1734/1944 
f 1474/1677/1878 1529/1734/1944 1532/1737/1950 
f 1602/1810/2046 1530/1735/1945 1475/1678/1879 
f 1531/1736/1946 1602/1810/2046 1475/1678/1879 
f 1593/1800/2028 1531/1736/1947 1467/1669/1949 
f 1603/1811/2047 1476/1679/1880 1532/1737/1950 
f 1533/1738/1951 1476/1679/1880 1603/1811/2047 
f 1604/1812/2048 1605/1813/2049 1533/1738/1951 
f 1477/1680/1881 1605/1813/2049 1534/1739/1952 
f 1437/1638/1829 1534/1739/1952 1535/1740/1953 
f 1606/1814/2050 1478/1681/1882 1535/1740/1953 
f 1606/1814/2050 1528/1733/1943 1478/1681/1882 
f 1607/1815/2051 1479/1682/1883 1536/1741/1955 
f 1607/1815/2051 1493/1696/1954 1479/1682/1883 
f 1536/1741/1955 1443/1644/1957 1539/1744/1963 
f 1537/1742/1958 1608/1816/2052 1480/1683/1959 
f 1480/1683/1959 1608/1816/2052 1538/1743/1961 
f 1442/1643/1962 1538/1743/1961 1539/1744/1963 
f 1561/1768/1988 1609/1817/2053 1610/1818/2054 
f 1540/1745/2055 1611/1819/2056 1609/1817/2057 
f 1541/1747/1965 1483/1746/1889 1612/1820/2058 
f 1541/1747/1965 1613/1821/2059 1542/1748/1966 
f 1542/1748/1966 1614/1822/2060 1540/1745/1964 
f 1544/1750/1968 1615/1823/2061 1616/1824/2062 
f 1482/1685/1888 1616/1824/2062 1543/1749/1967 
f 1483/1686/1889 1543/1749/1967 1612/1825/2058 
f 1484/1687/1890 1617/1826/2063 1544/1750/1968 
f 1618/1827/2064 1617/1826/2063 1484/1687/1890 
f 1484/1687/1890 1545/1751/1969 1618/1827/2064 
f 1545/1751/1969 1485/1688/1970 1619/1828/2065 
f 1620/1829/2066 1485/1688/1892 1487/1690/1894 
f 1546/1752/1971 1486/1689/1893 1552/1758/1977 
f 1621/1830/2067 1487/1690/1894 1546/1752/1971 
f 1488/1691/1895 1547/1753/1972 1622/1831/2068 
f 1488/1691/1895 1622/1831/2068 1548/1754/1973 
f 1447/1648/1841 1548/1754/1973 1549/1755/1974 
f 1550/1756/1975 1448/1649/1842 1549/1755/1974 
f 1551/1757/1976 1449/1650/1843 1550/1756/1975 
f 1450/1651/1846 1551/1757/2069 1552/1758/1977 
f 1623/1832/2070 1547/1753/1972 1489/1692/1896 
f 1624/1833/2071 1553/1759/1978 1452/1653/1848 
f 1554/1760/1979 1451/1652/1847 1553/1759/1978 
f 1623/1832/2070 1489/1692/1896 1554/1760/1979 
f 1490/1693/1897 1492/1695/1899 1625/1834/2072 
f 1555/1761/1980 1626/1835/2073 1413/1613/1804 
f 1490/1693/1897 1627/1836/2074 1555/1761/1980 
f 1413/1613/1804 1626/1835/2073 1556/1762/2075 
f 1628/1837/2076 1491/1694/1982 1556/1762/2075 
f 1556/1762/2075 1629/1838/2077 1628/1837/2076 
f 1491/1694/1982 1630/1839/2078 1557/1763/1983 
f 1624/1833/2071 1452/1653/1848 1557/1763/1983 
f 1558/1764/1984 1631/1840/2079 1492/1695/1899 
f 1632/1841/2080 1558/1765/1985 1493/1696/1900 
f 1559/1766/2081 1633/1842/2082 1560/1767/2083 
f 1417/1618/1808 1560/1767/1987 1565/1772/1992 
f 1562/1769/1989 1561/1768/1988 1634/1843/2084 
f 1559/1766/2081 1562/1769/2085 1633/1842/2082 
f 1635/1844/2086 1495/1699/2087 1563/1770/2088 
f 1496/1700/1905 1564/1771/1991 1566/1773/1993 
f 1636/1845/2089 1564/1771/2090 1497/1701/2091 
f 1637/1846/2092 1497/1701/2093 1565/1772/2094 
f 1499/1703/1908 1566/1773/1993 1567/1774/1994 
f 1568/1775/1995 1500/1704/1909 1567/1774/1994 
f 1569/1776/2095 1498/1702/1907 1568/1775/1995 
f 1501/1705/2096 1569/1776/2097 1638/1847/2098 
f 1638/1847/2098 1639/1848/2099 1501/1705/2096 
f 1502/1706/1914 1570/1777/1998 1571/1778/1999 
f 1572/1779/2000 1504/1708/1915 1571/1778/1999 
f 1563/1770/1990 1503/1707/1913 1572/1779/2000 
f 1506/1710/1917 1640/1849/2100 1582/1789/2012 
f 1507/1711/1918 1641/1850/2101 1642/1851/2102 
f 1506/1710/1917 1643/1852/2103 1644/1853/2104 
f 1573/1780/2001 1456/1658/1855 1574/1781/2002 
f 1507/1711/1918 1573/1780/2001 1645/1854/2105 
f 1635/1855/2106 1574/1781/2002 1495/1712/1904 
f 1646/1856/2107 1508/1713/1919 1512/1717/1923 
f 1519/1724/1931 1508/1713/1919 1646/1856/2107 
f 1515/1720/1926 1647/1857/2108 1509/1714/1920 
f 1575/1782/2003 1509/1714/1920 1647/1857/2108 
f 1511/1716/1922 1577/1784/2005 1581/1788/2011 
f 1576/1783/2007 1648/1858/2109 1577/1784/2110 
f 1579/1786/2009 1578/1785/2008 1575/1782/2111 
f 1576/1783/2007 1580/1787/2010 1648/1858/2109 
f 1646/1856/2107 1512/1717/1923 1581/1788/2011 
f 1649/1859/2112 1514/1719/1925 1513/1718/1924 
f 1582/1789/2012 1650/1860/2113 1513/1718/1924 
f 1459/1661/1858 1583/1790/2013 1584/1791/2014 
f 1651/1861/2114 1583/1790/2115 1514/1719/2116 
f 1515/1720/1926 1584/1791/2014 1647/1857/2108 
f 1652/1862/2117 1585/1792/2016 1462/1664/2015 
f 1464/1666/2017 1591/1798/2023 1586/1793/2018 
f 1586/1793/2018 1653/1863/2118 1462/1664/2015 
f 1516/1721/1927 1518/1723/1930 1654/1864/2119 
f 1587/1794/2019 1588/1795/2020 1463/1665/1864 
f 1516/1721/1927 1655/1865/2120 1587/1794/2019 
f 1656/1866/2121 1517/1722/1928 1588/1795/2020 
f 1589/1796/2021 1517/1722/1928 1656/1866/2121 
f 1590/1797/2022 1657/1867/2122 1591/1798/2023 
f 1658/1868/2123 1659/1869/2124 1660/1870/2125 
f 1590/1797/2022 1659/1869/2124 1657/1867/2122 
f 1592/1799/2024 1661/1871/2126 1518/1723/1930 
f 1662/1872/2127 1592/1799/2025 1519/1724/2027 
f 1593/1800/2028 1520/1725/2029 1597/1804/2037 
f 1595/1802/2033 1521/1726/2034 1526/1731/2043 
f 1595/1802/2128 1594/1801/2129 1469/1671/2130 
f 1522/1727/2032 1594/1801/2031 1596/1803/2035 
f 1597/1804/2037 1470/1672/2036 1596/1803/2035 
f 1663/1873/2131 1523/1728/1936 1524/1729/1937 
f 1664/1874/2132 1525/1805/2038 1523/1728/1936 
f 1524/1729/1937 1585/1792/2016 1652/1862/2117 
f 1471/1674/1939 1599/1807/2041 1598/1806/2039 
f 1472/1675/2040 1598/1806/2039 1600/1808/2042 
f 1595/1802/2033 1526/1731/2043 1600/1808/2042 
f 1665/1875/2133 1537/1742/2044 1527/1732/1942 
f 1601/1809/2045 1528/1733/1943 1606/1814/2050 
f 1665/1875/2133 1527/1732/1942 1601/1809/2045 
f 1530/1735/1945 1666/1876/2134 1529/1734/1944 
f 1529/1734/1944 1667/1877/2135 1532/1737/1950 
f 1602/1810/2046 1668/1878/2136 1530/1735/1945 
f 1669/1879/2137 1602/1810/2046 1531/1736/1946 
f 1669/1879/2138 1531/1736/1947 1593/1800/2028 
f 1603/1811/2047 1532/1737/1950 1667/1877/2135 
f 1604/1812/2048 1533/1738/1951 1603/1811/2047 
f 1604/1812/2048 1670/1880/2139 1605/1813/2049 
f 1605/1813/2049 1671/1881/2140 1534/1739/1952 
f 1534/1739/1952 1672/1882/2141 1535/1740/1953 
f 1673/1883/2142 1606/1814/2050 1535/1740/1953 
f 1607/1815/2051 1536/1741/1955 1674/1884/2143 
f 1607/1815/2051 1632/1841/2144 1493/1696/1954 
f 1674/1884/2143 1536/1741/1955 1539/1744/1963 
f 1634/1843/2145 1561/1768/2146 1610/1818/2147 
f 1609/1817/2053 1675/1885/2148 1610/1818/2054 
f 1540/1745/2055 1676/1886/2149 1611/1819/2056 
f 1541/1747/1965 1612/1820/2058 1677/1887/2150 
f 1541/1747/1965 1677/1887/2150 1613/1821/2059 
f 1542/1748/1966 1613/1821/2059 1614/1822/2060 
f 1678/1888/2151 1540/1745/1964 1614/1822/2060 
f 1544/1750/1968 1679/1889/2152 1615/1823/2061 
f 1615/1823/2061 1680/1890/2153 1681/1891/2154 
f 1681/1891/2154 1616/1824/2062 1615/1823/2061 
f 1616/1824/2062 1681/1891/2154 1543/1749/1967 
f 1682/1892/2155 1612/1825/2156 1543/1749/2157 
f 1617/1826/2158 1683/1893/2159 1544/1750/2160 
f 1619/1828/2065 1684/1894/2161 1618/1827/2064 
f 1618/1827/2064 1545/1751/1969 1619/1828/2065 
f 1617/1826/2063 1618/1827/2064 1685/1895/2162 
f 1620/1829/2163 1619/1828/2164 1485/1688/2165 
f 1621/1830/2067 1620/1829/2066 1487/1690/1894 
f 1686/1896/2166 1546/1752/1971 1552/1758/1977 
f 1621/1830/2067 1546/1752/1971 1686/1896/2166 
f 1687/1897/2167 1622/1831/2068 1547/1753/1972 
f 1622/1831/2068 1688/1898/2168 1548/1754/1973 
f 1548/1754/1973 1689/1899/2169 1549/1755/1974 
f 1690/1900/2170 1550/1756/1975 1549/1755/1974 
f 1551/1757/2069 1691/1901/2171 1552/1758/1977 
f 1623/1832/2070 1687/1897/2167 1547/1753/1972 
f 1554/1760/1979 1553/1759/1978 1624/1833/2071 
f 1692/1902/2172 1623/1832/2070 1554/1760/1979 
f 1490/1693/1897 1625/1834/2072 1627/1836/2074 
f 1631/1840/2079 1625/1834/2072 1492/1695/1899 
f 1555/1761/1980 1693/1903/2173 1626/1835/2073 
f 1555/1761/1980 1627/1836/2074 1693/1903/2173 
f 1694/1904/2174 1556/1762/2075 1626/1835/2073 
f 1491/1694/1982 1628/1837/2076 1630/1839/2078 
f 1629/1838/2077 1556/1762/2075 1694/1904/2174 
f 1695/1905/2175 1624/1833/2071 1557/1763/1983 
f 1696/1906/2176 1631/1840/2079 1558/1764/1984 
f 1632/1841/2080 1696/1907/2177 1558/1765/1985 
f 1560/1767/2178 1633/1842/2179 1565/1772/2094 
f 1562/1769/2085 1634/1843/2180 1697/1908/2181 
f 1562/1769/2085 1698/1909/2182 1633/1842/2082 
f 1699/1910/2183 1635/1844/2086 1563/1770/2088 
f 1564/1771/2090 1700/1911/2184 1566/1773/2185 
f 1637/1846/2092 1636/1845/2186 1497/1701/2093 
f 1636/1845/2089 1701/1912/2187 1564/1771/2090 
f 1637/1846/2092 1565/1772/2094 1702/1913/2188 
f 1566/1773/2185 1703/1914/2189 1567/1774/2190 
f 1704/1915/2191 1568/1775/2192 1567/1774/2190 
f 1570/1777/2193 1705/1916/2194 1571/1778/2195 
f 1639/1848/2099 1706/1917/2196 1707/1918/2197 
f 1570/1777/2193 1707/1918/2197 1705/1916/2194 
f 1708/1919/2198 1572/1779/2199 1571/1778/2195 
f 1699/1910/2183 1563/1770/2088 1572/1779/2199 
f 1506/1710/1917 1709/1920/2200 1640/1849/2100 
f 1507/1711/1918 1710/1921/2201 1641/1850/2101 
f 1643/1852/2103 1711/1922/2202 1712/1923/2203 
f 1644/1853/2104 1709/1920/2200 1506/1710/1917 
f 1643/1852/2103 1712/1923/2203 1644/1853/2104 
f 1573/1780/2001 1574/1781/2002 1713/1924/2204 
f 1645/1854/2105 1710/1921/2201 1507/1711/1918 
f 1573/1780/2001 1714/1925/2205 1645/1854/2105 
f 1635/1855/2106 1715/1926/2206 1574/1781/2002 
f 1662/1872/2127 1519/1724/2027 1646/1856/2207 
f 1716/1927/2208 1575/1782/2111 1647/1857/2209 
f 1577/1784/2110 1717/1928/2210 1581/1788/2211 
f 1577/1784/2110 1648/1858/2109 1717/1928/2210 
f 1579/1786/2009 1575/1782/2111 1716/1927/2208 
f 1718/1929/2212 1579/1786/2009 1716/1927/2208 
f 1718/1929/2212 1719/1930/2213 1720/1931/2214 
f 1580/1787/2010 1720/1931/2214 1721/1932/2215 
f 1580/1787/2010 1721/1932/2215 1648/1858/2109 
f 1722/1933/2216 1646/1856/2207 1581/1788/2211 
f 1649/1859/2112 1513/1718/1924 1650/1860/2113 
f 1649/1859/2112 1651/1861/2217 1514/1719/1925 
f 1583/1790/2115 1723/1934/2218 1584/1791/2219 
f 1651/1861/2114 1724/1935/2220 1583/1790/2115 
f 1584/1791/2219 1725/1936/2221 1647/1857/2209 
f 1652/1862/2117 1462/1664/2015 1653/1863/2118 
f 1586/1793/2018 1591/1798/2023 1653/1863/2118 
f 1516/1721/1927 1654/1864/2119 1655/1865/2120 
f 1661/1871/2126 1654/1864/2119 1518/1723/1930 
f 1587/1794/2019 1726/1937/2222 1588/1795/2020 
f 1587/1794/2019 1655/1865/2120 1726/1937/2222 
f 1656/1866/2121 1588/1795/2020 1726/1937/2222 
f 1591/1798/2023 1657/1867/2122 1727/1938/2223 
f 1658/1868/2123 1660/1870/2125 1728/1939/2224 
f 1728/1939/2224 1656/1866/2121 1726/1937/2222 
f 1658/1868/2123 1729/1940/2225 1659/1869/2124 
f 1659/1869/2124 1730/1941/2226 1657/1867/2122 
f 1731/1942/2227 1661/1871/2126 1592/1799/2024 
f 1731/1942/2228 1592/1799/2025 1662/1872/2127 
f 1732/1943/2229 1593/1800/2028 1597/1804/2037 
f 1663/1873/2131 1524/1729/1937 1652/1862/2117 
f 1664/1874/2132 1523/1728/1936 1663/1873/2131 
f 1664/1874/2132 1733/1944/2230 1525/1805/2038 
f 1600/1808/2042 1598/1806/2039 1734/1945/2231 
f 1734/1945/2231 1735/1946/2232 1600/1808/2042 
f 1736/1947/2233 1733/1948/2234 1737/1949/2235 
f 1738/1950/2236 1595/1802/2033 1600/1808/2042 
f 1665/1875/2133 1739/1951/2237 1537/1742/2044 
f 1740/1952/2238 1601/1809/2045 1606/1814/2050 
f 1740/1952/2238 1665/1875/2133 1601/1809/2045 
f 1530/1735/1945 1668/1878/2136 1666/1876/2134 
f 1529/1734/1944 1666/1876/2134 1667/1877/2135 
f 1741/1953/2239 1668/1878/2136 1602/1810/2046 
f 1669/1879/2137 1741/1953/2239 1602/1810/2046 
f 1732/1943/2229 1669/1879/2138 1593/1800/2028 
f 1742/1954/2240 1603/1811/2047 1667/1877/2135 
f 1604/1812/2048 1603/1811/2047 1742/1954/2240 
f 1604/1812/2048 1743/1955/2241 1670/1880/2139 
f 1605/1813/2049 1670/1880/2139 1671/1881/2140 
f 1534/1739/1952 1671/1881/2140 1672/1882/2141 
f 1673/1883/2142 1535/1740/1953 1672/1882/2141 
f 1740/1952/2238 1606/1814/2050 1673/1883/2142 
f 1744/1956/2242 1607/1815/2051 1674/1884/2143 
f 1632/1841/2144 1607/1815/2051 1744/1956/2242 
f 1674/1884/2143 1539/1744/1963 1745/1957/2243 
f 1739/1951/2244 1746/1958/2245 1747/1959/2246 
f 1747/1959/2246 1748/1960/2247 1749/1961/2248 
f 1749/1961/2248 1750/1962/2249 1745/1957/2243 
f 1634/1843/2145 1610/1818/2147 1751/1963/2250 
f 1675/1885/2148 1609/1817/2053 1752/1964/2251 
f 1753/1965/2252 1610/1818/2253 1675/1885/2254 
f 1678/1888/2151 1676/1886/2255 1540/1745/1964 
f 1611/1819/2056 1676/1886/2149 1678/1888/2256 
f 1611/1819/2056 1678/1888/2256 1754/1966/2257 
f 1754/1966/2258 1755/1967/2259 1756/1968/2260 
f 1752/1964/2251 1609/1817/2053 1756/1968/2261 
f 1757/1969/2262 1677/1887/2263 1612/1820/2264 
f 1677/1887/2263 1758/1970/2265 1613/1821/2266 
f 1613/1821/2266 1759/1971/2267 1614/1822/2268 
f 1760/1972/2269 1678/1888/2270 1614/1822/2268 
f 1683/1893/2271 1679/1889/2152 1544/1750/1968 
f 1680/1890/2153 1615/1823/2061 1679/1889/2152 
f 1682/1892/2155 1543/1749/2157 1681/1891/2272 
f 1682/1892/2155 1757/1973/2273 1612/1825/2156 
f 1617/1826/2158 1761/1974/2274 1683/1893/2159 
f 1618/1827/2064 1684/1894/2161 1762/1975/2275 
f 1684/1894/2276 1619/1828/2164 1763/1976/2277 
f 1685/1895/2162 1764/1977/2278 1617/1826/2063 
f 1618/1827/2064 1762/1975/2275 1685/1895/2162 
f 1620/1829/2163 1763/1976/2277 1619/1828/2164 
f 1765/1978/2279 1620/1829/2066 1621/1830/2067 
f 1686/1896/2166 1552/1758/1977 1691/1901/2171 
f 1621/1830/2067 1686/1896/2166 1766/1979/2280 
f 1687/1897/2167 1767/1980/2281 1622/1831/2068 
f 1622/1831/2068 1767/1980/2281 1688/1898/2168 
f 1548/1754/1973 1688/1898/2168 1689/1899/2169 
f 1690/1900/2170 1549/1755/1974 1689/1899/2169 
f 1768/1981/2282 1690/1900/2170 1769/1982/2283 
f 1551/1757/2069 1768/1981/2282 1691/1901/2171 
f 1770/1983/2284 1687/1897/2167 1623/1832/2070 
f 1692/1902/2172 1554/1760/1979 1624/1833/2071 
f 1770/1983/2284 1623/1832/2070 1692/1902/2172 
f 1625/1834/2072 1771/1984/2285 1627/1836/2074 
f 1631/1840/2079 1772/1985/2286 1625/1834/2072 
f 1694/1904/2174 1626/1835/2073 1693/1903/2173 
f 1627/1836/2074 1773/1986/2287 1693/1903/2173 
f 1774/1987/2288 1775/1988/2289 1776/1989/2290 
f 1777/1990/2291 1778/1991/2292 1779/1992/2293 
f 1695/1905/2175 1557/1763/1983 1779/1992/2293 
f 1692/1902/2172 1624/1833/2071 1695/1905/2175 
f 1696/1906/2176 1780/1993/2294 1631/1840/2079 
f 1781/1994/2295 1696/1907/2177 1632/1841/2080 
f 1633/1842/2179 1702/1913/2188 1565/1772/2094 
f 1562/1769/2085 1697/1908/2181 1782/1995/2296 
f 1697/1908/2297 1634/1843/2145 1751/1963/2250 
f 1562/1769/2085 1782/1995/2296 1698/1909/2182 
f 1783/1996/2298 1633/1842/2179 1698/1909/2299 
f 1698/1909/2299 1784/1997/2300 1783/1996/2298 
f 1785/1998/2301 1635/1844/2086 1699/1910/2183 
f 1564/1771/2090 1701/1912/2187 1700/1911/2184 
f 1566/1773/2185 1700/1911/2184 1703/1914/2189 
f 1786/1999/2302 1636/1845/2186 1637/1846/2092 
f 1787/2000/2303 1637/1846/2092 1702/1913/2188 
f 1704/1915/2191 1567/1774/2190 1703/1914/2189 
f 1788/2001/2304 1638/1847/2098 1704/1915/2191 
f 1639/1848/2099 1789/2002/2305 1706/1917/2196 
f 1708/1919/2198 1571/1778/2195 1705/1916/2194 
f 1699/1910/2183 1572/1779/2199 1708/1919/2198 
f 1790/2003/2306 1640/1849/2100 1709/1920/2200 
f 1791/2004/2307 1650/1860/2113 1790/2003/2306 
f 1792/2005/2308 1641/1850/2101 1710/1921/2201 
f 1793/2006/2309 1794/2007/2310 1795/2008/2311 
f 1644/1853/2104 1796/2009/2312 1709/1920/2200 
f 1644/1853/2104 1712/1923/2203 1796/2009/2312 
f 1573/1780/2001 1713/1924/2204 1714/1925/2205 
f 1715/1926/2206 1713/1924/2204 1574/1781/2002 
f 1645/1854/2105 1797/2010/2313 1710/1921/2201 
f 1645/1854/2105 1714/1925/2205 1797/2010/2313 
f 1785/2011/2314 1715/1926/2206 1635/1855/2106 
f 1662/1872/2127 1646/1856/2207 1722/1933/2216 
f 1716/1927/2208 1647/1857/2209 1725/1936/2221 
f 1722/1933/2216 1581/1788/2211 1717/1928/2210 
f 1718/1929/2212 1716/1927/2208 1798/2012/2315 
f 1718/1929/2212 1798/2012/2315 1719/1930/2213 
f 1719/1930/2213 1799/2013/2316 1720/1931/2214 
f 1720/1931/2214 1799/2013/2316 1721/1932/2215 
f 1791/2004/2307 1649/1859/2112 1650/1860/2113 
f 1800/2014/2317 1651/1861/2217 1649/1859/2112 
f 1583/1790/2115 1724/1935/2220 1723/1934/2218 
f 1584/1791/2219 1723/1934/2218 1725/1936/2221 
f 1801/2015/2318 1652/1862/2117 1653/1863/2118 
f 1591/1798/2023 1727/1938/2223 1653/1863/2118 
f 1654/1864/2119 1802/2016/2319 1655/1865/2120 
f 1661/1871/2126 1803/2017/2320 1654/1864/2119 
f 1655/1865/2120 1804/2018/2321 1726/1937/2222 
f 1657/1867/2122 1805/2019/2322 1727/1938/2223 
f 1658/1868/2123 1728/1939/2224 1806/2020/2323 
f 1728/1939/2224 1726/1937/2222 1804/2018/2321 
f 1658/1868/2123 1807/2021/2324 1729/1940/2225 
f 1659/1869/2124 1729/1940/2225 1730/1941/2226 
f 1657/1867/2122 1730/1941/2226 1805/2019/2322 
f 1731/1942/2227 1808/2022/2325 1661/1871/2126 
f 1809/2023/2326 1731/1942/2228 1662/1872/2127 
f 1732/1943/2229 1597/1804/2037 1810/2024/2327 
f 1811/2025/2328 1812/2026/2328 1813/2027/2329 
f 1814/2028/2330 1810/2024/2331 1813/2027/2332 
f 1663/1873/2131 1652/1862/2117 1801/2015/2318 
f 1815/2029/2333 1664/1874/2132 1663/1873/2131 
f 1733/1944/2230 1664/1874/2132 1816/2030/2334 
f 1736/1947/2335 1817/2031/2336 1734/1945/2337 
f 1734/1945/2337 1818/2032/2338 1735/1946/2339 
f 1738/1950/2236 1600/1808/2042 1735/1946/2232 
f 1737/1949/2235 1819/2033/2340 1736/1947/2233 
f 1737/2034/2341 1733/1944/2230 1816/2030/2334 
f 1739/1951/2237 1665/1875/2133 1820/2035/2342 
f 1820/2035/2342 1665/1875/2133 1740/1952/2238 
f 1668/1878/2136 1821/2036/2343 1666/1876/2134 
f 1666/1876/2134 1822/2037/2344 1667/1877/2135 
f 1741/1953/2239 1823/2038/2345 1668/1878/2136 
f 1669/1879/2137 1824/2039/2346 1741/1953/2239 
f 1669/1879/2138 1732/1943/2229 1825/2040/2347 
f 1742/1954/2240 1667/1877/2135 1822/2037/2344 
f 1743/1955/2241 1604/1812/2048 1742/1954/2240 
f 1743/1955/2241 1826/2041/2348 1670/1880/2139 
f 1670/1880/2139 1827/2042/2349 1671/1881/2140 
f 1671/1881/2140 1828/2043/2350 1672/1882/2141 
f 1829/2044/2351 1673/1883/2142 1672/1882/2141 
f 1830/2045/2352 1740/1952/2238 1673/1883/2142 
f 1744/1956/2242 1674/1884/2143 1831/2046/2353 
f 1632/1841/2144 1744/1956/2242 1832/2047/2354 
f 1831/2046/2353 1674/1884/2143 1745/1957/2243 
f 1746/1958/2355 1739/1951/2237 1820/2035/2342 
f 1747/1959/2246 1746/1958/2245 1833/2048/2356 
f 1747/1959/2246 1833/2048/2356 1748/1960/2247 
f 1749/1961/2248 1748/1960/2247 1750/1962/2249 
f 1831/2046/2353 1745/1957/2243 1750/1962/2249 
f 1753/1965/2357 1751/1963/2250 1610/1818/2147 
f 1834/2049/2358 1675/1885/2254 1752/1964/2359 
f 1834/2049/2358 1753/1965/2252 1675/1885/2254 
f 1760/1972/2360 1754/1966/2361 1678/1888/2362 
f 1754/1966/2258 1835/2050/2363 1755/1967/2259 
f 1836/2051/2364 1756/1968/2260 1755/1967/2259 
f 1836/2051/2364 1752/1964/2359 1756/1968/2260 
f 1757/1969/2262 1837/2052/2365 1677/1887/2263 
f 1677/1887/2263 1837/2052/2365 1758/1970/2265 
f 1613/1821/2266 1758/1970/2265 1759/1971/2267 
f 1760/1972/2269 1614/1822/2268 1759/1971/2267 
f 1683/1893/2271 1838/2053/2366 1679/1889/2152 
f 1680/1890/2153 1679/1889/2152 1838/2053/2366 
f 1839/2054/2367 1682/1892/2155 1681/1891/2272 
f 1840/2055/2368 1757/1973/2273 1682/1892/2155 
f 1617/1826/2063 1764/1977/2278 1761/1974/2369 
f 1683/1893/2159 1761/1974/2274 1841/2056/2370 
f 1684/1894/2276 1842/2057/2371 1762/1975/2372 
f 1684/1894/2276 1763/1976/2277 1843/2058/2373 
f 1685/1895/2162 1844/2059/2374 1764/1977/2278 
f 1685/1895/2162 1762/1975/2275 1844/2059/2374 
f 1765/1978/2375 1763/1976/2277 1620/1829/2163 
f 1765/1978/2279 1621/1830/2067 1845/2060/2376 
f 1766/1979/2280 1686/1896/2166 1691/1901/2171 
f 1845/2060/2376 1621/1830/2067 1766/1979/2280 
f 1767/1980/2281 1687/1897/2167 1846/2061/2377 
f 1688/1898/2168 1767/1980/2281 1846/2061/2377 
f 1689/1899/2169 1688/1898/2168 1847/2062/2378 
f 1690/1900/2170 1689/1899/2169 1848/2063/2379 
f 1768/1981/2282 1769/1982/2283 1849/2064/2380 
f 1690/1900/2170 1848/2063/2379 1769/1982/2283 
f 1691/1901/2171 1768/1981/2282 1850/2065/2381 
f 1770/1983/2284 1851/2066/2382 1687/1897/2167 
f 1852/2067/2383 1770/1983/2284 1692/1902/2172 
f 1625/1834/2072 1772/1985/2286 1771/1984/2285 
f 1627/1836/2074 1771/1984/2285 1773/1986/2287 
f 1780/1993/2294 1772/1985/2286 1631/1840/2079 
f 1853/2068/2384 1694/1904/2174 1693/1903/2173 
f 1853/2068/2384 1693/1903/2173 1773/1986/2287 
f 1775/1988/2289 1854/2069/2385 1777/1990/2291 
f 1855/2070/2386 1776/1989/2290 1853/2068/2384 
f 1855/2070/2386 1774/1987/2288 1776/1989/2290 
f 1775/1988/2289 1774/1987/2288 1854/2069/2385 
f 1777/1990/2291 1854/2069/2385 1778/1991/2292 
f 1856/2071/2387 1779/1992/2293 1778/1991/2292 
f 1856/2071/2387 1695/1905/2175 1779/1992/2293 
f 1852/2067/2383 1692/1902/2172 1695/1905/2175 
f 1696/1906/2176 1857/2072/2388 1780/1993/2294 
f 1781/1994/2295 1632/1841/2080 1832/2047/2389 
f 1696/1906/2176 1781/2073/2390 1857/2072/2388 
f 1782/1995/2391 1697/1908/2297 1858/2074/2392 
f 1858/2074/2392 1859/2075/2393 1782/1995/2391 
f 1697/1908/2297 1751/1963/2250 1860/2076/2394 
f 1698/1909/2299 1782/1995/2391 1861/2077/2395 
f 1698/1909/2299 1862/2078/2396 1784/1997/2300 
f 1863/2079/2397 1783/1996/2298 1784/1997/2300 
f 1864/2080/2398 1785/1998/2301 1699/1910/2183 
f 1786/1999/2302 1637/1846/2092 1787/2000/2303 
f 1786/1999/2302 1865/2081/2399 1636/1845/2186 
f 1865/2081/2400 1866/2082/2401 1867/2083/2402 
f 1787/2000/2303 1702/1913/2188 1863/2079/2397 
f 1868/2084/2403 1704/1915/2191 1703/1914/2189 
f 1788/2001/2304 1704/1915/2191 1868/2084/2403 
f 1869/2085/2404 1788/2001/2304 1868/2084/2403 
f 1870/2086/2405 1871/2087/2406 1869/2085/2404 
f 1789/2002/2305 1871/2087/2406 1872/2088/2407 
f 1789/2002/2305 1872/2088/2407 1706/1917/2196 
f 1706/1917/2196 1873/2089/2408 1874/2090/2409 
f 1864/2080/2398 1699/1910/2183 1708/1919/2198 
f 1790/2003/2306 1709/1920/2200 1796/2009/2312 
f 1791/2004/2307 1790/2003/2306 1875/2091/2410 
f 1792/2005/2308 1710/1921/2201 1797/2010/2313 
f 1876/2092/2411 1795/2008/2311 1877/2093/2412 
f 1794/2007/2310 1878/2094/2413 1879/2095/2414 
f 1876/2092/2411 1793/2006/2309 1795/2008/2311 
f 1794/2007/2310 1793/2006/2309 1878/2094/2413 
f 1713/1924/2204 1880/2096/2415 1714/1925/2205 
f 1715/1926/2206 1881/2097/2416 1713/1924/2204 
f 1785/2011/2314 1882/2098/2417 1715/1926/2206 
f 1798/2012/2315 1716/1927/2208 1725/1936/2221 
f 1721/1932/2215 1883/2099/2418 1884/2100/2419 
f 1719/1930/2213 1798/2012/2315 1885/2101/2420 
f 1721/1932/2215 1799/2013/2316 1883/2099/2418 
f 1800/2014/2317 1649/1859/2112 1791/2004/2307 
f 1800/2014/2317 1886/2102/2421 1651/1861/2217 
f 1724/1935/2220 1887/2103/2422 1723/1934/2218 
f 1723/1934/2218 1885/2101/2420 1725/1936/2221 
f 1886/2102/2423 1888/2104/2424 1889/2105/2425 
f 1724/1935/2220 1889/2105/2425 1887/2103/2422 
f 1801/2015/2318 1653/1863/2118 1727/1938/2223 
f 1654/1864/2119 1803/2017/2320 1802/2016/2319 
f 1655/1865/2120 1802/2016/2319 1804/2018/2321 
f 1808/2022/2325 1803/2017/2320 1661/1871/2126 
f 1890/2106/2426 1727/1938/2223 1805/2019/2322 
f 1658/1868/2123 1806/2020/2323 1807/2021/2324 
f 1806/2020/2323 1728/1939/2224 1804/2018/2321 
f 1807/2021/2324 1891/2107/2427 1729/1940/2225 
f 1729/1940/2225 1891/2107/2427 1730/1941/2226 
f 1730/1941/2226 1892/2108/2428 1805/2019/2322 
f 1731/1942/2227 1893/2109/2429 1808/2022/2325 
f 1731/1942/2228 1809/2023/2326 1894/2110/2430 
f 1825/2040/2431 1732/1943/2432 1810/2024/2331 
f 1895/2111/2433 1738/1950/2236 1818/2032/2434 
f 1811/2025/2435 1896/2112/2436 1897/2113/2437 
f 1811/2025/2435 1897/2113/2437 1812/2026/2438 
f 1814/2028/2330 1813/2027/2332 1812/2026/2439 
f 1825/2040/2431 1810/2024/2331 1814/2028/2330 
f 1815/2029/2333 1663/1873/2131 1801/2015/2318 
f 1664/1874/2132 1815/2029/2333 1898/2114/2440 
f 1816/2030/2334 1664/1874/2132 1898/2114/2440 
f 1736/1947/2335 1819/2033/2441 1817/2031/2336 
f 1734/1945/2337 1817/2031/2336 1818/2032/2338 
f 1738/1950/2442 1735/1946/2443 1818/2032/2444 
f 1819/2033/2340 1737/1949/2235 1899/2115/2445 
f 1737/2034/2341 1816/2030/2334 1900/2116/2446 
f 1820/2035/2342 1740/1952/2238 1830/2045/2352 
f 1668/1878/2136 1823/2038/2345 1821/2036/2343 
f 1666/1876/2134 1821/2036/2343 1822/2037/2344 
f 1741/1953/2239 1824/2039/2346 1823/2038/2345 
f 1669/1879/2137 1901/2117/2447 1824/2039/2346 
f 1825/2040/2347 1901/2117/2448 1669/1879/2138 
f 1902/2118/2449 1742/1954/2240 1822/2037/2344 
f 1743/1955/2241 1742/1954/2240 1902/2118/2449 
f 1670/1880/2139 1826/2041/2348 1827/2042/2349 
f 1671/1881/2140 1827/2042/2349 1828/2043/2350 
f 1829/2044/2351 1672/1882/2141 1828/2043/2350 
f 1830/2045/2352 1673/1883/2142 1829/2044/2351 
f 1903/2119/2450 1744/1956/2242 1831/2046/2353 
f 1832/2047/2354 1744/1956/2242 1903/2119/2450 
f 1746/1958/2355 1820/2035/2342 1904/2120/2451 
f 1746/1958/2245 1905/2121/2452 1833/2048/2356 
f 1833/2048/2356 1906/2122/2453 1748/1960/2247 
f 1748/1960/2247 1907/2123/2454 1750/1962/2249 
f 1908/2124/2455 1831/2046/2353 1750/1962/2249 
f 1753/1965/2357 1909/2125/2456 1751/1963/2250 
f 1834/2049/2358 1752/1964/2359 1836/2051/2364 
f 1910/2126/2457 1753/1965/2252 1834/2049/2358 
f 1760/1972/2360 1835/2050/2458 1754/1966/2361 
f 1835/2050/2363 1911/2127/2459 1755/1967/2259 
f 1912/2128/2460 1836/2051/2364 1755/1967/2259 
f 1837/2052/2365 1757/1969/2262 1913/2129/2461 
f 1913/2129/2461 1914/2130/2462 1837/2052/2365 
f 1759/1971/2267 1758/1970/2265 1915/2131/2463 
f 1915/2131/2463 1916/2132/2464 1759/1971/2267 
f 1917/2133/2465 1760/1972/2269 1759/1971/2267 
f 1683/1893/2271 1918/2134/2466 1838/2053/2366 
f 1919/2135/2467 1920/2136/2468 1921/2137/2469 
f 1922/2138/2470 1923/2139/2471 1921/2137/2469 
f 1921/2137/2469 1924/2140/2472 1922/2138/2470 
f 1840/2055/2368 1913/2141/2473 1757/1973/2273 
f 1841/2056/2474 1761/1974/2369 1764/1977/2278 
f 1683/1893/2159 1841/2056/2370 1918/2134/2475 
f 1684/1894/2276 1843/2058/2373 1842/2057/2371 
f 1762/1975/2372 1842/2057/2371 1925/2142/2476 
f 1926/2143/2477 1843/2058/2373 1763/1976/2277 
f 1841/2056/2474 1764/1977/2278 1844/2059/2374 
f 1762/1975/2372 1925/2142/2476 1844/2059/2478 
f 1765/1978/2375 1926/2143/2477 1763/1976/2277 
f 1927/2144/2479 1765/1978/2279 1845/2060/2376 
f 1766/1979/2280 1691/1901/2171 1850/2065/2381 
f 1928/2145/2480 1845/2060/2376 1766/1979/2280 
f 1687/1897/2167 1851/2066/2382 1846/2061/2377 
f 1688/1898/2168 1846/2061/2377 1847/2062/2378 
f 1689/1899/2169 1847/2062/2378 1848/2063/2379 
f 1768/1981/2282 1849/2064/2380 1850/2065/2381 
f 1769/1982/2283 1929/2146/2481 1849/2064/2380 
f 1930/2147/2482 1769/1982/2283 1848/2063/2483 
f 1851/2066/2382 1770/1983/2284 1931/2148/2484 
f 1931/2148/2484 1770/1983/2284 1852/2067/2383 
f 1772/1985/2286 1932/2149/2485 1771/1984/2285 
f 1771/1984/2285 1933/2150/2486 1773/1986/2287 
f 1780/1993/2294 1934/2151/2487 1772/1985/2286 
f 1935/2152/2488 1853/2068/2384 1773/1986/2287 
f 1855/2070/2386 1853/2068/2384 1935/2152/2488 
f 1855/2070/2386 1936/2153/2489 1774/1987/2288 
f 1774/1987/2288 1937/2154/2490 1854/2069/2385 
f 1854/2069/2385 1938/2155/2491 1778/1991/2292 
f 1939/2156/2492 1856/2071/2387 1778/1991/2292 
f 1852/2067/2383 1695/1905/2175 1856/2071/2387 
f 1780/1993/2294 1857/2072/2388 1934/2151/2487 
f 1781/1994/2295 1832/2047/2389 1940/2157/2493 
f 1857/2072/2388 1781/2073/2390 1940/2158/2494 
f 1697/1908/2297 1941/2159/2495 1858/2074/2392 
f 1858/2074/2392 1942/2160/2496 1859/2075/2393 
f 1943/2161/2497 1782/1995/2391 1859/2075/2393 
f 1697/1908/2297 1860/2076/2394 1941/2159/2495 
f 1909/2125/2456 1860/2076/2394 1751/1963/2250 
f 1861/2077/2395 1944/2162/2498 1698/1909/2299 
f 1861/2077/2395 1782/1995/2391 1943/2161/2497 
f 1698/1909/2299 1945/2163/2499 1862/2078/2396 
f 1863/2079/2397 1784/1997/2300 1862/2078/2396 
f 1785/1998/2301 1864/2080/2398 1946/2164/2500 
f 1867/2083/2402 1947/2165/2501 1948/2166/2502 
f 1948/2166/2502 1949/2167/2503 1950/2168/2504 
f 1868/2084/2403 1703/1914/2189 1950/2168/2504 
f 1951/2169/2505 1786/1999/2302 1787/2000/2303 
f 1952/2170/2506 1953/2171/2507 1865/2081/2399 
f 1865/2081/2399 1786/1999/2302 1952/2170/2506 
f 1865/2081/2400 1953/2171/2508 1866/2082/2401 
f 1867/2083/2402 1866/2082/2401 1947/2165/2501 
f 1787/2000/2303 1863/2079/2397 1954/2172/2509 
f 1869/2085/2404 1868/2084/2403 1955/2173/2510 
f 1869/2085/2404 1956/2174/2511 1870/2086/2405 
f 1871/2087/2406 1870/2086/2405 1872/2088/2407 
f 1706/1917/2196 1872/2088/2407 1873/2089/2408 
f 1957/2175/2512 1958/2176/2513 1874/2090/2409 
f 1864/2080/2398 1708/1919/2198 1958/2176/2513 
f 1957/2175/2512 1874/2090/2409 1873/2089/2408 
f 1959/2177/2514 1791/2004/2307 1875/2091/2410 
f 1876/2092/2411 1877/2093/2412 1960/2178/2515 
f 1960/2178/2515 1877/2093/2412 1961/2179/2516 
f 1879/2095/2414 1878/2094/2413 1962/2180/2517 
f 1879/2095/2414 1962/2180/2517 1963/2181/2518 
f 1876/2092/2411 1964/2182/2519 1793/2006/2309 
f 1793/2006/2309 1965/2183/2520 1878/2094/2413 
f 1713/1924/2204 1881/2097/2416 1880/2096/2415 
f 1882/2098/2417 1881/2097/2416 1715/1926/2206 
f 1880/2096/2415 1966/2184/2521 1961/2179/2516 
f 1785/2011/2314 1967/2185/2522 1882/2098/2417 
f 1894/2110/2430 1809/2023/2326 1968/2186/2523 
f 1798/2012/2315 1725/1936/2221 1885/2101/2420 
f 1969/2187/2524 1968/2186/2523 1884/2100/2419 
f 1969/2187/2524 1884/2100/2419 1883/2099/2418 
f 1719/1930/2213 1885/2101/2420 1970/2188/2525 
f 1799/2013/2316 1971/2189/2526 1972/2190/2527 
f 1973/2191/2528 1719/1930/2213 1970/2188/2525 
f 1799/2013/2316 1972/2190/2527 1883/2099/2418 
f 1959/2177/2514 1800/2014/2317 1791/2004/2307 
f 1886/2102/2421 1800/2014/2317 1974/2192/2529 
f 1723/1934/2218 1887/2103/2422 1885/2101/2420 
f 1886/2102/2423 1975/2193/2530 1888/2104/2424 
f 1889/2105/2425 1888/2104/2424 1976/2194/2531 
f 1889/2105/2425 1976/2194/2531 1887/2103/2422 
f 1890/2106/2426 1801/2015/2318 1727/1938/2223 
f 1803/2017/2320 1977/2195/2532 1802/2016/2319 
f 1802/2016/2319 1978/2196/2533 1804/2018/2321 
f 1808/2022/2325 1979/2197/2534 1803/2017/2320 
f 1980/2198/2535 1890/2106/2426 1805/2019/2322 
f 1807/2021/2324 1806/2020/2323 1978/2196/2533 
f 1806/2020/2323 1804/2018/2321 1978/2196/2533 
f 1891/2107/2427 1807/2021/2324 1981/2199/2536 
f 1730/1941/2226 1891/2107/2427 1892/2108/2428 
f 1980/2198/2535 1805/2019/2322 1892/2108/2428 
f 1731/1942/2227 1982/2200/2537 1893/2109/2429 
f 1808/2022/2325 1893/2109/2429 1979/2197/2534 
f 1982/2200/2538 1731/1942/2228 1894/2110/2430 
f 1895/2111/2433 1818/2032/2434 1983/2201/2539 
f 1896/2112/2436 1984/2202/2540 1985/2203/2541 
f 1986/2204/2542 1895/2111/2433 1983/2201/2539 
f 1896/2112/2436 1985/2203/2541 1897/2113/2437 
f 1987/2205/2543 1812/2026/2438 1897/2113/2437 
f 1987/2205/2543 1814/2028/2544 1812/2026/2438 
f 1988/2206/2545 1825/2040/2347 1814/2028/2544 
f 1815/2029/2333 1801/2015/2318 1890/2106/2426 
f 1898/2114/2440 1815/2029/2333 1890/2106/2426 
f 1816/2030/2334 1898/2114/2440 1900/2116/2446 
f 1819/2033/2340 1989/2207/2546 1817/2031/2547 
f 1817/2031/2547 1983/2201/2539 1818/2032/2434 
f 1819/2033/2340 1899/2115/2445 1989/2207/2546 
f 1737/1949/2235 1990/2208/2548 1899/2115/2445 
f 1737/2034/2341 1900/2116/2446 1990/2209/2549 
f 1820/2035/2550 1830/2045/2550 1904/2120/2551 
f 1823/2038/2345 1991/2210/2552 1821/2036/2343 
f 1821/2036/2343 1992/2211/2553 1822/2037/2344 
f 1824/2039/2346 1993/2212/2554 1823/2038/2345 
f 1824/2039/2346 1901/2117/2447 1994/2213/2555 
f 1901/2117/2448 1825/2040/2347 1988/2206/2545 
f 1902/2118/2449 1822/2037/2344 1992/2211/2553 
f 1995/2214/2556 1743/1955/2241 1902/2118/2449 
f 1826/2041/2348 1996/2215/2557 1997/2216/2558 
f 1996/2215/2557 1995/2214/2556 1998/2217/2559 
f 1826/2041/2348 1997/2216/2558 1827/2042/2349 
f 1827/2042/2349 1999/2218/2560 1828/2043/2350 
f 1829/2044/2561 1828/2043/2562 1999/2218/2563 
f 2000/2219/2564 1830/2045/2352 1829/2044/2351 
f 1903/2119/2450 1831/2046/2353 1908/2124/2455 
f 1832/2047/2354 1903/2119/2450 2001/2220/2565 
f 1746/1958/2355 1904/2120/2451 1905/2121/2566 
f 1833/2048/2356 1905/2121/2452 2002/2221/2567 
f 1833/2048/2356 2002/2221/2567 1906/2122/2453 
f 1748/1960/2247 1906/2122/2453 1907/2123/2454 
f 1908/2124/2455 1750/1962/2249 1907/2123/2454 
f 1910/2126/2568 1909/2125/2456 1753/1965/2357 
f 2003/2222/2569 1834/2049/2358 1836/2051/2364 
f 2003/2222/2569 1910/2126/2457 1834/2049/2358 
f 1760/1972/2360 1917/2133/2570 2004/2223/2571 
f 2004/2223/2571 1835/2050/2458 1760/1972/2360 
f 1835/2050/2363 2004/2223/2572 1911/2127/2459 
f 1912/2128/2460 1755/1967/2259 1911/2127/2459 
f 2003/2222/2569 1836/2051/2364 1912/2128/2460 
f 1913/2129/2461 2005/2224/2573 1914/2130/2462 
f 1914/2130/2462 2006/2225/2574 1915/2131/2463 
f 1915/2131/2463 2007/2226/2575 1916/2132/2464 
f 1917/2133/2465 1759/1971/2267 1916/2132/2464 
f 1919/2135/2467 1921/2137/2469 2008/2227/2576 
f 1840/2055/2368 1920/2136/2468 1919/2135/2467 
f 2008/2227/2576 1921/2137/2469 1923/2139/2471 
f 2009/2228/2577 1923/2139/2471 1922/2138/2470 
f 2009/2228/2577 1918/2134/2578 1841/2056/2579 
f 1913/2141/2473 1840/2055/2368 2010/2229/2580 
f 2011/2230/2581 1842/2057/2371 1843/2058/2373 
f 2012/2231/2582 1925/2142/2476 1842/2057/2371 
f 1926/2143/2477 2011/2230/2581 1843/2058/2373 
f 1841/2056/2579 1844/2059/2478 2013/2232/2583 
f 1844/2059/2478 1925/2142/2476 2013/2232/2583 
f 1765/1978/2375 2014/2233/2584 1926/2143/2477 
f 1928/2145/2480 1927/2144/2479 1845/2060/2376 
f 1765/1978/2375 1927/2144/2585 2014/2233/2584 
f 2015/2234/2586 1766/1979/2280 1850/2065/2381 
f 2015/2234/2586 1928/2145/2480 1766/1979/2280 
f 1851/2066/2382 2016/2235/2587 1846/2061/2377 
f 1846/2061/2588 2017/2236/2589 1847/2062/2590 
f 1847/2062/2590 2018/2237/2591 1848/2063/2483 
f 1849/2064/2380 2019/2238/2592 1850/2065/2381 
f 1769/1982/2283 1930/2147/2482 1929/2146/2481 
f 1849/2064/2380 1929/2146/2481 2019/2238/2592 
f 1930/2147/2482 1848/2063/2483 2018/2237/2591 
f 2016/2235/2587 1851/2066/2382 1931/2148/2484 
f 1931/2148/2484 1852/2067/2383 2020/2239/2593 
f 1772/1985/2286 1934/2151/2487 1932/2149/2485 
f 1771/1984/2285 1932/2149/2485 1933/2150/2486 
f 1935/2152/2488 1773/1986/2287 1933/2150/2486 
f 2021/2240/2594 1855/2070/2386 1935/2152/2488 
f 1855/2070/2386 2021/2240/2594 1936/2153/2489 
f 1774/1987/2288 1936/2153/2489 1937/2154/2490 
f 1854/2069/2385 1937/2154/2490 1938/2155/2491 
f 1939/2156/2492 1778/1991/2292 1938/2155/2491 
f 2020/2239/2593 1856/2071/2387 1939/2156/2492 
f 2020/2239/2593 1852/2067/2383 1856/2071/2387 
f 1857/2072/2388 2022/2241/2595 1934/2151/2487 
f 1940/2157/2493 1832/2047/2389 2001/2220/2596 
f 1857/2072/2388 1940/2158/2494 2023/2242/2597 
f 1858/2074/2392 1941/2159/2495 1942/2160/2496 
f 1943/2161/2497 1859/2075/2393 1942/2160/2496 
f 1860/2076/2394 2024/2243/2598 1941/2159/2495 
f 1909/2125/2456 2025/2244/2599 1860/2076/2394 
f 1944/2162/2498 1861/2077/2395 2026/2245/2600 
f 2026/2245/2600 2027/2246/2601 1944/2162/2498 
f 1698/1909/2299 1944/2162/2498 1945/2163/2499 
f 1954/2172/2509 1863/2079/2397 1862/2078/2396 
f 2028/2247/2602 1785/1998/2301 1946/2164/2500 
f 1946/2164/2500 1864/2080/2398 1958/2176/2513 
f 1948/2166/2502 1947/2165/2501 1949/2167/2503 
f 1955/2173/2510 1950/2168/2504 1949/2167/2503 
f 1955/2173/2510 1868/2084/2403 1950/2168/2504 
f 1951/2169/2505 1787/2000/2303 1954/2172/2509 
f 1786/1999/2302 1951/2169/2505 2029/2248/2603 
f 1953/2171/2507 1952/2170/2506 2030/2249/2604 
f 1952/2170/2506 1786/1999/2302 2029/2248/2603 
f 1866/2082/2401 1953/2171/2508 2031/2250/2605 
f 1866/2082/2401 2032/2251/2606 1947/2165/2501 
f 1869/2085/2404 1955/2173/2510 1956/2174/2511 
f 1870/2086/2607 1956/2174/2608 2033/2252/2609 
f 1872/2088/2407 1870/2086/2405 2034/2253/2610 
f 1872/2088/2407 2034/2253/2610 1873/2089/2408 
f 1946/2164/2500 1958/2176/2513 1957/2175/2512 
f 2035/2254/2611 1957/2175/2512 1873/2089/2408 
f 2036/2255/2612 1875/2091/2410 1963/2181/2518 
f 1959/2177/2514 1875/2091/2410 2036/2255/2612 
f 2037/2256/2613 1876/2092/2411 1960/2178/2515 
f 1960/2178/2515 1961/2179/2516 1966/2184/2521 
f 1878/2094/2413 2038/2257/2614 1962/2180/2517 
f 2036/2255/2612 1963/2181/2518 1962/2180/2517 
f 1876/2092/2411 2037/2256/2613 1964/2182/2519 
f 1793/2006/2309 1964/2182/2519 1965/2183/2520 
f 1878/2094/2413 1965/2183/2520 2038/2257/2614 
f 1881/2097/2416 2039/2258/2615 1880/2096/2415 
f 1882/2098/2417 2040/2259/2616 1881/2097/2416 
f 1880/2096/2415 2039/2258/2615 1966/2184/2521 
f 1785/2011/2314 2028/2260/2617 1967/2185/2522 
f 1882/2098/2417 1967/2185/2522 2041/2261/2618 
f 1894/2110/2430 1968/2186/2523 1969/2187/2524 
f 2042/2262/2619 1969/2187/2524 1883/2099/2418 
f 1887/2103/2422 1970/2188/2525 1885/2101/2420 
f 1971/2189/2526 2043/2263/2620 1972/2190/2527 
f 1973/2191/2528 1970/2188/2525 2044/2264/2621 
f 1971/2189/2526 2045/2265/2622 2043/2263/2620 
f 2046/2266/2623 1973/2191/2528 2044/2264/2621 
f 2042/2262/2619 1883/2099/2418 1972/2190/2527 
f 1800/2014/2317 1959/2177/2514 2047/2267/2624 
f 1975/2193/2625 1886/2102/2421 1974/2192/2529 
f 1974/2192/2529 1800/2014/2317 2047/2267/2624 
f 1888/2104/2424 1975/2193/2530 2048/2268/2626 
f 1888/2104/2424 2049/2269/2627 1976/2194/2531 
f 1887/2103/2422 1976/2194/2531 1970/2188/2525 
f 1803/2017/2320 1979/2197/2534 1977/2195/2532 
f 1802/2016/2319 1977/2195/2532 1978/2196/2533 
f 1898/2114/2440 1890/2106/2426 1980/2198/2535 
f 1807/2021/2324 1978/2196/2533 2050/2270/2628 
f 1891/2107/2427 1981/2199/2536 2051/2271/2629 
f 1981/2199/2536 1807/2021/2324 2050/2270/2628 
f 1891/2107/2427 2052/2272/2630 1892/2108/2428 
f 2053/2273/2631 1980/2198/2535 1892/2108/2428 
f 1893/2109/2429 1982/2200/2537 2054/2274/2632 
f 1893/2109/2429 2055/2275/2633 1979/2197/2534 
f 1982/2200/2538 1894/2110/2430 2056/2276/2634 
f 1984/2202/2540 2057/2277/2635 1985/2203/2541 
f 1986/2204/2542 1983/2201/2539 2058/2278/2636 
f 1984/2202/2540 2059/2279/2637 2057/2277/2635 
f 2060/2280/2638 1986/2204/2542 2058/2278/2636 
f 2061/2281/2639 1897/2113/2437 1985/2203/2541 
f 2061/2281/2639 1987/2205/2543 1897/2113/2437 
f 1988/2206/2545 1814/2028/2544 1987/2205/2543 
f 1900/2116/2446 1898/2114/2440 2062/2282/2640 
f 1817/2031/2547 1989/2207/2546 1983/2201/2539 
f 1899/2115/2445 2063/2283/2641 1989/2207/2546 
f 1899/2115/2445 1990/2208/2548 2064/2284/2642 
f 1990/2209/2549 1900/2116/2446 2065/2285/2643 
f 1904/2120/2451 1830/2045/2352 2066/2286/2644 
f 1823/2038/2345 1993/2212/2554 1991/2210/2552 
f 1821/2036/2343 1991/2210/2552 1992/2211/2553 
f 1993/2212/2645 1824/2039/2646 2067/2287/2647 
f 1824/2039/2346 1994/2213/2555 2067/2287/2648 
f 1901/2117/2448 1988/2206/2545 1994/2213/2649 
f 2068/2288/2650 1902/2118/2449 1992/2211/2553 
f 1995/2214/2556 1902/2118/2449 2068/2288/2650 
f 1996/2215/2557 2069/2289/2651 1997/2216/2558 
f 1996/2215/2557 1998/2217/2559 2069/2289/2651 
f 1998/2217/2559 1995/2214/2556 2068/2288/2650 
f 1827/2042/2349 1997/2216/2558 1999/2218/2560 
f 2070/2290/2652 1829/2044/2351 1999/2218/2560 
f 2000/2219/2564 1829/2044/2351 2070/2290/2652 
f 1830/2045/2352 2000/2219/2564 2066/2286/2644 
f 2071/2291/2653 1903/2119/2450 1908/2124/2455 
f 2001/2220/2565 1903/2119/2450 2071/2291/2653 
f 1905/2121/2566 1904/2120/2451 2066/2286/2644 
f 1905/2121/2452 2072/2292/2654 2002/2221/2567 
f 2002/2221/2567 2073/2293/2655 1906/2122/2453 
f 1906/2122/2453 2074/2294/2656 1907/2123/2454 
f 1910/2126/2568 2075/2295/2657 1909/2125/2456 
f 1910/2126/2457 2003/2222/2569 2076/2296/2658 
f 2004/2223/2572 2077/2297/2659 1911/2127/2459 
f 2078/2298/2660 1912/2128/2460 1911/2127/2459 
f 2076/2296/2658 2003/2222/2569 1912/2128/2460 
f 1913/2129/2461 2079/2299/2661 2005/2224/2573 
f 1914/2130/2462 2005/2224/2573 2006/2225/2574 
f 1915/2131/2463 2006/2225/2574 2007/2226/2575 
f 2080/2300/2662 1916/2132/2464 2007/2226/2575 
f 2080/2300/2662 1917/2133/2465 1916/2132/2464 
f 2081/2301/2663 1919/2135/2467 2008/2227/2576 
f 2010/2229/2580 1840/2055/2368 1919/2135/2467 
f 2008/2227/2576 1923/2139/2471 2082/2302/2664 
f 2009/2228/2577 2083/2303/2665 1923/2139/2471 
f 2009/2228/2577 1841/2056/2579 2013/2232/2583 
f 2079/2304/2666 1913/2141/2473 2010/2229/2580 
f 2011/2230/2581 2012/2231/2582 1842/2057/2371 
f 2012/2231/2582 2084/2305/2667 1925/2142/2476 
f 1926/2143/2477 2085/2306/2668 2011/2230/2581 
f 1925/2142/2476 2084/2305/2667 2013/2232/2583 
f 1926/2143/2477 2014/2233/2584 2085/2306/2668 
f 1928/2145/2480 2086/2307/2669 1927/2144/2479 
f 2014/2233/2584 1927/2144/2585 2086/2307/2670 
f 2015/2234/2586 1850/2065/2381 2019/2238/2592 
f 2087/2308/2671 1928/2145/2480 2015/2234/2586 
f 1846/2061/2588 2016/2235/2672 2088/2309/2673 
f 1846/2061/2588 2088/2309/2673 2017/2236/2589 
f 1847/2062/2590 2017/2236/2589 2018/2237/2591 
f 1930/2147/2482 2089/2310/2674 1929/2146/2481 
f 1929/2146/2481 2089/2310/2674 2019/2238/2592 
f 2090/2311/2675 1930/2147/2482 2018/2237/2591 
f 2016/2235/2587 1931/2148/2484 2091/2312/2676 
f 1931/2148/2484 2020/2239/2593 2091/2312/2676 
f 1934/2151/2487 2092/2313/2677 1932/2149/2485 
f 1932/2149/2485 2093/2314/2678 1933/2150/2486 
f 2094/2315/2679 1935/2152/2488 1933/2150/2486 
f 2021/2240/2594 1935/2152/2488 2094/2315/2679 
f 1936/2153/2489 2021/2240/2594 2095/2316/2680 
f 1936/2153/2489 2096/2317/2681 1937/2154/2490 
f 1937/2154/2490 2097/2318/2682 1938/2155/2491 
f 2098/2319/2683 1939/2156/2492 1938/2155/2491 
f 2099/2320/2684 2020/2239/2593 1939/2156/2492 
f 2022/2241/2595 1857/2072/2388 2100/2321/2685 
f 1934/2151/2487 2022/2241/2595 2092/2313/2677 
f 1940/2157/2493 2001/2220/2596 2101/2322/2686 
f 1857/2072/2388 2023/2242/2597 2100/2321/2685 
f 2023/2242/2597 1940/2158/2494 2101/2323/2687 
f 1941/2159/2495 2102/2324/2688 1942/2160/2496 
f 2103/2325/2689 1943/2161/2497 1942/2160/2496 
f 1860/2076/2394 2025/2244/2599 2024/2243/2598 
f 1941/2159/2495 2024/2243/2598 2102/2324/2688 
f 2075/2295/2657 2025/2244/2599 1909/2125/2456 
f 2104/2326/2690 2026/2245/2600 2103/2325/2689 
f 2105/2327/2691 2106/2328/2692 2107/2329/2693 
f 1954/2172/2509 1862/2078/2396 2107/2329/2693 
f 2028/2247/2602 1946/2164/2500 2108/2330/2694 
f 1947/2165/2501 2109/2331/2695 1949/2167/2503 
f 1956/2174/2511 1955/2173/2510 1949/2167/2503 
f 1951/2169/2505 1954/2172/2509 2110/2332/2696 
f 2029/2248/2603 1951/2169/2505 2110/2332/2696 
f 1953/2171/2507 2030/2249/2604 2111/2333/2697 
f 1952/2170/2506 2112/2334/2698 2030/2249/2604 
f 1952/2170/2506 2029/2248/2603 2112/2334/2698 
f 1866/2082/2401 2031/2250/2605 2032/2251/2606 
f 1953/2171/2508 2111/2333/2699 2031/2250/2605 
f 1947/2165/2501 2032/2251/2606 2109/2331/2695 
f 1870/2086/2405 2033/2252/2700 2113/2335/2701 
f 1956/2174/2608 2114/2336/2702 2033/2252/2609 
f 1870/2086/2405 2113/2335/2701 2034/2253/2610 
f 2035/2254/2611 1873/2089/2408 2034/2253/2610 
f 2108/2330/2694 1946/2164/2500 1957/2175/2512 
f 2108/2330/2694 1957/2175/2512 2035/2254/2611 
f 2047/2267/2624 1959/2177/2514 2036/2255/2612 
f 2037/2256/2613 1960/2178/2515 2115/2337/2703 
f 2115/2337/2703 1960/2178/2515 1966/2184/2521 
f 1964/2182/2519 2037/2256/2613 2116/2338/2704 
f 1964/2182/2519 2117/2339/2705 1965/2183/2520 
f 1965/2183/2520 2118/2340/2706 2038/2257/2614 
f 1881/2097/2416 2040/2259/2616 2039/2258/2615 
f 1882/2098/2417 2041/2261/2618 2040/2259/2616 
f 1967/2185/2522 2028/2260/2617 2119/2341/2707 
f 2041/2261/2618 1967/2185/2522 2120/2342/2708 
f 2056/2276/2634 1894/2110/2430 1969/2187/2524 
f 2056/2276/2634 1969/2187/2524 2042/2262/2619 
f 2121/2343/2709 1972/2190/2527 2043/2263/2620 
f 1976/2194/2531 2044/2264/2621 1970/2188/2525 
f 2045/2265/2622 2122/2344/2710 2043/2263/2620 
f 2046/2266/2623 2044/2264/2621 2123/2345/2711 
f 2045/2265/2622 2124/2346/2712 2122/2344/2710 
f 2125/2347/2713 2046/2266/2623 2123/2345/2711 
f 2121/2343/2709 2042/2262/2619 1972/2190/2527 
f 1975/2193/2625 1974/2192/2529 2126/2348/2714 
f 1974/2192/2529 2047/2267/2624 2127/2349/2715 
f 1888/2104/2424 2048/2268/2626 2049/2269/2627 
f 1975/2193/2530 2128/2350/2716 2048/2268/2626 
f 1976/2194/2531 2049/2269/2627 2044/2264/2621 
f 1979/2197/2534 2129/2351/2717 1977/2195/2532 
f 1977/2195/2532 2050/2270/2628 1978/2196/2533 
f 1898/2114/2440 1980/2198/2535 2053/2273/2631 
f 1891/2107/2427 2051/2271/2629 2052/2272/2630 
f 1981/2199/2536 2050/2270/2628 2130/2352/2718 
f 2053/2273/2631 1892/2108/2428 2052/2272/2630 
f 1893/2109/2429 2054/2274/2632 2131/2353/2719 
f 1982/2200/2538 2056/2276/2634 2054/2274/2720 
f 1893/2109/2429 2131/2353/2719 2055/2275/2633 
f 1979/2197/2534 2055/2275/2633 2129/2351/2717 
f 2132/2354/2721 1985/2203/2541 2057/2277/2635 
f 1989/2207/2546 2058/2278/2636 1983/2201/2539 
f 2059/2279/2637 2133/2355/2722 2057/2277/2635 
f 2060/2280/2638 2058/2278/2636 2134/2356/2723 
f 2135/2357/2724 2060/2280/2638 2134/2356/2723 
f 2136/2358/2725 2137/2359/2726 2135/2360/2727 
f 2059/2279/2637 2137/2361/2728 2133/2355/2722 
f 2132/2354/2721 2061/2281/2639 1985/2203/2541 
f 2138/2362/2729 1987/2205/2543 2061/2281/2639 
f 2138/2362/2729 1988/2206/2545 1987/2205/2543 
f 1900/2116/2446 2062/2282/2640 2065/2285/2643 
f 2062/2282/2640 1898/2114/2440 2053/2273/2631 
f 1899/2115/2445 2064/2284/2642 2063/2283/2641 
f 1989/2207/2546 2063/2283/2641 2058/2278/2636 
f 1990/2208/2548 2139/2363/2730 2064/2284/2642 
f 1990/2209/2549 2065/2285/2643 2139/2364/2731 
f 2140/2365/2732 1991/2210/2733 1993/2212/2645 
f 1991/2210/2734 2141/2366/2735 1992/2211/2736 
f 2067/2287/2647 2142/2367/2737 1993/2212/2645 
f 2067/2287/2648 1994/2213/2555 2143/2368/2738 
f 1994/2213/2649 1988/2206/2545 2138/2362/2729 
f 2068/2288/2650 1992/2211/2553 2141/2366/2739 
f 1997/2216/2558 2069/2289/2651 2144/2369/2740 
f 2069/2289/2741 1998/2217/2742 2145/2370/2743 
f 1998/2217/2559 2068/2288/2650 2146/2371/2744 
f 1997/2216/2558 2144/2369/2740 1999/2218/2560 
f 2070/2290/2652 1999/2218/2560 2144/2369/2740 
f 2147/2372/2745 2000/2219/2564 2070/2290/2652 
f 2066/2286/2644 2000/2219/2564 2148/2373/2746 
f 2071/2291/2653 1908/2124/2455 2149/2374/2747 
f 2001/2220/2565 2071/2291/2653 2150/2375/2748 
f 1905/2121/2566 2066/2286/2644 2072/2292/2749 
f 2002/2221/2567 2072/2292/2654 2151/2376/2750 
f 2002/2221/2567 2151/2376/2750 2073/2293/2655 
f 1906/2122/2453 2073/2293/2655 2074/2294/2656 
f 2152/2377/2751 2149/2374/2747 2074/2294/2656 
f 2153/2378/2752 2075/2295/2657 1910/2126/2568 
f 1910/2126/2568 2154/2379/2753 2153/2378/2752 
f 2154/2379/2754 1910/2126/2457 2076/2296/2658 
f 2155/2380/2755 2080/2300/2756 2156/2381/2757 
f 2004/2223/2572 2155/2380/2758 2077/2297/2659 
f 2078/2298/2660 1911/2127/2459 2077/2297/2659 
f 2076/2296/2658 1912/2128/2460 2078/2298/2660 
f 2005/2224/2573 2079/2299/2661 2157/2382/2759 
f 2005/2224/2573 2158/2383/2760 2006/2225/2574 
f 2006/2225/2574 2159/2384/2761 2007/2226/2575 
f 2156/2381/2762 2080/2300/2662 2007/2226/2575 
f 2081/2301/2663 2008/2227/2576 2160/2385/2763 
f 2010/2229/2580 1919/2135/2467 2081/2301/2663 
f 2160/2385/2763 2008/2227/2576 2082/2302/2664 
f 2083/2303/2665 2009/2228/2577 2161/2386/2764 
f 2009/2228/2577 2013/2232/2583 2161/2386/2764 
f 2079/2304/2666 2010/2229/2580 2162/2387/2765 
f 2011/2230/2581 2163/2388/2766 2012/2231/2582 
f 2012/2231/2582 2164/2389/2767 2084/2305/2667 
f 2011/2230/2581 2085/2306/2668 2163/2388/2766 
f 2084/2305/2667 2161/2386/2764 2013/2232/2583 
f 2085/2306/2668 2014/2233/2584 2165/2390/2768 
f 2086/2307/2669 1928/2145/2480 2087/2308/2671 
f 2014/2233/2584 2086/2307/2670 2166/2391/2769 
f 2167/2392/2770 2015/2234/2586 2019/2238/2592 
f 2087/2308/2671 2015/2234/2586 2167/2392/2770 
f 2016/2235/2672 2168/2393/2771 2088/2309/2673 
f 2088/2309/2673 2169/2394/2772 2017/2236/2589 
f 2017/2236/2589 2170/2395/2773 2018/2237/2591 
f 1930/2147/2482 2090/2311/2675 2089/2310/2674 
f 2089/2310/2674 2171/2396/2774 2019/2238/2592 
f 2090/2311/2675 2018/2237/2591 2170/2395/2773 
f 2016/2235/2587 2091/2312/2676 2168/2393/2775 
f 2020/2239/2593 2099/2320/2684 2091/2312/2676 
f 1932/2149/2485 2092/2313/2677 2093/2314/2678 
f 2094/2315/2679 1933/2150/2486 2093/2314/2678 
f 2172/2397/2776 2021/2240/2594 2094/2315/2679 
f 1936/2153/2489 2095/2316/2680 2096/2317/2681 
f 2021/2240/2594 2172/2397/2776 2095/2316/2680 
f 1937/2154/2490 2096/2317/2681 2097/2318/2682 
f 2098/2319/2683 1938/2155/2491 2097/2318/2682 
f 2099/2320/2684 1939/2156/2492 2098/2319/2683 
f 2022/2241/2595 2100/2321/2685 2173/2398/2777 
f 2022/2241/2595 2173/2398/2777 2092/2313/2677 
f 2101/2322/2686 2001/2220/2596 2150/2375/2778 
f 2100/2321/2685 2023/2242/2597 2174/2399/2779 
f 2023/2400/2597 2101/2401/2687 2175/2402/2780 
f 2103/2325/2689 1942/2160/2496 2102/2324/2688 
f 2025/2244/2599 2176/2403/2781 2024/2243/2598 
f 2024/2243/2598 2177/2404/2782 2102/2324/2688 
f 2075/2295/2657 2178/2405/2783 2025/2244/2599 
f 2027/2246/2601 2179/2406/2784 2180/2407/2785 
f 2027/2246/2601 2180/2407/2785 2105/2327/2691 
f 2104/2326/2690 2103/2325/2689 2181/2408/2786 
f 2105/2327/2691 2180/2407/2785 2106/2328/2692 
f 2110/2332/2696 2107/2329/2693 2106/2328/2692 
f 2110/2332/2696 1954/2172/2509 2107/2329/2693 
f 2028/2247/2602 2108/2330/2694 2119/2409/2787 
f 1956/2174/2511 1949/2167/2503 2109/2331/2695 
f 2029/2248/2603 2110/2332/2696 2182/2410/2788 
f 2111/2333/2697 2030/2249/2604 2183/2411/2789 
f 2030/2249/2604 2112/2334/2698 2184/2412/2790 
f 2112/2334/2698 2029/2248/2603 2182/2410/2788 
f 2031/2250/2605 2185/2413/2791 2032/2251/2606 
f 2031/2250/2605 2111/2333/2699 2186/2414/2792 
f 2032/2251/2606 2187/2415/2793 2109/2331/2695 
f 2033/2252/2700 2188/2416/2794 2113/2335/2701 
f 2114/2336/2795 1956/2174/2511 2109/2331/2695 
f 2033/2252/2609 2114/2336/2702 2189/2417/2796 
f 2190/2418/2797 2034/2253/2610 2113/2335/2701 
f 2190/2418/2797 2035/2254/2611 2034/2253/2610 
f 2191/2419/2798 2108/2330/2694 2035/2254/2611 
f 2047/2267/2624 2036/2255/2612 2192/2420/2799 
f 2193/2421/2800 2037/2256/2613 2115/2337/2703 
f 2115/2337/2703 1966/2184/2521 2194/2422/2801 
f 1964/2182/2519 2116/2338/2704 2117/2339/2705 
f 2037/2256/2613 2193/2421/2800 2116/2338/2704 
f 1965/2183/2520 2117/2339/2705 2118/2340/2706 
f 2040/2259/2616 2195/2423/2802 2039/2258/2615 
f 2040/2259/2616 2041/2261/2618 2195/2423/2802 
f 2195/2423/2802 2196/2424/2803 2194/2422/2801 
f 1967/2185/2522 2119/2341/2707 2197/2425/2804 
f 2041/2261/2618 2120/2342/2708 2198/2426/2805 
f 1967/2185/2522 2197/2425/2804 2120/2342/2708 
f 2199/2427/2806 2056/2276/2634 2042/2262/2619 
f 2200/2428/2807 2121/2343/2709 2043/2263/2620 
f 2200/2428/2807 2043/2263/2620 2122/2344/2710 
f 2049/2269/2627 2123/2345/2711 2044/2264/2621 
f 2124/2346/2712 2201/2429/2808 2122/2344/2710 
f 2125/2347/2713 2123/2345/2711 2202/2430/2809 
f 2203/2431/2810 2125/2347/2713 2202/2430/2809 
f 2124/2346/2712 2204/2432/2811 2201/2429/2808 
f 2199/2427/2806 2042/2262/2619 2121/2343/2709 
f 1975/2193/2625 2126/2348/2714 2128/2350/2812 
f 1974/2192/2529 2127/2349/2715 2126/2348/2714 
f 2127/2349/2715 2047/2267/2624 2192/2420/2799 
f 2048/2268/2626 2205/2433/2813 2049/2269/2627 
f 2048/2268/2626 2128/2350/2716 2206/2434/2814 
f 1977/2195/2532 2129/2351/2717 2050/2270/2628 
f 2051/2271/2629 2207/2435/2815 2052/2272/2630 
f 2051/2271/2629 2208/2436/2816 2207/2435/2815 
f 2209/2437/2817 1981/2199/2536 2130/2352/2718 
f 2129/2351/2717 2130/2352/2718 2050/2270/2628 
f 2210/2438/2818 2053/2273/2631 2052/2272/2630 
f 2131/2353/2719 2054/2274/2632 2211/2439/2819 
f 2054/2274/2720 2056/2276/2634 2199/2427/2806 
f 2055/2275/2633 2131/2353/2719 2212/2440/2820 
f 2055/2275/2633 2213/2441/2821 2129/2351/2717 
f 2214/2442/2822 2132/2354/2721 2057/2277/2635 
f 2214/2442/2822 2057/2277/2635 2133/2355/2722 
f 2063/2283/2641 2134/2356/2723 2058/2278/2636 
f 2135/2357/2724 2134/2356/2723 2215/2443/2823 
f 2216/2444/2824 2136/2358/2725 2135/2360/2727 
f 2137/2359/2728 2136/2358/2825 2133/2445/2722 
f 2217/2446/2826 2061/2281/2639 2132/2354/2721 
f 2217/2446/2826 2138/2362/2729 2061/2281/2639 
f 2065/2285/2643 2062/2282/2640 2218/2447/2827 
f 2062/2282/2640 2053/2273/2631 2210/2438/2818 
f 2064/2284/2642 2219/2448/2828 2063/2283/2641 
f 2064/2284/2642 2139/2363/2730 2220/2449/2829 
f 2139/2364/2731 2065/2285/2643 2221/2450/2830 
f 1993/2212/2645 2142/2367/2737 2140/2365/2732 
f 1991/2210/2734 2140/2365/2831 2141/2366/2735 
f 2142/2367/2832 2067/2287/2648 2222/2451/2833 
f 2067/2287/2648 2143/2368/2738 2222/2451/2833 
f 1994/2213/2649 2138/2362/2729 2143/2368/2834 
f 2146/2371/2744 2068/2288/2650 2141/2366/2739 
f 2145/2370/2743 2223/2452/2835 2069/2289/2741 
f 1998/2217/2559 2146/2371/2744 2145/2370/2836 
f 2147/2372/2745 2070/2290/2652 2224/2453/2837 
f 2000/2219/2564 2147/2372/2745 2148/2373/2746 
f 2072/2292/2749 2066/2286/2644 2148/2373/2746 
f 2225/2454/2838 2071/2291/2653 2149/2374/2747 
f 2225/2454/2838 2150/2375/2748 2071/2291/2653 
f 2072/2292/2654 2226/2455/2839 2151/2376/2750 
f 2151/2376/2750 2227/2456/2840 2073/2293/2655 
f 2073/2293/2655 2228/2457/2841 2074/2294/2656 
f 2152/2377/2751 2074/2294/2656 2228/2457/2841 
f 2225/2454/2838 2149/2374/2747 2152/2377/2751 
f 2153/2378/2752 2154/2379/2753 2229/2458/2842 
f 2075/2295/2657 2153/2378/2752 2230/2459/2843 
f 2154/2379/2754 2076/2296/2658 2231/2460/2844 
f 2155/2380/2755 2156/2381/2757 2232/2461/2845 
f 2155/2380/2758 2233/2462/2846 2077/2297/2659 
f 2234/2463/2847 2078/2298/2660 2077/2297/2659 
f 2231/2460/2844 2076/2296/2658 2078/2298/2660 
f 2005/2224/2573 2157/2382/2759 2158/2383/2760 
f 2079/2299/2661 2235/2464/2848 2157/2382/2759 
f 2006/2225/2574 2158/2383/2760 2159/2384/2761 
f 2156/2381/2762 2007/2226/2575 2159/2384/2761 
f 2236/2465/2849 2081/2301/2663 2160/2385/2763 
f 2010/2229/2580 2081/2301/2663 2162/2387/2765 
f 2160/2385/2763 2082/2302/2664 2237/2466/2850 
f 2238/2467/2851 2083/2303/2665 2161/2386/2764 
f 2238/2467/2851 2237/2466/2850 2082/2302/2664 
f 2079/2304/2666 2162/2387/2765 2235/2468/2852 
f 2012/2231/2582 2163/2388/2766 2164/2389/2767 
f 2239/2469/2853 2084/2305/2667 2164/2389/2767 
f 2085/2306/2668 2240/2470/2854 2163/2388/2766 
f 2239/2469/2853 2161/2386/2764 2084/2305/2667 
f 2085/2306/2668 2165/2390/2768 2240/2470/2854 
f 2014/2233/2584 2166/2391/2769 2165/2390/2768 
f 2086/2307/2669 2087/2308/2671 2241/2471/2855 
f 2166/2391/2769 2086/2307/2670 2241/2471/2856 
f 2167/2392/2770 2019/2238/2592 2171/2396/2774 
f 2242/2472/2857 2087/2473/2671 2167/2474/2770 
f 2088/2309/2673 2168/2393/2771 2243/2475/2858 
f 2088/2309/2673 2243/2475/2858 2169/2394/2772 
f 2017/2236/2589 2169/2394/2772 2170/2395/2773 
f 2090/2476/2675 2170/2477/2773 2089/2478/2674 
f 2167/2474/2770 2171/2479/2774 2089/2478/2674 
f 2168/2393/2775 2091/2312/2676 2244/2480/2859 
f 2091/2312/2676 2099/2320/2684 2245/2481/2860 
f 2093/2314/2678 2092/2313/2677 2173/2398/2777 
f 2173/2398/2777 2246/2482/2861 2093/2314/2678 
f 2247/2483/2862 2094/2315/2679 2093/2314/2678 
f 2172/2397/2776 2094/2315/2679 2247/2483/2862 
f 2095/2316/2680 2248/2484/2863 2096/2317/2681 
f 2248/2484/2863 2095/2316/2680 2172/2397/2776 
f 2096/2317/2681 2249/2485/2864 2097/2318/2682 
f 2245/2481/2860 2099/2320/2684 2098/2319/2683 
f 2100/2321/2685 2250/2486/2865 2173/2398/2777 
f 2101/2401/2686 2150/2487/2778 2251/2488/2866 
f 2100/2321/2685 2174/2399/2779 2250/2486/2865 
f 2023/2400/2597 2175/2402/2780 2174/2489/2779 
f 2175/2402/2780 2101/2401/2687 2251/2488/2867 
f 2181/2408/2786 2103/2325/2689 2102/2324/2688 
f 2025/2244/2599 2178/2405/2783 2176/2403/2781 
f 2024/2243/2598 2176/2403/2781 2177/2404/2782 
f 2181/2408/2786 2102/2324/2688 2177/2404/2782 
f 2075/2295/2657 2230/2459/2843 2178/2405/2783 
f 2252/2490/2868 2104/2326/2690 2181/2408/2786 
f 2253/2491/2869 2252/2490/2868 2254/2492/2870 
f 2179/2406/2784 2253/2491/2869 2255/2493/2871 
f 2179/2406/2784 2255/2493/2871 2180/2407/2785 
f 2182/2410/2788 2110/2332/2696 2106/2328/2692 
f 2119/2409/2787 2108/2330/2694 2191/2419/2798 
f 2111/2333/2697 2183/2411/2789 2256/2494/2872 
f 2030/2249/2604 2184/2412/2790 2183/2411/2789 
f 2184/2412/2790 2112/2334/2698 2257/2495/2873 
f 2112/2334/2698 2182/2410/2788 2257/2495/2873 
f 2031/2250/2605 2186/2414/2792 2185/2413/2791 
f 2032/2251/2606 2185/2413/2791 2187/2415/2793 
f 2111/2333/2699 2256/2494/2874 2186/2414/2792 
f 2114/2336/2795 2109/2331/2695 2187/2415/2793 
f 2033/2252/2700 2189/2417/2875 2188/2416/2794 
f 2258/2496/2876 2113/2335/2701 2188/2416/2794 
f 2114/2336/2702 2259/2497/2877 2189/2417/2796 
f 2258/2496/2876 2190/2418/2797 2113/2335/2701 
f 2191/2419/2798 2035/2254/2611 2190/2418/2797 
f 2193/2421/2800 2115/2337/2703 2260/2498/2878 
f 2261/2499/2879 2262/2500/2880 2118/2340/2706 
f 2127/2349/2715 2192/2420/2799 2262/2500/2880 
f 2116/2338/2704 2263/2501/2881 2117/2339/2705 
f 2116/2338/2704 2193/2421/2800 2264/2502/2882 
f 2117/2339/2705 2265/2503/2883 2118/2340/2706 
f 2041/2261/2618 2198/2426/2805 2195/2423/2802 
f 2195/2423/2802 2198/2426/2805 2196/2424/2803 
f 2197/2425/2804 2119/2341/2707 2266/2504/2884 
f 2120/2342/2708 2267/2505/2885 2198/2426/2805 
f 2120/2342/2708 2197/2425/2804 2268/2506/2886 
f 2269/2507/2887 2121/2343/2709 2200/2428/2807 
f 2270/2508/2888 2200/2428/2807 2122/2344/2710 
f 2049/2269/2627 2205/2433/2813 2123/2345/2711 
f 2270/2508/2888 2122/2344/2710 2201/2429/2808 
f 2205/2433/2813 2202/2430/2809 2123/2345/2711 
f 2203/2431/2810 2202/2430/2809 2271/2509/2889 
f 2272/2510/2890 2203/2511/2810 2271/2512/2889 
f 2272/2510/2890 2273/2513/2891 2274/2514/2892 
f 2274/2514/2892 2275/2515/2893 2272/2510/2890 
f 2204/2516/2811 2275/2515/2893 2201/2517/2808 
f 2269/2507/2887 2199/2427/2806 2121/2343/2709 
f 2128/2350/2812 2126/2348/2714 2276/2518/2894 
f 2126/2348/2714 2127/2349/2715 2277/2519/2895 
f 2048/2268/2626 2206/2434/2814 2205/2433/2813 
f 2128/2350/2716 2278/2520/2896 2206/2434/2814 
f 2210/2438/2818 2052/2272/2630 2207/2435/2815 
f 2208/2436/2816 2279/2521/2897 2207/2435/2815 
f 2209/2437/2817 2130/2352/2718 2280/2522/2898 
f 2208/2436/2816 2281/2523/2899 2279/2521/2897 
f 2282/2524/2900 2209/2437/2817 2280/2522/2898 
f 2282/2525/2900 2283/2526/2901 2281/2527/2899 
f 2129/2351/2717 2213/2441/2821 2130/2352/2718 
f 2131/2353/2719 2211/2439/2819 2284/2528/2902 
f 2054/2274/2720 2199/2427/2806 2211/2439/2903 
f 2055/2275/2633 2212/2440/2820 2285/2529/2904 
f 2131/2353/2719 2284/2528/2902 2212/2440/2820 
f 2055/2275/2633 2285/2529/2904 2213/2441/2821 
f 2286/2530/2905 2132/2354/2721 2214/2442/2822 
f 2287/2531/2906 2214/2532/2822 2133/2445/2722 
f 2063/2283/2641 2219/2448/2828 2134/2356/2723 
f 2216/2444/2907 2135/2360/2724 2215/2533/2823 
f 2219/2448/2828 2215/2443/2823 2134/2356/2723 
f 2136/2358/2825 2216/2444/2907 2288/2534/2908 
f 2288/2534/2908 2289/2535/2909 2136/2358/2825 
f 2287/2531/2906 2133/2445/2722 2136/2358/2825 
f 2286/2530/2905 2217/2446/2826 2132/2354/2721 
f 2143/2368/2834 2138/2362/2729 2217/2446/2826 
f 2065/2285/2643 2218/2447/2827 2221/2450/2830 
f 2064/2284/2642 2220/2449/2829 2219/2448/2828 
f 2139/2363/2730 2290/2536/2910 2220/2449/2829 
f 2139/2364/2731 2221/2450/2830 2290/2537/2911 
f 2142/2367/2832 2291/2538/2912 2140/2365/2913 
f 2140/2365/2913 2292/2539/2914 2141/2366/2739 
f 2142/2367/2832 2222/2451/2833 2293/2540/2915 
f 2222/2451/2833 2143/2368/2738 2294/2541/2916 
f 2146/2371/2744 2141/2366/2739 2292/2539/2914 
f 2223/2542/2917 2295/2543/2918 2296/2544/2919 
f 2297/2545/2920 2223/2542/2921 2145/2546/2922 
f 2298/2547/2923 2224/2453/2837 2296/2548/2919 
f 2299/2549/2924 2147/2372/2745 2224/2453/2837 
f 2299/2549/2924 2148/2373/2746 2147/2372/2745 
f 2072/2292/2749 2148/2373/2746 2226/2455/2925 
f 2300/2550/2926 2150/2487/2926 2225/2551/2926 
f 2301/2552/2927 2151/2376/2928 2226/2455/2927 
f 2151/2553/2750 2302/2554/2929 2227/2555/2840 
f 2073/2293/2655 2227/2456/2840 2228/2457/2841 
f 2152/2556/2751 2228/2557/2841 2303/2558/2930 
f 2300/2550/2931 2225/2551/2838 2152/2556/2751 
f 2153/2378/2752 2229/2458/2842 2304/2559/2932 
f 2154/2379/2754 2231/2460/2844 2229/2458/2933 
f 2230/2459/2843 2153/2378/2752 2305/2560/2934 
f 2155/2380/2758 2232/2461/2935 2233/2462/2846 
f 2232/2461/2845 2156/2381/2757 2306/2561/2936 
f 2234/2463/2847 2077/2297/2659 2233/2462/2846 
f 2231/2460/2844 2078/2298/2660 2234/2463/2847 
f 2157/2382/2759 2307/2562/2937 2158/2383/2760 
f 2157/2382/2759 2235/2464/2848 2308/2563/2938 
f 2158/2383/2760 2309/2564/2939 2159/2384/2761 
f 2306/2561/2940 2156/2381/2762 2159/2384/2761 
f 2236/2465/2849 2160/2385/2763 2310/2565/2941 
f 2162/2387/2765 2081/2301/2663 2236/2465/2849 
f 2310/2565/2941 2160/2385/2763 2237/2466/2850 
f 2238/2467/2851 2161/2386/2764 2239/2469/2853 
f 2238/2467/2851 2311/2566/2942 2237/2466/2850 
f 2235/2567/2852 2162/2568/2765 2312/2569/2943 
f 2163/2388/2766 2313/2570/2944 2164/2389/2767 
f 2314/2571/2945 2239/2469/2853 2164/2389/2767 
f 2163/2388/2766 2240/2470/2854 2313/2570/2944 
f 2165/2390/2768 2315/2572/2946 2240/2470/2854 
f 2165/2390/2768 2166/2391/2769 2316/2573/2947 
f 2241/2574/2948 2087/2473/2948 2242/2472/2949 
f 2166/2391/2769 2241/2471/2856 2317/2575/2950 
f 2242/2472/2857 2167/2474/2770 2089/2478/2674 
f 2168/2393/2771 2318/2576/2951 2243/2475/2858 
f 2169/2577/2772 2243/2578/2858 2319/2579/2952 
f 2170/2477/2773 2169/2577/2772 2089/2478/2674 
f 2168/2393/2775 2244/2480/2859 2318/2576/2953 
f 2091/2312/2676 2245/2481/2860 2244/2480/2859 
f 2247/2483/2862 2093/2314/2678 2246/2482/2861 
f 2172/2397/2776 2247/2483/2862 2320/2580/2954 
f 2096/2317/2681 2248/2484/2863 2249/2485/2864 
f 2172/2397/2776 2320/2580/2954 2248/2484/2863 
f 2321/2581/2955 2322/2582/2956 2249/2583/2864 
f 2245/2481/2860 2098/2319/2683 2322/2584/2956 
f 2323/2585/2957 2251/2488/2866 2150/2487/2778 
f 2174/2489/2779 2175/2402/2780 2324/2586/2958 
f 2175/2402/2780 2251/2488/2867 2325/2587/2959 
f 2178/2405/2783 2326/2588/2960 2176/2403/2781 
f 2327/2589/2961 2181/2408/2786 2177/2404/2782 
f 2178/2405/2783 2230/2459/2843 2326/2588/2960 
f 2252/2490/2868 2181/2408/2786 2327/2589/2961 
f 2253/2491/2869 2254/2492/2870 2328/2590/2962 
f 2252/2490/2868 2329/2591/2963 2254/2492/2870 
f 2253/2491/2869 2328/2590/2962 2255/2493/2871 
f 2255/2493/2871 2330/2592/2964 2331/2593/2965 
f 2182/2410/2788 2106/2328/2692 2331/2593/2965 
f 2119/2409/2787 2191/2419/2798 2266/2594/2966 
f 2256/2595/2872 2183/2596/2789 2332/2597/2967 
f 2183/2411/2789 2184/2412/2790 2333/2598/2968 
f 2184/2412/2790 2257/2495/2873 2334/2599/2969 
f 2257/2495/2873 2182/2410/2788 2331/2593/2965 
f 2186/2414/2792 2335/2600/2970 2185/2413/2791 
f 2185/2413/2791 2336/2601/2971 2187/2415/2793 
f 2186/2414/2792 2256/2494/2874 2337/2602/2972 
f 2259/2497/2973 2114/2336/2795 2187/2415/2793 
f 2189/2603/2875 2338/2604/2974 2188/2605/2794 
f 2339/2606/2975 2258/2607/2876 2188/2605/2794 
f 2340/2608/2976 2190/2418/2797 2258/2496/2876 
f 2340/2608/2976 2191/2419/2798 2190/2418/2797 
f 2341/2609/2977 2193/2421/2800 2260/2498/2878 
f 2342/2610/2978 2260/2498/2878 2196/2424/2803 
f 2261/2499/2879 2118/2340/2706 2265/2503/2883 
f 2277/2519/2895 2262/2500/2880 2261/2499/2879 
f 2277/2519/2895 2127/2349/2715 2262/2500/2880 
f 2116/2338/2704 2264/2502/2882 2263/2501/2881 
f 2117/2339/2705 2263/2501/2881 2265/2503/2883 
f 2193/2421/2800 2341/2609/2977 2264/2502/2882 
f 2198/2426/2805 2343/2611/2979 2196/2424/2803 
f 2197/2425/2804 2266/2504/2884 2344/2612/2980 
f 2120/2342/2708 2268/2506/2886 2267/2505/2885 
f 2198/2426/2805 2267/2505/2885 2343/2611/2979 
f 2197/2425/2804 2344/2612/2980 2268/2506/2886 
f 2345/2613/2981 2269/2507/2887 2200/2428/2807 
f 2345/2613/2981 2200/2428/2807 2270/2508/2888 
f 2346/2614/2982 2270/2615/2888 2201/2517/2808 
f 2205/2433/2813 2347/2616/2983 2202/2430/2809 
f 2347/2616/2983 2271/2509/2889 2202/2430/2809 
f 2348/2617/2984 2272/2510/2890 2271/2512/2889 
f 2273/2513/2985 2272/2510/2986 2349/2618/2987 
f 2274/2514/2988 2273/2513/2989 2350/2619/2990 
f 2350/2619/2990 2351/2620/2991 2274/2514/2988 
f 2274/2514/2992 2352/2621/2993 2275/2515/2994 
f 2346/2614/2982 2201/2517/2808 2275/2515/2893 
f 2211/2439/2903 2199/2427/2806 2269/2507/2887 
f 2128/2350/2812 2276/2518/2894 2278/2520/2995 
f 2126/2348/2714 2277/2519/2895 2276/2518/2894 
f 2206/2434/2814 2347/2616/2983 2205/2433/2813 
f 2206/2434/2814 2278/2520/2896 2353/2622/2996 
f 2354/2623/2997 2210/2438/2818 2207/2435/2815 
f 2354/2623/2997 2207/2435/2815 2279/2521/2897 
f 2213/2441/2821 2280/2522/2898 2130/2352/2718 
f 2281/2523/2899 2355/2624/2998 2279/2521/2897 
f 2282/2525/2900 2280/2625/2898 2356/2626/2999 
f 2282/2525/2900 2356/2626/2999 2283/2526/2901 
f 2283/2526/2901 2357/2627/3000 2281/2527/2899 
f 2284/2528/2902 2211/2439/2819 2358/2628/3001 
f 2212/2629/2820 2359/2630/3002 2285/2631/2904 
f 2212/2629/2820 2284/2632/2902 2360/2633/3003 
f 2213/2441/2821 2285/2529/2904 2280/2522/2898 
f 2361/2634/3004 2286/2635/2905 2214/2532/2822 
f 2361/2634/3004 2214/2532/2822 2287/2531/2906 
f 2362/2636/3005 2216/2444/2907 2215/2533/2823 
f 2219/2448/2828 2362/2637/3005 2215/2443/2823 
f 2288/2534/3006 2216/2444/3007 2363/2638/3008 
f 2289/2535/3009 2288/2534/3010 2364/2639/3011 
f 2364/2639/3011 2365/2640/3012 2289/2535/3009 
f 2289/2535/3013 2366/2641/3014 2136/2358/3015 
f 2361/2634/3004 2287/2531/2906 2136/2358/2825 
f 2286/2530/2905 2294/2541/3016 2217/2446/2826 
f 2143/2368/2834 2217/2446/2826 2294/2541/3016 
f 2367/2642/3017 2221/2450/2830 2218/2447/2827 
f 2367/2642/3017 2218/2447/2827 2354/2623/2997 
f 2220/2449/2829 2362/2637/3005 2219/2448/2828 
f 2368/2643/3018 2220/2449/2829 2290/2536/2910 
f 2369/2644/3019 2290/2537/2911 2221/2450/2830 
f 2142/2367/2832 2293/2540/2915 2291/2538/2912 
f 2140/2365/2913 2291/2538/2912 2292/2539/2914 
f 2293/2645/2915 2222/2646/2833 2370/2647/3020 
f 2222/2646/2833 2294/2648/2916 2370/2647/3020 
f 2223/2542/2917 2297/2545/3021 2295/2543/2918 
f 2298/2649/2923 2296/2544/2919 2295/2543/2918 
f 2371/2650/3022 2297/2545/2920 2145/2546/2922 
f 2371/2650/3023 2145/2546/2836 2372/2651/3024 
f 2291/2538/2912 2372/2652/3024 2292/2539/2914 
f 2299/2549/2924 2224/2453/2837 2298/2547/2923 
f 2299/2549/2924 2373/2653/3025 2148/2373/2746 
f 2373/2653/3025 2226/2455/2925 2148/2373/2746 
f 2300/2550/2931 2323/2585/2957 2150/2487/2778 
f 2373/2653/3025 2301/2552/3026 2226/2455/2925 
f 2374/2654/3027 2151/2553/2750 2301/2655/3028 
f 2151/2553/2750 2374/2654/3027 2302/2554/2929 
f 2227/2555/2840 2302/2554/2929 2303/2558/2930 
f 2227/2555/2840 2303/2558/2930 2228/2557/2841 
f 2300/2550/2931 2152/2556/2751 2303/2558/2930 
f 2153/2378/2752 2304/2559/2932 2305/2560/2934 
f 2304/2559/2932 2229/2458/2842 2375/2656/3029 
f 2229/2458/2933 2231/2460/2844 2376/2657/3030 
f 2230/2459/2843 2305/2560/2934 2377/2658/3031 
f 2232/2461/2935 2378/2659/3032 2233/2462/2846 
f 2232/2461/2845 2306/2561/2936 2379/2660/3033 
f 2380/2661/3034 2234/2463/2847 2233/2462/2846 
f 2376/2657/3030 2231/2460/2844 2234/2463/2847 
f 2157/2382/2759 2308/2563/2938 2307/2562/2937 
f 2158/2383/2760 2307/2562/2937 2309/2564/2939 
f 2235/2567/2848 2381/2662/3035 2308/2663/2938 
f 2306/2561/2940 2159/2384/2761 2309/2564/2939 
f 2382/2664/3036 2236/2665/2849 2310/2666/2941 
f 2162/2568/2765 2236/2665/2849 2312/2569/2943 
f 2310/2565/2941 2237/2466/2850 2383/2667/3037 
f 2311/2566/2942 2383/2667/3037 2237/2466/2850 
f 2235/2567/2852 2312/2569/2943 2381/2662/3038 
f 2314/2571/2945 2164/2389/2767 2313/2570/2944 
f 2240/2470/2854 2384/2668/3039 2313/2570/2944 
f 2165/2390/2768 2316/2573/2947 2315/2572/2946 
f 2240/2470/2854 2315/2572/2946 2384/2668/3039 
f 2166/2391/2769 2317/2575/2950 2316/2573/2947 
f 2317/2669/2950 2241/2574/2856 2242/2472/3040 
f 2385/2670/3041 2242/2472/2857 2089/2478/2674 
f 2318/2671/2951 2319/2579/2952 2243/2578/2858 
f 2169/2577/2772 2319/2579/2952 2089/2478/2674 
f 2318/2671/2953 2244/2672/2859 2386/2673/3042 
f 2244/2672/2859 2245/2674/2860 2387/2675/3043 
f 2248/2676/2863 2388/2677/3044 2249/2583/2864 
f 2321/2581/2955 2249/2583/2864 2388/2677/3044 
f 2387/2675/3043 2322/2582/2956 2321/2581/2955 
f 2387/2675/3043 2245/2674/2860 2322/2582/2956 
f 2323/2585/3045 2325/2587/2959 2251/2488/2867 
f 2175/2402/2780 2325/2587/2959 2324/2586/2958 
f 2326/2588/2960 2389/2678/3046 2390/2679/3047 
f 2327/2589/2961 2177/2404/2782 2390/2679/3047 
f 2230/2459/2843 2377/2658/3031 2326/2588/2960 
f 2329/2591/2963 2252/2490/2868 2327/2589/2961 
f 2254/2492/2870 2391/2680/3048 2328/2590/2962 
f 2391/2680/3048 2254/2492/2870 2329/2591/2963 
f 2255/2493/2871 2328/2590/2962 2330/2592/2964 
f 2257/2495/2873 2331/2593/2965 2330/2592/2964 
f 2266/2594/2966 2191/2419/2798 2340/2608/2976 
f 2256/2595/2872 2332/2597/2967 2392/2681/3049 
f 2183/2596/2789 2333/2682/2968 2332/2597/2967 
f 2333/2598/2968 2184/2412/2790 2334/2599/2969 
f 2334/2599/2969 2257/2495/2873 2330/2592/2964 
f 2186/2414/2792 2337/2602/2972 2335/2600/2970 
f 2185/2413/2791 2335/2600/2970 2336/2601/2971 
f 2259/2497/2973 2187/2415/2793 2336/2601/2971 
f 2256/2595/2874 2392/2681/3050 2337/2683/2972 
f 2189/2603/2875 2393/2684/3051 2338/2604/2974 
f 2339/2606/2975 2188/2605/2794 2338/2604/2974 
f 2394/2685/3052 2258/2607/2876 2339/2606/2975 
f 2395/2686/3053 2259/2687/2973 2336/2688/2971 
f 2396/2689/3054 2393/2684/3055 2395/2686/3056 
f 2394/2685/3052 2340/2690/2976 2258/2607/2876 
f 2341/2609/2977 2260/2498/2878 2342/2610/2978 
f 2342/2610/2978 2196/2424/2803 2343/2611/2979 
f 2397/2691/3057 2261/2499/2879 2265/2503/2883 
f 2398/2692/3058 2277/2519/2895 2261/2499/2879 
f 2264/2502/2882 2399/2693/3059 2263/2501/2881 
f 2263/2501/2881 2400/2694/3060 2265/2503/2883 
f 2264/2502/2882 2341/2609/2977 2399/2693/3059 
f 2344/2695/2980 2266/2696/2884 2401/2697/3061 
f 2268/2506/2886 2402/2698/3062 2267/2505/2885 
f 2403/2699/3063 2343/2611/2979 2267/2505/2885 
f 2267/2505/2885 2402/2698/3062 2403/2699/3063 
f 2268/2506/2886 2344/2612/2980 2404/2700/3064 
f 2345/2613/2981 2358/2628/3065 2269/2507/2887 
f 2405/2701/3066 2345/2702/2981 2270/2615/2888 
f 2405/2701/3066 2270/2615/2888 2346/2614/2982 
f 2347/2616/2983 2348/2703/2984 2271/2509/2889 
f 2348/2617/2984 2406/2704/3067 2272/2510/2890 
f 2273/2513/2985 2349/2618/2987 2407/2705/3068 
f 2272/2510/2890 2406/2704/3067 2349/2618/3069 
f 2273/2513/2989 2408/2706/3070 2409/2707/3071 
f 2409/2707/3071 2350/2619/2990 2273/2513/2989 
f 2288/2708/3010 2274/2514/2988 2351/2620/2991 
f 2351/2620/2991 2364/2709/3011 2288/2708/3010 
f 2274/2514/3072 2410/2710/3073 2352/2621/3074 
f 2352/2621/2993 2405/2701/3075 2275/2515/2994 
f 2405/2701/3066 2346/2614/2982 2275/2515/2893 
f 2211/2439/2903 2269/2507/2887 2358/2628/3065 
f 2278/2520/2995 2276/2518/2894 2411/2711/3076 
f 2276/2518/2894 2277/2519/2895 2398/2692/3058 
f 2206/2434/2814 2353/2622/2996 2347/2616/2983 
f 2278/2520/2896 2412/2712/3077 2353/2622/2996 
f 2413/2713/3078 2354/2623/2997 2279/2521/2897 
f 2357/2627/3000 2355/2714/2998 2281/2527/2899 
f 2413/2713/3078 2279/2521/2897 2355/2624/2998 
f 2285/2631/2904 2356/2626/2999 2280/2625/2898 
f 2359/2630/3002 2283/2526/2901 2356/2626/2999 
f 2414/2715/3079 2357/2627/3000 2283/2526/2901 
f 2284/2632/2902 2358/2716/3001 2415/2717/3080 
f 2212/2629/2820 2360/2633/3003 2359/2630/3002 
f 2285/2631/2904 2359/2630/3002 2356/2626/2999 
f 2284/2632/2902 2415/2717/3080 2360/2633/3003 
f 2361/2634/3004 2416/2718/3081 2286/2635/2905 
f 2362/2636/3005 2417/2719/3082 2216/2444/2907 
f 2288/2534/3006 2363/2638/3008 2418/2720/3083 
f 2216/2444/2907 2417/2719/3082 2363/2638/3084 
f 2419/2721/3085 2289/2535/3009 2365/2640/3012 
f 2365/2640/3012 2420/2722/3086 2419/2721/3085 
f 2289/2535/3087 2421/2723/3088 2366/2641/3089 
f 2366/2641/3014 2361/2634/3090 2136/2358/3015 
f 2286/2635/2905 2416/2718/3081 2294/2648/3016 
f 2367/2642/3017 2369/2644/3019 2221/2450/2830 
f 2367/2642/3017 2354/2623/2997 2413/2713/3078 
f 2220/2449/2829 2368/2643/3018 2362/2637/3005 
f 2422/2724/3091 2368/2643/3018 2290/2536/2910 
f 2369/2644/3019 2422/2725/3092 2290/2537/2911 
f 2293/2540/2915 2423/2726/3093 2291/2538/2912 
f 2293/2645/2915 2370/2647/3020 2424/2727/3094 
f 2416/2718/3095 2370/2647/3020 2294/2648/2916 
f 2425/2728/3096 2295/2543/2918 2297/2545/3021 
f 2425/2728/3096 2298/2649/2923 2295/2543/2918 
f 2297/2545/2920 2371/2650/3022 2426/2729/3097 
f 2426/2729/3097 2425/2728/3098 2297/2545/2920 
f 2371/2650/3023 2372/2651/3024 2427/2730/3099 
f 2291/2538/2912 2423/2726/3093 2372/2652/3024 
f 2425/2728/3096 2299/2731/2924 2298/2649/2923 
f 2425/2728/3096 2373/2732/3025 2299/2731/2924 
f 2300/2550/2931 2428/2733/3100 2323/2585/2957 
f 2429/2734/3101 2301/2655/3026 2373/2732/3025 
f 2430/2735/3102 2374/2654/3027 2301/2655/3028 
f 2303/2558/2930 2302/2554/2929 2374/2654/3027 
f 2431/2736/3103 2300/2550/2931 2303/2558/2930 
f 2305/2560/2934 2304/2559/2932 2432/2737/3104 
f 2304/2559/2932 2375/2656/3029 2433/2738/3105 
f 2229/2458/2933 2376/2657/3030 2375/2656/3106 
f 2305/2560/2934 2434/2739/3107 2377/2658/3031 
f 2232/2461/2935 2379/2660/3108 2378/2659/3032 
f 2380/2661/3034 2233/2462/2846 2378/2659/3032 
f 2379/2740/3033 2306/2741/2936 2435/2742/3109 
f 2376/2657/3030 2234/2463/2847 2380/2661/3034 
f 2308/2663/2938 2436/2743/3110 2307/2744/2937 
f 2307/2744/2937 2437/2745/3111 2309/2746/2939 
f 2308/2663/2938 2381/2662/3035 2438/2747/3112 
f 2435/2742/3113 2306/2741/2940 2309/2746/2939 
f 2382/2664/3036 2310/2666/2941 2439/2748/3114 
f 2312/2569/2943 2236/2665/2849 2382/2664/3036 
f 2439/2748/3114 2310/2666/2941 2383/2749/3037 
f 2440/2750/3115 2311/2566/2942 2314/2571/2945 
f 2311/2566/2942 2440/2750/3115 2383/2667/3037 
f 2381/2662/3038 2312/2569/2943 2441/2751/3116 
f 2442/2752/3117 2314/2571/2945 2313/2570/2944 
f 2442/2752/3117 2313/2570/2944 2384/2668/3039 
f 2316/2753/2947 2443/2754/3118 2315/2755/2946 
f 2316/2753/2947 2317/2669/2950 2444/2756/3119 
f 2317/2669/2950 2242/2472/3040 2445/2757/3120 
f 2242/2472/2857 2385/2670/3041 2446/2758/3121 
f 2446/2758/3121 2447/2759/3122 2242/2472/2857 
f 2318/2671/2953 2386/2673/3042 2319/2579/3123 
f 2244/2672/2859 2387/2675/3043 2386/2673/3042 
f 2248/2676/2863 2448/2760/3124 2388/2677/3044 
f 2449/2761/3125 2321/2581/2955 2388/2677/3044 
f 2450/2762/3126 2387/2675/3043 2321/2581/2955 
f 2323/2585/3045 2451/2763/3127 2325/2587/2959 
f 2452/2764/3128 2324/2586/2958 2325/2587/2959 
f 2326/2588/2960 2377/2658/3031 2389/2678/3046 
f 2453/2765/3129 2390/2679/3047 2389/2678/3046 
f 2453/2765/3129 2327/2589/2961 2390/2679/3047 
f 2329/2591/2963 2327/2589/2961 2453/2765/3129 
f 2328/2590/2962 2391/2680/3048 2454/2766/3130 
f 2329/2591/2963 2455/2767/3131 2391/2680/3048 
f 2328/2590/2962 2454/2766/3130 2330/2592/2964 
f 2266/2696/2966 2340/2690/2976 2401/2697/3132 
f 2456/2768/3133 2392/2681/3049 2332/2597/2967 
f 2457/2769/3134 2332/2597/2967 2333/2682/2968 
f 2333/2598/2968 2334/2599/2969 2458/2770/3135 
f 2334/2599/2969 2330/2592/2964 2454/2766/3130 
f 2337/2683/2972 2459/2771/3136 2335/2772/2970 
f 2335/2772/2970 2460/2773/3137 2336/2688/2971 
f 2461/2774/3138 2337/2683/2972 2392/2681/3050 
f 2393/2684/3051 2462/2775/3139 2338/2604/2974 
f 2463/2776/3140 2339/2606/2975 2338/2604/2974 
f 2464/2777/3141 2394/2685/3052 2339/2606/2975 
f 2395/2686/3053 2336/2688/2971 2460/2773/3137 
f 2396/2689/3142 2395/2686/3053 2460/2773/3137 
f 2396/2689/3054 2462/2775/3143 2393/2684/3055 
f 2394/2685/3052 2401/2697/3132 2340/2690/2976 
f 2341/2609/2977 2342/2610/2978 2465/2778/3144 
f 2465/2778/3144 2342/2610/2978 2343/2611/2979 
f 2397/2691/3057 2265/2503/2883 2400/2694/3060 
f 2398/2692/3058 2261/2499/2879 2397/2691/3057 
f 2263/2501/2881 2399/2693/3059 2400/2694/3060 
f 2341/2609/2977 2465/2778/3144 2399/2693/3059 
f 2344/2695/2980 2401/2697/3061 2466/2779/3145 
f 2268/2506/2886 2404/2700/3064 2402/2698/3062 
f 2465/2778/3144 2343/2611/2979 2403/2699/3063 
f 2344/2612/2980 2466/2780/3145 2404/2700/3064 
f 2345/2702/2981 2467/2781/3146 2358/2716/3065 
f 2405/2701/3066 2467/2781/3146 2345/2702/2981 
f 2353/2622/2996 2348/2703/2984 2347/2616/2983 
f 2468/2782/3147 2406/2704/3067 2348/2617/2984 
f 2469/2783/3148 2273/2513/3149 2407/2705/3150 
f 2407/2705/3151 2349/2618/3069 2470/2784/3152 
f 2468/2782/3147 2349/2618/3069 2406/2704/3067 
f 2408/2706/3070 2471/2785/3153 2472/2786/3154 
f 2472/2786/3154 2409/2707/3071 2408/2706/3070 
f 2274/2514/3072 2473/2787/3155 2410/2710/3073 
f 2352/2621/3074 2410/2710/3073 2474/2788/3156 
f 2405/2701/3066 2352/2621/3157 2467/2781/3146 
f 2278/2520/2995 2411/2711/3076 2412/2712/3158 
f 2276/2518/2894 2398/2692/3058 2411/2711/3076 
f 2468/2789/3147 2353/2622/2996 2412/2712/3077 
f 2475/2790/3159 2355/2714/2998 2357/2627/3000 
f 2475/2790/3159 2413/2791/3078 2355/2714/2998 
f 2359/2630/3002 2476/2792/3160 2283/2526/2901 
f 2473/2787/3155 2414/2715/3079 2283/2526/2901 
f 2414/2715/3079 2477/2793/3161 2357/2627/3000 
f 2467/2781/3162 2415/2717/3080 2358/2716/3001 
f 2360/2633/3003 2476/2792/3160 2359/2630/3002 
f 2476/2792/3160 2360/2633/3003 2415/2717/3080 
f 2361/2634/3004 2366/2641/3163 2416/2718/3081 
f 2368/2794/3018 2417/2719/3082 2362/2636/3005 
f 2414/2715/3079 2288/2708/3164 2418/2795/3165 
f 2418/2720/3166 2363/2638/3084 2422/2796/3091 
f 2368/2794/3018 2363/2638/3084 2417/2719/3082 
f 2431/2736/3167 2419/2721/3085 2420/2722/3086 
f 2420/2722/3086 2478/2797/3168 2431/2736/3167 
f 2289/2535/3087 2479/2798/3169 2421/2723/3088 
f 2366/2641/3089 2421/2723/3088 2480/2799/3170 
f 2475/2790/3159 2369/2800/3019 2367/2801/3017 
f 2475/2790/3159 2367/2801/3017 2413/2791/3078 
f 2363/2638/3084 2368/2794/3018 2422/2796/3091 
f 2477/2793/3161 2422/2802/3092 2369/2800/3019 
f 2293/2645/2915 2424/2727/3094 2423/2803/3093 
f 2481/2804/3171 2424/2727/3094 2370/2647/3020 
f 2416/2718/3095 2480/2799/3170 2370/2647/3020 
f 2426/2729/3172 2371/2650/3023 2427/2730/3099 
f 2425/2728/3096 2426/2729/3172 2479/2798/3169 
f 2479/2798/3169 2482/2805/3173 2425/2728/3096 
f 2423/2803/3093 2427/2730/3099 2372/2651/3024 
f 2425/2728/3096 2429/2734/3101 2373/2732/3025 
f 2431/2736/3103 2428/2733/3100 2300/2550/2931 
f 2428/2733/3174 2451/2763/3127 2323/2585/3045 
f 2429/2734/3101 2430/2735/3175 2301/2655/3026 
f 2419/2721/3176 2374/2654/3027 2430/2735/3102 
f 2419/2721/3176 2303/2558/2930 2374/2654/3027 
f 2419/2721/3176 2431/2736/3103 2303/2558/2930 
f 2305/2560/2934 2432/2737/3104 2434/2739/3107 
f 2304/2559/2932 2433/2738/3105 2432/2737/3104 
f 2433/2806/3105 2375/2807/3029 2483/2808/3177 
f 2375/2807/3106 2376/2809/3030 2484/2810/3178 
f 2377/2658/3031 2434/2739/3107 2485/2811/3179 
f 2379/2740/3108 2486/2812/3180 2378/2813/3032 
f 2487/2814/3181 2380/2815/3034 2378/2813/3032 
f 2379/2740/3033 2435/2742/3109 2488/2816/3182 
f 2484/2810/3178 2376/2809/3030 2380/2815/3034 
f 2308/2663/2938 2438/2747/3112 2436/2743/3110 
f 2307/2744/2937 2436/2743/3110 2437/2745/3111 
f 2435/2742/3113 2309/2746/2939 2437/2745/3111 
f 2381/2662/3035 2489/2817/3183 2438/2747/3112 
f 2490/2818/3184 2382/2664/3036 2439/2748/3114 
f 2312/2569/2943 2382/2664/3036 2441/2751/3116 
f 2439/2748/3114 2383/2749/3037 2491/2819/3185 
f 2440/2750/3115 2314/2571/2945 2442/2752/3117 
f 2440/2820/3115 2491/2819/3185 2383/2749/3037 
f 2381/2662/3038 2441/2751/3116 2489/2817/3186 
f 2492/2821/3187 2442/2822/3117 2384/2823/3039 
f 2316/2753/2947 2444/2756/3119 2443/2754/3118 
f 2443/2754/3118 2493/2824/3188 2494/2825/3189 
f 2492/2821/3187 2384/2823/3039 2494/2825/3189 
f 2317/2669/2950 2445/2757/3120 2444/2756/3119 
f 2447/2759/3190 2445/2757/3120 2242/2472/3040 
f 2385/2670/3191 2495/2826/3192 2446/2758/3193 
f 2446/2758/3193 2496/2827/3194 2447/2759/3190 
f 2497/2828/3195 2319/2579/3123 2386/2673/3042 
f 2450/2762/3126 2386/2673/3042 2387/2675/3043 
f 2448/2760/3124 2498/2829/3196 2388/2677/3044 
f 2499/2830/3197 2500/2831/3198 2501/2832/3199 
f 2448/2760/3124 2500/2831/3200 2498/2829/3196 
f 2449/2761/3125 2388/2677/3044 2498/2829/3196 
f 2450/2762/3126 2321/2581/2955 2449/2761/3125 
f 2451/2763/3127 2452/2764/3128 2325/2587/2959 
f 2502/2833/3201 2452/2764/3128 2451/2763/3127 
f 2499/2830/3202 2503/2834/3203 2502/2833/3201 
f 2377/2658/3031 2485/2811/3179 2389/2678/3046 
f 2455/2767/3131 2453/2765/3129 2389/2678/3046 
f 2329/2591/2963 2453/2765/3129 2455/2767/3131 
f 2391/2680/3048 2504/2835/3204 2454/2766/3130 
f 2457/2769/3134 2456/2768/3133 2332/2597/2967 
f 2456/2768/3133 2505/2836/3205 2392/2681/3049 
f 2457/2769/3134 2333/2682/2968 2458/2837/3135 
f 2458/2770/3135 2334/2599/2969 2454/2766/3130 
f 2337/2683/2972 2461/2774/3138 2459/2771/3136 
f 2335/2772/2970 2459/2771/3136 2460/2773/3137 
f 2505/2836/3206 2461/2774/3138 2392/2681/3050 
f 2463/2776/3140 2338/2604/2974 2462/2775/3139 
f 2464/2777/3141 2339/2606/2975 2463/2776/3140 
f 2464/2777/3141 2506/2838/3207 2394/2685/3052 
f 2459/2771/3136 2396/2689/3142 2460/2773/3137 
f 2396/2689/3208 2471/2785/3209 2408/2706/3210 
f 2408/2706/3210 2462/2775/3211 2396/2689/3208 
f 2394/2685/3052 2506/2838/3207 2401/2697/3132 
f 2507/2839/3212 2397/2691/3057 2400/2694/3060 
f 2508/2840/3213 2398/2692/3058 2397/2691/3057 
f 2399/2693/3059 2509/2841/3214 2400/2694/3060 
f 2506/2838/3215 2466/2779/3145 2401/2697/3061 
f 2404/2700/3064 2510/2842/3216 2402/2698/3062 
f 2511/2843/3217 2403/2699/3063 2512/2844/3218 
f 2511/2843/3217 2465/2778/3144 2403/2699/3063 
f 2513/2845/3219 2404/2700/3064 2466/2780/3145 
f 2353/2622/2996 2468/2789/3147 2348/2703/2984 
f 2469/2783/3148 2407/2705/3150 2514/2846/3220 
f 2514/2846/3220 2407/2705/3150 2470/2784/3221 
f 2349/2618/3069 2468/2782/3147 2470/2784/3152 
f 2408/2706/3222 2515/2847/3223 2516/2848/3224 
f 2471/2785/3153 2517/2849/3225 2518/2850/3226 
f 2518/2850/3226 2472/2786/3154 2471/2785/3153 
f 2473/2787/3155 2283/2526/2901 2410/2710/3073 
f 2352/2621/3074 2474/2788/3156 2467/2781/3162 
f 2410/2710/3073 2476/2792/3160 2474/2788/3156 
f 2519/2851/3227 2412/2712/3158 2411/2711/3076 
f 2508/2840/3213 2411/2711/3076 2398/2692/3058 
f 2470/2852/3152 2468/2789/3147 2412/2712/3077 
f 2477/2793/3161 2475/2790/3159 2357/2627/3000 
f 2410/2710/3073 2283/2526/2901 2476/2792/3160 
f 2414/2715/3079 2418/2795/3165 2477/2793/3161 
f 2467/2781/3162 2474/2788/3156 2415/2717/3080 
f 2474/2788/3156 2476/2792/3160 2415/2717/3080 
f 2366/2641/3089 2480/2799/3170 2416/2718/3095 
f 2477/2793/3161 2418/2795/3165 2422/2802/3092 
f 2482/2805/3173 2419/2721/3228 2430/2735/3175 
f 2520/2853/3229 2431/2736/3167 2478/2797/3168 
f 2478/2797/3168 2521/2854/3230 2520/2853/3229 
f 2479/2798/3169 2426/2729/3172 2421/2723/3088 
f 2475/2790/3159 2477/2793/3161 2369/2800/3019 
f 2424/2727/3094 2522/2855/3231 2423/2803/3093 
f 2480/2799/3170 2481/2804/3171 2370/2647/3020 
f 2424/2727/3094 2481/2804/3171 2522/2855/3231 
f 2426/2729/3172 2427/2730/3099 2522/2855/3231 
f 2482/2805/3173 2429/2734/3101 2425/2728/3096 
f 2423/2803/3093 2522/2855/3231 2427/2730/3099 
f 2431/2736/3232 2523/2856/3233 2428/2733/3174 
f 2428/2733/3174 2523/2856/3233 2451/2763/3127 
f 2482/2805/3173 2430/2735/3175 2429/2734/3101 
f 2432/2737/3104 2524/2857/3234 2434/2739/3107 
f 2432/2737/3104 2433/2738/3105 2525/2858/3235 
f 2433/2806/3105 2483/2808/3177 2526/2859/3236 
f 2375/2807/3106 2484/2810/3178 2483/2808/3237 
f 2434/2739/3107 2527/2860/3238 2485/2811/3179 
f 2379/2740/3108 2488/2816/3239 2486/2812/3180 
f 2487/2814/3181 2378/2813/3032 2486/2812/3180 
f 2484/2810/3178 2380/2815/3034 2487/2814/3181 
f 2528/2861/3240 2488/2816/3182 2435/2742/3109 
f 2438/2747/3112 2529/2862/3241 2436/2743/3110 
f 2436/2743/3110 2530/2863/3242 2437/2745/3111 
f 2531/2864/3243 2435/2742/3113 2437/2745/3111 
f 2532/2865/3244 2438/2747/3112 2489/2817/3183 
f 2490/2818/3184 2439/2748/3114 2533/2866/3245 
f 2490/2818/3184 2441/2751/3116 2382/2664/3036 
f 2533/2866/3245 2439/2748/3114 2491/2819/3185 
f 2440/2820/3115 2534/2867/3246 2491/2819/3185 
f 2535/2868/3247 2489/2817/3186 2441/2751/3116 
f 2536/2869/3248 2443/2754/3118 2444/2756/3119 
f 2444/2756/3119 2537/2870/3249 2536/2869/3248 
f 2443/2754/3118 2536/2869/3248 2493/2824/3188 
f 2538/2871/3250 2494/2825/3189 2493/2824/3188 
f 2538/2871/3250 2492/2821/3187 2494/2825/3189 
f 2537/2870/3249 2444/2756/3119 2445/2757/3120 
f 2447/2759/3190 2496/2827/3194 2445/2757/3120 
f 2319/2579/2952 2539/2872/3251 2540/2873/3252 
f 2385/2670/3191 2541/2874/3253 2495/2826/3192 
f 2446/2758/3193 2495/2826/3192 2496/2827/3194 
f 2450/2762/3126 2497/2828/3195 2386/2673/3042 
f 2497/2828/3195 2539/2872/3254 2319/2579/3123 
f 2499/2830/3202 2501/2832/3255 2542/2875/3256 
f 2499/2830/3197 2543/2876/3257 2500/2831/3198 
f 2500/2831/3200 2543/2876/3258 2498/2829/3196 
f 2544/2877/3259 2449/2761/3125 2498/2829/3196 
f 2545/2878/3260 2450/2762/3126 2449/2761/3125 
f 2523/2856/3233 2502/2833/3201 2451/2763/3127 
f 2546/2879/3261 2499/2830/3197 2502/2833/3262 
f 2455/2767/3131 2389/2678/3046 2485/2811/3179 
f 2391/2680/3048 2547/2880/3263 2504/2835/3204 
f 2458/2770/3135 2454/2766/3130 2504/2835/3204 
f 2548/2881/3264 2455/2767/3131 2485/2811/3179 
f 2549/2882/3265 2547/2883/3266 2548/2884/3267 
f 2550/2885/3268 2456/2768/3269 2457/2769/3270 
f 2551/2886/3271 2505/2836/3205 2456/2768/3133 
f 2457/2769/3134 2458/2837/3135 2552/2887/3272 
f 2461/2774/3138 2553/2888/3273 2459/2771/3136 
f 2554/2889/3274 2461/2774/3138 2505/2836/3206 
f 2464/2777/3141 2463/2776/3140 2462/2775/3139 
f 2464/2777/3141 2555/2890/3275 2506/2838/3207 
f 2459/2771/3136 2553/2888/3273 2396/2689/3142 
f 2471/2785/3276 2396/2689/3277 2554/2889/3278 
f 2408/2706/3279 2464/2777/3280 2462/2775/3281 
f 2507/2839/3212 2400/2694/3060 2509/2841/3214 
f 2508/2840/3213 2397/2691/3057 2507/2839/3212 
f 2399/2693/3059 2556/2891/3282 2509/2841/3214 
f 2506/2838/3215 2557/2892/3283 2466/2779/3145 
f 2404/2700/3064 2513/2845/3219 2510/2842/3216 
f 2513/2893/3219 2558/2894/3284 2510/2895/3216 
f 2559/2896/3285 2558/2894/3284 2560/2897/3286 
f 2511/2898/3217 2512/2899/3218 2559/2896/3285 
f 2557/2892/3283 2513/2893/3219 2466/2779/3145 
f 2469/2783/3287 2514/2846/3288 2561/2900/3289 
f 2514/2901/3220 2470/2852/3221 2519/2851/3227 
f 2408/2706/3222 2516/2848/3224 2555/2890/3290 
f 2515/2847/3291 2560/2897/3292 2516/2848/3293 
f 2515/2847/3291 2559/2896/3294 2560/2897/3292 
f 2562/2902/3295 2517/2849/3296 2471/2785/3297 
f 2471/2785/3297 2563/2903/3298 2562/2902/3295 
f 2517/2849/3225 2564/2904/3299 2565/2905/3300 
f 2565/2905/3300 2518/2850/3226 2517/2849/3225 
f 2508/2840/3213 2519/2851/3227 2411/2711/3076 
f 2519/2851/3227 2470/2852/3221 2412/2712/3158 
f 2385/2670/3041 2520/2853/3229 2521/2854/3230 
f 2521/2854/3230 2566/2906/3301 2385/2670/3041 
f 2481/2804/3171 2426/2729/3172 2522/2855/3231 
f 2431/2736/3232 2546/2879/3302 2523/2856/3233 
f 2432/2737/3104 2525/2858/3235 2524/2857/3234 
f 2434/2739/3107 2524/2857/3234 2527/2860/3238 
f 2433/2806/3105 2526/2859/3236 2525/2907/3235 
f 2567/2908/3303 2526/2859/3236 2483/2808/3177 
f 2568/2909/3304 2483/2808/3237 2484/2810/3178 
f 2548/2881/3264 2485/2811/3179 2527/2860/3238 
f 2488/2816/3239 2569/2910/3305 2486/2812/3180 
f 2570/2911/3306 2487/2814/3181 2486/2812/3180 
f 2568/2909/3304 2484/2810/3178 2487/2814/3181 
f 2531/2864/3307 2528/2861/3240 2435/2742/3109 
f 2488/2816/3239 2528/2861/3308 2569/2910/3305 
f 2438/2747/3112 2532/2865/3244 2529/2862/3241 
f 2436/2743/3110 2529/2862/3241 2530/2863/3242 
f 2531/2864/3243 2437/2745/3111 2530/2863/3242 
f 2571/2912/3309 2532/2865/3244 2489/2817/3183 
f 2533/2866/3245 2572/2913/3310 2538/2871/3250 
f 2538/2871/3250 2535/2868/3247 2490/2818/3184 
f 2533/2866/3245 2538/2871/3250 2490/2818/3184 
f 2490/2818/3184 2535/2868/3247 2441/2751/3116 
f 2533/2866/3245 2491/2819/3185 2572/2913/3310 
f 2538/2871/3250 2534/2867/3246 2492/2821/3187 
f 2534/2867/3246 2572/2913/3310 2491/2819/3185 
f 2535/2868/3247 2571/2912/3311 2489/2817/3186 
f 2493/2824/3188 2536/2869/3248 2537/2870/3249 
f 2538/2871/3250 2493/2824/3188 2495/2826/3192 
f 2496/2827/3194 2537/2870/3249 2445/2757/3120 
f 2573/2914/3312 2540/2873/3313 2539/2872/3254 
f 2574/2915/3314 2520/2853/3315 2540/2873/3313 
f 2541/2874/3253 2538/2871/3250 2495/2826/3192 
f 2537/2870/3249 2496/2827/3194 2495/2826/3192 
f 2545/2878/3260 2497/2828/3195 2450/2762/3126 
f 2573/2914/3312 2539/2872/3254 2497/2828/3195 
f 2499/2830/3202 2546/2879/3302 2574/2915/3314 
f 2574/2915/3314 2543/2876/3258 2499/2830/3202 
f 2544/2877/3259 2498/2829/3196 2543/2876/3258 
f 2545/2878/3260 2449/2761/3125 2544/2877/3259 
f 2546/2879/3261 2502/2833/3262 2523/2856/3316 
f 2547/2883/3263 2575/2916/3317 2504/2917/3204 
f 2552/2887/3272 2458/2837/3135 2504/2917/3204 
f 2549/2882/3318 2548/2884/3264 2527/2918/3238 
f 2549/2882/3265 2576/2919/3319 2547/2883/3266 
f 2550/2885/3268 2457/2769/3270 2575/2916/3320 
f 2550/2885/3268 2551/2886/3321 2456/2768/3269 
f 2551/2886/3271 2577/2920/3322 2505/2836/3205 
f 2457/2769/3134 2552/2887/3272 2575/2916/3317 
f 2461/2774/3138 2554/2889/3274 2553/2888/3273 
f 2577/2920/3323 2554/2889/3274 2505/2836/3206 
f 2408/2706/3279 2555/2890/3324 2464/2777/3280 
f 2555/2890/3290 2557/2892/3283 2506/2838/3215 
f 2396/2689/3142 2553/2888/3273 2554/2889/3274 
f 2471/2785/3276 2554/2889/3278 2577/2920/3325 
f 2578/2921/3326 2507/2839/3212 2509/2841/3214 
f 2579/2922/3327 2508/2840/3213 2507/2839/3212 
f 2556/2891/3282 2561/2923/3328 2509/2841/3214 
f 2513/2893/3219 2560/2897/3286 2558/2894/3284 
f 2560/2897/3286 2513/2893/3219 2557/2892/3283 
f 2514/2846/3288 2579/2924/3329 2561/2900/3289 
f 2579/2922/3327 2514/2901/3220 2519/2851/3227 
f 2555/2890/3290 2516/2848/3224 2557/2892/3283 
f 2516/2848/3224 2560/2897/3286 2557/2892/3283 
f 2517/2849/3296 2562/2902/3295 2580/2925/3330 
f 2563/2903/3298 2471/2785/3297 2577/2920/3322 
f 2581/2926/3331 2562/2902/3295 2563/2903/3298 
f 2563/2903/3298 2550/2885/3332 2581/2926/3331 
f 2564/2904/3299 2385/2670/3041 2566/2906/3301 
f 2566/2906/3301 2565/2905/3300 2564/2904/3299 
f 2579/2922/3327 2519/2851/3227 2508/2840/3213 
f 2525/2907/3235 2582/2927/3333 2524/2928/3234 
f 2524/2928/3234 2583/2929/3334 2527/2918/3238 
f 2584/2930/3335 2525/2907/3235 2526/2859/3236 
f 2568/2909/3304 2567/2908/3336 2483/2808/3237 
f 2567/2908/3303 2585/2931/3337 2526/2859/3236 
f 2570/2911/3306 2486/2812/3180 2569/2910/3305 
f 2568/2909/3304 2487/2814/3181 2570/2911/3306 
f 2586/2932/3338 2528/2861/3240 2531/2864/3307 
f 2528/2861/3308 2586/2932/3339 2569/2910/3305 
f 2532/2865/3244 2587/2933/3340 2529/2862/3241 
f 2529/2862/3241 2588/2934/3341 2530/2863/3242 
f 2531/2864/3243 2530/2863/3242 2588/2934/3341 
f 2589/2935/3342 2532/2865/3244 2571/2912/3309 
f 2590/2936/3343 2535/2868/3247 2538/2871/3250 
f 2534/2867/3246 2538/2871/3250 2572/2913/3310 
f 2590/2936/3343 2571/2912/3311 2535/2868/3247 
f 2493/2824/3188 2537/2870/3249 2495/2826/3192 
f 2574/2915/3314 2540/2873/3313 2573/2914/3312 
f 2591/2937/3344 2564/2904/3345 2592/2938/3346 
f 2541/2874/3253 2591/2937/3344 2538/2871/3250 
f 2545/2878/3260 2573/2914/3312 2497/2828/3195 
f 2574/2915/3347 2573/2914/3348 2543/2876/3257 
f 2545/2878/3260 2544/2877/3259 2543/2876/3258 
f 2547/2883/3263 2576/2919/3349 2575/2916/3317 
f 2552/2887/3272 2504/2917/3204 2575/2916/3317 
f 2549/2882/3318 2527/2918/3238 2583/2929/3334 
f 2550/2885/3268 2576/2919/3319 2549/2882/3265 
f 2550/2885/3268 2575/2916/3320 2576/2919/3319 
f 2563/2903/3298 2551/2886/3271 2550/2885/3332 
f 2563/2903/3298 2577/2920/3322 2551/2886/3271 
f 2578/2921/3326 2509/2841/3214 2561/2923/3328 
f 2579/2922/3327 2507/2839/3212 2578/2921/3326 
f 2579/2924/3327 2578/2939/3326 2561/2900/3328 
f 2517/2849/3296 2580/2925/3330 2593/2940/3350 
f 2562/2902/3295 2581/2926/3331 2580/2925/3330 
f 2581/2926/3351 2550/2885/3268 2583/2929/3352 
f 2586/2932/3353 2517/2849/3354 2593/2940/3355 
f 2525/2907/3235 2584/2930/3335 2582/2927/3333 
f 2524/2928/3234 2582/2927/3333 2583/2929/3334 
f 2585/2931/3337 2584/2930/3335 2526/2859/3236 
f 2594/2941/3356 2567/2908/3336 2568/2909/3304 
f 2593/2940/3350 2585/2931/3337 2567/2908/3303 
f 2595/2942/3357 2570/2911/3306 2569/2910/3305 
f 2594/2941/3356 2568/2909/3304 2570/2911/3306 
f 2588/2934/3358 2586/2932/3338 2531/2864/3307 
f 2595/2942/3357 2569/2910/3305 2586/2932/3339 
f 2532/2865/3244 2589/2935/3342 2587/2933/3340 
f 2529/2862/3241 2587/2933/3340 2588/2934/3341 
f 2592/2938/3359 2589/2935/3342 2571/2912/3309 
f 2591/2937/3344 2590/2936/3343 2538/2871/3250 
f 2590/2936/3343 2592/2938/3346 2571/2912/3311 
f 2591/2937/3344 2592/2938/3346 2590/2936/3343 
f 2564/2904/3360 2589/2935/3361 2592/2938/3362 
f 2573/2914/3348 2545/2878/3363 2543/2876/3257 
f 2550/2885/3268 2549/2882/3265 2583/2929/3352 
f 2593/2940/3350 2580/2925/3330 2585/2931/3337 
f 2580/2925/3364 2581/2926/3351 2583/2929/3352 
f 2564/2904/3360 2588/2934/3365 2589/2935/3361 
f 2586/2932/3353 2593/2940/3355 2594/2941/3366 
f 2583/2929/3334 2582/2927/3333 2584/2930/3335 
f 2580/2925/3364 2584/2930/3367 2585/2931/3368 
f 2594/2941/3356 2593/2940/3369 2567/2908/3336 
f 2594/2941/3356 2570/2911/3306 2595/2942/3357 
f 2594/2941/3356 2595/2942/3357 2586/2932/3339 
f 2588/2934/3341 2587/2933/3340 2589/2935/3342 
f 2580/2925/3364 2583/2929/3352 2584/2930/3367 
f 2596/2943/3370 4/4/4 3/3/3 
f 3/3/3 2597/2944/3371 2596/2943/3370 
f 2597/2945/3371 3/8/3 6/7/6 
f 6/7/6 2598/2946/3372 2597/2945/3371 
f 4/4/4 2596/2943/3370 2599/2947/3373 
f 2599/2947/3373 8/10/8 4/4/4 
f 2598/2946/3372 6/7/6 10/12/10 
f 10/12/10 2600/2948/3374 2598/2946/3372 
f 2596/2943/3370 2597/2944/3371 25/33/25 
f 25/33/25 32/40/32 2596/2943/3370 
f 28/36/28 2599/2947/3373 2596/2943/3370 
f 2596/2943/3370 32/40/32 28/36/28 
f 8/10/8 2599/2947/3373 2601/2949/3375 
f 2601/2949/3375 12/14/12 8/10/8 
f 2600/2948/3374 10/12/10 14/16/14 
f 14/16/14 2602/2950/3376 2600/2948/3374 
f 25/51/25 2597/2945/3371 2598/2946/3372 
f 2598/2946/3372 38/46/38 25/51/25 
f 2599/2947/3373 28/36/28 49/59/51 
f 49/59/51 2601/2949/3375 2599/2947/3373 
f 12/19/12 2601/2951/3375 2603/2952/3377 
f 2603/2952/3377 16/20/16 12/19/12 
f 2602/2953/3376 14/24/14 18/23/18 
f 18/23/18 2604/2954/3378 2602/2953/3376 
f 38/46/38 2598/2946/3372 2600/2948/3374 
f 2600/2948/3374 60/71/62 38/46/38 
f 32/40/32 25/33/25 27/35/27 
f 27/35/27 40/48/40 32/40/32 
f 29/37/29 28/36/28 32/40/32 
f 32/40/32 31/39/31 29/37/29 
f 49/59/51 28/36/28 36/44/36 
f 36/44/36 50/60/52 49/59/51 
f 2601/2951/3375 49/66/51 58/69/60 
f 58/69/60 2603/2952/3377 2601/2951/3375 
f 16/20/16 2603/2952/3377 2605/2955/3379 
f 2605/2955/3379 20/26/20 16/20/16 
f 2604/2954/3378 18/23/18 22/28/22 
f 22/28/22 2606/2956/3380 2604/2954/3378 
f 60/71/62 2600/2948/3374 2602/2950/3376 
f 2602/2950/3376 99/115/106 60/71/62 
f 25/51/25 38/46/38 37/45/37 
f 37/45/37 63/74/65 25/51/25 
f 58/69/60 49/66/51 55/65/57 
f 55/65/57 85/97/88 58/69/60 
f 2603/2952/3377 58/69/60 57/68/59 
f 57/68/59 2605/2955/3379 2603/2952/3377 
f 20/26/20 2605/2955/3379 2607/2957/3381 
f 2607/2957/3381 24/30/24 20/26/20 
f 2606/2956/3380 22/28/22 24/32/24 
f 24/32/24 2607/2958/3381 2606/2956/3380 
f 99/111/106 2602/2953/3376 2604/2954/3378 
f 2604/2954/3378 100/112/156 99/111/106 
f 38/46/38 60/71/62 62/73/64 
f 62/73/64 104/117/108 38/46/38 
f 2607/2957/3381 2605/2955/3379 57/68/59 
f 57/68/59 194/210/232 2607/2957/3381 
f 100/112/156 2604/2954/3378 2606/2956/3380 
f 2606/2956/3380 261/280/320 100/112/156 
f 60/71/62 99/115/106 102/114/105 
f 102/114/105 143/158/165 60/71/62 
f 110/123/116 108/121/3382 63/74/65 
f 63/74/65 37/45/37 110/123/116 
f 2606/2956/3380 2607/2958/3381 194/275/232 
f 194/275/232 261/280/320 2606/2956/3380 
f 104/117/3383 62/73/3384 148/164/3385 
f 148/164/3385 149/165/3386 104/117/3383 
f 154/170/176 108/121/114 110/123/3387 
f 110/123/3387 157/173/3388 154/170/176 
f 187/203/224 319/339/400 192/208/230 
f 192/208/230 194/210/232 57/68/59 
f 187/203/224 192/208/230 57/68/59 
f 195/211/233 100/112/156 261/280/320 
f 261/280/320 260/279/319 195/211/233 
f 212/228/3389 210/226/3390 149/165/3386 
f 149/165/3386 148/164/3385 212/228/3389 
f 122/136/130 77/88/80 175/191/204 
f 175/191/204 237/254/291 122/136/130 
f 81/93/212 179/195/211 125/139/133 
f 125/139/133 80/92/135 81/93/212 
f 261/280/320 194/275/232 256/274/313 
f 256/274/313 323/343/404 261/280/320 
f 216/232/257 105/118/109 143/158/165 
f 143/158/165 144/159/166 216/232/257 
f 144/159/3391 145/160/3392 270/289/3393 
f 270/289/3393 271/290/3394 144/159/3391 
f 159/175/181 158/174/180 288/308/362 
f 288/308/362 287/307/361 159/175/181 
f 321/341/402 193/209/231 192/208/230 
f 192/208/230 319/339/400 321/341/402 
f 204/220/429 140/155/333 267/286/336 
f 267/286/336 338/359/433 204/220/429 
f 342/363/438 271/290/340 270/289/339 
f 270/289/339 2608/2959/3395 342/363/438 
f 213/229/254 349/370/448 351/372/450 
f 351/372/450 214/230/255 213/229/254 
f 359/380/460 288/308/362 158/174/180 
f 158/174/180 284/304/358 359/380/460 
f 231/248/283 167/183/191 364/389/470 
f 364/389/470 367/388/469 231/248/283 
f 241/258/295 180/196/214 370/392/481 
f 370/392/481 379/401/483 241/258/295 
f 181/197/217 241/258/295 379/401/483 
f 379/401/483 381/403/485 181/197/217 
f 182/198/219 181/197/217 381/403/485 
f 381/403/485 377/399/480 182/198/219 
f 202/218/428 335/356/427 266/285/335 
f 266/285/335 203/219/334 202/218/428 
f 267/286/336 266/285/335 411/434/525 
f 411/434/525 412/435/526 267/286/336 
f 268/287/337 413/436/527 278/298/350 
f 278/298/350 216/232/257 268/287/337 
f 269/288/338 415/438/529 2608/2959/3395 
f 2608/2959/3395 270/289/339 269/288/338 
f 2608/2959/3395 418/441/532 417/440/531 
f 417/440/531 342/363/438 2608/2959/3395 
f 227/243/365 369/391/3396 434/458/3397 
f 434/458/3397 226/242/366 227/243/365 
f 436/460/3398 228/244/277 226/242/273 
f 226/242/273 434/458/669 436/460/3398 
f 228/244/277 436/460/3398 433/457/548 
f 433/457/548 229/245/279 228/244/277 
f 230/247/281 231/248/283 367/388/469 
f 367/388/469 365/386/467 230/247/281 
f 310/330/390 464/489/586 463/488/585 
f 463/488/585 309/329/389 310/330/390 
f 467/492/589 247/264/302 311/331/391 
f 311/331/391 465/490/587 467/492/589 
f 393/416/501 475/500/598 253/271/310 
f 253/271/310 252/270/309 393/416/501 
f 323/343/404 325/345/3399 481/506/3400 
f 481/506/3400 483/508/614 323/343/404 
f 332/353/423 264/283/326 494/520/634 
f 494/520/634 496/522/636 332/353/423 
f 412/435/526 411/434/525 498/524/638 
f 498/524/638 500/526/640 412/435/526 
f 503/529/643 336/357/430 338/359/433 
f 338/359/433 337/358/432 503/529/643 
f 415/438/529 506/532/646 418/441/532 
f 418/441/532 2608/2959/3395 415/438/529 
f 343/364/439 342/363/438 417/440/531 
f 417/440/531 508/534/648 343/364/439 
f 513/539/653 348/369/446 276/296/346 
f 276/296/346 352/373/451 513/539/653 
f 355/376/456 279/299/351 515/541/657 
f 515/541/657 518/544/659 355/376/456 
f 434/458/3401 369/391/3402 524/550/3403 
f 524/550/3403 525/551/3404 434/458/3401 
f 465/490/587 311/331/391 309/329/389 
f 309/329/389 463/488/585 465/490/587 
f 386/408/490 541/568/695 464/489/586 
f 464/489/586 310/330/390 386/408/490 
f 396/419/3405 647/676/822 555/582/712 
f 555/582/712 397/420/601 396/419/3405 
f 406/429/519 492/518/631 333/354/424 
f 333/354/424 259/278/412 406/429/519 
f 331/352/420 332/353/423 496/522/636 
f 496/522/636 570/597/731 331/352/420 
f 334/355/425 331/352/420 570/597/731 
f 570/597/731 572/599/733 334/355/425 
f 336/357/430 503/529/643 580/607/742 
f 580/607/742 339/360/434 336/357/430 
f 420/443/534 583/610/745 506/532/646 
f 506/532/646 415/438/529 420/443/534 
f 585/612/747 419/442/533 343/364/439 
f 343/364/439 508/534/648 585/612/747 
f 420/443/534 345/366/441 509/535/649 
f 509/535/649 583/610/745 420/443/534 
f 353/374/452 590/617/752 432/456/547 
f 432/456/547 290/310/364 353/374/452 
f 348/369/446 513/539/653 590/617/752 
f 590/617/752 353/374/452 348/369/446 
f 593/620/3406 422/446/3407 350/371/3408 
f 350/371/3408 595/622/3409 593/620/3406 
f 606/633/3410 525/551/3411 524/550/3412 
f 524/550/3412 608/635/3413 606/633/3410 
f 617/645/785 618/646/786 449/474/570 
f 449/474/570 374/396/477 617/645/785 
f 647/676/822 644/673/819 643/672/818 
f 643/672/818 555/582/712 647/676/822 
f 554/581/3414 645/674/820 647/676/822 
f 647/676/822 396/419/3405 554/581/3414 
f 419/442/533 585/612/747 504/530/644 
f 504/530/644 413/436/527 419/442/533 
f 677/708/3415 593/620/3406 595/622/3409 
f 595/622/3409 678/709/3416 677/708/3415 
f 692/723/875 691/722/874 606/633/769 
f 606/633/769 608/635/771 692/723/875 
f 555/582/712 643/672/818 556/583/713 
f 556/583/713 398/421/506 555/582/712 
f 554/581/3414 641/670/914 721/752/913 
f 721/752/913 645/674/820 554/581/3414 
f 484/510/618 561/588/722 652/682/830 
f 652/682/830 653/683/831 484/510/618 
f 564/591/725 729/760/924 658/688/837 
f 658/688/837 490/516/629 564/591/725 
f 734/765/929 491/517/630 567/594/728 
f 567/594/728 732/763/927 734/765/929 
f 751/782/3417 677/708/3415 678/709/3416 
f 678/709/3416 752/783/3418 751/782/3417 
f 691/722/874 692/723/875 762/793/960 
f 762/793/960 764/797/962 691/722/874 
f 707/738/895 778/813/986 538/565/692 
f 538/565/692 537/564/691 707/738/895 
f 659/689/838 658/688/837 731/762/926 
f 731/762/926 811/849/1023 659/689/838 
f 567/594/728 566/593/727 659/689/838 
f 659/689/838 732/763/927 567/594/728 
f 584/611/746 670/700/851 824/863/1038 
f 824/863/1038 668/698/849 584/611/746 
f 588/615/750 671/701/852 827/866/1041 
f 827/866/1041 826/865/1040 588/615/750 
f 752/877/3418 835/876/3419 836/879/3420 
f 836/879/3420 751/872/3417 752/877/3418 
f 840/883/1055 683/714/866 603/630/765 
f 603/630/765 841/884/1056 840/883/1055 
f 724/755/918 655/685/917 805/843/1100 
f 805/843/1100 876/927/1099 724/755/918 
f 811/849/1023 731/762/926 883/934/1109 
f 883/934/1109 884/935/1110 811/849/1023 
f 745/776/942 893/946/1121 824/863/1038 
f 824/863/1038 670/700/851 745/776/942 
f 835/876/3419 903/957/1227 906/960/1235 
f 906/960/1235 836/879/3420 835/876/3419 
f 912/966/1140 840/883/1055 841/884/1056 
f 841/884/1056 913/967/1141 912/966/1140 
f 927/986/1160 771/805/976 701/732/888 
f 701/732/888 855/899/1158 927/986/1160 
f 771/805/976 927/986/1160 856/900/1076 
f 856/900/1076 702/733/889 771/805/976 
f 799/836/1010 646/675/821 800/837/1011 
f 800/837/1011 950/1016/1191 799/836/1010 
f 963/1030/1206 733/764/928 812/850/1024 
f 812/850/1024 886/937/1112 963/1030/1206 
f 828/867/1042 891/944/1119 742/773/939 
f 742/773/939 826/865/1040 828/867/1042 
f 986/1060/1238 850/894/1066 694/725/877 
f 694/725/877 842/885/1057 986/1060/1238 
f 1004/1087/1265 772/806/1075 773/807/980 
f 773/807/980 923/982/1155 1004/1087/1265 
f 789/826/999 943/1006/1183 1013/1099/1277 
f 1013/1099/1277 790/827/1000 789/826/999 
f 807/845/1019 806/844/1018 956/1023/1198 
f 956/1023/1198 1028/1115/1297 807/845/1019 
f 890/942/1118 1036/1125/1309 1034/1122/1308 
f 1034/1122/1308 821/943/1035 890/942/1118 
f 2609/2960/3421 932/991/1168 857/901/1078 
f 857/901/1078 1007/1090/1268 2609/2960/3421 
f 2610/2961/3422 940/1003/1180 864/911/1086 
f 864/911/1086 932/991/1168 2610/2961/3422 
f 2611/2962/3423 2609/2963/3421 1007/1257/1268 
f 1007/1257/1268 1128/1256/1432 2611/2962/3423 
f 2612/2964/3424 2610/2961/3422 932/991/1168 
f 932/991/1168 2609/2960/3421 2612/2964/3424 
f 2610/2961/3422 1011/1097/1275 941/1004/1181 
f 941/1004/1181 940/1003/1180 2610/2961/3422 
f 1129/1259/3425 942/1005/3426 1011/1097/3427 
f 1011/1097/3427 2613/2965/3428 1129/1259/3425 
f 1015/1101/1279 1021/1108/1288 950/1016/1191 
f 950/1016/1191 944/1007/1184 1015/1101/1279 
f 1156/1292/1472 1044/1138/1316 1043/1136/1315 
f 1043/1136/1315 1154/1290/1470 1156/1292/1472 
f 1159/1295/1477 1049/1146/1476 904/958/1399 
f 904/958/1399 1107/1226/1398 1159/1295/1477 
f 1057/1158/1334 1114/1234/1408 905/959/1327 
f 905/959/1327 919/1150/1417 1057/1158/1334 
f 1177/1314/1495 2611/2962/3423 1128/1256/1432 
f 1128/1256/1432 1175/1312/1493 1177/1314/1495 
f 1230/1376/1579 2612/2966/3424 2609/2963/3421 
f 2609/2963/3421 2611/2962/3423 1230/1376/1579 
f 2612/2964/3424 2613/2965/3429 1011/1097/1275 
f 1011/1097/1275 2610/2961/3422 2612/2964/3424 
f 2613/2967/3428 1182/1320/1502 1181/1319/1501 
f 1181/1319/1501 1129/1317/3425 2613/2967/3428 
f 1185/1323/1506 1080/1190/1365 1016/1102/1280 
f 1016/1102/1280 1134/1266/1442 1185/1323/1506 
f 1238/1385/1589 1172/1309/1490 1081/1191/1367 
f 1238/1385/1589 1081/1191/1367 796/1011/1007 
f 1238/1385/1589 796/1011/1007 1019/1106/1286 
f 1198/1338/1527 1032/1119/3430 1093/1204/3431 
f 1093/1204/3431 1199/1339/1528 1198/1338/1527 
f 1103/1218/3432 1155/1291/3433 1207/1350/3434 
f 1207/1350/3434 1040/1130/3435 1103/1218/3432 
f 1210/1353/1546 1156/1292/1472 1154/1290/1470 
f 1154/1290/1470 1209/1352/1545 1210/1353/1546 
f 1210/1353/1546 1159/1295/1477 1107/1226/1398 
f 1107/1226/1398 1212/1355/1613 1210/1353/1546 
f 1125/1249/1428 1066/1167/1345 1071/1179/1430 
f 1071/1179/1430 1126/1250/1429 1125/1249/1428 
f 1176/1313/1494 1230/1376/1579 2611/2962/3423 
f 2611/2962/3423 1177/1314/1495 1176/1313/1494 
f 1230/1376/1579 1182/1320/1578 2613/2967/3429 
f 2613/2967/3429 2612/2966/3424 1230/1376/1579 
f 1155/1291/3433 1210/1353/1555 1212/1355/1550 
f 1212/1355/1550 1207/1350/3434 1155/1291/3433 
f 1183/1321/1504 1241/1388/1592 1133/1265/1441 
f 1133/1265/1441 1132/1264/1440 1183/1321/1504 
f 1278/1442/3436 1295/1470/3437 1215/1360/3438 
f 1215/1360/3438 1161/1297/3439 1278/1442/3436 
f 1226/1372/1571 1267/1418/1628 1298/1475/1680 
f 1226/1372/1571 1298/1475/1680 1279/1443/1651 
f 1226/1372/1571 1279/1443/1651 1229/1375/1575 
f 1226/1372/1571 1229/1375/1575 1173/1310/1491 
f 1291/1460/1665 1239/1386/1590 1081/1191/1508 
f 1081/1191/1508 1215/1360/1666 1291/1460/1665 
f 2614/2968/3440 1351/1539/1740 1350/1538/1739 
f 1350/1538/1739 2615/2969/3441 2614/2968/3440 
f 2616/2970/3442 1353/1541/1742 1351/1539/1740 
f 1351/1539/1740 2614/2968/3440 2616/2970/3442 
f 2615/2971/3441 1350/1544/1739 1355/1543/1744 
f 1355/1543/1744 2617/2972/3443 2615/2971/3441 
f 2618/2973/3444 1357/1548/1746 1353/1541/1742 
f 1353/1541/1742 2616/2970/3442 2618/2973/3444 
f 2617/2972/3443 1355/1543/1744 1359/1550/1748 
f 1359/1550/1748 2619/2974/3445 2617/2972/3443 
f 2614/2968/3440 2615/2969/3441 1370/1567/1759 
f 1370/1567/1759 1377/1574/1766 2614/2968/3440 
f 1373/1570/1762 2616/2970/3442 2614/2968/3440 
f 2614/2968/3440 1377/1574/1766 1373/1570/1762 
f 2620/2975/3446 1361/1553/1750 1357/1552/1746 
f 1357/1552/1746 2618/2976/3444 2620/2975/3446 
f 1386/1599/1775 2618/2973/3444 2616/2970/3442 
f 2616/2970/3442 1373/1570/1762 1386/1599/1775 
f 2619/2974/3445 1359/1550/1748 1363/1557/1752 
f 1363/1557/1752 2621/2977/3447 2619/2974/3445 
f 1370/1591/1759 2615/2971/3441 2617/2972/3443 
f 2617/2972/3443 1389/1586/1778 1370/1591/1759 
f 2622/2978/3448 1365/1559/1754 1361/1553/1750 
f 1361/1553/1750 2620/2975/3446 2622/2978/3448 
f 1383/1580/1772 2620/2975/3446 2618/2976/3444 
f 2618/2976/3444 1386/1583/1775 1383/1580/1772 
f 2621/2979/3447 1363/1562/1752 1367/1561/1756 
f 1367/1561/1756 1418/1619/1809 2621/2979/3447 
f 1389/1586/1778 2617/2972/3443 2619/2974/3445 
f 2619/2974/3445 1419/1620/1810 1389/1586/1778 
f 1377/1574/1766 1370/1567/1759 1372/1569/1761 
f 1372/1569/1761 1391/1588/1780 1377/1574/1766 
f 1374/1571/1763 1373/1570/1762 1377/1574/1766 
f 1377/1574/1766 1376/1573/1765 1374/1571/1763 
f 1386/1599/1775 1373/1570/1762 1381/1578/1770 
f 1381/1578/1770 1400/1600/1791 1386/1599/1775 
f 2623/2980/3449 1368/1564/1757 1365/1559/1754 
f 1365/1559/1754 2622/2978/3448 2623/2980/3449 
f 1382/1579/1771 2622/2978/3448 2620/2975/3446 
f 2620/2975/3446 1383/1580/1772 1382/1579/1771 
f 1383/1580/1772 1386/1583/1775 1385/1582/1774 
f 1385/1582/1774 1411/1611/1802 1383/1580/1772 
f 1418/1619/1809 1367/1561/1756 1369/1565/1758 
f 1369/1565/1758 1416/1617/1807 1418/1619/1809 
f 1419/1620/1810 2619/2974/3445 2621/2977/3447 
f 2621/2977/3447 1455/1657/1854 1419/1620/1810 
f 1370/1591/1759 1389/1586/1778 1388/1585/1777 
f 1388/1585/1777 1422/1623/1813 1370/1591/1759 
f 1416/1617/1807 1369/1565/1758 1368/1566/1757 
f 1368/1566/1757 2623/2981/3449 1416/1617/1807 
f 2623/2980/3449 2622/2978/3448 1382/1579/1771 
f 1382/1579/1771 1483/1686/1889 2623/2980/3449 
f 1498/1702/1907 1502/1706/1911 1494/1698/1903 
f 1455/1697/1854 2621/2979/3447 1418/1619/1809 
f 1455/1697/1854 1418/1619/1809 1417/1618/1808 
f 1494/1698/1903 1455/1697/1854 1417/1618/1808 
f 1498/1702/1907 1494/1698/1903 1417/1618/1808 
f 1498/1702/1907 1417/1618/1808 1496/1700/1905 
f 1389/1586/1778 1419/1620/1810 1421/1622/1812 
f 1421/1622/1812 1457/1659/1856 1389/1586/1778 
f 1416/1617/1807 2623/2981/3449 1483/1746/1889 
f 1483/1746/1889 1561/1768/1988 1416/1617/1807 
f 1419/1620/1810 1455/1657/1854 1454/1656/1853 
f 1454/1656/1853 1505/1709/1916 1419/1620/1810 
f 1463/1665/1864 1461/1663/3450 1422/1623/1813 
f 1422/1623/1813 1388/1585/1777 1463/1665/1864 
f 1481/1684/1887 1483/1686/1889 1382/1579/1771 
f 1382/1579/1771 1484/1687/1890 1481/1684/1887 
f 1417/1618/1808 1416/1617/1807 1561/1768/1988 
f 1561/1768/1988 1559/1766/1986 1417/1618/1808 
f 1457/1659/3451 1421/1622/3452 1510/1715/3453 
f 1510/1715/3453 1511/1716/3454 1457/1659/3451 
f 1561/1768/1988 1483/1746/1889 1540/1745/1964 
f 1540/1745/1964 1609/1817/2053 1561/1768/1988 
f 1578/1785/3455 1576/1783/3456 1511/1716/3454 
f 1511/1716/3454 1510/1715/3453 1578/1785/3455 
f 1589/1796/2021 1590/1797/2022 1464/1666/2017 
f 1464/1666/2017 1465/1667/1929 1589/1796/2021 
f 1477/1680/1881 1436/1637/1828 1533/1738/1951 
f 1533/1738/1951 1605/1813/2049 1477/1680/1881 
f 1440/1641/1956 1536/1741/1955 1479/1682/1883 
f 1479/1682/1883 1439/1640/1885 1440/1641/1956 
f 1616/1824/2062 1482/1685/1888 1481/1684/1887 
f 1481/1684/1887 1544/1750/1968 1616/1824/2062 
f 1582/1789/2012 1458/1660/1857 1505/1709/1916 
f 1505/1709/1916 1506/1710/1917 1582/1789/2012 
f 1506/1710/3457 1507/1711/3458 1642/1851/3459 
f 1642/1851/3459 1643/1852/3460 1506/1710/3457 
f 1590/1797/2022 1589/1796/2021 1660/1870/2125 
f 1660/1870/2125 1659/1869/2124 1590/1797/2022 
f 1570/1777/2193 1501/1705/2096 1639/1848/2099 
f 1639/1848/2099 1707/1918/2197 1570/1777/2193 
f 1711/1922/2202 1643/1852/2103 1642/1851/2102 
f 1642/1851/2102 2624/2982/3461 1711/1922/2202 
f 1579/1786/2009 1718/1929/2212 1720/1931/2214 
f 1720/1931/2214 1580/1787/2010 1579/1786/2009 
f 1728/1939/2224 1660/1870/2125 1589/1796/2021 
f 1589/1796/2021 1656/1866/2121 1728/1939/2224 
f 1599/1807/2041 1525/1730/1938 1733/1948/2234 
f 1733/1948/2234 1736/1947/2233 1599/1807/2041 
f 1608/1816/2052 1537/1742/1958 1739/1951/2244 
f 1739/1951/2244 1747/1959/2246 1608/1816/2052 
f 1538/1743/1961 1608/1816/2052 1747/1959/2246 
f 1747/1959/2246 1749/1961/2248 1538/1743/1961 
f 1539/1744/1963 1538/1743/1961 1749/1961/2248 
f 1749/1961/2248 1745/1957/2243 1539/1744/1963 
f 1609/1817/2053 1611/1819/3462 1754/1966/3463 
f 1754/1966/3463 1756/1968/2261 1609/1817/2053 
f 1690/1900/2170 1768/1981/2282 1551/1757/1976 
f 1551/1757/1976 1550/1756/1975 1690/1900/2170 
f 1629/1838/2077 1776/1989/2290 1775/1988/2289 
f 1775/1988/2289 1628/1837/2076 1629/1838/2077 
f 1779/1992/2293 1557/1763/1983 1630/1839/2078 
f 1630/1839/2078 1777/1990/2291 1779/1992/2293 
f 1568/1775/2192 1704/1915/2191 1638/1847/2098 
f 1638/1847/2098 1569/1776/2097 1568/1775/2192 
f 1639/1848/2099 1638/1847/2098 1788/2001/2304 
f 1788/2001/2304 1789/2002/2305 1639/1848/2099 
f 1640/1849/2100 1790/2003/2306 1650/1860/2113 
f 1650/1860/2113 1582/1789/2012 1640/1849/2100 
f 1641/1850/2101 1792/2005/2308 2624/2982/3461 
f 2624/2982/3461 1642/1851/2102 1641/1850/2101 
f 2624/2982/3461 1795/2008/2311 1794/2007/2310 
f 1794/2007/2310 1711/1922/2202 2624/2982/3461 
f 1595/1802/2128 1738/1950/3464 1811/2025/3465 
f 1811/2025/3465 1594/1801/2129 1595/1802/2128 
f 1813/2027/3466 1596/1803/2035 1594/1801/2031 
f 1594/1801/2031 1811/2025/2435 1813/2027/3466 
f 1596/1803/2035 1813/2027/3466 1810/2024/2327 
f 1810/2024/2327 1597/1804/2037 1596/1803/2035 
f 1598/1806/2039 1599/1807/2041 1736/1947/2233 
f 1736/1947/2233 1734/1945/2231 1598/1806/2039 
f 1680/1890/3467 1924/2140/2472 1839/2054/2367 
f 1839/2054/2367 1681/1891/2272 1680/1890/3467 
f 1777/1990/2291 1630/1839/2078 1628/1837/2076 
f 1628/1837/2076 1775/1988/2289 1777/1990/2291 
f 1694/1904/2174 1853/2068/2384 1776/1989/2290 
f 1776/1989/2290 1629/1838/2077 1694/1904/2174 
f 1701/1912/2187 1636/1845/2089 1865/2081/2400 
f 1865/2081/2400 1867/2083/2402 1701/1912/2187 
f 1789/2002/2305 1788/2001/2304 1869/2085/2404 
f 1869/2085/2404 1871/2087/2406 1789/2002/2305 
f 1874/2090/2409 1705/1916/2194 1707/1918/2197 
f 1707/1918/2197 1706/1917/2196 1874/2090/2409 
f 1792/2005/2308 1877/2093/2412 1795/2008/2311 
f 1795/2008/2311 2624/2982/3461 1792/2005/2308 
f 1712/1923/2203 1711/1922/2202 1794/2007/2310 
f 1794/2007/2310 1879/2095/2414 1712/1923/2203 
f 1884/2100/2419 1717/1928/2210 1648/1858/2109 
f 1648/1858/2109 1721/1932/2215 1884/2100/2419 
f 1724/1935/2220 1651/1861/2114 1886/2102/2423 
f 1886/2102/2423 1889/2105/2425 1724/1935/2220 
f 1811/2025/3468 1738/1950/3469 1895/2111/3470 
f 1895/2111/3470 1896/2112/3471 1811/2025/3468 
f 1924/2140/2472 1921/2137/2469 1920/2136/2468 
f 1920/2136/2468 1839/2054/2367 1924/2140/2472 
f 1838/2053/3472 1922/2138/2470 1924/2140/2472 
f 1924/2140/2472 1680/1890/3467 1838/2053/3472 
f 1783/1996/2298 1863/2079/2397 1702/1913/2188 
f 1702/1913/2188 1633/1842/2179 1783/1996/2298 
f 1700/1911/2184 1701/1912/2187 1867/2083/2402 
f 1867/2083/2402 1948/2166/2502 1700/1911/2184 
f 1703/1914/2189 1700/1911/2184 1948/2166/2502 
f 1948/2166/2502 1950/2168/2504 1703/1914/2189 
f 1705/1916/2194 1874/2090/2409 1958/2176/2513 
f 1958/2176/2513 1708/1919/2198 1705/1916/2194 
f 1797/2010/2313 1961/2179/2516 1877/2093/2412 
f 1877/2093/2412 1792/2005/2308 1797/2010/2313 
f 1963/2181/2518 1796/2009/2312 1712/1923/2203 
f 1712/1923/2203 1879/2095/2414 1963/2181/2518 
f 1797/2010/2313 1714/1925/2205 1880/2096/2415 
f 1880/2096/2415 1961/2179/2516 1797/2010/2313 
f 1722/1933/2216 1968/2186/2523 1809/2023/2326 
f 1809/2023/2326 1662/1872/2127 1722/1933/2216 
f 1717/1928/2210 1884/2100/2419 1968/2186/2523 
f 1968/2186/2523 1722/1933/2216 1717/1928/2210 
f 1971/2189/3473 1799/2013/3474 1719/1930/3475 
f 1719/1930/3475 1973/2191/3476 1971/2189/3473 
f 1984/2202/3477 1896/2112/3478 1895/2111/3479 
f 1895/2111/3479 1986/2204/3480 1984/2202/3477 
f 1995/2214/2556 1996/2215/2557 1826/2041/2348 
f 1826/2041/2348 1743/1955/2241 1995/2214/2556 
f 1758/1970/2265 1837/2052/2365 1914/2130/2462 
f 1914/2130/2462 1915/2131/2463 1758/1970/2265 
f 1839/2054/2367 1920/2136/2468 1840/2055/2368 
f 1840/2055/2368 1682/1892/2155 1839/2054/2367 
f 1838/2053/3472 1918/2134/2578 2009/2228/2577 
f 2009/2228/2577 1922/2138/2470 1838/2053/3472 
f 1796/2009/2312 1963/2181/2518 1875/2091/2410 
f 1875/2091/2410 1790/2003/2306 1796/2009/2312 
f 2045/2265/3481 1971/2189/3473 1973/2191/3476 
f 1973/2191/3476 2046/2266/3482 2045/2265/3481 
f 2060/2280/2638 2059/2279/2637 1984/2202/2540 
f 1984/2202/2540 1986/2204/2542 2060/2280/2638 
f 1943/2161/2497 2103/2325/2689 2026/2245/2600 
f 2026/2245/2600 1861/2077/2395 1943/2161/2497 
f 2107/2329/2693 1862/2078/2396 1945/2163/2499 
f 1945/2163/2499 2105/2327/2691 2107/2329/2693 
f 2124/2346/3483 2045/2265/3481 2046/2266/3482 
f 2046/2266/3482 2125/2347/3484 2124/2346/3483 
f 2059/2279/2637 2060/2280/2638 2135/2357/2724 
f 2135/2357/2724 2137/2361/2726 2059/2279/2637 
f 2074/2294/2656 2149/2374/2747 1908/2124/2455 
f 1908/2124/2455 1907/2123/2454 2074/2294/2656 
f 2004/2223/2571 1917/2133/2570 2080/2300/2756 
f 2080/2300/2756 2155/2380/2755 2004/2223/2571 
f 2027/2246/2601 2026/2245/2600 2104/2326/2690 
f 2104/2326/2690 2179/2406/2784 2027/2246/2601 
f 1945/2163/2499 1944/2162/2498 2027/2246/2601 
f 2027/2246/2601 2105/2327/2691 1945/2163/2499 
f 1962/2180/2517 2038/2257/2614 2192/2420/2799 
f 2192/2420/2799 2036/2255/2612 1962/2180/2517 
f 1966/2184/2521 2039/2258/2615 2195/2423/2802 
f 2195/2423/2802 2194/2422/2801 1966/2184/2521 
f 2125/2347/3484 2203/2431/3485 2204/2432/3486 
f 2204/2432/3486 2124/2346/3483 2125/2347/3484 
f 2208/2436/2816 2051/2271/2629 1981/2199/2536 
f 1981/2199/2536 2209/2437/2817 2208/2436/2816 
f 2082/2302/2664 1923/2139/2471 2083/2303/2665 
f 2083/2303/2665 2238/2467/2851 2082/2302/2664 
f 2179/2406/2784 2104/2326/2690 2252/2490/2868 
f 2252/2490/2868 2253/2491/2869 2179/2406/2784 
f 2118/2340/2706 2262/2500/2880 2192/2420/2799 
f 2192/2420/2799 2038/2257/2614 2118/2340/2706 
f 2203/2511/3485 2272/2510/2986 2275/2515/2994 
f 2275/2515/2994 2204/2516/3486 2203/2511/3485 
f 2281/2523/2899 2208/2436/2816 2209/2437/2817 
f 2209/2437/2817 2282/2524/2900 2281/2523/2899 
f 2296/2548/2919 2144/2369/2740 2069/2289/2651 
f 2069/2289/2651 2223/2452/2917 2296/2548/2919 
f 2144/2369/2740 2296/2548/2919 2224/2453/2837 
f 2224/2453/2837 2070/2290/2652 2144/2369/2740 
f 2097/2318/2682 2249/2485/2864 2322/2584/2956 
f 2322/2584/2956 2098/2319/2683 2097/2318/2682 
f 2331/2593/2965 2106/2328/2692 2180/2407/2785 
f 2180/2407/2785 2255/2493/2871 2331/2593/2965 
f 2196/2424/2803 2260/2498/2878 2115/2337/2703 
f 2115/2337/2703 2194/2422/2801 2196/2424/2803 
f 2354/2623/2997 2218/2447/2827 2062/2282/2640 
f 2062/2282/2640 2210/2438/2818 2354/2623/2997 
f 2372/2652/3024 2145/2370/2836 2146/2371/2744 
f 2146/2371/2744 2292/2539/2914 2372/2652/3024 
f 2625/2983/3487 2246/2482/2861 2173/2398/2777 
f 2173/2398/2777 2250/2486/2865 2625/2983/3487 
f 2626/2984/3488 2250/2985/2865 2174/2489/2779 
f 2174/2489/2779 2324/2586/2958 2626/2984/3488 
f 2177/2404/2782 2176/2403/2781 2326/2588/2960 
f 2326/2588/2960 2390/2679/3047 2177/2404/2782 
f 2259/2687/2877 2395/2686/3056 2393/2684/3055 
f 2393/2684/3055 2189/2603/2796 2259/2687/2877 
f 2314/2571/2945 2311/2566/2942 2238/2467/2851 
f 2238/2467/2851 2239/2469/2853 2314/2571/2945 
f 2627/2986/3489 2625/2987/3487 2250/2985/2865 
f 2250/2985/2865 2626/2984/3488 2627/2986/3489 
f 2625/2983/3487 2320/2580/2954 2247/2483/2862 
f 2247/2483/2862 2246/2482/2861 2625/2983/3487 
f 2448/2760/3490 2248/2676/3491 2320/2988/3492 
f 2320/2988/3492 2628/2989/3493 2448/2760/3490 
f 2629/2990/3494 2626/2984/3488 2324/2586/2958 
f 2324/2586/2958 2452/2764/3128 2629/2990/3494 
f 2351/2620/2991 2350/2619/2990 19/2991/3495 
f 19/2991/3495 23/2992/3496 2351/2620/2991 
f 2365/2640/3012 2364/2639/3011 21/2993/3497 
f 21/2993/3497 17/2994/3498 2365/2640/3012 
f 2494/2825/3189 2384/2823/3039 2315/2755/2946 
f 2315/2755/2946 2443/2754/3118 2494/2825/3189 
f 2540/2873/3252 2520/2853/3229 2385/2670/3041 
f 2385/2670/3041 2089/2478/2674 2319/2579/2952 
f 2540/2873/3252 2385/2670/3041 2319/2579/2952 
f 2542/2875/3256 2627/2986/3489 2626/2984/3488 
f 2626/2984/3488 2629/2990/3494 2542/2875/3256 
f 2627/2986/3489 2628/2989/3499 2320/2988/2954 
f 2320/2988/2954 2625/2987/3487 2627/2986/3489 
f 2628/2989/3493 2501/2832/3199 2500/2831/3198 
f 2500/2831/3198 2448/2760/3490 2628/2989/3493 
f 2503/2834/3203 2629/2990/3494 2452/2764/3128 
f 2452/2764/3128 2502/2833/3201 2503/2834/3203 
f 2512/2844/3218 2403/2699/3063 2402/2698/3062 
f 2402/2698/3062 2510/2842/3216 2512/2844/3218 
f 2515/2847/3223 2408/2706/3222 2273/2513/3149 
f 2273/2513/3149 2469/2783/3148 2515/2847/3223 
f 2350/2619/2990 2409/2707/3071 15/2995/3500 
f 15/2995/3500 19/2991/3495 2350/2619/2990 
f 2364/2709/3011 2351/2620/2991 23/2992/3496 
f 23/2992/3496 21/2996/3497 2364/2709/3011 
f 2414/2715/3079 2473/2787/3155 2274/2514/3072 
f 2274/2514/3072 2288/2708/3164 2414/2715/3079 
f 2420/2722/3086 2365/2640/3012 17/2994/3498 
f 17/2994/3498 13/2997/3501 2420/2722/3086 
f 2479/2798/3169 2289/2535/3087 2419/2721/3228 
f 2419/2721/3228 2482/2805/3173 2479/2798/3169 
f 2499/2830/3202 2542/2875/3256 2629/2990/3494 
f 2629/2990/3494 2503/2834/3203 2499/2830/3202 
f 2542/2875/3256 2501/2832/3255 2628/2989/3499 
f 2628/2989/3499 2627/2986/3489 2542/2875/3256 
f 2547/2880/3266 2391/2680/3502 2455/2767/3503 
f 2455/2767/3503 2548/2881/3267 2547/2880/3266 
f 2465/2778/3504 2511/2843/3505 2556/2891/3506 
f 2556/2891/3506 2399/2693/3507 2465/2778/3504 
f 2559/2896/3285 2512/2899/3218 2510/2895/3216 
f 2510/2895/3216 2558/2894/3284 2559/2896/3285 
f 2559/2896/3285 2515/2847/3223 2469/2783/3148 
f 2469/2783/3148 2561/2900/3328 2559/2896/3285 
f 2409/2707/3071 2472/2786/3154 11/2998/3508 
f 11/2998/3508 15/2995/3500 2409/2707/3071 
f 2478/2797/3168 2420/2722/3086 13/2997/3501 
f 13/2997/3501 9/2999/3509 2478/2797/3168 
f 2480/2799/3170 2421/2723/3088 2426/2729/3172 
f 2426/2729/3172 2481/2804/3171 2480/2799/3170 
f 2492/2821/3187 2534/2867/3246 2440/2820/3115 
f 2440/2820/3115 2442/2822/3117 2492/2821/3187 
f 2511/2898/3505 2559/2896/3294 2561/2900/3289 
f 2561/2900/3289 2556/3000/3506 2511/2898/3505 
f 2472/2786/3154 2518/2850/3226 7/3001/3510 
f 7/3001/3510 11/2998/3508 2472/2786/3154 
f 2521/2854/3230 2478/2797/3168 9/2999/3509 
f 9/2999/3509 5/3002/3511 2521/2854/3230 
f 2546/2879/3302 2431/2736/3232 2520/2853/3315 
f 2520/2853/3315 2574/2915/3314 2546/2879/3302 
f 2591/2937/3344 2541/2874/3253 2385/2670/3191 
f 2385/2670/3191 2564/2904/3345 2591/2937/3344 
f 2586/2932/3512 2588/2934/3513 2564/2904/3514 
f 2564/2904/3514 2517/2849/3515 2586/2932/3512 
f 2518/2850/3226 2565/2905/3300 1/3003/3516 
f 1/3003/3516 7/3001/3510 2518/2850/3226 
f 2566/2906/3301 2521/2854/3230 5/3002/3511 
f 5/3002/3511 2/3004/3517 2566/2906/3301 
f 2565/2905/3300 2566/2906/3301 2/3004/3517 
f 2/3004/3517 1/3003/3516 2565/2905/3300 
# 5254 faces

