# 3ds Max Wavefront OBJ Exporter v0.99 - (c)2007 guruware
# File Created: 22.03.2025 22:36:17

mtllib single lava.mtl

#
# object spout
#

v  -7.07115030 12.34986401 -6.10171032
v  -5.51169348 12.22862244 -6.10171032
v  -5.72062111 12.22862244 -6.88143873
v  -6.29142189 12.22862244 -7.45223999
v  -7.07115030 12.22862244 -7.66116714
v  -7.85087872 12.22862244 -7.45223951
v  -8.42167950 12.22862244 -6.88143873
v  -8.63060665 12.22862244 -6.10171080
v  -8.42167950 12.22862244 -5.32198238
v  -7.85087872 12.22862244 -4.75118160
v  -7.07115078 12.22862244 -4.54225349
v  -6.29142284 12.22862244 -4.75118065
v  -5.72062206 12.22862244 -5.32198095
v  -4.57963324 11.87729168 -7.54018879
v  -4.19419384 11.87729168 -6.10171032
v  -5.63267231 11.87729168 -8.59322739
v  -7.07115030 11.87729168 -8.97866631
v  -8.50962830 11.87729168 -8.59322739
v  -9.56266785 11.87729168 -7.54018879
v  -9.94810677 11.87729168 -6.10171080
v  -9.56266785 11.87729168 -4.66323280
v  -8.50962925 11.87729168 -3.61019397
v  -7.07115126 11.87729168 -3.22475410
v  -5.63267326 11.87729168 -3.61019230
v  -4.57963419 11.87729168 -4.66323090
v  -3.46300483 11.33181095 -7.92420292
v  -3.03515863 11.33181095 -5.87596273
v  -4.85765171 11.33181095 -9.48410797
v  -6.84540272 11.33181095 -10.13770199
v  -8.89364243 11.33181095 -9.70985603
v  -10.45354748 11.33181095 -8.31520939
v  -11.10058212 11.44158554 -6.18633699
v  -10.78346443 11.28855801 -3.95694113
v  -9.28464985 11.33181095 -2.71931434
v  -7.29689932 11.33181095 -2.06571913
v  -5.24865961 11.33181095 -2.49356461
v  -3.68875408 11.33181095 -3.88820910
v  -2.32197046 10.88530254 -5.78702974
v  -2.99563360 10.83350182 -8.76458740
v  -4.49708462 10.91859531 -10.05270004
v  -7.03604460 10.73085880 -11.08972549
v  -9.05418205 10.77902889 -10.82741165
v  -11.68231392 10.74412060 -8.41442299
v  -9.86120987 10.65187550 -1.72786379
v  -6.97599411 10.59463501 -0.87116146
v  -4.98431492 10.88219833 -1.70790100
v  -2.68131495 10.81662369 -3.83932686
v  -0.55812836 8.86872864 -7.58184624
v  -0.66763210 8.77004814 -7.58909321
v  -0.76326227 8.76949215 -7.94545507
v  -0.67137241 8.86841297 -8.00664711
v  -1.12799454 7.68944645 -11.77219486
v  -1.31260204 7.66438198 -11.96188259
v  -1.34564495 7.74959660 -11.95717716
v  -1.13107538 7.77759552 -11.73403549
v  -9.22757721 8.13823986 -13.57551384
v  -9.22814846 7.77706242 -13.44851303
v  -9.36213875 7.84449196 -13.44073963
v  -9.50635624 8.21611309 -13.52382183
v  -13.41080475 8.92938042 -4.82508278
v  -13.27115917 8.92550278 -4.30468369
v  -13.31160355 8.97338390 -4.27605295
v  -13.45715809 8.97467995 -4.82940197
v  -12.05807495 7.70701027 -0.81482553
v  -11.95738125 7.70853615 -0.71150446
v  -12.04011154 7.87353706 -0.55094051
v  -12.22138214 7.87476063 -0.73051977
v  -8.70596695 8.82097816 0.17145491
v  -8.66154289 8.82187748 0.18448305
v  -8.65277863 8.92254162 0.29080153
v  -8.76768398 8.92333317 0.26080942
v  -5.19402838 7.96175194 1.49378586
v  -5.19715214 7.68548203 1.18922997
v  -4.87410831 7.70442772 1.12659836
v  -4.70329666 7.97586250 1.37656116
v  -2.95638084 8.95734501 -1.58657789
v  -2.50605679 8.95853329 -2.03686333
v  -2.59209967 9.05765629 -1.72689104
v  -2.64518213 9.05810070 -1.67319632
v  0.36384296 8.12415791 -3.88403869
v  0.57912636 8.12318039 -4.69680405
v  0.57774782 8.45826435 -4.45417118
v  0.48013830 8.48283768 -4.08810902
v  -3.93853498 7.42917919 -6.10171032
v  -4.35822582 7.42917919 -7.66801786
v  -3.51854467 8.73777199 -8.15280819
v  -2.96895456 8.73777199 -6.10171032
v  -5.50484276 7.42917919 -8.81463432
v  -5.02005196 8.73777199 -9.65431595
v  -7.07115030 7.42917919 -9.23432541
v  -7.07115030 8.73777199 -10.20390511
v  -8.63745785 7.42917919 -8.81463432
v  -9.12224770 8.73777199 -9.65431595
v  -9.78407383 7.42917919 -7.66801786
v  -10.62375546 8.73777199 -8.15280819
v  -10.20376492 7.42917919 -6.10171080
v  -11.17334557 8.73777199 -6.10171080
v  -9.78407478 7.42917919 -4.53540325
v  -10.62375641 8.73777199 -4.05061340
v  -8.63745880 7.42917919 -3.38878679
v  -9.12224865 8.73777199 -2.54910564
v  -7.07115173 7.42917919 -2.96909523
v  -7.07115173 8.73777199 -1.99951506
v  -5.50484419 7.42917919 -3.38878536
v  -5.02005434 8.73777199 -2.54910350
v  -4.35822678 7.42917919 -4.53540087
v  -3.51854587 8.73777199 -4.05061054
v  -4.87276268 6.01564884 -7.37095022
v  -4.53267097 6.01564884 -6.10171032
v  -5.80191040 6.01564884 -8.30009842
v  -7.07115030 6.01564884 -8.64019012
v  -8.34039021 6.01564884 -8.30009842
v  -9.26953793 6.01564884 -7.37095022
v  -9.60962963 6.01564884 -6.10171080
v  -9.26953793 6.01564884 -4.83247089
v  -8.34039116 6.01564884 -3.90332317
v  -7.07115126 6.01564884 -3.56323075
v  -5.80191183 6.01564884 -3.90332174
v  -4.87276316 6.01564884 -4.83246899
v  -5.35723591 3.90652895 -7.09123898
v  -5.09209251 3.90652895 -6.10171032
v  -6.08162117 3.90652895 -7.81562471
v  -7.07115030 3.90652895 -8.08076859
v  -8.06067944 3.90652895 -7.81562471
v  -8.78506470 3.90652895 -7.09123945
v  -9.05020809 3.90652895 -6.10171080
v  -8.78506470 3.90652895 -5.11218166
v  -8.06067944 3.90652895 -4.38779640
v  -7.07115126 3.90652895 -4.12265253
v  -6.08162260 3.90652895 -4.38779545
v  -5.35723639 3.90652895 -5.11218023
v  -5.50117064 2.23267078 -7.00813866
v  -5.25829363 2.23267078 -6.10171032
v  -6.16472197 2.23267078 -7.67169046
v  -7.07115030 2.23267078 -7.91456699
v  -7.97757864 2.23267078 -7.67168999
v  -8.64113045 2.23267078 -7.00813866
v  -8.88400745 2.23267078 -6.10171080
v  -8.64113045 2.23267078 -5.19528246
v  -7.97757912 2.23267078 -4.53173065
v  -7.07115126 2.23267078 -4.28885365
v  -6.16472292 2.23267078 -4.53172970
v  -5.50117111 2.23267078 -5.19528103
v  -5.66557121 0.62845159 -6.91322184
v  -5.44812775 0.62845159 -6.10171032
v  -6.25963879 0.62845159 -7.50728893
v  -7.07115030 0.62845159 -7.72473288
v  -7.88266182 0.62845159 -7.50728893
v  -8.47672939 0.62845159 -6.91322184
v  -8.69417286 0.62845159 -6.10171032
v  -8.47672939 0.62845159 -5.29019928
v  -7.88266182 0.62845159 -4.69613171
v  -7.07115126 0.62845159 -4.47868776
v  -6.25963974 0.62845159 -4.69613075
v  -5.66557217 0.62845159 -5.29019833
v  -5.66557121 -0.38024265 -6.91322184
v  -5.44812775 -0.38024265 -6.10171032
v  -6.25963879 -0.38024265 -7.50728893
v  -7.07115030 -0.38024265 -7.72473288
v  -7.88266182 -0.38024265 -7.50728893
v  -8.47672939 -0.38024265 -6.91322184
v  -8.69417286 -0.38024265 -6.10171032
v  -8.47672939 -0.38024265 -5.29019928
v  -7.88266182 -0.38024265 -4.69613171
v  -7.07115126 -0.38024265 -4.47868776
v  -6.25963974 -0.38024265 -4.69613075
v  -5.66557217 -0.38024265 -5.29019833
v  -5.86794806 -0.86822522 -6.79637957
v  -5.68181181 -0.86822522 -6.10171032
v  -6.37648106 -0.86822522 -7.30491257
v  -7.07115030 -0.86822522 -7.49104881
v  -7.76581955 -0.86822522 -7.30491257
v  -8.27435303 -0.86822522 -6.79637957
v  -8.46048927 -0.86822522 -6.10171032
v  -8.27435303 -0.86822522 -5.40704155
v  -7.76582003 -0.86822522 -4.89850807
v  -7.07115078 -0.86822522 -4.71237183
v  -6.37648201 -0.86822522 -4.89850760
v  -5.86794853 -0.86822522 -5.40704012
v  -6.19339228 -1.25747776 -6.60848427
v  -6.05760241 -1.25747776 -6.10171032
v  -6.56437635 -1.25747776 -6.97946835
v  -7.07115030 -1.25747776 -7.11525822
v  -7.57792425 -1.25747776 -6.97946835
v  -7.94890833 -1.25747776 -6.60848427
v  -8.08469772 -1.25747776 -6.10171032
v  -7.94890881 -1.25747776 -5.59493637
v  -7.57792473 -1.25747776 -5.22395229
v  -7.07115078 -1.25747776 -5.08816242
v  -6.56437683 -1.25747776 -5.22395182
v  -6.19339228 -1.25747776 -5.59493589
v  -6.60861635 -1.50818479 -6.36875439
v  -6.53706217 -1.50818479 -6.10171032
v  -6.80410624 -1.50818479 -6.56424427
v  -7.07115030 -1.50818479 -6.63579845
v  -7.33819437 -1.50818479 -6.56424427
v  -7.53368425 -1.50818479 -6.36875439
v  -7.60523844 -1.50818479 -6.10171032
v  -7.53368425 -1.50818479 -5.83466625
v  -7.33819437 -1.50818479 -5.63917637
v  -7.07115078 -1.50818479 -5.56762218
v  -6.80410671 -1.50818479 -5.63917637
v  -6.60861635 -1.50818479 -5.83466578
v  -7.07115030 -1.59470308 -6.10171032
v  -1.44574738 9.52952576 -10.35389900
v  -2.84108973 9.52952576 -11.74924088
v  -2.31481457 9.90394497 -8.84778214
v  -3.12208676 9.10441494 -8.38170338
v  -1.73071384 8.47011662 -9.80203438
v  -1.37582207 9.10166931 -9.84993744
v  -3.20577931 8.12390327 -11.02865791
v  -2.21434832 8.12234497 -10.04255867
v  -4.32507896 9.90394497 -10.85804558
v  -3.30763602 9.06528473 -11.86687851
v  -3.41648436 8.46278477 -11.52101803
v  -4.79115725 9.10441494 -10.05077362
v  -1.02307272 7.72022629 -10.88764858
v  -0.89996576 8.01748753 -10.82890224
v  -1.44771957 7.58287334 -10.87170601
v  -2.27179766 7.56950474 -11.73453617
v  -2.28188372 8.06207943 -12.25611019
v  -2.24989796 7.64943027 -12.10843086
v  -0.82645559 9.72755718 -3.47167420
v  -0.28374052 9.70756817 -5.37046671
v  -2.31481600 9.90394497 -3.35563588
v  -3.12208796 9.10441494 -3.82171488
v  -1.70506763 8.58917236 -3.27510405
v  -1.21221781 9.26380825 -3.06668758
v  -1.48946571 8.28108978 -5.11664248
v  -1.87376595 8.28948593 -3.78161144
v  -1.57900667 9.90394497 -6.10171032
v  -0.43099165 9.25356388 -5.80921125
v  -1.20947027 8.63224602 -5.59824371
v  -2.51116419 9.10441494 -6.10171032
v  -0.03405952 9.24764061 -3.73964214
v  0.28526020 9.24764061 -4.93135643
v  -0.37757111 8.07729721 -3.49508429
v  -0.30833244 8.61565590 -3.32208228
v  0.06001282 7.81839561 -4.59499073
v  -0.00202513 7.77944851 -3.99345326
v  0.25368834 8.76408863 -5.40397549
v  0.05205441 8.13240337 -5.19773054
v  -6.10207653 9.55026150 0.78776646
v  -4.19540310 9.54830360 0.27952862
v  -7.07115221 9.90394497 -0.60956764
v  -7.07115221 9.10441494 -1.54172468
v  -6.65110731 8.58471680 -0.23686314
v  -6.60712719 9.15300274 0.55849648
v  -4.88717270 8.27563000 -0.95370007
v  -6.23977852 8.27897167 -0.59829712
v  -4.32508087 9.90394497 -1.34537315
v  -3.90255547 9.18835926 -0.19168568
v  -4.32463789 8.53955936 -0.80416632
v  -4.79115963 9.10441494 -2.15264559
v  -5.53840351 8.66999722 1.56995487
v  -4.33387613 8.66999722 1.24720430
v  -6.15558767 8.08002377 0.87362909
v  -6.14101362 8.38952160 1.22537565
v  -4.93007946 7.59142876 0.27199316
v  -5.59672642 7.59267902 0.44851446
v  -4.00816917 8.38645554 0.65734386
v  -4.20469522 8.06513500 0.34038830
v  -12.00426102 10.30808163 -3.25064945
v  -12.62368393 9.22933292 -1.66938591
v  -11.22834396 9.22933292 -0.27404404
v  -11.82748508 9.90394306 -3.35564017
v  -11.02021408 9.10441494 -3.82171822
v  -11.84333801 8.07751083 -2.72346067
v  -12.65060902 8.87703896 -2.25738239
v  -10.30595016 7.81580734 -1.60286713
v  -11.29486084 7.81580734 -2.59177876
v  -9.81722260 9.90394497 -1.34537601
v  -10.64034748 8.87703991 -0.24711800
v  -10.17426872 8.07751083 -1.05438948
v  -9.35114384 9.10441494 -2.15264750
v  -12.36701393 8.02406693 -1.90168190
v  -12.61907482 8.27720070 -1.74577475
v  -11.13727379 7.49778366 -1.15432644
v  -11.60438824 7.47800636 -1.57574844
v  -11.06344414 8.30767345 -0.21264267
v  -10.88851929 7.97743416 -0.52637196
v  -7.95700312 10.05874634 -12.25413132
v  -9.86307621 10.05874634 -11.74339962
v  -7.07114983 9.90394497 -11.59385300
v  -7.07115030 9.10441494 -10.66169548
v  -7.43036556 8.42782688 -11.79500675
v  -7.41879511 9.57263279 -12.16157150
v  -9.17045784 8.05362606 -11.18357277
v  -7.81798458 8.05622101 -11.53945732
v  -9.81722164 9.90394497 -10.85804558
v  -10.12967014 9.57173347 -11.39660263
v  -9.71019650 8.41225338 -11.17971992
v  -9.35114288 9.10441494 -10.05077362
v  -8.85346413 9.01439095 -13.45884991
v  -9.89999676 9.01439095 -13.17843246
v  -8.21721077 7.93511868 -13.06036949
v  -8.22793388 8.42927361 -13.27190304
v  -9.38113403 7.49504566 -12.78709793
v  -8.79635048 7.49676609 -12.93884468
v  -10.26115227 8.46707916 -12.77222633
v  -10.01893997 7.89699364 -12.56540108
v  -13.36696625 9.70532227 -8.74860477
v  -13.87220955 9.70887089 -6.84178448
v  -12.25305748 10.61413860 -6.27096272
v  -11.82748413 9.90394497 -8.84778214
v  -11.02021313 9.10441494 -8.38170338
v  -12.56028748 8.61373138 -8.82701874
v  -12.98038483 9.25659847 -9.09356308
v  -12.78691387 8.30203342 -6.93899918
v  -12.45260239 8.29226303 -8.29769516
v  -12.56329250 9.90394306 -6.10171127
v  -13.71016121 9.26760006 -6.39755869
v  -13.19603729 8.59596062 -6.51394987
v  -11.63113594 9.10441494 -6.10171127
v  -14.54584408 8.93598557 -8.39842892
v  -14.61498451 8.96164894 -8.04566956
v  -13.96226025 8.27318764 -8.96011066
v  -14.10410118 8.45080090 -9.03414726
v  -14.22824860 7.75026703 -8.14882469
v  -14.59844303 8.41905022 -7.27410412
v  -14.44492340 8.26266861 -7.27582121
v  -13.49065876 9.55694199 -4.96768093
v  -13.28240013 9.54198933 -4.06732464
v  -13.10954952 9.28096008 -5.56317329
v  -13.16245079 9.33295631 -5.55380535
v  -12.46642876 8.63671780 -4.59035301
v  -12.55409050 8.63671780 -4.93627882
v  -12.69764900 9.29822254 -3.70974040
v  -12.63726616 9.23497677 -3.73831654
v  -9.49947357 9.14465046 -0.61581898
v  -9.56969452 9.28222752 -0.47941923
v  -8.20254421 8.53928471 -0.52794838
v  -8.76775646 8.53928471 -0.67939663
v  -7.62763023 9.29657173 0.02788067
v  -7.61866140 9.16566944 -0.11814117
v  -3.01726437 10.03247070 -1.65674305
v  -2.58756685 10.02667713 -2.07996035
v  -3.78257513 9.27392578 -1.42316818
v  -3.69943333 9.41438675 -1.29019928
v  -3.04427814 8.67118263 -2.53254437
v  -3.45972037 8.67118263 -2.11710238
v  -2.23127365 9.42782307 -2.76779628
v  -2.36234951 9.28814030 -2.85096002
v  -0.54376316 9.51116753 -7.45940876
v  -0.72369623 9.51116753 -8.13092709
v  -0.84320641 9.21408463 -6.83453846
v  -0.82508087 9.22302818 -6.82577848
v  -1.40304375 8.60451794 -7.74953794
v  -1.32702875 8.60493469 -7.44929981
v  -1.28222895 9.21233177 -8.54596806
v  -1.29180431 9.20565224 -8.53086090
v  -4.92338562 9.18393803 -12.77181149
v  -5.68149948 9.12537575 -13.00022697
v  -4.58334255 8.95966721 -12.19292927
v  -5.81801653 8.27585030 -12.19735527
v  -5.36594248 8.31971455 -12.01396179
v  -5.19429398 8.37454510 -11.70994949
v  -5.11450005 8.45130730 -11.32734299
v  -4.98506737 8.78658676 -9.71491146
v  -5.98138809 8.55823040 -12.79169273
v  -10.34101868 10.23488235 -10.62315941
v  -10.67588139 10.10677242 -10.54317284
v  -10.98798275 10.01526546 -10.41312599
v  -11.27732277 9.96036053 -10.23301888
v  -11.54389858 9.94205952 -10.00285339
v  -11.60867023 9.94205952 -9.93808270
v  -0.55397177 9.02370548 -8.06238651
v  -0.42840147 9.02433872 -7.59297800
v  -0.42440939 9.17339420 -7.84936905
v  -1.38577986 7.89013100 -11.94249153
v  -1.14110279 7.89633179 -11.69512749
v  -1.41229677 8.05870438 -11.88342285
v  -1.19673014 8.05508137 -11.67036724
v  -5.34139156 8.59048653 -12.93642616
v  -5.93634129 8.73325062 -12.97112846
v  -5.29187298 8.73325062 -13.04283619
v  -5.86815119 8.90601730 -13.02909851
v  -5.31552553 8.90601730 -13.09492588
v  -9.54736900 8.37487316 -13.54254150
v  -9.24421120 8.37295914 -13.62308121
v  -9.52450848 8.60232449 -13.53067780
v  -9.29736137 8.60165691 -13.59130001
v  -13.42958641 9.12964535 -4.21791983
v  -13.58723259 9.13099480 -4.81721544
v  -13.47943687 9.30261135 -4.22891045
v  -13.62099552 9.30398083 -4.77190018
v  -12.11126518 8.02194595 -0.45036983
v  -12.32275963 8.02194595 -0.66186380
v  -12.18163300 8.21452427 -0.42894936
v  -12.34986973 8.21452427 -0.59718609
v  -8.66324425 9.06580639 0.40810251
v  -8.81852627 9.06580639 0.36649513
v  -8.71020317 9.23987007 0.44234467
v  -8.79998684 9.23987007 0.41828775
v  -4.65176010 8.11638355 1.47843552
v  -5.17407084 8.11577988 1.61769199
v  -4.67586708 8.29782677 1.53725052
v  -5.11298180 8.29759121 1.65410280
v  -2.49358845 9.20170307 -1.66053391
v  -2.57973909 9.20170307 -1.57438374
v  -2.47768974 9.38178921 -1.60497189
v  -2.52626514 9.38178921 -1.55639601
v  0.57082891 8.66023254 -4.47319889
v  0.46115494 8.66098785 -4.06367779
v  0.49111319 8.88337898 -4.45077229
v  0.39817762 8.88367271 -4.10384941
v  -2.61352682 10.58141422 -8.86337376
v  -1.29789066 9.50278568 -10.17891502
v  -2.35657930 10.32046509 -8.91213608
v  -1.23695135 9.42256165 -10.03659344
v  -3.01373577 9.50051117 -11.90007877
v  -4.35054922 10.61489964 -10.52155590
v  -3.14904165 9.41346645 -11.96996498
v  -4.27178049 10.33714962 -10.81794739
v  -1.26292849 9.28885651 -9.92693424
v  -2.24895382 10.08364391 -8.90792274
v  -4.26266193 10.09645844 -10.93305111
v  -3.24700832 9.26839161 -11.95889854
v  -1.18542147 9.17226028 -10.46083641
v  -0.93446875 8.62561321 -10.73711967
v  -1.46350431 8.36079216 -11.68638039
v  -2.62470007 9.08969688 -12.00018978
v  -2.37560368 8.61239529 -12.19775295
v  -0.86452723 8.37183571 -10.77282524
v  -2.33734941 8.36003780 -12.26634979
v  -2.41994619 10.56942272 -3.58048511
v  -0.87908363 9.68364906 -3.24537826
v  -2.26376677 10.31505203 -3.40306568
v  -0.96091986 9.59172249 -3.10244870
v  -0.22841597 9.67176533 -5.59164715
v  -1.85322952 10.59273815 -5.92207193
v  -0.23451662 9.58416367 -5.73849773
v  -1.56984186 10.32728004 -6.02093601
v  -1.07196474 9.45177460 -3.04288483
v  -2.22473621 10.08329773 -3.32285404
v  -1.47677851 10.09549618 -6.08151674
v  -0.30204248 9.44476318 -5.81101942
v  -0.60987997 9.52013111 -3.32991457
v  -0.34428310 9.22296524 -3.28190565
v  0.30160666 9.07921410 -4.25148630
v  0.32094193 9.07919598 -4.32365131
v  0.30705500 9.20545387 -4.97936916
v  -0.11930180 9.58456612 -5.51072121
v  0.19706345 9.24846363 -5.43664598
v  -0.28765345 8.99546719 -3.25306368
v  0.26366138 9.02096844 -5.44387341
v  -6.32894516 9.52388191 0.82786942
v  -7.02669048 10.32697201 -0.61484528
v  -6.48874283 9.44887924 0.80302572
v  -3.98061681 9.52499008 0.19853735
v  -4.61812305 10.58585262 -1.41523933
v  -3.86021304 9.45722771 0.09300423
v  -4.38648415 10.32447052 -1.25742817
v  -6.58147049 9.32525253 0.71323442
v  -7.06003714 10.08691406 -0.52086639
v  -4.28895187 10.09738731 -1.23422098
v  -3.83419275 9.34501743 -0.03707027
v  -6.02726984 9.04517078 1.25416088
v  -6.05737114 8.75752831 1.41940928
v  -4.90770435 8.48234653 1.55066538
v  -4.88141346 8.48235035 1.54362535
v  -4.05051422 9.04305553 0.72755194
v  -3.95620871 8.75509548 0.86147785
v  -6.11693144 8.57574749 1.38190317
v  -3.93470907 8.57489681 0.80353594
v  -12.76885319 9.20731449 -1.84962225
v  -12.03337669 10.20595741 -3.23551393
v  -12.82173061 9.14125919 -2.00769997
v  -11.04810810 9.20731449 -0.12887478
v  -10.89002991 9.14125919 -0.07599735
v  -9.90454388 10.35382366 -1.39881277
v  -12.78231621 9.03116703 -2.14362025
v  -11.97485161 10.07442093 -3.27024460
v  -9.88992500 10.10368156 -1.27062273
v  -10.75410938 9.03116703 -0.11541176
v  -12.76546478 8.97169781 -1.60758781
v  -12.82614326 8.69481850 -1.55993032
v  -12.46768379 8.45265961 -0.78409290
v  -12.01257324 8.45637894 -0.33274841
v  -11.20459843 9.03120232 -0.10698986
v  -11.25515366 8.72381401 -0.01830912
v  -12.79350853 8.50493813 -1.62181568
v  -11.18692875 8.53260231 -0.04325533
v  -7.05065060 10.50985622 -11.44293785
v  -7.72735977 10.02836323 -12.30086517
v  -7.06177187 10.28891659 -11.65045929
v  -7.56111002 9.93721771 -12.30101681
v  -10.07925987 10.02830696 -11.67429543
v  -9.49852467 10.51327896 -10.98938560
v  -10.12593937 9.93699360 -11.59097862
v  -9.76030636 10.29433537 -11.04793930
v  -7.45825529 9.78530502 -12.25458622
v  -7.06880569 10.08222103 -11.70364571
v  -9.85978699 10.09896946 -11.00388908
v  -10.14400482 9.78480053 -11.45832920
v  -8.30772591 9.41421032 -13.14696121
v  -8.32264233 9.05742645 -13.37621784
v  -9.11552429 8.85271740 -13.51157570
v  -9.70121193 8.85156059 -13.35655212
v  -9.95961761 8.95926857 -13.17642784
v  -10.29561520 9.38951683 -12.64264679
v  -10.33806705 9.04372692 -12.86008644
v  -8.27206516 8.82560635 -13.40396309
v  -10.35637188 8.82005596 -12.87261772
v  -11.85825157 10.52395153 -8.65611649
v  -13.29713058 9.67275906 -8.96764851
v  -11.94393063 10.29410934 -8.81737804
v  -13.20942211 9.58711624 -9.09815693
v  -13.92350483 9.67544174 -6.61977339
v  -13.91359425 9.59075356 -6.47173214
v  -12.55426216 10.33685398 -6.17810440
v  -13.11354065 9.43945694 -9.06619549
v  -11.93509293 10.07923031 -8.88550186
v  -12.66005325 10.09710026 -6.12080956
v  -13.84247971 9.45480633 -6.39766073
v  -14.14192963 9.03870010 -8.92655563
v  -14.28249931 8.78250408 -9.04516315
v  -14.87465858 8.57633018 -8.46112251
v  -14.95365334 8.57309818 -8.18224144
v  -14.89138412 8.40021229 -8.65037346
v  -15.04857445 8.39873314 -8.07137966
v  -14.63595581 8.98698997 -7.33775616
v  -14.77482033 8.75883770 -7.33018017
v  -14.74002647 8.58677864 -7.28847361
v  -13.15966225 9.86948967 -5.48318005
v  -13.36925316 9.68717003 -5.24408770
v  -13.32265282 9.65606022 -5.49485826
v  -13.52387810 9.47880363 -4.65396023
v  -13.44960022 9.47506618 -4.34597397
v  -12.88603306 9.63414574 -3.63036513
v  -13.29919243 9.49539757 -5.53911400
v  -12.83666992 9.47382641 -3.63772082
v  -9.52537537 9.82522869 -0.43530273
v  -9.60678387 9.61256599 -0.30681992
v  -8.95789337 9.43833828 0.27958536
v  -8.52321911 9.43954659 0.39430761
v  -7.70914078 9.84454441 0.02337933
v  -7.69284582 9.62143803 0.18554449
v  -9.62883568 9.44963741 -0.34990263
v  -7.64403391 9.45663071 0.16122103
v  -3.63878655 9.97277164 -1.26440859
v  -3.56559563 9.76339436 -1.14907217
v  -2.73505449 9.59001923 -1.46256733
v  -2.39250231 9.59089470 -1.80666018
v  -2.22790575 9.98675156 -2.69994736
v  -2.10772038 9.76981354 -2.63359356
v  -3.60804892 9.60082531 -1.15612984
v  -2.10948610 9.60441685 -2.68117452
v  -0.83506107 9.74668980 -6.89653254
v  -0.68079948 9.53807068 -6.88932228
v  -0.53428173 9.36823559 -7.91045189
v  -0.49054861 9.36869049 -7.74386883
v  -1.24635649 9.73939896 -8.48542404
v  -1.12541294 9.53065586 -8.56271362
v  -0.70635366 9.37627411 -6.84820604
v  -1.16859627 9.36612988 -8.58575058
v  -4.65020084 9.50616169 -12.22646141
v  -4.74752522 9.31819820 -12.52796078
v  -4.55614281 9.28464222 -12.36303520
v  -4.52908993 9.12044811 -12.31752682
v  -10.45528316 10.02805710 -10.78175926
v  -10.46763706 9.86505127 -10.85536003
v  -11.53195381 9.72597218 -10.17147636
v  -11.64719582 9.82494640 -9.90875244
v  -11.80876732 10.12187195 -9.30473423
v  -11.88110542 9.91052914 -9.36358356
v  -10.43913174 9.70126629 -10.82607365
v  -11.49537754 9.17990494 -9.43111324
v  -11.64677048 9.36976051 -9.51087189
v  -11.58326912 9.30024624 -9.80309868
v  -11.48502827 9.16953278 -9.75822735
v  -11.86527157 9.73973846 -9.32655907
v  -0.77159643 8.70055866 -7.60524178
v  -0.84564686 8.70022964 -7.88005972
v  -0.88045359 8.64925861 -7.63012981
v  -0.92805672 8.64898109 -7.80502701
v  -1.14918756 7.38224888 -11.85210419
v  -1.24504185 7.38159180 -11.94786358
v  -1.19870186 7.29222393 -11.88394165
v  -1.46147203 7.31136513 -12.09440327
v  -1.08513021 7.26086330 -11.66588593
v  -1.44322014 7.26085663 -12.02462101
v  -5.43763828 8.42761707 -12.78227043
v  -5.98240757 8.38360119 -12.59693336
v  -5.49788857 8.36365509 -12.70715046
v  -5.96854973 8.32651615 -12.55707741
v  -5.57086468 8.31437874 -12.63101196
v  -5.95296001 8.28952885 -12.53965378
v  -9.23161316 7.62935162 -13.38346291
v  -9.28562164 7.63974285 -13.37559700
v  -9.49769783 7.54050827 -13.19499207
v  -8.93756199 7.54220963 -13.34522820
v  -8.96392727 7.48512745 -13.25642967
v  -9.41635799 7.48430443 -13.13541985
v  -10.44506741 8.99706650 -10.20078468
v  -10.09775162 8.97083473 -10.12573814
v  -9.20811272 8.86230755 -9.80303764
v  -9.18585396 8.82809925 -9.76448536
v  -9.15723324 8.78658676 -9.71491146
v  -10.68435097 8.78658676 -8.18779373
v  -10.73392487 8.82809830 -8.21641541
v  -10.77247810 8.86230755 -8.23867321
v  -11.21806717 8.99269485 -9.02037430
v  -11.27305031 8.99563313 -9.34148312
v  -11.29992199 9.02485180 -9.65879250
v  -11.24029255 9.05542374 -9.95871258
v  -10.77087975 9.02444744 -10.19905567
v  -11.07518864 9.05297947 -10.12055016
v  -13.27758217 8.81515884 -4.82180023
v  -13.15685654 8.81281567 -4.37332630
v  -13.17381668 8.74509239 -4.80461216
v  -13.07377911 8.74371815 -4.43765450
v  -13.05976582 8.69129753 -4.77724123
v  -12.98482132 8.68933582 -4.51537275
v  -11.91952324 7.57259846 -0.89921093
v  -11.87400532 7.57435513 -0.84976673
v  -11.57373428 7.51203060 -0.77995396
v  -11.99633503 7.51090336 -1.20332861
v  -11.88726425 7.47030735 -1.24041367
v  -11.54018593 7.47125530 -0.89139462
v  -8.34718704 8.69218159 0.05146599
v  -8.91489220 8.69101906 -0.10101843
v  -8.84871483 8.62275887 -0.18497515
v  -8.36402130 8.62339783 -0.05429935
v  -8.77263641 8.57399750 -0.26861906
v  -8.39053631 8.57443333 -0.16490793
v  -5.20433807 7.54659843 1.01908159
v  -4.96916914 7.54957104 0.96132088
v  -5.19015026 7.48318195 0.89854527
v  -5.04853821 7.48378086 0.86265469
v  -5.46550226 7.47271919 0.80890083
v  -4.85828018 7.47278404 0.64740801
v  -3.02120686 8.84412384 -1.70361376
v  -2.62324238 8.84484005 -2.10141659
v  -3.06081200 8.77484417 -1.80129957
v  -2.72130299 8.77526855 -2.14018679
v  -3.09842253 8.72113323 -1.91274405
v  -2.83290720 8.72170734 -2.17623234
v  0.35198975 7.95717144 -3.93082976
v  0.54661322 7.96040440 -4.66616821
v  0.32515526 7.86466503 -3.98712802
v  0.49365854 7.86695004 -4.62516975
v  0.28274679 7.80427647 -4.05748367
v  0.41806364 7.80585289 -4.57161808
v  -3.23768902 8.99028301 -8.31496048
v  -1.79658413 8.36209011 -9.79965401
v  -3.32026696 8.90958118 -8.26728439
v  -1.86834717 8.27408981 -9.81426048
v  -3.36982226 8.86230755 -8.23867321
v  -1.94600582 8.20611572 -9.84585476
v  -3.28693581 8.13112068 -11.12515259
v  -4.95644569 8.82809925 -9.76448631
v  -3.34967613 8.15804386 -11.21587372
v  -4.93418741 8.86230755 -9.80303860
v  -3.39400125 8.20467186 -11.30082035
v  -2.11900663 8.13024330 -9.96000290
v  -3.45794654 8.78658867 -8.18779469
v  -2.02955866 8.15816689 -9.89443588
v  -3.40837169 8.82810211 -8.21641636
v  -3.42740560 8.35704231 -11.45339203
v  -4.85789967 8.99028301 -9.93517113
v  -3.41991091 8.27100468 -11.37999344
v  -4.90557671 8.90958118 -9.85259342
v  -1.04626513 7.64192677 -10.88661003
v  -1.07749844 7.59334850 -10.91105080
v  -1.14936447 7.54390240 -10.93242359
v  -2.20240498 7.52031708 -11.92432785
v  -2.20799208 7.53865528 -12.00271034
v  -1.43311024 7.24181366 -11.92999554
v  -1.18441343 7.24218082 -11.68112659
v  -1.21897745 7.52785778 -10.93769646
v  -2.22657967 7.59284687 -12.07636452
v  -3.23768735 8.99028492 -3.88845658
v  -1.77366304 8.49336529 -3.31619954
v  -3.32026577 8.90958309 -3.93613291
v  -1.82606602 8.41590309 -3.37462378
v  -3.36982346 8.86230755 -3.96474528
v  -1.86227846 8.35678291 -3.45037746
v  -2.89898491 8.78658772 -6.10171032
v  -1.44714117 8.28893852 -5.23646259
v  -2.84174109 8.82809925 -6.10171032
v  -1.40307903 8.31706047 -5.34046173
v  -2.79722500 8.86230755 -6.10171032
v  -1.35728121 8.36545181 -5.42863894
v  -1.88612843 8.29357433 -3.65387177
v  -3.45794988 8.78658772 -4.01562500
v  -1.88229895 8.31600666 -3.54346013
v  -3.40837550 8.82809925 -3.98700356
v  -1.26047754 8.52304363 -5.55753040
v  -2.64465046 8.99028301 -6.10171032
v  -1.30974722 8.43411350 -5.50099516
v  -2.74000359 8.90958118 -6.10171032
v  -0.38579512 8.02872658 -3.54505205
v  -0.42815399 7.96928310 -3.61685419
v  -0.15108109 7.89621449 -4.84325027
v  -0.14997864 7.96198082 -5.05864143
v  -0.06952572 7.98878288 -5.10288239
v  -0.21349192 7.86719131 -3.78511667
v  0.00655174 8.05352592 -5.15949011
v  -7.07115221 8.99028301 -1.67521048
v  -6.63184166 8.48895073 -0.31386042
v  -7.07115221 8.90958118 -1.77056360
v  -6.59286022 8.41110897 -0.38415480
v  -7.07115173 8.86230755 -1.82778502
v  -6.53416300 8.35119057 -0.44774532
v  -4.98506784 8.78658867 -2.48850489
v  -4.76273441 8.28154659 -0.97572851
v  -4.95644617 8.82810211 -2.43893051
v  -4.65056896 8.30269241 -0.97897577
v  -4.93418980 8.86230755 -2.40038109
v  -4.55067682 8.33906555 -0.96344328
v  -6.35762262 8.28512096 -0.55481672
v  -7.07115173 8.78658772 -1.92954493
v  -6.45575047 8.30919456 -0.50463200
v  -7.07115173 8.82809925 -1.87230110
v  -4.38771152 8.45749950 -0.87603951
v  -4.85790253 8.99028301 -2.26824784
v  -4.46305752 8.39066887 -0.92913103
v  -4.90557861 8.90958118 -2.35082650
v  -6.14649916 7.89892673 0.67348719
v  -6.12680340 7.82525921 0.53875971
v  -6.09060383 7.79272270 0.40634441
v  -4.74074459 7.91759586 -0.34727573
v  -4.56834602 7.79755783 -0.08033180
v  -4.49501848 7.79736996 -0.00485945
v  -4.94923306 7.47046375 0.57671881
v  -5.42443752 7.47062588 0.70283985
v  -6.06799412 7.92249203 -0.00018692
v  -6.06634521 7.79749584 0.30745268
v  -4.31974316 7.89685345 0.18473864
v  -4.40211487 7.82939529 0.08666611
v  -10.90461159 8.99028301 -3.88846111
v  -11.75470352 7.99754524 -2.76218009
v  -10.82203388 8.90958118 -3.93613791
v  -11.66495705 7.93212032 -2.77663279
v  -10.77247810 8.86230755 -3.96474838
v  -11.57410049 7.88123322 -2.76681900
v  -9.15723419 8.78658676 -2.48851061
v  -10.22333622 7.82307625 -1.50867653
v  -9.18585491 8.82809830 -2.43893647
v  -10.16499043 7.84488583 -1.41559649
v  -9.20811367 8.86230755 -2.40038347
v  -10.13090992 7.88123322 -1.32362795
v  -11.38905144 7.82307625 -2.67439198
v  -10.68435192 8.78658676 -4.01562881
v  -11.48213100 7.84488583 -2.73273873
v  -10.73392677 8.82809925 -3.98700666
v  -10.13554859 7.99754524 -1.14302492
v  -9.28440094 8.99028301 -2.26824999
v  -10.12109566 7.93212032 -1.23277044
v  -9.23672485 8.90958118 -2.35082817
v  -12.15175438 7.79322052 -1.99462223
v  -12.03915024 7.71525764 -2.04651690
v  -11.92704582 7.66976738 -2.09129858
v  -10.53582382 7.70496082 -1.19813490
v  -11.21256065 7.50315571 -1.02640533
v  -10.72005463 7.67423916 -0.92971230
v  -11.52365017 7.45270443 -1.12537670
v  -11.67146873 7.45132923 -1.26741266
v  -11.78541374 7.49765396 -1.57612514
v  -11.68805695 7.68295288 -2.25783777
v  -10.81110859 7.79710102 -0.69354820
v  -10.76092911 7.71654129 -0.81433868
v  -7.07115030 8.99028301 -10.52820969
v  -7.44223118 8.31268311 -11.74948406
v  -7.07115030 8.90958118 -10.43285751
v  -7.47519207 8.21882439 -11.70513344
v  -7.07115030 8.86230755 -10.37563515
v  -7.52924776 8.14624786 -11.66195679
v  -9.29414463 8.06271172 -11.15653896
v  -9.40433884 8.09207153 -11.14006233
v  -9.50104141 8.14170551 -11.13414192
v  -7.70064402 8.06494522 -11.57911682
v  -7.07115030 8.78658772 -10.27387619
v  -7.60439825 8.09495544 -11.61995125
v  -7.07115030 8.82809925 -10.33111954
v  -9.65396976 8.30179596 -11.15397072
v  -9.28439999 8.99028301 -9.93517113
v  -9.58425140 8.21161366 -11.13877869
v  -9.23672390 8.90958118 -9.85259247
v  -8.22043800 7.81789494 -13.00687599
v  -8.23906326 7.71631908 -12.92644882
v  -8.26493835 7.65865898 -12.83772659
v  -9.62059975 7.65763664 -12.15145493
v  -9.75430870 7.63437176 -12.36562729
v  -9.82826424 7.66190243 -12.42825890
v  -9.32268620 7.45526123 -13.06525993
v  -9.00078011 7.45521545 -13.15018654
v  -8.27199173 7.66409874 -12.49288177
v  -8.30084705 7.62830544 -12.73190498
v  -9.97325134 7.80573082 -12.53453159
v  -9.91036224 7.72339153 -12.48863029
v  -10.90461063 8.99028301 -8.31496048
v  -12.50831032 8.51202774 -8.77597237
v  -10.82203293 8.90958118 -8.26728439
v  -12.46994495 8.42957401 -8.71005630
v  -12.44519234 8.36637211 -8.62927055
v  -11.24331760 8.78658867 -6.10171080
v  -12.84468555 8.30400658 -6.82434464
v  -11.30056095 8.82810020 -6.10171080
v  -12.90662384 8.32478714 -6.72721529
v  -11.34507561 8.86230755 -6.10171080
v  -12.97272873 8.36437225 -6.64761114
v  -12.43651962 8.29771519 -8.42308998
v  -12.43404961 8.32241821 -8.53361511
v  -13.11743546 8.49995708 -6.54097843
v  -11.49765015 8.99028301 -6.10171080
v  -13.04299927 8.42276287 -6.58553219
v  -11.40229702 8.90958118 -6.10171080
v  -13.82085228 8.10769463 -8.87357426
v  -13.71031570 8.01880932 -8.78721619
v  -13.61298752 7.97427082 -8.69725227
v  -14.00288200 7.88116646 -7.54221630
v  -14.16920090 7.79935455 -7.82630920
v  -13.72929096 7.99570179 -7.29654598
v  -14.02624321 7.97572517 -7.32154751
v  -13.99826813 7.80520344 -8.40154839
v  -13.69848156 7.89432621 -8.53720188
v  -13.32067204 8.01909924 -8.57077312
v  -14.27614403 8.10201645 -7.28739405
v  -14.14945602 8.02196598 -7.30073643
v  -12.90223694 9.02653790 -5.53415680
v  -12.71287346 8.84455490 -5.50083637
v  -12.49386215 8.73383713 -5.46953583
v  -11.86367035 8.69268608 -4.23665476
v  -12.52098846 8.64448738 -4.54410362
v  -12.02055359 8.70683193 -4.17181778
v  -12.15238380 8.73159027 -4.10979986
v  -12.61075020 8.64603806 -4.94812059
v  -12.89838791 8.65429020 -4.59864712
v  -12.94183064 8.65566063 -4.74211645
v  -12.13024712 8.69888878 -5.50764370
v  -12.32748413 8.71111393 -5.48184776
v  -12.48292542 9.01402283 -3.85852504
v  -12.34599209 8.85564423 -3.96603751
v  -9.38631916 8.92817879 -0.77019596
v  -9.27610016 8.76712704 -0.91239262
v  -9.19858742 8.69286442 -1.02080345
v  -7.65718555 8.64187241 -1.07666588
v  -7.68577337 8.64382076 -0.87890911
v  -7.68456841 8.68838215 -0.63802624
v  -8.42652893 8.54173851 -0.28772402
v  -8.68271923 8.54119778 -0.35855818
v  -9.00694942 8.63672352 -1.40240526
v  -9.07458115 8.64060879 -1.23075104
v  -7.63965321 8.93533707 -0.31430674
v  -7.66778994 8.76313210 -0.50108671
v  -3.85749459 9.04697323 -1.60702896
v  -3.92351651 8.88310337 -1.77228308
v  -4.01737690 8.76503944 -1.98234558
v  -3.17731905 8.72549725 -3.27693701
v  -3.04538298 8.74153805 -3.17017484
v  -2.92604780 8.76564598 -3.08190203
v  -2.94960690 8.68692780 -2.20746398
v  -3.13079214 8.68650532 -2.02807999
v  -4.20226812 8.72372246 -2.22236609
v  -4.09812737 8.73992538 -2.09505892
v  -2.55034399 9.05105019 -2.92728543
v  -2.72139692 8.88011265 -2.99366808
v  -1.02584028 8.98402405 -6.85337925
v  -1.20807171 8.81293201 -6.88306713
v  -1.33939934 8.73697662 -6.89730787
v  -2.08371639 8.66161442 -8.02232933
v  -1.91196299 8.67231941 -8.09570694
v  -1.68642712 8.73927975 -8.23451614
v  -1.01903534 8.61136436 -7.71458578
v  -1.00438166 8.61167431 -7.66444349
v  -1.79573774 8.66327953 -6.88139534
v  -1.60226488 8.67331028 -6.90490532
v  -1.43984604 8.98095608 -8.42357254
v  -1.58039856 8.81533051 -8.31043530
v  -4.71079159 8.70133686 -11.98520279
v  -4.81871033 8.54783630 -11.84301090
v  -4.90463066 8.47490788 -11.73136139
v  -5.65339279 8.28034019 -12.55914879
v  -10.10899925 9.04113674 -10.20883560
v  -10.18535233 9.38972378 -10.40394402
v  -11.47542572 9.24357128 -9.13255978
v  -1.09697533 8.81730461 -10.79592323
v  -1.10770273 8.56374073 -11.10918045
v  -1.97882605 8.54293633 -12.00536537
v  -2.29062796 8.77073956 -12.04590034
v  -0.28080511 9.32729053 -3.47296095
v  -0.01919842 9.18952560 -3.67423844
v  0.17493820 9.10683346 -3.93374681
v  0.36555719 9.11071873 -4.66705608
v  0.14543533 9.36340237 -5.26059103
v  -5.82426310 8.79889011 1.46067905
v  -5.56999969 8.62299347 1.57893610
v  -5.26448059 8.51747894 1.60893154
v  -4.54838467 8.51743793 1.41735029
v  -4.29889107 8.62258434 1.23924637
v  -4.13293457 8.79778957 1.00931311
v  -12.63046455 8.55646801 -1.05201578
v  -12.72972488 8.72948074 -1.32651424
v  -11.74530983 8.57134342 -0.18192911
v  -11.47598457 8.76295185 -0.10667610
v  -8.53790665 9.15205669 -13.35640335
v  -8.80717373 8.96489334 -13.47794151
v  -10.15775204 9.13858795 -12.93846035
v  -14.44238186 8.82292747 -8.86418533
v  -14.68662548 8.66880512 -8.70904160
v  -14.92944527 8.65587711 -7.86655664
v  -14.82354641 8.79384041 -7.58506155
v  -14.34902573 8.26718903 -8.97618103
v  -14.41912270 8.47286606 -8.97244072
v  -14.17066574 8.65098858 -9.00826359
v  -14.55315208 8.14042854 -8.84237289
v  -14.58695984 8.28550816 -8.82827663
v  -14.53143215 8.60410213 -8.99234581
v  -14.73439407 8.47667122 -8.86074924
v  -9.21727562 9.51571655 0.09751797
v  -9.40643597 9.64467907 -0.14077806
v  -8.21170044 9.52054596 0.35996675
v  -7.94034100 9.65554523 0.23632431
v  -3.32098222 9.79415417 -1.25294495
v  -3.01973820 9.66656971 -1.31899786
v  -2.25467062 9.67006588 -2.09022951
v  -2.19980526 9.80201721 -2.38799191
v  -0.63503981 9.57028961 -7.14547920
v  -0.52020264 9.44429016 -7.42792463
v  -0.71560192 9.44246769 -8.17064476
v  -0.95296049 9.56618881 -8.36230183
v  -5.17778015 9.10338211 -12.95801353
v  -11.75619411 9.94866562 -9.61540127
v  -1.09511518 7.29926205 -11.43624401
v  -1.10663652 7.39448738 -11.18843269
v  -4.78150892 7.72732544 -0.00471258
v  -5.86237526 7.73010635 0.28012800
v  -10.88328648 7.58724117 -1.05065823
v  -11.79094315 7.57486153 -1.90626669
v  -9.55044937 7.56276131 -12.50360298
v  -8.51024246 7.56651688 -12.77115631
v  -12.22977829 8.66456985 -4.35133410
v  -12.42853928 8.66805935 -5.24842691
v  -7.91787624 8.58995342 -0.78419781
v  -8.90768147 8.58705711 -1.02920580
v  -3.08559418 8.69767475 -2.90441847
v  -3.82980227 8.69667530 -2.14354825
v  -1.70426989 8.62830830 -7.92893314
v  -1.50455236 8.62924480 -7.14634609
v  -0.58628845 8.93121243 -7.29993248
v  -0.58057117 8.93216991 -7.29992390
v  -0.83244228 8.92939377 -8.24295425
v  -0.83676052 8.92919731 -8.24058628
v  -0.93180180 7.74276352 -11.50808334
v  -0.94977856 7.59416771 -11.55288124
v  -0.82685900 7.77113438 -11.28190994
v  -0.89482689 7.51403332 -11.33235264
v  -1.53912163 7.58036137 -12.14488983
v  -1.57596397 7.72782516 -12.16041756
v  -1.77216434 7.50502396 -12.21121979
v  -1.80877686 7.77264786 -12.27798653
v  -8.91812611 8.15040779 -13.62078857
v  -8.91777802 7.76925564 -13.48302650
v  -8.64836884 8.20296955 -13.58527756
v  -8.64583111 7.79299641 -13.42984009
v  -9.63697720 7.79974461 -13.30355263
v  -9.79463768 8.20338249 -13.40414619
v  -9.83805656 7.79357910 -13.11193275
v  -10.01653194 8.24096775 -13.23898888
v  -14.79255486 7.98393059 -8.02215004
v  -14.88404846 8.06970501 -8.01705933
v  -14.71648216 8.07051849 -8.63272285
v  -14.64119148 7.98549652 -8.58400536
v  -14.44816780 8.02355194 -8.78117371
v  -14.73483944 8.02051926 -7.73865986
v  -14.85580826 8.13301086 -7.73601580
v  -13.42717552 9.03984833 -5.10673666
v  -13.36223030 8.98021030 -5.10689878
v  -13.08778000 8.96826935 -4.06913376
v  -13.14739418 9.03155327 -4.03376579
v  -12.41678619 7.88699818 -0.98236561
v  -12.22255325 7.69103146 -1.08954096
v  -12.54820251 7.95815086 -1.23552370
v  -12.32886887 7.73854637 -1.36225557
v  -11.68342590 7.68897438 -0.55538416
v  -11.79090309 7.88821507 -0.35884047
v  -11.41396332 7.72727013 -0.47248888
v  -11.54505539 7.96546364 -0.23842478
v  -9.05992985 8.93339634 0.13721466
v  -8.98458195 8.80505180 0.01565409
v  -9.29101372 8.99656677 -0.02735472
v  -9.20970535 8.85368729 -0.16749239
v  -8.34472275 8.80686951 0.18734312
v  -8.34035397 8.93384743 0.32875967
v  -8.06530285 8.85916615 0.13785982
v  -8.06535435 8.99995422 0.29759216
v  -5.50150299 7.97867298 1.53368378
v  -5.50882149 7.67707062 1.19532013
v  -5.76182508 8.05560875 1.50224829
v  -5.77245092 7.74002457 1.14474964
v  -4.60678959 7.68574619 0.96521235
v  -4.41829586 7.98783398 1.25331306
v  -4.40611410 7.73963737 0.78038216
v  -4.20744133 8.06025600 1.09236145
v  -2.89926958 9.06767178 -1.47853327
v  -3.15967417 9.13024330 -1.34981251
v  -3.23180985 9.00148773 -1.47635889
v  -2.39867353 9.06826019 -1.98006248
v  -2.39989233 9.00517464 -2.30994034
v  -2.27406120 9.13349056 -2.23793697
v  0.36510992 8.46505547 -3.79615140
v  0.19535637 8.48126507 -3.57116103
v  0.17847490 8.09145832 -3.67855287
v  0.62295055 8.45839214 -4.75904512
v  0.50629520 8.10773087 -4.92885494
v  0.58400917 8.50940514 -5.01897001
v  -0.94866228 7.61583424 -11.11060905
v  -0.81624699 7.86270905 -11.05551720
v  -2.04408407 7.88406658 -12.30988407
v  -1.99034023 7.52969646 -12.21803093
v  -0.06866264 8.07583904 -3.54890156
v  -0.02912521 8.53146362 -3.41313791
v  0.46092129 8.61130428 -5.23394680
v  0.33108521 8.11539745 -5.09921026
v  -5.98803949 7.87434292 1.03751945
v  -5.97499561 8.19255829 1.39947844
v  -4.07073212 8.19313049 0.89370441
v  -4.27208281 7.86610031 0.57210732
v  -12.37702179 7.84955883 -1.63296938
v  -12.61563206 8.08821869 -1.48999310
v  -11.30256939 8.10528374 -0.18969154
v  -11.14899445 7.82342339 -0.46281767
v  -8.41230869 7.84828377 -13.28895473
v  -8.41830540 8.29592419 -13.46898270
v  -10.17203617 8.32886600 -13.02834892
v  -9.96537685 7.82599545 -12.86588287
v  -14.22185707 8.11944962 -8.90654182
v  -14.76060677 8.24945927 -7.48836374
v  -14.61896324 8.11343193 -7.48988342
v  -13.26181221 9.09740353 -5.35292912
v  -13.32893944 9.15927505 -5.34820461
v  -12.94274330 9.13983250 -3.84499454
v  -12.87648201 9.07142735 -3.88034463
v  -9.38133526 8.96688652 -0.37798309
v  -9.46093464 9.11284447 -0.23289919
v  -7.82777977 9.12086296 0.19729948
v  -7.82328272 8.97876740 0.03603172
v  -3.50720787 9.10701466 -1.42188883
v  -3.42639518 9.24581432 -1.28703451
v  -2.21826077 9.25334454 -2.50051475
v  -2.35199022 9.11504364 -2.58130574
v  -0.67752600 9.04529095 -7.04644775
v  -0.68131399 9.04633141 -7.05082989
v  -1.04357100 9.04161072 -8.41532421
v  -1.04350901 9.03924942 -8.42011833
v  -0.71211004 9.09218979 -8.29847622
v  -0.44877911 9.09472656 -7.31260633
v  -0.50427675 9.19572258 -8.04492378
v  -0.66371727 9.26270962 -8.27989960
v  -0.39470434 9.19618511 -7.63511610
v  -0.41671038 9.26456261 -7.35454035
v  -1.62653065 7.92040634 -12.14351654
v  -1.86537552 8.00881481 -12.26450157
v  -0.94249773 7.92574215 -11.45638657
v  -0.83020115 8.01479721 -11.22308922
v  -1.66014814 8.12114716 -12.07206821
v  -1.90331745 8.23424339 -12.18733883
v  -1.01205492 8.12042999 -11.42403793
v  -0.90678596 8.23730087 -11.18638802
v  -4.99779129 8.75745010 -12.93147945
v  -5.05175018 8.60146523 -12.81286240
v  -4.77263355 8.83005047 -12.77347565
v  -4.82886219 8.66665459 -12.64775848
v  -5.02165651 8.92968082 -12.98315811
v  -4.79713631 9.00067329 -12.82392120
v  -9.84447384 8.40425396 -13.43517113
v  -10.07834339 8.48824406 -13.28772736
v  -8.93690872 8.39969444 -13.67488575
v  -8.67245102 8.48404598 -13.65563393
v  -9.82182789 8.63063812 -13.42298508
v  -10.05652809 8.71364307 -13.27532387
v  -8.98997021 8.62941647 -13.64363766
v  -8.72505283 8.71463108 -13.62523651
v  -11.51531601 9.35376358 -10.09857750
v  -11.21942520 9.35135841 -10.39905357
v  -11.18149567 9.23224354 -10.27965355
v  -11.41218185 9.24188519 -10.04612827
v  -11.55076408 9.54562283 -10.15377045
v  -11.68151093 9.43095779 -9.84797001
v  -11.71303558 9.61860466 -9.89952850
v  -11.26921463 9.54278088 -10.44021225
v  -11.01269531 9.60723495 -10.61944580
v  -10.96716309 9.42133999 -10.58066177
v  -15.01418114 8.22586060 -8.02847672
v  -14.79733658 8.16977406 -8.58650875
v  -14.99456406 8.29804420 -7.74905872
v  -15.02903652 8.47075462 -7.79172182
v  -13.27579021 9.19848156 -3.97046304
v  -13.56483746 9.20387554 -5.09301281
v  -13.32554245 9.36891842 -3.97778368
v  -13.59653950 9.37439632 -5.04790878
v  -11.87311172 8.05386257 -0.24454260
v  -11.63967133 8.14961052 -0.10808086
v  -12.53256607 8.05213356 -0.90224361
v  -12.68095779 8.14269352 -1.14236212
v  -11.94334412 8.24635506 -0.22290087
v  -11.70950222 8.34184647 -0.08577871
v  -12.56001949 8.24454308 -0.83774042
v  -12.70944786 8.33459854 -1.07838297
v  -8.35313606 9.09023190 0.45869780
v  -8.07989883 9.16351318 0.43441534
v  -9.11557770 9.08979607 0.25569534
v  -9.34964752 9.16176319 0.09936237
v  -8.40021038 9.26371765 0.49231958
v  -8.12732029 9.33526134 0.46617746
v  -9.09681892 9.26316357 0.30694389
v  -9.33022881 9.33304310 0.14897776
v  -4.36045551 8.14532566 1.37053680
v  -4.14384508 8.23139095 1.22208691
v  -5.47948885 8.14424324 1.66867304
v  -5.73843861 8.23039246 1.64636850
v  -4.38444233 8.32653904 1.42913294
v  -4.16735792 8.41232109 1.28046513
v  -5.41845179 8.32620430 1.70531654
v  -5.67767334 8.41239834 1.68327188
v  -2.28919888 9.22687244 -1.90470695
v  -2.15705204 9.30238152 -2.15620422
v  -2.82439089 9.22664833 -1.36786032
v  -3.07732701 9.30148506 -1.22930956
v  -2.27418375 9.40604115 -1.84964275
v  -2.14468670 9.47879601 -2.10263729
v  -2.77160692 9.40564060 -1.35055542
v  -3.02660847 9.47719002 -1.21405458
v  0.61762381 8.68232441 -4.78028202
v  0.58202791 8.74981117 -5.04442167
v  0.34836149 8.68234730 -3.76659799
v  0.18596220 8.74521351 -3.53246951
v  0.53874540 8.90598774 -4.75880051
v  0.50561428 8.97437096 -5.02578926
v  0.28576326 8.90508842 -3.80606675
v  0.12454891 8.96877575 -3.56981516
v  -0.88092422 8.40569592 -10.95741463
v  -1.21760416 8.41156960 -11.40060806
v  -1.68929577 8.40628815 -11.87858677
v  -2.14180279 8.39799213 -12.22923470
v  -0.80421114 8.16349506 -10.99523544
v  -2.10231495 8.15535831 -12.30544567
v  -0.08546686 9.07473469 -3.39509463
v  0.39172077 9.08852959 -5.25173712
v  -0.02604246 8.84958744 -3.36129141
v  0.46404076 8.86269188 -5.26561880
v  -5.89064598 8.55617237 1.58796978
v  -4.02461338 8.55517387 1.09124708
v  -5.95091915 8.37422752 1.55077934
v  -4.00192928 8.37458229 1.03308630
v  -12.79815674 8.48468971 -1.31911325
v  -11.48010635 8.50099945 -0.01758099
v  -12.76793861 8.29362869 -1.38221931
v  -11.41094398 8.30919075 -0.04098511
v  -8.50261021 8.85730171 -13.53609657
v  -10.22860718 8.85134029 -13.08769035
v  -8.45083618 8.62601662 -13.56532669
v  -10.24897575 8.62684631 -13.10021019
v  -14.93778515 8.59078979 -7.54465580
v  -14.90317917 8.41835117 -7.50239086
v  -13.49709225 9.49175549 -5.28889465
v  -13.12774181 9.47942924 -3.77826834
v  -13.46882439 9.32534218 -5.33364582
v  -13.07815170 9.31320953 -3.77706313
v  -9.50021744 9.44951248 -0.05560970
v  -7.89153242 9.45450020 0.36391973
v  -9.52073288 9.28171158 -0.10250378
v  -7.84353065 9.28564548 0.33525658
v  -3.29127121 9.59644222 -1.14689350
v  -2.08919907 9.60005283 -2.36395431
v  -3.33854651 9.42621040 -1.15873337
v  -2.09714794 9.42822933 -2.41502690
v  -0.51207542 9.37852478 -7.10594225
v  -0.87076235 9.37435341 -8.45249557
v  -0.54142904 9.21203804 -7.06434917
v  -0.91698408 9.20633125 -8.47293091
v  -4.64196539 9.11899376 -12.61721325
v  -4.67272568 8.78605556 -12.44111443
v  -4.61640024 8.95104980 -12.56882477
v  -10.74594307 9.89589500 -10.69514370
v  -11.02227592 9.80149364 -10.56455803
v  -10.74550247 9.71465874 -10.75782871
v  -11.28427887 9.74485111 -10.39000130
v  -11.82315063 9.74023914 -9.63613319
v  -10.70706463 9.53797626 -10.72300243
v  -11.79816341 9.55961609 -9.59062958
v  -0.71987295 8.80240059 -7.30919266
v  -0.94798613 8.80147266 -8.16586399
v  -0.84494925 8.71316528 -7.32852697
v  -1.04635763 8.71355343 -8.08791542
v  -0.96386957 8.65899086 -7.35201883
v  -1.13784409 8.65937996 -8.00942707
v  -0.96291113 7.39465809 -11.61193085
v  -0.88366556 7.44207382 -11.37095642
v  -1.48791265 7.39577770 -12.13774681
v  -1.73634529 7.44514465 -12.22780323
v  -1.01070166 7.31072426 -11.64279461
v  -0.92783499 7.36707878 -11.40026474
v  -1.71071959 7.36783218 -12.18697739
v  -1.00175905 7.31736469 -11.42300320
v  -1.69239330 7.31652260 -12.11642838
v  -5.15686369 8.42821884 -12.64292717
v  -4.94213104 8.47403908 -12.46363544
v  -5.22448063 8.36123943 -12.55781555
v  -5.02014780 8.39113140 -12.36401367
v  -5.30315447 8.31509209 -12.47341251
v  -5.10287905 8.34208584 -12.27093697
v  -8.92190361 7.63670063 -13.42276573
v  -8.65013790 7.67057419 -13.37310123
v  -9.57090664 7.63827229 -13.25114536
v  -9.78060627 7.66544724 -13.06948471
v  -8.66650200 7.57765007 -13.29689312
v  -9.71159077 7.57646751 -13.01829910
v  -8.69274712 7.52021313 -13.20803070
v  -9.63012218 7.51944447 -12.95864677
v  -11.11291885 9.11969471 -10.20990181
v  -10.90419579 9.25713158 -10.41111755
v  -10.80593204 9.09202957 -10.29195881
v  -14.65081978 7.86940289 -8.02266121
v  -14.51931572 7.87078190 -8.51265335
v  -14.33304787 7.91035843 -8.71087074
v  -14.59917450 7.90848446 -7.74312973
v  -14.54286194 7.80798244 -8.03650665
v  -14.43383503 7.80884743 -8.44408798
v  -14.24062538 7.84493828 -8.63702774
v  -14.48535156 7.84525585 -7.75726318
v  -14.42932320 7.76776409 -8.06006336
v  -14.34903145 7.76833153 -8.36249924
v  -14.15110207 7.80618191 -8.55177593
v  -14.36729622 7.80625343 -7.78071499
v  -13.22152328 8.84672260 -5.09701633
v  -12.97288895 8.84290028 -4.14541292
v  -13.09484291 8.75474834 -5.07604599
v  -12.87487793 8.75660133 -4.22116756
v  -12.95395088 8.69163132 -5.04704714
v  -12.76079559 8.69025993 -4.31514359
v  -12.09601021 7.57234383 -1.16103315
v  -12.19354439 7.60902977 -1.43087578
v  -11.61372852 7.57357502 -0.67901659
v  -11.34982014 7.61043930 -0.59606361
v  -12.08919716 7.54614925 -1.47588158
v  -11.30690384 7.54693508 -0.70347643
v  -11.97700882 7.50696850 -1.51547432
v  -11.27089310 7.50838280 -0.81858730
v  -9.13437748 8.72895432 -0.28336573
v  -8.07302570 8.73106098 -0.00150871
v  -9.05674839 8.64314175 -0.38269711
v  -8.09265137 8.64253902 -0.12837553
v  -8.97747326 8.59154320 -0.47508764
v  -8.11798096 8.59074116 -0.24928713
v  -5.51098919 7.55945969 1.04806614
v  -5.77023315 7.62246704 1.00012875
v  -4.69029331 7.56027222 0.83032084
v  -4.48909664 7.62171936 0.65722275
v  -5.49543428 7.50080299 0.93036175
v  -5.75330448 7.56368828 0.88100338
v  -4.76806879 7.50092983 0.73670959
v  -4.56684160 7.56424904 0.56539679
v  -5.72184038 7.53634167 0.75854874
v  -4.65702343 7.53716946 0.47713041
v  -3.29350591 8.87457943 -1.60066462
v  -2.52526331 8.87580395 -2.37174702
v  -3.34058428 8.78706837 -1.71637917
v  -2.64267397 8.78659344 -2.41829371
v  -3.39153147 8.72250748 -1.85230970
v  -2.77787447 8.72289658 -2.46689415
v  0.17325783 7.98452091 -3.71250010
v  0.48231220 7.99323177 -4.90370035
v  0.14773893 7.89729691 -3.76729894
v  0.43146324 7.90444565 -4.86344767
v  0.10534525 7.83716679 -3.83794260
v  0.35576677 7.84255028 -4.80928612
v  -0.91144991 7.52449608 -11.12918282
v  -0.95010042 7.46128654 -11.15635014
v  -1.02316999 7.41171169 -11.17851639
v  -1.93961191 7.39040279 -12.02316952
v  -1.68318033 7.29756832 -12.02505875
v  -1.94731760 7.40912247 -12.10912514
v  -1.96575642 7.46165943 -12.18096447
v  -0.06520510 8.03347778 -3.56686282
v  -0.08924437 7.95198441 -3.61994028
v  -0.13162136 7.89216805 -3.69106579
v  0.10443068 7.87405014 -4.93257427
v  0.26099634 7.81120205 -4.74865818
v  0.19323635 7.90352726 -4.98637390
v  0.31745958 8.05056477 -5.08088779
v  0.26909447 7.96663666 -5.04155445
v  -5.98206997 7.73562336 0.87526846
v  -5.96376085 7.67184067 0.75046921
v  -5.93020725 7.64300919 0.62436295
v  -4.62079191 7.64640903 0.18187666
v  -4.74775410 7.53737736 0.40089369
v  -4.53593636 7.64536381 0.25970793
v  -5.68360472 7.53753948 0.64821339
v  -5.89757395 7.64649582 0.51641750
v  -4.36557961 7.73391342 0.44202948
v  -4.44485664 7.67373753 0.34871578
v  -12.21212578 7.68265438 -1.70873880
v  -12.10346794 7.61426735 -1.75694466
v  -11.99026871 7.57345486 -1.79910278
v  -10.99751663 7.57604408 -0.83135986
v  -11.08228016 7.68494797 -0.60090733
v  -11.03596878 7.61510563 -0.71493816
v  -8.41631603 7.73097134 -13.23447132
v  -8.43366909 7.63568687 -13.15730095
v  -8.45975113 7.57805729 -13.06846237
v  -9.68428516 7.55059719 -12.65684509
v  -9.54041100 7.49089241 -12.89005661
v  -9.76742363 7.57864380 -12.72292614
v  -8.72939301 7.49002361 -13.10180664
v  -8.49608231 7.54771996 -12.96237946
v  -9.91472149 7.72126675 -12.83061218
v  -9.84914589 7.63742828 -12.78284454
v  -14.10022736 7.98933029 -8.83117771
v  -13.99945259 7.91492558 -8.75140381
v  -13.90575409 7.87482834 -8.66336060
v  -14.23293686 7.87557316 -7.53454304
v  -14.47428322 7.98602200 -7.49804068
v  -14.35421658 7.91658306 -7.51200581
v  -13.09640884 8.91718102 -5.33446836
v  -12.94119549 8.78790188 -5.30812025
v  -12.76531792 8.70581055 -5.27781200
v  -12.36808586 8.67788219 -4.25536156
v  -12.66069794 8.66036892 -4.39763832
v  -12.48331642 8.70434475 -4.17995262
v  -12.81997585 8.66192913 -5.02034283
v  -12.61519432 8.68041229 -5.26692009
v  -12.74824524 8.90996933 -3.97381258
v  -12.63228226 8.79391003 -4.06396198
v  -9.29152012 8.80800819 -0.50642490
v  -9.19921112 8.69126320 -0.62516975
v  -9.11945629 8.63116550 -0.72581673
v  -7.90107012 8.59317207 -0.59875250
v  -8.14798832 8.55914402 -0.40169096
v  -7.88265800 8.62872410 -0.40699291
v  -8.87719822 8.55819035 -0.59354639
v  -9.00781918 8.59132767 -0.88427734
v  -7.83718109 8.81211376 -0.12343311
v  -7.86057377 8.68911648 -0.27730513
v  -3.57226896 8.94219589 -1.56847000
v  -3.62815261 8.82315636 -1.70670700
v  -3.69784975 8.73714352 -1.87551022
v  -2.93261003 8.71167946 -2.83267546
v  -2.90068436 8.69347668 -2.51177192
v  -2.80892134 8.73754215 -2.76878381
v  -3.43580532 8.69293118 -1.97248030
v  -3.75825024 8.71073818 -1.99480677
v  -2.50096416 8.94454098 -2.64703655
v  -2.64270544 8.82154083 -2.70278788
v  -0.83927536 8.87372589 -7.06395483
v  -0.99044085 8.75062275 -7.08780241
v  -1.11685133 8.68823051 -7.10774422
v  -1.55811453 8.63943386 -8.03262806
v  -1.26047134 8.61911583 -7.90558720
v  -1.39063406 8.68947983 -8.15259075
v  -1.12169981 8.61947346 -7.38192940
v  -1.32099438 8.64001942 -7.12875032
v  -1.17351437 8.87195969 -8.32523632
v  -1.29127550 8.75192070 -8.23137474
v  -4.79344034 8.56507874 -12.24439430
v  -4.88489103 8.45333004 -12.12574577
v  -4.97003746 8.39535809 -12.02358627
v  -5.38470602 8.29084778 -12.39565086
v  -5.16394901 8.33006859 -12.19754887
v  -4.99112082 8.39800358 -11.96484375
v  -10.47129250 9.06584358 -10.29160404
v  -10.57466984 9.26237774 -10.46691895
v  -11.30904865 9.13000870 -9.99367905
v  -11.57288742 9.36761284 -9.18105888
# 1366 vertices

vn 0.00000001 1.00000000 0.00000000
vn 0.18300609 0.98311180 0.00000003
vn 0.15848792 0.98311180 -0.09150303
vn 0.09150308 0.98311180 -0.15848792
vn -0.00000003 0.98311180 -0.18300611
vn -0.09150306 0.98311180 -0.15848792
vn -0.15848792 0.98311180 -0.09150306
vn -0.18300612 0.98311180 -0.00000004
vn -0.15848798 0.98311180 0.09150305
vn -0.09150308 0.98311180 0.15848789
vn -0.00000011 0.98311180 0.18300609
vn 0.09150296 0.98311180 0.15848795
vn 0.15848789 0.98311180 0.09150313
vn 0.30411091 0.93576616 -0.17848888
vn 0.35261226 0.93576610 -0.00252035
vn 0.17412338 0.93576610 -0.30663139
vn -0.00252046 0.93576610 -0.35261229
vn -0.17848888 0.93576616 -0.30411094
vn -0.29576674 0.93832713 -0.17906491
vn -0.31680602 0.94846183 0.00735269
vn -0.28793609 0.94230187 0.17076312
vn -0.17412356 0.93576604 0.30663148
vn 0.00252025 0.93576610 0.35261232
vn 0.17848875 0.93576610 0.30411112
vn 0.30663136 0.93576610 0.17412347
vn 0.45366377 0.86714506 -0.20554470
vn 0.48624641 0.87348670 0.02419586
vn 0.26298946 0.87383002 -0.40897140
vn 0.05341887 0.87163991 -0.48722717
vn -0.22348756 0.89068145 -0.39590386
vn -0.37054333 0.88191873 -0.29140520
vn -0.47572389 0.87959468 0.00003544
vn -0.42932409 0.86948299 0.24429514
vn -0.23555201 0.88070387 0.41094524
vn -0.04886938 0.87086457 0.48908764
vn 0.22270249 0.88558018 0.40761670
vn 0.39668256 0.87127942 0.28898978
vn 0.51120484 0.85945863 0.00069179
vn 0.44149670 0.85986441 -0.25634715
vn 0.25405234 0.85614026 -0.44997922
vn 0.07184104 0.84165281 -0.53521901
vn -0.21660079 0.87028408 -0.44236833
vn -0.44462761 0.85120028 -0.27886257
vn -0.30284530 0.82929814 0.46962675
vn -0.01337183 0.83487809 0.55027246
vn 0.22946236 0.86639017 0.44352570
vn 0.43824485 0.86357313 0.24936494
vn 0.66502970 -0.72549474 -0.17718031
vn 0.66527921 -0.72521275 -0.17739803
vn 0.66449159 -0.72610205 -0.17671096
vn 0.66430902 -0.72630781 -0.17655182
vn 0.73055834 0.20664620 -0.65083164
vn 0.63358366 0.20612939 -0.74570936
vn 0.63692939 0.25601628 -0.72717029
vn 0.70652276 0.28209695 -0.64903539
vn -0.18541840 -0.27040744 -0.94472212
vn -0.17074870 -0.36299399 -0.91601324
vn -0.29978099 -0.35419613 -0.88581967
vn -0.30828294 -0.25667292 -0.91601348
vn -0.67433923 -0.71725416 0.17553641
vn -0.67211521 -0.71929401 0.17571922
vn -0.72465622 -0.66264409 0.18914606
vn -0.72472703 -0.66258454 0.18908319
vn -0.50872630 -0.74854374 0.42529973
vn -0.42248654 -0.74741411 0.51271558
vn -0.46502209 -0.68645316 0.55904967
vn -0.55507118 -0.68512207 0.47170296
vn -0.20050399 -0.77776390 0.59571928
vn -0.11951718 -0.77431273 0.62141407
vn -0.12261739 -0.67795837 0.72480166
vn -0.25051293 -0.67585361 0.69315594
vn 0.12024811 -0.68583196 0.71775681
vn 0.10231180 -0.75532252 0.64731765
vn 0.23448060 -0.75354475 0.61415726
vn 0.25551826 -0.68386334 0.68340427
vn 0.23649228 -0.76185989 0.60302645
vn 0.60928047 -0.75796092 0.23296484
vn 0.50450373 -0.73799121 0.44815728
vn 0.45093098 -0.73635876 0.50441748
vn 0.86773098 -0.17738584 0.46430299
vn 0.98258597 -0.18340221 -0.02980624
vn 0.97545034 -0.05205546 0.21397866
vn 0.95308661 -0.03908992 0.30016309
vn 0.86390668 -0.50365192 0.00000012
vn 0.74816513 -0.50365192 -0.43195337
vn 0.69583672 -0.59532762 -0.40174153
vn 0.80348307 -0.59532762 0.00000009
vn 0.43195328 -0.50365186 -0.74816519
vn 0.40174153 -0.59532768 -0.69583672
vn -0.00000009 -0.50365186 -0.86390668
vn -0.00000003 -0.59532762 -0.80348307
vn -0.43195337 -0.50365186 -0.74816513
vn -0.41279581 -0.69016373 -0.59436828
vn -0.74816519 -0.50365180 -0.43195337
vn -0.58744580 -0.75853014 -0.28202745
vn -0.86390674 -0.50365180 -0.00000009
vn -0.80348313 -0.59532756 -0.00000012
vn -0.74816531 -0.50365180 0.43195322
vn -0.69583684 -0.59532762 0.40174133
vn -0.43195370 -0.50365186 0.74816501
vn -0.40174177 -0.59532762 0.69583660
vn -0.00000043 -0.50365186 0.86390674
vn -0.00000042 -0.59532762 0.80348307
vn 0.43195295 -0.50365192 0.74816537
vn 0.40174109 -0.59532773 0.69583690
vn 0.74816489 -0.50365192 0.43195376
vn 0.69583648 -0.59532768 0.40174189
vn 0.81864017 -0.32624781 -0.47264215
vn 0.94528431 -0.32624772 0.00000015
vn 0.47264206 -0.32624772 -0.81864029
vn -0.00000003 -0.32624769 -0.94528431
vn -0.47264218 -0.32624766 -0.81864023
vn -0.81864023 -0.32624763 -0.47264221
vn -0.94528437 -0.32624760 -0.00000012
vn -0.81864035 -0.32624760 0.47264206
vn -0.47264254 -0.32624769 0.81864005
vn -0.00000050 -0.32624775 0.94528431
vn 0.47264165 -0.32624769 0.81864053
vn 0.81863999 -0.32624775 0.47264257
vn 0.85179764 -0.18052049 -0.49178562
vn 0.98357123 -0.18052050 0.00000003
vn 0.49178559 -0.18052046 -0.85179770
vn -0.00000008 -0.18052046 -0.98357123
vn -0.49178562 -0.18052040 -0.85179770
vn -0.85179770 -0.18052033 -0.49178562
vn -0.98357123 -0.18052039 -0.00000016
vn -0.85179776 -0.18052037 0.49178544
vn -0.49178585 -0.18052040 0.85179752
vn -0.00000053 -0.18052043 0.98357123
vn 0.49178502 -0.18052045 0.85179800
vn 0.85179740 -0.18052049 0.49178603
vn 0.86096007 -0.10799877 -0.49707550
vn 0.99415106 -0.10799878 0.00000009
vn 0.49707556 -0.10799879 -0.86096001
vn -0.00000009 -0.10799875 -0.99415106
vn -0.49707544 -0.10799880 -0.86096007
vn -0.86096001 -0.10799877 -0.49707556
vn -0.99415106 -0.10799875 -0.00000007
vn -0.86096013 -0.10799875 0.49707541
vn -0.49707580 -0.10799875 0.86095989
vn -0.00000056 -0.10799877 0.99415106
vn 0.49707502 -0.10799878 0.86096030
vn 0.86095983 -0.10799880 0.49707592
vn 0.86449426 -0.05943719 -0.49911606
vn 0.99823207 -0.05943722 0.00000019
vn 0.49911603 -0.05943727 -0.86449432
vn -0.00000003 -0.05943727 -0.99823207
vn -0.49911597 -0.05943729 -0.86449432
vn -0.86449426 -0.05943735 -0.49911609
vn -0.99823207 -0.05943735 -0.00000010
vn -0.86449438 -0.05943733 0.49911585
vn -0.49911636 -0.05943727 0.86449409
vn -0.00000053 -0.05943725 0.99823207
vn 0.49911556 -0.05943726 0.86449456
vn 0.86449409 -0.05943726 0.49911645
vn 0.84597158 -0.21395335 -0.48842198
vn 0.97684389 -0.21395330 0.00000017
vn 0.48842195 -0.21395332 -0.84597164
vn -0.00000003 -0.21395335 -0.97684389
vn -0.48842195 -0.21395336 -0.84597158
vn -0.84597158 -0.21395333 -0.48842195
vn -0.97684389 -0.21395332 -0.00000008
vn -0.84597170 -0.21395339 0.48842171
vn -0.48842230 -0.21395335 0.84597141
vn -0.00000049 -0.21395333 0.97684389
vn 0.48842144 -0.21395336 0.84597188
vn 0.84597141 -0.21395327 0.48842230
vn 0.71836686 -0.55850875 -0.41474938
vn 0.82949865 -0.55850869 0.00000013
vn 0.41474929 -0.55850869 -0.71836698
vn -0.00000005 -0.55850863 -0.82949871
vn -0.41474935 -0.55850875 -0.71836686
vn -0.71836692 -0.55850869 -0.41474938
vn -0.82949871 -0.55850863 -0.00000002
vn -0.71836704 -0.55850863 0.41474918
vn -0.41474962 -0.55850869 0.71836674
vn -0.00000043 -0.55850869 0.82949865
vn 0.41474891 -0.55850869 0.71836716
vn 0.71836674 -0.55850863 0.41474968
vn 0.53312635 -0.78805780 -0.30780065
vn 0.61560130 -0.78805774 0.00000010
vn 0.30780068 -0.78805774 -0.53312641
vn -0.00000004 -0.78805774 -0.61560130
vn -0.30780065 -0.78805774 -0.53312635
vn -0.53312641 -0.78805774 -0.30780068
vn -0.61560136 -0.78805774 -0.00000008
vn -0.53312647 -0.78805768 0.30780062
vn -0.30780089 -0.78805768 0.53312629
vn -0.00000035 -0.78805774 0.61560130
vn 0.30780035 -0.78805774 0.53312653
vn 0.53312624 -0.78805774 0.30780095
vn 0.29380941 -0.94069195 -0.16963097
vn 0.33926195 -0.94069195 0.00000004
vn 0.16963102 -0.94069195 -0.29380941
vn -0.00000005 -0.94069195 -0.33926192
vn -0.16963102 -0.94069195 -0.29380941
vn -0.29380941 -0.94069195 -0.16963099
vn -0.33926192 -0.94069195 -0.00000009
vn -0.29380950 -0.94069195 0.16963091
vn -0.16963108 -0.94069195 0.29380938
vn -0.00000016 -0.94069195 0.33926195
vn 0.16963074 -0.94069195 0.29380953
vn 0.29380938 -0.94069195 0.16963115
vn -0.00000002 -1.00000000 0.00000000
vn 0.51431930 0.75279701 -0.41081914
vn 0.41255012 0.75105774 -0.51547515
vn 0.67068350 -0.14061517 0.72829318
vn 0.64409995 -0.22453931 0.73124373
vn 0.62334609 -0.30753523 0.71893096
vn 0.68268275 -0.22281255 0.69591582
vn -0.43918848 -0.87869239 -0.18711802
vn -0.27807835 -0.93677288 0.21243592
vn -0.21451977 -0.93836421 0.27102378
vn 0.18413636 -0.87808049 0.44166550
vn -0.74373341 -0.12136189 -0.65736741
vn -0.65580964 -0.20300929 -0.72711825
vn -0.70727700 -0.27049181 -0.65314120
vn -0.75467950 -0.19559820 -0.62625891
vn 0.73305321 -0.41072899 0.54215741
vn 0.77232140 -0.29258251 0.56383967
vn -0.16662028 -0.89934844 0.40424007
vn -0.39237732 -0.90554315 0.16134310
vn -0.42748278 -0.20278385 -0.88098651
vn -0.56499779 -0.44764969 -0.69309974
vn 0.50829309 0.83327550 0.21746296
vn 0.50881940 0.85718435 0.07961022
vn -0.31563196 -0.07762279 0.94570142
vn -0.39731374 -0.12877333 0.90860289
vn -0.17726927 -0.23866038 0.95478630
vn -0.08887804 -0.14101250 0.98601025
vn -0.32993951 -0.87138617 0.36307865
vn 0.02607223 -0.89142102 -0.45242548
vn -0.24695337 -0.96269768 -0.11057691
vn -0.26158389 -0.96475977 -0.02850410
vn 0.20004740 -0.18833965 -0.96151400
vn 0.19549893 -0.28569776 -0.93816680
vn 0.14166752 -0.39112470 -0.90936887
vn 0.25412211 -0.30226842 -0.91872507
vn 0.63846117 0.71476817 0.28543612
vn 0.55041766 0.82175952 0.14748453
vn 0.02136311 -0.52834105 0.84876341
vn 0.15184595 -0.25550595 0.95480865
vn -0.15085931 -0.98412549 -0.09347963
vn -0.07123201 -0.99077773 0.11526249
vn 0.42864656 -0.26430693 -0.86394674
vn 0.20625703 -0.43859199 -0.87469715
vn 0.08447238 0.78076881 0.61908352
vn 0.23754613 0.77717316 0.58272958
vn -0.95014620 -0.17270055 0.25960872
vn -0.94739532 -0.24315341 0.20813107
vn -0.92691994 -0.30262706 0.22189257
vn -0.92837745 -0.21785237 0.30109084
vn 0.39106739 -0.87489897 -0.28568879
vn -0.06139443 -0.93424708 -0.35130209
vn -0.10972125 -0.93944424 -0.32466263
vn -0.47930396 -0.87663835 -0.04210630
vn 0.92517716 -0.07947876 -0.37112036
vn 0.93342876 -0.20351243 -0.29545456
vn 0.88977212 -0.30302790 -0.34129119
vn 0.91331673 -0.15981816 -0.37458077
vn 0.00871881 0.47943053 0.87753654
vn 0.41717833 0.49076545 0.76492584
vn -0.87868547 -0.35757178 0.31631353
vn -0.87396669 -0.29736885 0.38438773
vn -0.04588924 -0.89570457 -0.44227538
vn -0.18119691 -0.89512962 -0.40732124
vn 0.92872429 -0.35008281 -0.12211944
vn 0.89535153 -0.40580979 -0.18347757
vn -0.53517199 0.75988036 0.36901587
vn -0.45166513 0.80942744 0.37526768
vn -0.35961935 0.81484371 0.45464668
vn -0.66620052 -0.23412189 -0.70807046
vn -0.65371102 -0.24261600 -0.71679801
vn -0.67997670 -0.39074704 -0.62044215
vn -0.75465065 -0.30346385 -0.58173203
vn 0.66179311 -0.74235958 0.10455706
vn 0.34070966 -0.90058744 -0.26992440
vn 0.26627505 -0.90761453 -0.32455111
vn -0.16841239 -0.77280080 -0.61189556
vn 0.80635542 -0.01399188 0.59126574
vn 0.68970388 -0.18149844 0.70097566
vn 0.73048514 -0.27540973 0.62493277
vn 0.82920188 -0.07860025 0.55339521
vn -0.74747491 -0.49987718 -0.43749753
vn -0.78959793 -0.46238270 -0.40340713
vn 0.24297112 -0.94485080 -0.21959513
vn 0.23656730 -0.94282848 -0.23475598
vn 0.49182582 -0.39529201 0.77579093
vn 0.52536875 -0.43465534 0.73147959
vn -0.06118632 0.82617521 -0.56008101
vn -0.20665340 0.83489805 -0.51013690
vn 0.90151721 -0.21154746 -0.37751076
vn 0.96116036 -0.20965607 -0.17948562
vn 0.91721892 -0.19839829 -0.34546715
vn 0.86506468 -0.10846134 -0.48979515
vn -0.42459449 -0.82136017 0.38090286
vn 0.06890639 -0.91815454 0.39018482
vn 0.12730318 -0.92167878 0.36647260
vn 0.56318128 -0.81342018 0.14551449
vn -0.78711063 -0.56106007 -0.25625849
vn -0.91820318 -0.09431621 0.38471729
vn -0.87671977 -0.28566462 0.38698605
vn -0.92077273 -0.31910214 0.22439121
vn -0.05901715 0.59291732 -0.80309778
vn -0.41005149 0.74243468 -0.52976274
vn 0.82502443 -0.23094684 -0.51575017
vn 0.81502062 -0.15745729 -0.55762768
vn -0.01268200 -0.97507131 0.22152901
vn 0.12279195 -0.97368139 0.19200714
vn -0.95092356 -0.30204219 0.06719261
vn -0.91745210 -0.37591326 0.13027215
vn -0.52731419 0.81858981 -0.22770704
vn -0.56652993 0.82185036 -0.06004872
vn -0.55745238 0.82914448 0.04202720
vn 0.26429579 -0.13631062 -0.95476025
vn 0.33117297 -0.20319235 -0.92143220
vn 0.25222534 -0.27945262 -0.92643869
vn 0.11039405 -0.04054828 -0.99306041
vn 0.27391204 -0.88613111 -0.37382326
vn 0.00659208 -0.89219242 0.45160738
vn 0.24531361 -0.96312398 0.11051448
vn 0.26351169 -0.96420127 0.02962267
vn -0.19662598 -0.13432045 0.97123438
vn -0.29508418 -0.28263751 0.91271102
vn -0.25014642 -0.38446805 0.88860065
vn -0.18724807 -0.22379626 0.95647967
vn -0.60780352 0.75513625 -0.24565025
vn -0.64117759 0.75881845 -0.11439364
vn 0.10033774 -0.35377595 -0.92993277
vn -0.03524433 -0.13960247 -0.98958021
vn 0.09629446 -0.99486268 0.03123485
vn -0.48088807 -0.40720925 0.77648395
vn -0.42713398 -0.46774733 0.77380162
vn -0.75658768 0.65307242 0.03273397
vn -0.71231818 0.61322528 0.34140524
vn -0.41441214 -0.35920507 -0.83620232
vn -0.35193604 -0.40963891 -0.84162760
vn -0.45211577 -0.40085083 -0.79681236
vn -0.49602044 -0.35893536 -0.79065108
vn 0.05951041 -0.99810231 -0.01582066
vn 0.05939937 -0.99810743 -0.01591600
vn 0.05975270 -0.99809110 -0.01561261
vn 0.06017599 -0.99807131 -0.01524913
vn -0.02216126 -0.48421201 0.87467003
vn -0.10828711 -0.46915546 0.87645137
vn -0.07170058 -0.49910387 0.86357069
vn 0.00772796 -0.49736786 0.86750531
vn -0.91943562 -0.39257157 -0.02292943
vn -0.89377367 -0.44171661 -0.07781386
vn -0.88554877 -0.46453199 -0.00366899
vn -0.90599740 -0.42164215 0.03723738
vn 0.02976899 -0.99336338 -0.11109921
vn 0.02976898 -0.99336338 -0.11109921
vn 0.02976898 -0.99336338 -0.11109920
vn 0.84769124 -0.33551657 0.41091147
vn 0.80862385 -0.37078840 0.45677507
vn 0.81300575 -0.41805866 0.40527600
vn 0.85198253 -0.39705366 0.34128311
vn 0.38722408 0.76415330 0.51587522
vn 0.52438051 0.76308435 0.37779275
vn -0.41817802 -0.43916836 0.79514670
vn -0.46296442 -0.48086131 0.74460483
vn -0.39258167 -0.50571138 0.76820290
vn -0.36367762 -0.47104284 0.80365247
vn -0.03338538 -0.99888480 -0.03338542
vn 0.08001404 -0.99575788 -0.04543125
vn -0.03753257 -0.99663675 0.07284603
vn 0.80102432 -0.39881715 -0.44643578
vn 0.80743080 -0.43917155 -0.39393383
vn 0.76655638 -0.47809404 -0.42873931
vn 0.73870271 -0.45470041 -0.49755985
vn 0.78976941 0.61340266 0.00118391
vn 0.68179214 0.62392217 -0.38194317
vn 0.54282284 0.17857510 0.82064259
vn 0.43706065 -0.39341196 0.80882943
vn 0.37898830 -0.43961641 0.81431276
vn 0.49833560 -0.18050951 0.84798461
vn -0.06618740 -0.99764878 0.01777909
vn -0.06622359 -0.99764699 0.01774456
vn -0.03124153 -0.99853027 -0.04428670
vn -0.00600307 -0.99833608 0.05735014
vn 0.29101592 -0.14764981 -0.94525617
vn -0.05483553 -0.46066245 -0.88587987
vn 0.00717011 -0.39621279 -0.91813070
vn 0.38622048 -0.00955453 -0.92235702
vn 0.31985435 0.67276627 -0.66714221
vn -0.12872507 0.56387311 -0.81576771
vn 0.93308508 -0.35292456 0.06925626
vn 0.90630192 -0.40524322 0.11997813
vn 0.92432648 -0.38134819 0.01393050
vn -0.41180828 -0.90948027 -0.05709239
vn -0.11241058 -0.98718566 0.11326216
vn 0.07696022 -0.98796970 0.13413808
vn 0.38802966 -0.91090977 0.14027245
vn 0.13331553 -0.97809857 0.15984400
vn 0.25199196 -0.95363384 0.16456783
vn 0.84046668 -0.54000640 0.04481995
vn -0.85622257 -0.39216852 -0.33628374
vn -0.85270196 -0.33018762 -0.40481538
vn -0.85341936 -0.32448006 -0.40790692
vn -0.43633729 0.75670534 -0.48683339
vn -0.42711973 0.71561825 -0.55268365
vn -0.46283895 0.68611842 -0.56126785
vn -0.50404996 0.66154337 -0.55524230
vn -0.47045666 0.73630702 -0.48633578
vn -0.44010976 0.78906512 -0.42857859
vn 0.74606699 -0.63554990 -0.19864629
vn 0.78889078 -0.57744628 -0.21025491
vn 0.78805196 -0.57872975 -0.20987134
vn 0.74580926 -0.63594621 -0.19834550
vn 0.87463599 -0.42489666 -0.23339821
vn 0.64971256 0.29766768 -0.69947666
vn 0.69556254 0.30737215 -0.64939600
vn 0.62907326 0.41942513 -0.65448409
vn 0.65637338 0.41453859 -0.63034254
vn 0.10616021 -0.67143494 -0.73342019
vn -0.14593764 -0.70663947 -0.69236034
vn -0.11758630 -0.53404456 -0.83723944
vn 0.15131207 -0.44546351 -0.88242108
vn -0.10724232 -0.28190431 -0.95343018
vn 0.10885464 -0.27326167 -0.95576084
vn -0.30916792 -0.06329548 -0.94889879
vn -0.20317861 -0.06296526 -0.97711504
vn -0.27344289 0.25551638 -0.92732972
vn -0.22307509 0.25770032 -0.94012129
vn -0.86092919 -0.45604438 0.22544275
vn -0.85956907 -0.45923039 0.22416157
vn -0.93591797 -0.25281617 0.24523768
vn -0.93784368 -0.24693079 0.24387372
vn -0.57235432 -0.48607174 0.66041261
vn -0.65650707 -0.48604512 0.57685226
vn -0.68277836 -0.06679908 0.72756553
vn -0.72539967 -0.06967049 0.68479294
vn -0.16447040 -0.44923458 0.87814450
vn -0.29296586 -0.44949195 0.84387678
vn -0.20122051 -0.24068151 0.94951707
vn -0.29951212 -0.24265444 0.92271954
vn 0.29680869 -0.45521489 0.83945459
vn 0.16215271 -0.45446852 0.87587947
vn 0.30649546 0.00978127 0.95182186
vn 0.20899780 0.01495727 0.97780174
vn 0.67051989 -0.46035618 0.58178627
vn 0.58423322 -0.45989716 0.66870481
vn 0.71614391 -0.26214546 0.64685214
vn 0.64718628 -0.26361743 0.71530116
vn 0.96283740 0.17921080 0.20205858
vn 0.93673462 0.18113413 0.29953071
vn 0.87451303 0.44274992 0.19798864
vn 0.85820693 0.44033438 0.26379248
vn 0.54590607 0.82604009 -0.14015834
vn 0.70757532 0.68221498 -0.18417363
vn 0.71932429 0.68372357 -0.12286014
vn 0.88155103 0.42068407 0.21422581
vn 0.19630960 0.67585164 -0.71041334
vn 0.11864478 0.83706421 -0.53408515
vn -0.18526872 0.41680858 -0.88991356
vn 0.09621247 0.71696186 -0.69044107
vn 0.83171344 0.03131524 0.55432135
vn 0.77646285 0.21587518 0.59203327
vn -0.60339063 0.20806114 -0.76982486
vn -0.51474261 0.03749783 -0.85652435
vn 0.76150894 0.55395418 -0.33650979
vn 0.91501898 0.39524925 -0.08073598
vn 0.58535081 0.56013227 -0.58618790
vn 0.37468198 0.54486787 -0.75015491
vn 0.16506454 0.39444286 -0.90397376
vn 0.94770181 0.04592351 0.31583586
vn -0.17455028 0.08721031 -0.98077857
vn 0.37884915 0.80962527 0.44830823
vn 0.46054152 0.73570901 0.49662241
vn 0.45219371 0.65128887 0.60937977
vn 0.29285970 0.46038628 0.83802009
vn 0.60537857 0.73566329 -0.30383602
vn 0.51379937 0.84383714 -0.15475501
vn 0.58630568 0.44754091 -0.67524278
vn 0.63067520 0.72324944 -0.28135219
vn 0.06112764 0.09155059 0.99392247
vn -0.13178967 0.17744052 0.97526729
vn 0.34063584 0.21916422 -0.91429442
vn 0.39723212 0.01515436 -0.91759306
vn 0.56084853 0.69040918 0.45692894
vn 0.50434190 0.41741091 0.75591493
vn 0.82905352 0.55615449 -0.05798703
vn 0.63744301 0.75132734 0.17080298
vn 0.63749826 0.75128323 0.17079076
vn 0.64845127 0.74254447 0.16774569
vn 0.80217195 0.58842248 -0.10138612
vn 0.78826863 0.58368331 0.19479828
vn 0.78331178 0.57765120 0.22965574
vn 0.62647796 0.77887022 0.02977440
vn 0.62112880 0.78258729 0.04190651
vn 0.61255723 0.79001999 0.02533858
vn 0.72195369 0.61016750 -0.32631040
vn 0.74240851 0.44473460 -0.50103968
vn 0.32556930 0.01702015 0.94536495
vn 0.62230414 0.04037157 -0.78173375
vn -0.19318621 0.69845557 0.68908554
vn -0.22600253 0.67163783 0.70556748
vn -0.61769086 0.41954806 0.66515970
vn 0.52398962 0.70016277 0.48498142
vn 0.37749967 0.82117742 0.42797393
vn 0.87861526 0.42835405 0.21106403
vn 0.59445924 0.70286769 0.39063442
vn -0.88069260 0.02475587 0.47304094
vn -0.88635880 0.15560184 0.43606892
vn 0.94926423 0.23672776 -0.20702030
vn 0.99206161 0.04054945 -0.11903551
vn -0.14822739 0.59785378 0.78778136
vn -0.52198583 0.30887491 0.79506421
vn 0.20497304 0.61044860 0.76507425
vn 0.20472768 0.61082244 0.76484150
vn 0.20499831 0.61040998 0.76509827
vn 0.20500940 0.61039311 0.76510876
vn 0.23118009 0.28398502 0.93054193
vn 0.26511142 0.28469765 0.92122918
vn 0.52821785 0.58702844 0.61350101
vn 0.86146533 0.27478075 0.42705148
vn -0.80869955 -0.08466190 0.58209741
vn 0.98644567 -0.13990700 0.08573779
vn -0.52675426 0.78397894 0.32849202
vn -0.91577786 0.37549049 0.14268091
vn -0.91823554 0.21223797 -0.33436280
vn -0.88929391 0.08840135 -0.44871095
vn -0.96381605 0.24737534 -0.09931831
vn -0.11845443 0.77895111 0.61579520
vn 0.06272649 0.71673691 0.69451684
vn -0.25328580 0.73182434 0.63267642
vn -0.89424658 -0.10196418 -0.43580538
vn -0.72436559 -0.19020718 -0.66265810
vn 0.61493552 0.29270250 0.73224282
vn 0.53689826 0.02968498 0.84312457
vn 0.50159943 0.41457248 0.75929421
vn 0.21693330 0.20416276 0.95459807
vn -0.65868789 0.51857191 0.54517281
vn -0.70080161 0.50622326 0.50260824
vn -0.67486340 0.50128829 0.54154354
vn -0.91887128 0.27355647 0.28432810
vn -0.99311215 0.05647112 0.10266078
vn -0.59608746 0.54857022 0.58630234
vn -0.57536459 0.56603795 0.59038687
vn -0.56544620 0.51798350 0.64184397
vn -0.58791238 0.47909704 0.65178603
vn -0.62740660 0.23969367 0.74088323
vn -0.74403018 0.22041106 0.63074404
vn -0.49401343 0.52508962 0.69298744
vn -0.25050920 0.32744205 0.91105807
vn -0.05074910 0.12192615 0.99124092
vn -0.19325528 0.28826725 0.93784559
vn -0.92767042 -0.29274625 -0.23179138
vn 0.31068137 -0.22391540 0.92376351
vn 0.21975149 0.79833418 -0.56068867
vn 0.16520666 0.76335943 -0.62449110
vn 0.28982505 0.60898876 -0.73833197
vn 0.54145682 0.47599140 -0.69300556
vn -0.65477461 0.73405123 -0.18010825
vn -0.45226887 0.84711802 -0.27900526
vn -0.90961975 0.39421678 0.13109189
vn -0.63801962 0.69581968 -0.32979682
vn 0.78798676 0.10111374 -0.60733259
vn 0.81263036 -0.03098265 -0.58195537
vn -0.85370719 0.02838084 -0.51997942
vn -0.94573855 0.16768278 0.27831835
vn 0.03043888 0.76012850 -0.64905941
vn 0.44302318 0.38829207 -0.80805922
vn -0.21403039 0.59172708 -0.77720654
vn -0.20755057 0.59071666 -0.77972853
vn -0.21404797 0.66473067 -0.71576297
vn -0.24330646 0.43133199 -0.86876619
vn -0.25139457 0.23780432 -0.93821633
vn -0.30403298 0.44015270 -0.84488434
vn -0.14860418 0.44414556 -0.88354486
vn -0.41813728 0.56993604 -0.70734298
vn -0.71023309 0.59259409 -0.38000157
vn -0.88945925 0.28599471 -0.35646772
vn 0.70626765 0.06561745 -0.70489740
vn -0.98833096 -0.06384005 -0.13829829
vn -0.33461794 0.78867269 -0.51577723
vn -0.44668850 0.74144280 -0.50073141
vn -0.19869074 0.61689419 -0.76155335
vn -0.35587007 0.65350825 -0.66804451
vn -0.65262288 0.72406310 0.22319502
vn -0.65743053 0.63359874 0.40784514
vn -0.63541609 0.74885267 0.18832439
vn 0.06918223 -0.00666183 -0.99758178
vn 0.11913574 0.11827893 -0.98580766
vn 0.12839235 -0.10664086 -0.98597318
vn 0.04164713 0.30350330 -0.95191979
vn -0.34154448 0.21954235 0.91386461
vn -0.45356572 -0.02454434 0.89088482
vn -0.39388871 0.36532235 0.84344012
vn -0.55636227 0.15387346 0.81656843
vn -0.54223788 0.67327875 -0.50266671
vn -0.52802575 0.57783335 -0.62233222
vn -0.70687419 0.68148029 -0.18950854
vn -0.83539903 0.49881533 -0.23085009
vn -0.83822620 0.49569523 -0.22729513
vn -0.70667070 0.68207324 -0.18812928
vn -0.90418619 0.34736931 -0.24855958
vn -0.90839690 0.33825940 -0.24575527
vn -0.76362538 0.63117456 0.13599633
vn -0.82338631 0.50939685 0.25009957
vn -0.65552956 -0.18840924 0.73128855
vn -0.74845827 0.00882172 0.66312319
vn -0.68089545 0.73012120 -0.05748389
vn -0.70879430 0.70425117 -0.04050859
vn -0.77420187 0.60193837 -0.19565694
vn -0.56165826 0.81467420 0.14438118
vn -0.74629581 0.63859093 0.18773438
vn -0.75087970 0.63156509 0.19314544
vn -0.56548417 0.81204003 0.14428693
vn -0.91162860 0.34062091 0.23002318
vn -0.91618621 0.32119420 0.23966046
vn -0.63635808 0.63063586 0.44423729
vn -0.63682729 0.31810182 0.70232630
vn -0.65052176 -0.14667681 -0.74518949
vn -0.66786563 0.00592728 -0.74425828
vn -0.74610424 0.07410453 -0.66169250
vn -0.73333287 0.16602889 -0.65928543
vn -0.13495834 -0.39338282 0.90941530
vn -0.25448143 -0.31184393 0.91541934
vn -0.20282137 -0.33335069 0.92072839
vn -0.35445115 -0.16110745 0.92109108
vn -0.56661427 0.59662652 0.56831777
vn -0.56263679 0.57452309 0.59444350
vn -0.15011945 0.81472379 0.56007969
vn -0.15006606 0.81474924 0.56005698
vn -0.17634411 0.73035127 0.65991646
vn -0.17762978 0.72512072 0.66531765
vn -0.15013523 0.81471634 0.56008637
vn -0.15014452 0.81470907 0.56009442
vn -0.23256670 0.42654637 0.87405431
vn -0.23431106 0.42471763 0.87447888
vn 0.25086397 0.60720533 0.75390244
vn 0.25375015 0.57482821 0.77793533
vn -0.95753652 -0.18189535 0.22369163
vn -0.97018462 -0.03720064 0.23949499
vn -0.93718368 0.03570457 0.34700415
vn -0.93527317 0.11659288 0.33417094
vn 0.75305754 0.03026070 0.65725839
vn 0.75935531 -0.12747420 0.63806731
vn 0.66574389 0.19000942 0.72158265
vn 0.67397672 0.09595775 0.73249400
vn 0.30602288 0.61409855 0.72748399
vn 0.30809423 0.53938717 0.78367049
vn 0.56292289 0.60542691 0.56265092
vn 0.59935892 0.53197277 0.59814203
vn 0.60002416 0.53008354 0.59915137
vn 0.56280094 0.60508990 0.56313527
vn 0.65908045 0.36485004 0.65764534
vn 0.65869379 0.36365503 0.65869379
vn 0.72576779 0.63335693 0.26855192
vn 0.82529378 0.51468229 0.23236255
vn -0.20864281 -0.23884253 0.94837886
vn -0.19330058 -0.09347860 0.97667634
vn -0.08135527 -0.02106106 0.99646264
vn -0.08745379 0.06403387 0.99410838
vn 0.97539747 -0.03341270 -0.21790680
vn 0.94891393 -0.19968644 -0.24431053
vn 0.98572916 0.12828293 -0.10900258
vn 0.99304402 0.02857872 -0.11422252
vn 0.72475404 0.67489129 0.13875639
vn 0.78468513 0.58710515 0.19893910
vn 0.78100437 0.58891898 -0.20786187
vn 0.72483921 0.66097409 -0.19422001
vn 0.72604847 0.65976560 -0.19381163
vn 0.78276801 0.58684099 -0.20710370
vn 0.87666768 0.42184371 -0.23130420
vn 0.55737048 0.68045163 -0.47573495
vn 0.57138377 0.54939216 -0.60966289
vn 0.66772819 -0.17448184 0.72366786
vn 0.68438578 -0.03083032 0.72846800
vn 0.76167667 0.04453944 0.64642471
vn 0.75003445 0.13174222 0.64814532
vn 0.26367670 -0.01964910 -0.96441096
vn 0.23871939 -0.18467745 -0.95336628
vn 0.35509509 0.14494793 -0.92352456
vn 0.35653070 0.04103416 -0.93338203
vn 0.40410778 0.72268635 -0.56073284
vn 0.39059389 0.70103461 -0.59664637
vn 0.57623827 0.59203726 -0.56341928
vn 0.11394738 0.43806013 -0.89169461
vn -0.30164090 0.42135280 -0.85526288
vn 0.97492731 -0.13920173 -0.17360766
vn 0.98122209 0.01619359 -0.19220041
vn 0.95262271 0.07583774 -0.29454809
vn 0.93999892 0.17552157 -0.29256478
vn -0.72225320 0.04303474 -0.69028860
vn -0.80132031 -0.10980406 -0.58807212
vn -0.61549002 0.20156707 -0.76193357
vn -0.72601461 0.05659156 -0.68534678
vn -0.47451353 0.54901314 -0.68805629
vn -0.34903952 0.09425671 -0.93235564
vn -0.83663511 0.16219190 -0.52319741
vn -0.86566693 0.22389100 -0.44776505
vn -0.83295077 0.27185717 -0.48196128
vn -0.62922716 0.45623052 -0.62922716
vn -0.59908301 0.69374317 -0.39977488
vn -0.83328629 0.40852690 -0.37247780
vn -0.96099806 0.13493891 -0.24140050
vn -0.82503861 0.44245923 -0.35148412
vn -0.73224247 0.55242127 -0.39831102
vn 0.01486515 -0.49387911 -0.86940348
vn -0.73582137 -0.67224628 0.08155880
vn -0.79695302 -0.59922820 0.07610194
vn -0.75245321 -0.63806325 -0.16336922
vn -0.68554127 -0.71151316 -0.15421467
vn -0.98634666 -0.16466226 -0.00257659
vn -0.93552840 -0.34869239 0.05657036
vn 0.56496137 -0.81118304 -0.15099902
vn 0.50015378 -0.86573780 0.01855380
vn 0.42429200 -0.86754537 -0.25950214
vn 0.56375927 -0.81220049 -0.15001941
vn 0.36604938 -0.93049824 0.01344718
vn 0.30681145 -0.93163627 -0.19473194
vn 0.75640309 -0.03623134 -0.65310162
vn 0.65470499 -0.04637305 -0.75446069
vn 0.70084906 -0.23441996 -0.67368978
vn 0.32610723 -0.53170234 -0.78163081
vn 0.24254389 -0.91552687 -0.32090968
vn 0.57428509 -0.58445770 -0.57324153
vn 0.49341145 -0.70030403 -0.51586765
vn 0.07130387 -0.98139256 -0.17828178
vn 0.06735409 -0.75091064 -0.65696019
vn -0.18578388 -0.66161293 -0.72646588
vn 0.03027578 -0.80958867 -0.58621627
vn -0.18758391 -0.55630141 -0.80953133
vn 0.03138533 -0.88222390 -0.46978292
vn -0.16541533 -0.52527082 -0.83470255
vn -0.16526999 -0.60093755 -0.78202295
vn -0.26751956 -0.54090816 -0.79740310
vn -0.38808295 -0.76709563 -0.51083845
vn 0.09382243 -0.74025095 -0.66575211
vn -0.14916965 -0.81244802 -0.56362808
vn -0.14925514 -0.81102049 -0.56565773
vn -0.12689622 -0.86713296 -0.48164073
vn -0.12876660 -0.86406738 -0.48662791
vn -0.02869677 -0.92842019 -0.37042201
vn 0.07031539 -0.86412477 -0.49834135
vn -0.16177300 -0.89008629 -0.42611715
vn -0.86604321 -0.00004689 0.49996915
vn -0.42792973 -0.79946089 -0.42159033
vn 0.50000924 0.00001500 -0.86602008
vn 0.49999696 -0.00000323 -0.86602718
vn -0.62845933 -0.77390903 0.07812636
vn -0.58134210 -0.79426181 0.17660551
vn -0.38500452 -0.92286664 -0.00941498
vn -0.31623238 -0.94392484 -0.09488423
vn -0.37983897 -0.88581395 -0.26656330
vn -0.11312550 -0.93808031 -0.32742628
vn -0.24484362 -0.91250604 -0.32769555
vn -0.61435384 -0.77258229 0.16026834
vn -0.60847723 -0.77712142 0.16074121
vn -0.52541345 -0.83951873 0.13837993
vn -0.51696563 -0.84473103 0.13847767
vn -0.40095592 -0.90982676 0.10700292
vn -0.39299497 -0.91345358 0.10562927
vn -0.39241749 -0.85419309 0.34111974
vn -0.34469566 -0.84803784 0.40251306
vn -0.10320178 -0.90586329 0.41080540
vn -0.40727520 -0.90510017 0.12214983
vn -0.25850406 -0.93043143 0.25975579
vn -0.20289621 -0.95763564 0.20436996
vn -0.20524858 -0.95620298 0.20868354
vn -0.25985581 -0.92946589 0.26185519
vn 0.11155500 -0.80253732 0.58607966
vn -0.38506609 -0.80386561 0.45334780
vn -0.14755689 -0.82063568 0.55207247
vn -0.13515468 -0.85278732 0.50446707
vn -0.13538238 -0.85021973 0.50872189
vn -0.14756328 -0.81823868 0.55561721
vn -0.09998752 -0.92289186 0.37185091
vn -0.10031769 -0.92138714 0.37547582
vn 0.07966791 -0.82949018 0.55281013
vn 0.20822239 -0.82906502 0.51893610
vn 0.04428947 -0.95570385 0.29097867
vn 0.10998688 -0.95364046 0.28012991
vn -0.15818051 -0.98337257 0.08920359
vn 0.17899686 -0.98382932 -0.00632779
vn 0.44560456 -0.77716988 0.44434616
vn 0.44681427 -0.77575630 0.44559979
vn 0.46889454 -0.74933964 0.46757674
vn 0.46839300 -0.75035244 0.46645385
vn 0.37796608 -0.84517914 0.37790725
vn 0.38027185 -0.84350109 0.37934047
vn 0.28678438 -0.91396761 0.28708515
vn 0.28884917 -0.91287827 0.28847772
vn 0.82705605 -0.34077165 0.44704920
vn 0.93160307 -0.36149922 -0.03786916
vn 0.68187672 -0.62730086 0.37621507
vn 0.75541836 -0.65410596 -0.03858184
vn 0.39358974 -0.89733660 0.19968510
vn 0.39308372 -0.91945404 -0.00945816
vn 0.64509052 -0.23238714 0.72791100
vn 0.54020011 -0.45764285 0.70622015
vn 0.64870447 -0.24987862 0.71884853
vn 0.43308997 -0.60445148 0.66863406
vn 0.65225005 -0.28163832 0.70373982
vn 0.26166886 -0.75986671 0.59508985
vn -0.64876658 -0.37547520 -0.66190654
vn -0.37146500 -0.92312670 0.09925131
vn -0.68510771 -0.32165867 -0.65357715
vn -0.49066824 -0.86751503 -0.08162344
vn -0.71281183 -0.27305284 -0.64601970
vn -0.59657282 -0.75233316 -0.27945599
vn -0.09841021 -0.92632383 0.36364764
vn 0.66203713 -0.36822933 0.65277410
vn 0.07329290 -0.87070733 0.48630947
vn 0.65636069 -0.32266417 0.68196666
vn -0.71613348 -0.42720285 -0.55195159
vn -0.74690127 -0.21030580 -0.63080102
vn -0.66598099 -0.58979297 -0.45674235
vn -0.73301172 -0.23455326 -0.63849717
vn 0.64078104 -0.36897728 0.67324245
vn 0.77398998 -0.22138803 0.59323424
vn 0.78458822 -0.18350315 0.59223980
vn 0.63743949 -0.37383673 0.67373359
vn 0.45420283 -0.61065459 0.64869153
vn 0.39805642 -0.67345291 0.62290627
vn 0.23613520 -0.77821350 0.58191401
vn -0.48202929 -0.87496120 -0.04572406
vn -0.54990923 -0.78692371 -0.27991235
vn -0.28888780 -0.91236925 0.29004514
vn -0.28888381 -0.91237038 0.29004556
vn -0.01857272 -0.99963897 0.01941513
vn -0.01258645 -0.99982208 0.01405151
vn 0.21511127 -0.95269537 -0.21470593
vn 0.21258967 -0.95402473 -0.21128766
vn 0.03742716 -0.85936332 0.50999403
vn -0.61338598 -0.37957999 -0.69258690
vn -0.61338598 -0.37958002 -0.69258690
vn -0.61338598 -0.37957999 -0.69258696
vn -0.57637399 -0.64807075 -0.49779248
vn -0.39811227 -0.12826584 0.90832508
vn -0.23013741 -0.35809666 0.90487766
vn -0.39292729 -0.14230004 0.90849262
vn -0.27417868 -0.56803751 0.77598929
vn -0.37793094 -0.17386329 0.90936226
vn -0.29673830 -0.76436961 0.57243824
vn 0.34144208 -0.51215786 -0.78810638
vn -0.20725131 -0.95016986 -0.23286086
vn 0.31810224 -0.45489159 -0.83179599
vn -0.13432427 -0.89935660 -0.41607058
vn 0.29890803 -0.39941722 -0.86667174
vn -0.04465364 -0.79600322 -0.60364306
vn -0.27576876 -0.95364457 0.12047242
vn -0.31460157 -0.28114960 0.90663153
vn -0.29279292 -0.89421088 0.33861372
vn -0.35233435 -0.22104986 0.90939403
vn 0.12548511 -0.49064067 -0.86227906
vn 0.26501751 -0.32238787 -0.90875286
vn 0.04641981 -0.65129948 -0.75739962
vn 0.28159660 -0.35302833 -0.89222997
vn -0.06411538 -0.72724497 0.68337691
vn -0.14536366 -0.85494113 0.49794084
vn -0.21816605 -0.95910770 -0.18032202
vn -0.12464082 -0.88129550 -0.45583203
vn -0.00170365 -0.75287247 -0.65816420
vn -0.16840127 -0.94750243 0.27180904
vn 0.10128108 -0.59640288 -0.79626989
vn -0.94504315 -0.25045556 0.21015593
vn -0.89138973 -0.42506498 0.15730269
vn -0.93742841 -0.27108884 0.21849202
vn -0.79933316 -0.59902775 0.04724627
vn -0.92221928 -0.30941984 0.23188573
vn -0.65065277 -0.75504291 -0.08100075
vn 0.89060241 -0.40094155 -0.21464662
vn 0.10710806 -0.91148281 -0.39714852
vn 0.90571237 -0.33055064 -0.26537034
vn 0.27195013 -0.85576421 -0.44012579
vn 0.91393113 -0.26674250 -0.30590579
vn 0.48826107 -0.75344986 -0.44035721
vn -0.28897348 -0.92258495 -0.25559986
vn -0.86594957 -0.41706145 0.27602735
vn -0.46273860 -0.86236608 -0.20542091
vn -0.89862424 -0.36002514 0.25071177
vn 0.81865954 -0.43282625 -0.37743610
vn 0.91478574 -0.18156007 -0.36083645
vn 0.67956114 -0.60210764 -0.41912177
vn 0.91629100 -0.21580543 -0.33740002
vn -0.85854679 -0.45436084 0.23759964
vn -0.78228170 -0.61841792 0.07479740
vn -0.64703512 -0.75567478 -0.10149478
vn -0.05406891 -0.87069809 -0.48883677
vn -0.13228451 -0.85975611 -0.49327502
vn -0.10047854 -0.91464669 -0.39156803
vn -0.04496538 -0.87161559 -0.48812330
vn 0.14768536 -0.85795462 -0.49203950
vn 0.30611444 -0.83098382 -0.46449959
vn 0.52787209 -0.74786764 -0.40254822
vn -0.10916083 -0.91452330 -0.38952672
vn -0.04322093 -0.98601872 -0.16093174
vn -0.04403733 -0.98536706 -0.16465874
vn 0.00565034 -0.99973589 0.02227477
vn 0.00658119 -0.99968195 0.02434404
vn -0.20553152 -0.86549437 -0.45681101
vn -0.16142970 -0.86743516 -0.47063431
vn -0.21280636 -0.86499321 -0.45442289
vn -0.37777680 -0.85598135 -0.35295984
vn -0.47869012 -0.83667034 -0.26615500
vn 0.83956820 -0.48901927 -0.23661231
vn 0.70408630 -0.63023031 -0.32721904
vn -0.65331298 -0.24772875 -0.71541077
vn -0.59165680 -0.50393862 -0.62927586
vn -0.65435082 -0.26313263 -0.70893317
vn -0.43631646 -0.65492409 -0.61701083
vn -0.65552366 -0.29228520 -0.69631755
vn -0.24194673 -0.78694516 -0.56760824
vn 0.74111944 -0.26619506 0.61634582
vn 0.46270639 -0.85636717 -0.22921185
vn 0.77425843 -0.20595442 0.59842014
vn 0.60766435 -0.79417866 0.00493211
vn 0.79780304 -0.15560727 0.58249182
vn 0.65622687 -0.72804779 0.19827434
vn 0.20201950 -0.88348424 -0.42266259
vn -0.66129923 -0.37868050 -0.64752173
vn -0.04915883 -0.84643525 -0.53021765
vn -0.65721494 -0.33235103 -0.67646974
vn 0.74184322 -0.39998326 0.53822112
vn 0.82455838 -0.09279311 0.55811548
vn 0.72434813 -0.57025313 0.38746756
vn 0.81408894 -0.11777576 0.56867218
vn -0.69226247 -0.57668549 -0.43382770
vn -0.56396854 -0.70544022 -0.42929423
vn -0.35073557 -0.84646487 -0.40060180
vn 0.23718904 -0.96317667 0.12661798
vn 0.33822203 -0.94102818 0.00847767
vn 0.33541349 -0.94206506 -0.00335159
vn 0.32260066 -0.94556957 -0.04274397
vn 0.19163817 -0.96938789 0.15349914
vn 0.42401251 -0.88838553 0.17602421
vn 0.45759988 -0.83052540 0.31753731
vn 0.03127246 -0.99949968 -0.00473900
vn 0.03256706 -0.99772269 -0.05906633
vn -0.03346696 -0.98277432 -0.18175413
vn -0.10774919 -0.99347180 -0.03746895
vn -0.00518039 -0.94836426 -0.31714103
vn 0.09933940 -0.96249348 -0.25246376
vn -0.01526911 -0.94433767 -0.32862329
vn -0.19993697 -0.90331328 -0.37953958
vn 0.52325416 -0.52182531 0.67372352
vn 0.50931966 -0.67389923 0.53521329
vn 0.96174395 -0.20816606 -0.17808831
vn 0.90968770 -0.31813067 -0.26694784
vn 0.95878333 -0.22067682 -0.17898679
vn 0.84088308 -0.52037138 -0.14875901
vn 0.95005733 -0.24995182 -0.18685587
vn 0.69785154 -0.71624136 0.00122891
vn -0.89343745 -0.38591397 0.22986934
vn -0.10070689 -0.88641715 0.45179945
vn -0.90627569 -0.32187122 0.27397680
vn -0.27945191 -0.84287202 0.45986238
vn -0.91361070 -0.26415047 0.30909550
vn -0.49042988 -0.73906279 0.46180597
vn 0.32083714 -0.90757775 0.27086183
vn 0.91145647 -0.34478948 -0.22442663
vn 0.49939641 -0.85259354 0.15390748
vn 0.93472672 -0.29266039 -0.20158347
vn -0.80490428 -0.42401806 0.41513583
vn -0.91429341 -0.18396465 0.36086640
vn -0.67380250 -0.58844900 0.44689810
vn -0.91581702 -0.21740524 0.33765975
vn 0.81082374 -0.36249977 -0.45952010
vn 0.74491036 -0.58115375 -0.32767192
vn 0.61592007 -0.77227503 -0.15567176
vn 0.03247362 -0.94444275 0.32706785
vn 0.19942039 -0.92868972 0.31267694
vn 0.08084675 -0.97624487 0.20102185
vn 0.00246074 -0.94444203 0.32866877
vn -0.45611939 -0.80057746 0.38862684
vn -0.42640740 -0.85348576 0.29956439
vn -0.61319357 -0.74718142 0.25634670
vn 0.02406532 -0.97909755 0.20196250
vn -0.02093479 -0.99639726 -0.08218414
vn -0.01966473 -0.99695915 -0.07540366
vn 0.15364257 -0.93744707 0.31238905
vn -0.03893022 -0.91747814 0.39587665
vn 0.17223430 -0.93716192 0.30341867
vn 0.41618270 -0.90443933 0.09370936
vn 0.43046060 -0.90227222 0.02466895
vn -0.86958700 -0.46915135 0.15399827
vn -0.76360017 -0.61211717 0.20549297
vn 0.32880396 -0.20905803 -0.92096835
vn 0.27987376 -0.41209435 -0.86709219
vn 0.31912997 -0.22761913 -0.91997045
vn 0.30774632 -0.60115486 -0.73749918
vn 0.30147225 -0.26316732 -0.91643739
vn 0.32134980 -0.77324891 -0.54664469
vn -0.29468229 -0.44656011 0.84483516
vn 0.18463086 -0.95603108 0.22785094
vn -0.26447982 -0.38262457 0.88523942
vn 0.10725155 -0.91193843 0.39606243
vn -0.23921882 -0.32352525 0.91548115
vn 0.00405755 -0.81188732 0.58380008
vn 0.28772148 -0.95160842 -0.10797127
vn 0.23887238 -0.36659446 -0.89919323
vn 0.31625184 -0.89131242 -0.32487988
vn 0.27510872 -0.31106398 -0.90970016
vn -0.19521821 -0.51200855 0.83650291
vn -0.19915338 -0.24417198 0.94906163
vn -0.10240605 -0.67090297 0.73444009
vn -0.21765888 -0.27563533 0.93629581
vn 0.14102618 -0.47769749 -0.86713129
vn 0.20605719 -0.65985495 -0.72258693
vn 0.26770481 -0.82798481 -0.49272233
vn 0.16606085 -0.95804757 0.23359939
vn 0.14955141 -0.97649866 0.15519243
vn 0.16981478 -0.94240016 0.28817514
vn -0.08012005 -0.83892238 0.53832150
vn 0.22012110 -0.97355348 -0.06115819
vn 0.28828219 -0.95069683 -0.11431961
vn 0.31062689 -0.92608649 -0.21418400
vn -0.36681345 -0.55434489 0.74709409
vn -0.25079289 -0.69253618 0.67638493
vn -0.35648769 -0.42494428 -0.83206904
vn -0.40290225 -0.48270312 -0.77760369
vn -0.37455681 -0.46696332 -0.80103213
vn -0.33993068 -0.64099616 -0.68816501
vn -0.39066285 -0.51264322 -0.76457798
vn -0.22050160 -0.83516234 -0.50386792
vn 0.00154343 -0.98727715 0.15900140
vn -0.16466109 -0.70141011 0.69347715
vn -0.15355606 -0.72961283 0.66639751
vn 0.07071684 -0.99680185 0.03721880
vn -0.00333845 -0.98681134 0.16184010
vn 0.03898788 -0.95622146 0.29003528
vn -0.09253757 -0.63773006 0.76468110
vn -0.07953070 -0.63392526 0.76929426
vn 0.02631399 -0.93628281 0.35026005
vn -0.05076747 -0.58491260 0.80950594
vn 0.00024968 -0.85119492 0.52484965
vn -0.12499574 -0.99185270 0.02458178
vn -0.07203601 -0.99733335 0.01170584
vn -0.09365844 -0.99538779 0.02076552
vn -0.17098139 -0.98432112 0.04332821
vn -0.16908309 -0.98476678 0.04056238
vn -0.18184477 -0.98222411 0.04656490
vn -0.37006924 -0.67391223 -0.63944590
vn -0.11370865 -0.96913308 -0.21874954
vn -0.10093957 -0.97391635 -0.20321931
vn -0.04605585 -0.98923039 -0.13893190
vn -0.40961209 -0.58712161 -0.69821638
vn -0.09827039 -0.94292825 -0.31816548
vn -0.12180746 -0.93193799 -0.34154731
vn -0.40485540 -0.57015574 -0.71485281
vn -0.41595107 -0.57358313 -0.70568198
vn -0.05362304 -0.54580510 0.83619457
vn 0.00341279 -0.50733560 0.86174178
vn -0.03067678 -0.67670518 0.73561472
vn -0.02359327 -0.54513407 0.83801681
vn -0.88828009 -0.45355666 -0.07242108
vn -0.86167455 -0.50737959 -0.00910573
vn -0.87810558 -0.47490388 -0.05828281
vn -0.77563530 -0.63074827 -0.02337563
vn -0.84412080 -0.53562242 -0.02384683
vn -0.61289775 -0.78819954 -0.05565855
vn 0.68853420 -0.62217575 0.37258288
vn 0.71924114 -0.56979406 0.39752597
vn 0.23695439 -0.97025144 0.04964665
vn 0.22525483 -0.97339892 0.04189003
vn 0.36010483 -0.93088841 0.06141050
vn 0.72553939 -0.55711037 0.40400577
vn 0.73515916 -0.55333394 0.39161539
vn 0.41420224 -0.90397167 0.10616831
vn 0.78370488 -0.49749702 0.37189159
vn 0.59247369 -0.77364016 0.22462374
vn -0.00101950 -0.99997389 0.00715361
vn -0.00219004 -0.99996418 0.00817332
vn -0.03860243 -0.98863888 0.14526859
vn -0.03690353 -0.98931926 0.14101599
vn -0.75920141 -0.65057814 0.01900696
vn -0.19809924 -0.97793990 -0.06625856
vn -0.21140599 -0.97525561 -0.06468405
vn -0.79643983 -0.60412163 0.02684503
vn -0.32313001 -0.94074261 -0.10290936
vn -0.38386548 -0.91957241 -0.08386783
vn -0.80918235 -0.58736748 0.01494751
vn -0.80586237 -0.59134692 0.02991151
vn 0.79738635 -0.46452874 0.38521165
vn 0.84369493 -0.41138199 0.34488219
vn 0.72925097 -0.60044175 0.32811999
vn 0.82707918 -0.43578935 0.35500380
vn -0.45389351 -0.49371389 0.74177307
vn -0.38291764 -0.53822052 0.75079471
vn -0.40996233 -0.54000688 0.73506695
vn -0.34662169 -0.67160249 0.65483087
vn -0.36436284 -0.58448875 0.72499150
vn -0.26757717 -0.84334123 0.46602359
vn 0.66903013 -0.70297027 -0.24131195
vn -0.04823647 -0.99677646 -0.06410891
vn 0.05570469 -0.99826342 0.01916168
vn 0.69014579 -0.68076533 -0.24547385
vn 0.28618371 -0.93394774 -0.21410383
vn 0.71013492 -0.62633348 -0.32158163
vn 0.70481569 -0.62321967 -0.33886895
vn 0.32564220 -0.91713738 -0.22981778
vn 0.72438490 -0.56432772 -0.39598078
vn 0.46747315 -0.83253872 -0.29723415
vn 0.02224058 -0.99823028 0.05515124
vn 0.13162224 -0.98258179 0.13118137
vn 0.13004072 -0.98307687 0.12903222
vn -0.27301300 -0.70649266 0.65294105
vn -0.10329453 -0.97073740 0.21679294
vn -0.28946635 -0.65683728 0.69625717
vn -0.19282693 -0.93991297 0.28174701
vn -0.19704147 -0.93097371 0.30734769
vn -0.30943027 -0.64024174 0.70309561
vn -0.29222110 -0.64344096 0.70752424
vn 0.74755663 -0.51154572 -0.42365083
vn 0.73651111 -0.46956357 -0.48688951
vn 0.65226305 -0.65271693 -0.38537455
vn 0.73232627 -0.51761776 -0.44245911
vn 0.38013622 -0.45160130 0.80718815
vn 0.42367941 -0.50633430 0.75108010
vn 0.38676983 -0.47127047 0.79266214
vn 0.37272784 -0.63327181 0.67826301
vn 0.39985040 -0.53067040 0.74733430
vn 0.27096936 -0.79140705 0.54795116
vn 0.09416911 -0.68228799 -0.72499329
vn -0.09353175 -0.99530083 0.02506204
vn -0.06561047 -0.99234486 -0.10462761
vn 0.10057306 -0.65903324 -0.74535918
vn -0.06789090 -0.95576483 -0.28618944
vn 0.04157282 -0.60031283 -0.79868406
vn 0.02975207 -0.59634763 -0.80217475
vn -0.05065387 -0.92154932 -0.38494283
vn -0.00517389 -0.54833245 -0.83624440
vn -0.02894494 -0.78833479 -0.61456525
vn 0.01857028 -0.99982333 -0.00291675
vn 0.15300877 -0.98322821 -0.09924997
vn 0.18331373 -0.98302889 0.00708788
vn 0.01866011 -0.99982029 -0.00333782
vn 0.38636678 -0.65987730 0.64442426
vn 0.01052650 -0.99378836 0.11078744
vn 0.01731874 -0.99251527 0.12088631
vn 0.41704404 -0.59776819 0.68465132
vn 0.08248534 -0.95312041 0.29113173
vn 0.13803636 -0.92551303 0.35266355
vn 0.41482422 -0.58049768 0.70067346
vn 0.42377102 -0.58436656 0.69205046
vn 0.00823996 -0.51668584 -0.85613543
vn -0.04987297 -0.47124380 -0.88059181
vn -0.00462330 -0.63244027 -0.77459532
vn -0.03804240 -0.48982528 -0.87099022
vn 0.90220916 -0.41495478 0.11760608
vn 0.88101059 -0.46974072 0.05624956
vn 0.89469510 -0.43378347 0.10654844
vn 0.78545082 -0.61306685 0.08494742
vn 0.89456236 -0.43534181 0.10117179
vn 0.56792945 -0.81142879 0.13798362
vn -0.77299255 -0.51819181 -0.36600512
vn -0.78994912 -0.50761533 -0.34395799
vn -0.68929809 -0.70312881 -0.17457968
vn -0.84785002 -0.41678166 -0.32778561
vn -0.03241050 -0.99910593 -0.02714663
vn 0.02153976 -0.95599544 -0.29258972
vn 0.82761741 -0.55896503 0.05106363
vn 0.88356894 -0.45632750 0.10521931
vn 0.88356894 -0.45632750 0.10521930
vn -0.85441244 -0.39836037 -0.33359918
vn -0.85534400 -0.39507326 -0.33511758
vn -0.83556974 -0.45505631 -0.30780995
vn -0.85285652 -0.40153816 -0.33377075
vn 0.21091163 -0.60170972 -0.77036464
vn 0.19387577 -0.64593273 -0.73836511
vn 0.16196369 -0.61344278 -0.77295262
vn 0.22408347 -0.47282156 -0.85218918
vn 0.18660174 -0.65242201 -0.73452383
vn -0.74877042 -0.57211530 0.33470425
vn -0.77543765 -0.56547594 0.28095081
vn -0.75032830 -0.57196373 0.33145878
vn -0.74430710 -0.58221346 0.32716107
vn -0.74430716 -0.58221346 0.32716107
vn 0.67970639 0.57791150 -0.45168296
vn 0.63968110 0.57464218 -0.51048452
vn 0.52013791 0.57092339 -0.63521886
vn 0.46323726 0.56743133 -0.68075907
vn 0.60068750 0.68365860 0.41447002
vn 0.68305457 0.61873484 0.38807684
vn 0.71760452 0.64521599 0.26218325
vn 0.68600166 0.71602386 0.12927321
vn 0.73966926 0.67295945 0.00386620
vn 0.66493291 0.74650514 -0.02437841
vn -0.11011120 0.55644137 0.82355845
vn -0.06365014 0.36901072 0.92724311
vn 0.15434408 0.43419409 0.88749838
vn 0.31071669 0.43460664 0.84532374
vn 0.51155436 0.37577251 0.77272713
vn 0.50782490 0.54970443 0.66327894
vn -0.72898799 0.40184790 0.55416131
vn -0.76519209 0.42126456 0.48684415
vn -0.54317611 0.41986352 0.72709996
vn -0.46662012 0.44535708 0.76414835
vn 0.05512028 0.57458287 -0.81658816
vn 0.01012682 0.45500678 -0.89043039
vn -0.37362188 0.60343188 -0.70446903
vn -0.60509485 0.64937258 -0.46062505
vn -0.69949436 0.60463440 -0.38095263
vn -0.73663634 0.58413267 -0.34081650
vn -0.82503647 0.55872613 -0.08449792
vn -0.81493211 0.57847518 -0.03538516
vn -0.78757572 0.61210257 0.07109799
vn -0.23606910 -0.29896119 -0.92460454
vn -0.24900500 -0.19968154 -0.94769394
vn -0.04146581 -0.07055876 -0.99664539
vn -0.49670610 -0.39721781 -0.77168715
vn -0.54051858 -0.26698768 -0.79784536
vn 0.04548576 -0.21209669 -0.97618955
vn -0.19454467 -0.30527830 -0.93217891
vn -0.44777709 -0.44333979 -0.77649564
vn -0.33131269 0.65631926 0.67784727
vn -0.34218144 0.46510664 0.81644821
vn -0.38923010 0.68748063 0.61308259
vn -0.04807165 0.66690433 0.74359113
vn 0.03788181 0.69916570 0.71395540
vn -0.11252584 0.48207355 0.86887455
vn 0.33502084 0.56210709 0.75617242
vn 0.44369563 0.50761402 0.73855412
vn 0.54311740 0.42028171 0.72690219
vn 0.72420591 0.42643479 0.54192173
vn 0.73674715 0.51670611 0.43614042
vn 0.75415266 0.57150543 0.32347384
vn 0.77692246 0.61382192 0.14005055
vn 0.89270455 0.44599164 0.06457631
vn 0.89891595 0.43072927 -0.08013986
vn 0.82195807 0.42735204 -0.37650383
vn 0.74544531 0.45048413 -0.49129969
vn 0.61354846 0.60561854 -0.50673908
vn 0.20778540 0.66022581 -0.72175276
vn -0.84198755 0.36780342 -0.39468673
vn -0.02056441 -0.95919180 0.28200737
vn -0.00452740 -0.91275889 0.40847364
vn -0.01144532 -0.87895387 -0.47676948
vn -0.23071715 -0.87777197 -0.41986421
vn 0.29138067 -0.95609641 -0.03125710
vn 0.19686595 -0.97792274 0.07007807
vn -0.08762303 -0.98046839 -0.17607927
vn 0.01610931 -0.96176255 -0.27341053
vn -0.04863914 -0.96982783 0.23888962
vn 0.16315551 -0.96900439 0.18550135
vn 0.04562857 -0.99627918 0.07311536
vn -0.00895731 -0.99602997 0.08856682
vn -0.04128677 -0.99565738 -0.08343697
vn 0.00804400 -0.99445122 -0.10489059
vn 0.14098418 -0.98908365 -0.04285961
vn 0.17775044 -0.98130625 0.07377564
vn -0.16088828 -0.98692513 -0.00968497
vn -0.10768674 -0.98841614 -0.10694434
vn 0.06061741 -0.99463302 -0.08384924
vn -0.09043688 -0.99355119 0.06839024
vn -0.06156445 -0.99551237 -0.07186721
vn -0.01678278 -0.99446517 0.10371742
vn -0.16050662 0.96014112 -0.22883753
vn -0.16050661 0.96014112 -0.22883752
vn 0.06834450 0.97629839 0.20535447
vn 0.83995986 0.12280817 -0.52856940
vn 0.88584334 0.02862225 -0.46310076
vn 0.97712034 -0.08197503 -0.19625469
vn 0.97931069 -0.12169687 -0.16168021
vn 0.46583843 0.08468075 -0.88080853
vn 0.52924061 0.09018987 -0.84366471
vn 0.19014850 0.00011453 -0.98175532
vn 0.27246836 -0.04921205 -0.96090537
vn 0.02612436 -0.28001192 -0.95964098
vn 0.04964362 -0.37863150 -0.92421520
vn 0.35273895 -0.26824290 -0.89644909
vn 0.38209078 -0.36422011 -0.84932345
vn -0.49271420 -0.41434368 -0.76521373
vn -0.48572144 -0.32358238 -0.81201547
vn -0.72135103 -0.46087325 -0.51696092
vn -0.71636242 -0.37530723 -0.58819163
vn -0.65910351 -0.75176823 0.02066549
vn -0.72788227 -0.68542272 0.01957356
vn -0.67192996 -0.56772053 -0.47560862
vn -0.55016065 -0.74778771 -0.37166762
vn -0.30230245 -0.67086297 -0.67716771
vn -0.60859472 -0.70314431 0.36769632
vn -0.67987841 -0.63185221 0.37219366
vn -0.64649361 -0.72407842 -0.24032582
vn -0.71081811 -0.66394764 -0.23218772
vn -0.67480546 -0.62625045 -0.39044586
vn -0.61907047 -0.68051904 -0.39197645
vn -0.52329391 -0.67518818 0.51988882
vn -0.47371522 -0.72952628 0.49334094
vn -0.38834974 -0.70197678 0.59700340
vn -0.43331623 -0.65346515 0.62066120
vn -0.65180951 -0.69818527 0.29611093
vn -0.60057032 -0.76011831 0.24806355
vn -0.75191838 -0.65838981 0.03378713
vn -0.70110321 -0.71300089 -0.00916765
vn -0.23660038 -0.75706577 0.60899234
vn -0.27848631 -0.69384056 0.66410136
vn 0.05123692 -0.69743085 0.71481818
vn 0.01394332 -0.63562757 0.77186990
vn -0.42979577 -0.68999207 0.58239722
vn -0.40378270 -0.75339466 0.51899523
vn -0.65522176 -0.64172786 0.39858469
vn -0.62683403 -0.69890004 0.34440947
vn 0.09856758 -0.74834490 0.65594536
vn 0.09324766 -0.68894929 0.71878630
vn 0.39918455 -0.68329936 0.61135393
vn 0.39885214 -0.62868989 0.66758221
vn -0.11706253 -0.68153155 0.72236496
vn -0.13211167 -0.75605029 0.64104170
vn -0.45640808 -0.59746361 0.65933979
vn -0.46679902 -0.67319018 0.57350993
vn 0.42563775 -0.76377839 0.48525777
vn 0.45426276 -0.69243467 0.56051719
vn 0.67113942 -0.69692701 0.25271446
vn 0.70787960 -0.62461066 0.32979989
vn 0.30508521 -0.69291943 0.65328830
vn 0.05243106 -0.65508085 0.75373739
vn 0.01959451 -0.70690113 0.70704091
vn 0.65877622 -0.69102496 0.29748678
vn 0.71828735 -0.69571358 0.00677107
vn 0.76211333 -0.64645571 0.03575247
vn 0.86995900 -0.07076076 0.48802078
vn 0.67089140 -0.15652026 0.72484905
vn 0.61303520 -0.25564697 0.74755102
vn 0.99679029 -0.07564310 -0.02621463
vn 0.82748634 -0.26658881 -0.49416271
vn 0.90646493 -0.16884109 -0.38705820
vn 0.75130302 -0.48169792 0.45112181
vn 0.91191590 -0.27997950 0.30003485
vn -0.13200293 -0.13931090 -0.98141110
vn -0.31806040 -0.42123336 -0.84935272
vn 0.30595204 -0.32748565 0.89394993
vn 0.38908818 -0.22224745 0.89398909
vn 0.66142666 -0.23538333 -0.71211618
vn 0.49285993 -0.32667091 -0.80645841
vn -0.74386930 -0.50547123 0.43721539
vn -0.73756105 -0.43592095 0.51572925
vn 0.87581706 -0.47863114 0.06210268
vn 0.83806258 -0.54552174 -0.00756307
vn -0.74919349 -0.60696983 -0.26513532
vn -0.79625458 -0.55977583 -0.22941162
vn 0.30617642 -0.50961357 0.80408335
vn 0.33871576 -0.56420130 0.75295985
vn 0.67004436 -0.30167958 -0.67825508
vn 0.64883316 -0.21672240 -0.72941548
vn -0.88045168 -0.37368980 -0.29182312
vn -0.86571467 -0.45306504 -0.21276781
vn -0.06541742 -0.50728887 -0.85928959
vn -0.57964730 -0.51626939 0.63045615
vn -0.51843411 -0.58555681 0.62317681
vn -0.53079951 -0.54239661 -0.65119720
vn -0.57467115 -0.49731350 -0.64994800
vn -0.24660438 -0.56493294 0.78742433
vn -0.21128654 -0.60322481 0.76907599
vn -0.80187976 -0.57930082 0.14628540
vn -0.82657868 -0.53067672 0.18748300
vn 0.66377413 -0.49750659 0.55847210
vn 0.66269213 -0.54718018 0.51130515
vn -0.22298259 -0.60493147 0.76441920
vn -0.19846387 -0.56318408 0.80214447
vn 0.81001693 -0.54181921 -0.22428656
vn 0.77213919 -0.58472776 -0.24878597
vn -0.05330911 0.76034760 -0.64732498
vn -0.05962708 0.75755602 -0.65004116
vn 0.48615742 0.83971876 -0.24191612
vn 0.48740217 0.84355313 -0.22551562
vn -0.13760072 0.87817311 -0.45812452
vn -0.14600441 0.87564176 -0.46036318
vn 0.28661048 0.80186528 0.52427709
vn 0.28082821 0.79922491 0.53138977
vn 0.65350729 0.68840271 -0.31469023
vn 0.65545630 0.68255532 -0.32325718
vn 0.16777146 0.91475254 0.36753300
vn 0.16285107 0.91362786 0.37250987
vn 0.74362886 -0.37803978 -0.55145448
vn 0.50906128 -0.68108213 -0.52629244
vn 0.46212763 -0.58848566 -0.66341746
vn 0.60460103 -0.37424716 -0.70313340
vn 0.70049959 -0.68065268 0.21450463
vn 0.92105854 -0.37289071 0.11226620
vn 0.87356484 -0.36697525 0.31970862
vn 0.72773701 -0.58417159 0.35936382
vn 0.94146436 -0.22042048 -0.25506800
vn 0.85150582 -0.19516329 -0.48667151
vn 0.70934194 -0.12300155 -0.69404942
vn 0.98123664 -0.19280076 -0.00158952
vn 0.95899332 -0.11880922 0.25732505
vn 0.56398213 0.27485731 -0.77870250
vn 0.38046932 0.22545925 -0.89688975
vn 0.78210509 0.27466932 -0.55934638
vn 0.91584444 0.20598914 -0.34467012
vn 0.57637382 0.42451853 -0.69826728
vn 0.47653320 0.43024331 -0.76668561
vn 0.70151240 0.42798135 -0.56983536
vn 0.76592594 0.44152194 -0.46734986
vn 0.49288702 -0.42605034 -0.75864583
vn 0.43862233 -0.69430137 -0.57057518
vn 0.73415101 -0.35279435 -0.58013660
vn 0.67657411 -0.63293034 -0.37635973
vn 0.48046860 -0.19061179 -0.85604733
vn 0.71863782 -0.10134386 -0.68796009
vn -0.46868536 -0.09718543 -0.87800288
vn -0.68610793 -0.11997976 -0.71753800
vn -0.02915045 -0.05716944 -0.99793881
vn 0.24732648 -0.03130524 -0.96842635
vn -0.38498858 0.25122514 -0.88807076
vn -0.53143817 0.27580735 -0.80093926
vn -0.10152189 0.27622408 -0.95571625
vn 0.06892119 0.32246837 -0.94406784
vn -0.70199317 -0.52471042 -0.48154399
vn -0.48642969 -0.53851491 -0.68803191
vn -0.42229652 -0.68719953 -0.59111965
vn -0.58150005 -0.70878577 -0.39934993
vn -0.85013419 -0.13521317 -0.50890988
vn -0.84547716 -0.46241450 -0.26709768
vn -0.89793277 -0.03044272 -0.43907854
vn -0.69031149 -0.15181923 -0.70740438
vn -0.62949300 -0.09887587 -0.77068937
vn -0.49889043 -0.04727362 -0.86537480
vn -0.30565122 -0.53049642 -0.79066479
vn -0.89600378 -0.44334584 -0.02493345
vn -0.77771276 -0.44841313 -0.44055474
vn -0.87081718 -0.37225312 0.32109979
vn -0.97322398 -0.21434920 -0.08300310
vn -0.95816612 -0.12837893 0.25580573
vn -0.70313984 -0.43676791 0.56109548
vn -0.62066776 -0.41187194 0.66718292
vn -0.89691305 -0.40333101 -0.18130390
vn -0.87089562 -0.35740688 -0.33734426
vn -0.80719596 -0.20227964 0.55454272
vn -0.72719693 -0.18924332 0.65982693
vn -0.97925735 -0.15784986 -0.12703738
vn -0.95638591 -0.10763835 -0.27155098
vn -0.41234797 -0.47718793 0.77605468
vn -0.15431227 -0.41921008 0.89467907
vn -0.76252127 -0.48274177 0.43072230
vn -0.87418765 -0.44242927 0.20013073
vn -0.56938690 -0.05442351 0.82026619
vn -0.39950061 0.00738281 0.91670322
vn -0.81251889 -0.06746177 0.57901812
vn -0.90343040 -0.02158042 0.42819124
vn 0.04803991 -0.42870867 0.90216464
vn 0.34763509 -0.35296118 0.86865890
vn -0.47941554 -0.43392816 0.76280212
vn -0.70937473 -0.37168905 0.59886122
vn -0.01163913 -0.19173813 0.98137712
vn 0.27867928 -0.09662850 0.95551074
vn -0.47119451 -0.20314074 0.85831785
vn -0.69794589 -0.12640572 0.70490646
vn 0.50015622 -0.43931690 0.74622011
vn 0.75389004 -0.36398605 0.54695886
vn -0.06107567 -0.42573807 0.90278286
vn -0.38157940 -0.33362079 0.86202919
vn 0.44993177 0.06097087 0.89097923
vn 0.63555300 0.14007337 0.75924420
vn 0.05528545 0.07325482 0.99577969
vn -0.16885403 0.16097769 0.97240657
vn 0.78569019 -0.44853011 0.42604181
vn 0.90245312 -0.39044797 0.18201312
vn 0.43425038 -0.45065016 0.77996218
vn 0.20289624 -0.40135878 0.89316529
vn 0.82907140 -0.22445688 0.51211298
vn 0.94785208 -0.14775740 0.28239006
vn 0.51722085 -0.23277399 0.82358903
vn 0.29886416 -0.16973314 0.93907982
vn 0.98623341 0.16378272 0.02277842
vn 0.95202059 0.13661706 -0.27384770
vn 0.87984490 0.15069941 0.45073563
vn 0.74185896 0.10507187 0.66227269
vn 0.88299817 0.46201846 0.08278418
vn 0.87114555 0.48002544 -0.10334915
vn 0.81687152 0.45215219 0.35816100
vn 0.73805815 0.46113735 0.49256730
vn 0.84862638 0.43642691 -0.29893959
vn 0.60141456 0.56374043 -0.56612480
vn 0.57631087 0.56266987 -0.59267896
vn 0.32511452 0.42181796 -0.84638655
vn 0.99325681 0.11509904 0.01389775
vn 0.08188868 0.15071422 -0.98517990
vn 0.62363422 0.45175549 0.63796341
vn 0.81667238 0.47579640 -0.32659456
vn 0.52654243 0.05722772 0.84822053
vn 0.80487198 0.09420920 -0.58592296
vn -0.38331494 0.25233653 0.88847953
vn 0.78483021 0.22327162 0.57809281
vn -0.65995705 -0.19481538 0.72560567
vn 0.92723203 -0.24048959 0.28706363
vn -0.96739590 0.02654003 0.25187460
vn -0.20299986 0.07581152 0.97623956
vn -0.92952979 -0.36529830 -0.05031461
vn 0.12166882 -0.31553710 0.94108081
vn 0.25614521 0.36376169 -0.89558196
vn -0.67885315 0.29410675 -0.67279989
vn 0.52288377 0.01449762 -0.85228068
vn -0.86705279 -0.11481830 -0.48480535
vn -0.63256949 0.56685114 -0.52776468
vn -0.72244310 0.53075254 -0.44314522
vn -0.77006549 0.50069320 -0.39535490
vn -0.89099789 0.45080265 -0.05384944
vn -0.87944156 0.47589740 0.01020700
vn -0.85386586 0.50451887 0.12796006
vn -0.76798838 -0.27363691 0.57906538
vn -0.85568583 -0.04589376 0.51545662
vn -0.81482035 0.56718683 -0.11986192
vn -0.85642207 0.51575589 -0.02317521
vn -0.87783641 0.47782382 0.03297929
vn -0.88083130 0.47279647 0.02448998
vn -0.82200056 0.41005635 0.39518207
vn -0.82177997 0.41045827 0.39522362
vn -0.78751951 0.42662266 0.44475403
vn -0.68197519 0.54864585 0.48362955
vn -0.76329869 -0.24456742 -0.59796476
vn -0.84736496 -0.00381913 -0.53099722
vn -0.42514044 -0.35421440 0.83293921
vn -0.52972180 -0.16041042 0.83286452
vn -0.51309657 0.54270828 0.66498095
vn -0.44720197 0.49436572 0.74539447
vn -0.29970226 0.37470865 0.87736648
vn -0.36957765 0.42896718 0.82425696
vn -0.17566399 0.38270360 0.90701717
vn -0.08695167 0.43794790 0.89478546
vn 0.03057911 0.50399035 0.86316782
vn 0.14606595 0.54940480 0.82269013
vn -0.88086253 -0.27091023 0.38818660
vn -0.86823183 -0.03429640 0.49497193
vn 0.61210340 -0.23326592 0.75559014
vn 0.53996068 0.01485469 0.84155911
vn 0.36674908 0.48886526 0.79152125
vn 0.45584229 0.42726460 0.78080267
vn 0.62875491 0.30888459 0.71362281
vn 0.55552608 0.35597521 0.75144690
vn 0.71496135 0.31215405 0.62561178
vn 0.75365311 0.35355154 0.55408329
vn 0.79295522 0.42044103 0.44096640
vn 0.81647646 0.47451502 0.32894024
vn -0.04062195 -0.31687981 0.94759542
vn 0.06120486 -0.08909564 0.99414080
vn 0.95345676 -0.29252645 -0.07313358
vn 0.99806029 -0.05091894 0.03581749
vn 0.82195932 0.55716044 0.11813172
vn 0.85973740 0.51037991 0.01907816
vn 0.88719022 0.39500660 -0.23846029
vn 0.89036983 0.44698375 -0.08629659
vn 0.82233047 0.43184248 -0.37051943
vn 0.74386686 0.48810753 -0.45652291
vn 0.65649676 0.52788562 -0.53884023
vn 0.62347448 -0.47526795 0.62080592
vn 0.77415705 -0.26462540 0.57502550
vn 0.85872591 -0.02557100 0.51179671
vn 0.39913449 -0.27569020 -0.87446362
vn 0.25045437 -0.48590499 -0.83735830
vn 0.50511372 -0.03039056 -0.86251754
vn 0.51585335 0.56612825 -0.64295733
vn 0.44620943 0.52098674 -0.72764689
vn 0.36900905 0.45535529 -0.81023693
vn 0.85127705 -0.50260627 -0.15071280
vn 0.90600663 -0.23779863 -0.35014829
vn 0.88972211 0.00205078 -0.45649797
vn -0.46871063 0.45410576 -0.75769275
vn -0.53137219 0.37899673 -0.75763124
vn -0.39369771 0.01653028 -0.91909134
vn -0.64731431 0.25813481 -0.71718240
vn -0.61475873 0.31198278 -0.72438830
vn -0.94529229 0.05301273 -0.32188833
vn -0.10393386 -0.49810216 -0.86086702
vn -0.90656656 -0.41630259 -0.06949288
vn 0.58898598 -0.78203154 0.20376998
vn 0.61734474 -0.69278616 0.37273699
vn 0.57590866 -0.74275857 0.34152448
vn 0.41942933 -0.78364247 -0.45823961
vn 0.34175140 -0.74833816 -0.56850326
vn 0.37101141 -0.69324917 -0.61786419
vn 0.45246765 -0.84473330 0.28582975
vn 0.25912929 -0.85074335 -0.45726112
vn 0.29657838 -0.93049872 0.21497297
vn 0.15971385 -0.93297565 -0.32256454
vn 0.89464176 -0.14262389 -0.42340830
vn 0.97628397 -0.20136143 -0.07951862
vn 0.44854748 -0.12664762 -0.88474035
vn 0.05891234 -0.19228528 -0.97956914
vn 0.74840134 -0.58222109 -0.31766972
vn 0.72051471 -0.68707514 0.09373543
vn -0.04043252 -0.64792383 -0.76063126
vn 0.43861297 -0.89246082 -0.10550996
vn 0.36152783 -0.90916944 0.20666051
vn -0.09136142 -0.94305581 -0.31984195
vn -0.17146988 -0.90041739 -0.39980826
vn 0.38546067 -0.80137914 -0.45739645
vn 0.60192597 -0.74572539 -0.28561994
vn 0.30945408 -0.88865113 -0.33843371
vn 0.48667008 -0.85326397 -0.18733072
vn 0.22258891 -0.95345098 -0.20343402
vn 0.32679245 -0.94325829 -0.05891055
vn 0.06389546 -0.53003550 -0.84556472
vn 0.38142735 -0.51434779 -0.76808822
vn -0.46436584 -0.55874646 -0.68714392
vn -0.67525452 -0.58915871 -0.44376042
vn 0.35149941 -0.73418784 -0.58087558
vn -0.55081958 -0.78051907 -0.29561421
vn 0.18050475 -0.92281628 -0.34033534
vn 0.28801677 -0.89835018 -0.33168244
vn -0.29965356 -0.93738627 -0.17752382
vn -0.38289255 -0.91546750 -0.12374371
vn -0.38198298 -0.72679871 -0.57083505
vn -0.20141515 -0.64219224 -0.73960871
vn -0.15172666 -0.74156237 -0.65350157
vn -0.56615436 -0.82351959 0.03584314
vn -0.46363008 -0.82089752 -0.33342829
vn -0.23138037 -0.76322895 -0.60327828
vn -0.51350373 -0.78415966 0.34843579
vn -0.41678357 -0.90794307 0.04394117
vn -0.33261150 -0.90744400 -0.25673914
vn -0.10675999 -0.87706363 -0.46836066
vn -0.34705505 -0.88547748 0.30900234
vn -0.20703235 -0.97670776 0.05638788
vn -0.14448735 -0.97749323 -0.15372191
vn 0.04462966 -0.95784104 -0.28381112
vn -0.13117574 -0.96028012 0.24628232
vn -0.58551300 -0.78080457 -0.21798809
vn -0.57645768 -0.73476183 -0.35752147
vn -0.42324036 -0.79202223 0.43996406
vn -0.35647577 -0.75649983 0.54830015
vn -0.46813300 -0.86636651 -0.17395549
vn -0.45032731 -0.84285474 -0.29462048
vn -0.33182618 -0.87244409 0.35879338
vn -0.27433294 -0.85411739 0.44184259
vn -0.32900727 -0.93574488 -0.12702635
vn -0.28358898 -0.93586624 -0.20912112
vn -0.22515380 -0.93656945 0.26859537
vn -0.16943607 -0.93839633 0.30117053
vn -0.53207511 -0.82103705 0.20686772
vn -0.62246829 -0.78206354 -0.03016403
vn -0.19096091 -0.82175916 0.53688532
vn 0.07371282 -0.77663338 0.62562531
vn -0.45772067 -0.88526618 -0.08243555
vn 0.11644983 -0.88330626 0.45410293
vn -0.21597168 -0.97476834 -0.05641684
vn -0.24550651 -0.95974106 -0.13646851
vn 0.08488772 -0.97445792 0.20790812
vn 0.16110392 -0.95987713 0.22952440
vn -0.58133954 -0.74958879 0.31648222
vn 0.36780795 -0.74063909 0.56229085
vn -0.37718228 -0.87672651 0.29846972
vn -0.47258225 -0.85064280 0.23037542
vn 0.18353425 -0.87871075 0.44066158
vn 0.30381301 -0.85183853 0.42669523
vn -0.27008304 -0.94416827 0.18868351
vn -0.33180913 -0.93537056 0.12241141
vn 0.15341067 -0.94577700 0.28630587
vn 0.22505373 -0.93960726 0.25785467
vn -0.14503360 -0.83525270 0.53039438
vn -0.45638624 -0.76161122 0.46006519
vn 0.38292187 -0.84084952 0.38254797
vn 0.60633188 -0.77880561 0.16069669
vn -0.15100150 -0.93675190 0.31574416
vn -0.41630149 -0.87704021 0.23977821
vn 0.28310823 -0.93880773 0.19618826
vn 0.46509135 -0.88524729 -0.00521964
vn -0.34955737 -0.93687695 0.00843670
vn 0.30092999 -0.93907565 -0.16606647
vn 0.13150397 -0.78905410 0.60008365
vn 0.02227151 -0.75213051 0.65863776
vn 0.59996039 -0.78884172 0.13332778
vn 0.66423172 -0.74743408 0.01177053
vn 0.10268987 -0.86986160 0.48248899
vn 0.00513847 -0.84913743 0.52814698
vn 0.47897363 -0.87232482 0.09815146
vn 0.52409571 -0.85165936 0.00019314
vn 0.06840961 -0.93601859 0.34523803
vn -0.01423738 -0.93512273 0.35403785
vn 0.34329826 -0.93775517 0.05254993
vn 0.34341940 -0.93906873 -0.01459691
vn 0.55642235 -0.41690081 0.71874046
vn 0.74934244 -0.43526793 -0.49902681
vn 0.40168741 -0.68894041 0.60333103
vn 0.54455894 -0.70985681 -0.44672009
vn 0.19628324 -0.88566655 0.42079410
vn 0.28485191 -0.89241588 -0.34993321
vn 0.94104904 0.20017166 0.27268675
vn 0.92616141 0.34756705 0.14636339
vn 0.94493008 0.32678777 0.01780118
vn 0.92412657 0.38134429 -0.02380436
vn 0.97743702 0.16132504 0.13634905
vn 0.97455204 0.03214710 0.22184421
vn 0.55733097 -0.69755614 0.45033059
vn 0.63067907 -0.59651375 0.49640229
vn 0.28143790 -0.84700322 0.45097473
vn -0.38671896 -0.92217427 -0.00656041
vn -0.26762301 -0.96346921 0.01024826
vn -0.41493493 -0.84718603 -0.33182049
vn -0.20738836 -0.97785878 -0.02796967
vn 0.00137307 -0.97369897 0.22783427
vn 0.06380723 0.30162382 -0.95128947
vn -0.38878804 -0.66429543 -0.63840067
vn 0.28137842 -0.45751116 0.84351039
vn 0.15242217 -0.68789965 0.70962071
vn -0.00351144 -0.86631674 0.49948272
vn -0.06663319 -0.92932636 -0.36319768
vn 0.01375464 -0.98157650 -0.19057389
vn 0.11134230 -0.82811391 -0.54939079
vn 0.43764201 -0.44019935 -0.78402424
vn 0.28348085 -0.66031665 -0.69542831
vn -0.72052079 -0.60439706 0.33993232
vn -0.65051556 -0.74542171 0.14551961
vn -0.53033638 -0.84559458 -0.06093540
vn 0.20857725 -0.88998699 -0.40548572
vn 0.12005786 -0.94070315 -0.31727535
vn 0.42793357 -0.84862787 -0.31097198
vn 0.10198927 -0.96296227 -0.24960351
vn -0.21007261 -0.96382189 -0.16406377
vn -0.26349232 -0.93940741 -0.21928401
vn -0.38176611 -0.88808155 -0.25605819
vn 0.76898783 -0.63460863 -0.07700398
vn 0.61710232 -0.76066613 -0.20142440
vn -0.67620724 -0.68656510 -0.26715562
vn -0.51688963 -0.80671734 -0.28641281
vn -0.29366538 -0.91173440 -0.28722998
vn 0.32635149 -0.90758395 0.26417059
vn 0.13224594 -0.98733604 0.08762722
vn -0.09381212 -0.98987973 -0.10647713
vn 0.34086996 -0.65713924 0.67229140
vn 0.34597969 -0.79254454 0.50216657
vn 0.65633172 -0.44328779 -0.61051172
vn 0.59532827 -0.66417927 -0.45216161
vn 0.47982296 -0.84310204 -0.24279390
vn -0.27690065 -0.94979346 0.14566557
vn -0.19244340 -0.97984201 0.05362027
vn -0.49502161 -0.86788464 0.04159193
vn -0.17366509 -0.98468190 -0.01555401
vn 0.14841108 -0.98120791 -0.12330920
vn 0.20108362 -0.97775286 -0.05970487
vn 0.31873551 -0.94773203 -0.01454739
vn -0.80970407 -0.56409812 -0.16177972
vn -0.67735767 -0.73292249 -0.06333438
vn -0.01363216 -0.62401825 -0.78129083
vn 0.07992073 -0.77569640 -0.62602538
vn 0.18009759 -0.90033144 -0.39619201
vn -0.09138314 -0.91084683 0.40250114
vn -0.43887019 -0.67786592 0.58982259
vn -0.29032356 -0.80250716 0.52124321
vn -0.50064081 -0.61544579 -0.60875714
vn -0.39760315 -0.75467789 -0.52189368
vn -0.23889025 -0.89702833 -0.37184891
vn -0.01021596 -0.97267795 0.23193367
vn -0.06693354 -0.98365444 0.16716398
vn -0.07259277 -0.90909129 0.41022348
vn -0.13591662 -0.97230703 0.19012037
vn -0.19436282 -0.97681236 -0.08978117
vn -0.12050632 -0.98514551 -0.12233775
vn -0.09864078 -0.97104692 -0.21757270
vn -0.20069689 -0.65977007 0.72417140
vn -0.14661081 -0.78188586 0.60593706
vn -0.75906974 -0.63549984 0.14125551
vn -0.64652801 -0.75765175 0.08924916
vn -0.47500107 -0.87980527 0.01779535
vn 0.26217064 -0.96189576 0.07760892
vn 0.17727059 -0.97603798 0.12619409
vn 0.40676346 -0.88444239 0.22870308
vn 0.13934125 -0.97141421 0.19219388
vn -0.19854668 -0.97425562 0.10679527
vn -0.21569242 -0.97587740 0.03376477
vn -0.28941727 -0.95570278 -0.05357051
vn 0.62714648 -0.60929185 0.48523271
vn 0.54209840 -0.74948275 0.38000646
vn -0.20187923 -0.65367013 0.72935599
vn -0.18881346 -0.77326286 0.60532141
vn -0.15773140 -0.90034491 0.40558586
vn 0.21125734 -0.97024322 -0.11831497
vn 0.20613904 -0.97789437 -0.03506178
vn 0.39253944 -0.90542209 -0.16162817
vn 0.25306237 -0.96724594 0.01986800
vn 0.03613852 -0.97041726 0.23871386
vn -0.02871105 -0.97852862 0.20410138
vn -0.12085028 -0.96788460 0.22044195
vn 0.73526084 -0.63829094 -0.22798282
vn 0.60235035 -0.77094066 -0.20694086
vn 0.50941521 -0.63136077 0.58470482
vn 0.53087914 -0.57453990 0.62295365
vn 0.41226736 -0.75637764 0.50786662
vn 0.27229095 -0.87935370 0.39063370
vn -0.00503051 -0.96372360 -0.26685485
vn 0.05679247 -0.98136830 -0.18355085
vn 0.05800654 -0.88594270 -0.46015304
vn 0.13336326 -0.98157752 0.13682045
vn 0.12257358 -0.96117139 0.24723516
vn 0.17653279 -0.57805830 -0.79667109
vn 0.16645065 -0.64062792 -0.74959326
vn 0.12086239 -0.76495296 -0.63264465
vn 0.78320557 -0.61462742 -0.09392635
vn 0.66387498 -0.74717033 -0.03172443
vn 0.44378027 -0.89323789 0.07200786
vn 0.12202368 -0.99172944 -0.03978679
vn 0.18950678 -0.97945547 0.06895002
vn 0.28463310 -0.94760984 0.14498119
vn 0.07009485 -0.69103050 -0.71941888
vn 0.08582149 -0.62194735 -0.77834195
vn -0.75890350 -0.42806983 -0.49073589
vn 0.16751945 -0.67548805 -0.71808988
vn 0.13946614 -0.64363557 -0.75251740
vn -0.17333953 -0.73621988 -0.65416640
vn -0.57447094 -0.71142000 -0.40480205
vn -0.79458803 -0.55236757 0.25203156
vn -0.75447369 -0.55430448 0.35144845
vn -0.81500584 -0.51572424 0.26418549
# 1798 vertex normals

vt 0.62589937 0.55726802 0.00000000
vt 0.66333759 0.51655555 0.00000000
vt 0.67733294 0.54158378 0.00000000
vt 0.67824876 0.57085711 0.00000000
vt 0.66553116 0.59606874 0.00000000
vt 0.62719327 0.55609101 0.00000000
vt 0.66587031 0.52015406 0.00000000
vt 0.67777210 0.54482442 0.00000000
vt 0.67682290 0.57239848 0.00000000
vt 0.66278404 0.59545940 0.00000000
vt 0.62574458 0.55733818 0.00000000
vt 0.66464525 0.52057356 0.00000000
vt 0.67745978 0.54477531 0.00000000
vt 0.67636371 0.57250458 0.00000000
vt 0.66222656 0.59625357 0.00000000
vt 0.62814474 0.55557632 0.00000000
vt 0.66475374 0.51515460 0.00000000
vt 0.67845130 0.53966397 0.00000000
vt 0.67953718 0.56829834 0.00000000
vt 0.66734076 0.59313822 0.00000000
vt 0.72214127 0.52774543 0.00000000
vt 0.69713962 0.47997177 0.00000000
vt 0.72410840 0.58311647 0.00000000
vt 0.70124167 0.63098162 0.00000000
vt 0.72160971 0.53512412 0.00000000
vt 0.70046198 0.48832619 0.00000000
vt 0.72031993 0.58648086 0.00000000
vt 0.69502807 0.63027775 0.00000000
vt 0.72316748 0.53344947 0.00000000
vt 0.69886720 0.48894182 0.00000000
vt 0.72024995 0.58552396 0.00000000
vt 0.69417554 0.63051623 0.00000000
vt 0.72208631 0.52615106 0.00000000
vt 0.69862992 0.47852913 0.00000000
vt 0.72435224 0.57991713 0.00000000
vt 0.70257342 0.62673366 0.00000000
vt 0.76271182 0.50648093 0.00000000
vt 0.72410268 0.44057000 0.00000000
vt 0.76996678 0.58598918 0.00000000
vt 0.73994100 0.65776485 0.00000000
vt 0.76150072 0.51871169 0.00000000
vt 0.72897249 0.45272344 0.00000000
vt 0.76385069 0.59105122 0.00000000
vt 0.72663212 0.66015553 0.00000000
vt 0.72675025 0.45813045 0.00000000
vt 0.77599496 0.51956397 0.00000000
vt 0.76384336 0.59003061 0.00000000
vt 0.72929925 0.65779865 0.00000000
vt 0.76120287 0.50660455 0.00000000
vt 0.72753030 0.43841743 0.00000000
vt 0.76859760 0.58245748 0.00000000
vt 0.74118310 0.65260631 0.00000000
vt 0.74233365 0.41681972 0.00000000
vt 0.80069155 0.51377314 0.00000000
vt 0.79825044 0.59144920 0.00000000
vt 0.76435101 0.69134909 0.00000000
vt 0.76162297 0.43232864 0.00000000
vt 0.79769105 0.49710900 0.00000000
vt 0.80123585 0.61941963 0.00000000
vt 0.80653697 0.60395277 0.00000000
vt 0.75410926 0.70309448 0.00000000
vt 0.77156818 0.40960246 0.00000000
vt 0.78993750 0.49335346 0.00000000
vt 0.80123895 0.60633272 0.00000000
vt 0.76503605 0.67139471 0.00000000
vt 0.84235305 0.40873659 0.00000000
vt 0.84606802 0.40659598 0.00000000
vt 0.85144341 0.41535908 0.00000000
vt 0.84851480 0.41846973 0.00000000
vt 0.95168895 0.54301953 0.00000000
vt 0.95295131 0.55045134 0.00000000
vt 0.95006537 0.55115837 0.00000000
vt 0.94867074 0.54260498 0.00000000
vt 0.89268351 0.41598988 0.00000000
vt 0.90364397 0.41171896 0.00000000
vt 0.90354544 0.41663599 0.00000000
vt 0.89389426 0.42426628 0.00000000
vt 0.83868521 0.41212705 0.00000000
vt 0.84989953 0.42382351 0.00000000
vt 0.84872633 0.42544055 0.00000000
vt 0.83720988 0.41333273 0.00000000
vt 0.93209302 0.57977688 0.00000000
vt 0.93062365 0.58397263 0.00000000
vt 0.92357385 0.58302039 0.00000000
vt 0.92541558 0.57643074 0.00000000
vt 0.84018427 0.69707948 0.00000000
vt 0.83940530 0.69818252 0.00000000
vt 0.83568710 0.69660574 0.00000000
vt 0.83732963 0.69388318 0.00000000
vt 0.89415467 0.39456931 0.00000000
vt 0.90535146 0.39084220 0.00000000
vt 0.90925348 0.40129235 0.00000000
vt 0.89922512 0.40709779 0.00000000
vt 0.87407887 0.53972661 0.00000000
vt 0.87567157 0.55571091 0.00000000
vt 0.87017393 0.54897511 0.00000000
vt 0.86993951 0.54714721 0.00000000
vt 0.90922523 0.69446427 0.00000000
vt 0.89626944 0.71922642 0.00000000
vt 0.89135492 0.70688838 0.00000000
vt 0.89561623 0.69635016 0.00000000
vt 0.33187801 0.82295060 0.00000000
vt 0.38025630 0.79847634 0.00000000
vt 0.39977074 0.84814328 0.00000000
vt 0.33678019 0.87927908 0.00000000
vt 0.42274848 0.76120973 0.00000000
vt 0.45508006 0.80260658 0.00000000
vt 0.45870394 0.71783203 0.00000000
vt 0.49946856 0.75380296 0.00000000
vt 0.48728907 0.66896760 0.00000000
vt 0.53612357 0.69753867 0.00000000
vt 0.50732279 0.61453724 0.00000000
vt 0.55488324 0.63433081 0.00000000
vt 0.52271557 0.55977422 0.00000000
vt 0.58856785 0.56625575 0.00000000
vt 0.51758343 0.50158751 0.00000000
vt 0.56976742 0.49918407 0.00000000
vt 0.50875098 0.44437376 0.00000000
vt 0.56163538 0.43245173 0.00000000
vt 0.49249995 0.38973755 0.00000000
vt 0.54469109 0.36708689 0.00000000
vt 0.46472684 0.34017968 0.00000000
vt 0.50939256 0.31013793 0.00000000
vt 0.42984816 0.29617232 0.00000000
vt 0.46649304 0.25944149 0.00000000
vt 0.38698506 0.26035547 0.00000000
vt 0.40930358 0.20967019 0.00000000
vt 0.35472554 0.75754213 0.00000000
vt 0.31802967 0.78205478 0.00000000
vt 0.38754815 0.72607875 0.00000000
vt 0.41583988 0.68898582 0.00000000
vt 0.43868881 0.64744771 0.00000000
vt 0.45525748 0.60242265 0.00000000
vt 0.46528322 0.55552673 0.00000000
vt 0.46526101 0.50755233 0.00000000
vt 0.45868501 0.45948511 0.00000000
vt 0.44539076 0.41333967 0.00000000
vt 0.42448303 0.37090415 0.00000000
vt 0.39690599 0.33335906 0.00000000
vt 0.36369962 0.30299538 0.00000000
vt 0.31066895 0.70834464 0.00000000
vt 0.28610528 0.73248386 0.00000000
vt 0.33303481 0.68131816 0.00000000
vt 0.35251415 0.65138876 0.00000000
vt 0.36842167 0.61888337 0.00000000
vt 0.38012737 0.58433783 0.00000000
vt 0.38710201 0.54844481 0.00000000
vt 0.38876104 0.51193780 0.00000000
vt 0.38544130 0.47544739 0.00000000
vt 0.37720320 0.43995166 0.00000000
vt 0.36402941 0.40644765 0.00000000
vt 0.34610373 0.37590861 0.00000000
vt 0.32378247 0.34958154 0.00000000
vt 0.26871824 0.68015194 0.00000000
vt 0.25061393 0.70529562 0.00000000
vt 0.28565827 0.65469527 0.00000000
vt 0.30063298 0.62825477 0.00000000
vt 0.31299576 0.60065401 0.00000000
vt 0.32222939 0.57200617 0.00000000
vt 0.32796028 0.54260230 0.00000000
vt 0.32997510 0.51282012 0.00000000
vt 0.32832426 0.48304391 0.00000000
vt 0.32311392 0.45367989 0.00000000
vt 0.31442937 0.42505533 0.00000000
vt 0.30218047 0.39739740 0.00000000
vt 0.28625262 0.37102026 0.00000000
vt 0.22405143 0.65759289 0.00000000
vt 0.21059296 0.68227839 0.00000000
vt 0.23744112 0.63348556 0.00000000
vt 0.24958292 0.60944092 0.00000000
vt 0.25972292 0.58519316 0.00000000
vt 0.26736450 0.56064534 0.00000000
vt 0.27220625 0.53582931 0.00000000
vt 0.27412415 0.51085907 0.00000000
vt 0.27317357 0.48587680 0.00000000
vt 0.26955602 0.46100643 0.00000000
vt 0.26360580 0.43627945 0.00000000
vt 0.25568634 0.41154164 0.00000000
vt 0.24528947 0.38637680 0.00000000
vt 0.19381925 0.64472616 0.00000000
vt 0.18121752 0.66918790 0.00000000
vt 0.20634361 0.62139761 0.00000000
vt 0.21764693 0.59872454 0.00000000
vt 0.22702301 0.57629007 0.00000000
vt 0.23404330 0.55386496 0.00000000
vt 0.23846102 0.53136110 0.00000000
vt 0.24018450 0.50877595 0.00000000
vt 0.23927341 0.48614103 0.00000000
vt 0.23592496 0.46346912 0.00000000
vt 0.23047841 0.44067499 0.00000000
vt 0.22348325 0.41745931 0.00000000
vt 0.21639314 0.39322591 0.00000000
vt 0.13904656 0.53835791 0.00000000
vt 0.14663726 0.55376613 0.00000000
vt 0.11322150 0.55977416 0.00000000
vt 0.11435293 0.54263490 0.00000000
vt 0.15829292 0.52230746 0.00000000
vt 0.17257079 0.53185618 0.00000000
vt 0.16693558 0.49878493 0.00000000
vt 0.18407497 0.49991593 0.00000000
vt 0.16265950 0.47409290 0.00000000
vt 0.17806849 0.46650332 0.00000000
vt 0.14661075 0.45484695 0.00000000
vt 0.15616122 0.44057012 0.00000000
vt 0.12308936 0.44620347 0.00000000
vt 0.12422270 0.42906421 0.00000000
vt 0.09839724 0.45047835 0.00000000
vt 0.09080978 0.43506834 0.00000000
vt 0.07915014 0.46652651 0.00000000
vt 0.06487453 0.45697436 0.00000000
vt 0.07050529 0.49004865 0.00000000
vt 0.05336620 0.48891383 0.00000000
vt 0.07477963 0.51474249 0.00000000
vt 0.05936968 0.52232969 0.00000000
vt 0.09082912 0.53399092 0.00000000
vt 0.08127815 0.54826730 0.00000000
vt 0.13190156 0.52352005 0.00000000
vt 0.11558473 0.52621233 0.00000000
vt 0.14468613 0.51303011 0.00000000
vt 0.15051299 0.49755368 0.00000000
vt 0.14782119 0.48123747 0.00000000
vt 0.13733217 0.46845317 0.00000000
vt 0.12185635 0.46262604 0.00000000
vt 0.10554019 0.46531737 0.00000000
vt 0.09275535 0.47580627 0.00000000
vt 0.08692755 0.49128255 0.00000000
vt 0.08961862 0.50759965 0.00000000
vt 0.10010791 0.52038503 0.00000000
vt 0.12516496 0.50895274 0.00000000
vt 0.11703463 0.51022822 0.00000000
vt 0.13156831 0.50378299 0.00000000
vt 0.13452898 0.49610427 0.00000000
vt 0.13325371 0.48797405 0.00000000
vt 0.12808427 0.48157078 0.00000000
vt 0.12040576 0.47861010 0.00000000
vt 0.11227559 0.47988531 0.00000000
vt 0.10587215 0.48505482 0.00000000
vt 0.10291126 0.49273354 0.00000000
vt 0.10418639 0.50086397 0.00000000
vt 0.10935590 0.50726753 0.00000000
vt 0.11872003 0.49441916 0.00000000
vt 0.88357627 0.51975214 0.00000000
vt 0.88216144 0.58033711 0.00000000
vt 0.84536159 0.48296285 0.00000000
vt 0.88714492 0.45594785 0.00000000
vt 0.90967208 0.48783824 0.00000000
vt 0.89273834 0.50015849 0.00000000
vt 0.47402275 0.86823577 0.00000000
vt 0.43291691 0.87018001 0.00000000
vt 0.84769726 0.61643171 0.00000000
vt 0.89422286 0.59881252 0.00000000
vt 0.91009599 0.60936391 0.00000000
vt 0.89092630 0.63635570 0.00000000
vt 0.94798023 0.51467609 0.00000000
vt 0.93700588 0.51676667 0.00000000
vt 0.43377519 0.91143298 0.00000000
vt 0.47211897 0.91118193 0.00000000
vt 0.93682766 0.57809573 0.00000000
vt 0.95193785 0.58074027 0.00000000
vt 0.85954690 0.64471185 0.00000000
vt 0.83702147 0.70175928 0.00000000
vt 0.85253394 0.60057199 0.00000000
vt 0.90167719 0.59019482 0.00000000
vt 0.90126699 0.62395751 0.00000000
vt 0.87883198 0.63183707 0.00000000
vt 0.43980613 0.20204139 0.00000000
vt 0.48109853 0.20681918 0.00000000
vt 0.79406112 0.72039896 0.00000000
vt 0.83604461 0.72727084 0.00000000
vt 0.83452761 0.75724769 0.00000000
vt 0.78763562 0.76830876 0.00000000
vt 0.87559181 0.67149776 0.00000000
vt 0.86208379 0.70330018 0.00000000
vt 0.91821128 0.66729641 0.00000000
vt 0.89992571 0.66251415 0.00000000
vt 0.44823974 0.14655596 0.00000000
vt 0.46730447 0.14650065 0.00000000
vt 0.86500943 0.72465521 0.00000000
vt 0.88105613 0.74073726 0.00000000
vt 0.83109879 0.40154549 0.00000000
vt 0.85977286 0.45249274 0.00000000
vt 0.78815478 0.37909642 0.00000000
vt 0.78956002 0.33012965 0.00000000
vt 0.83353031 0.34697250 0.00000000
vt 0.83234799 0.37601742 0.00000000
vt 0.55472767 0.28585774 0.00000000
vt 0.58182204 0.32186222 0.00000000
vt 0.84638053 0.49733862 0.00000000
vt 0.87581694 0.46711037 0.00000000
vt 0.89956582 0.47582385 0.00000000
vt 0.89663965 0.50528026 0.00000000
vt 0.86961824 0.39690122 0.00000000
vt 0.88159227 0.42459595 0.00000000
vt 0.87504518 0.36397693 0.00000000
vt 0.86801142 0.37590137 0.00000000
vt 0.59459555 0.26645225 0.00000000
vt 0.60919774 0.28340793 0.00000000
vt 0.89678848 0.43844852 0.00000000
vt 0.91077268 0.44011804 0.00000000
vt 0.83799845 0.50025386 0.00000000
vt 0.88758641 0.54406649 0.00000000
vt 0.87424743 0.59321320 0.00000000
vt 0.85998768 0.48924729 0.00000000
vt 0.90608376 0.46802706 0.00000000
vt 0.93374145 0.51209623 0.00000000
vt 0.90109766 0.52698642 0.00000000
vt 0.61868358 0.42902315 0.00000000
vt 0.62476432 0.47288421 0.00000000
vt 0.83604521 0.62595612 0.00000000
vt 0.88137627 0.61390007 0.00000000
vt 0.90347284 0.63585794 0.00000000
vt 0.87820309 0.65528667 0.00000000
vt 0.93111616 0.54123133 0.00000000
vt 0.91980708 0.54349488 0.00000000
vt 0.65054709 0.43250972 0.00000000
vt 0.65457159 0.45188192 0.00000000
vt 0.90196651 0.60745561 0.00000000
vt 0.91304702 0.61524445 0.00000000
vt 0.80967772 0.42950892 0.00000000
vt 0.84172046 0.48660064 0.00000000
vt 0.78536785 0.39686054 0.00000000
vt 0.78510845 0.35118973 0.00000000
vt 0.82882404 0.36137539 0.00000000
vt 0.80943549 0.39949191 0.00000000
vt 0.57463074 0.74329454 0.00000000
vt 0.54389381 0.77393025 0.00000000
vt 0.85000461 0.51707506 0.00000000
vt 0.86265004 0.50021100 0.00000000
vt 0.90643013 0.49933243 0.00000000
vt 0.89621812 0.53196245 0.00000000
vt 0.86352229 0.42121744 0.00000000
vt 0.87421566 0.44640899 0.00000000
vt 0.87784773 0.38082302 0.00000000
vt 0.86697888 0.39318025 0.00000000
vt 0.60410273 0.79318374 0.00000000
vt 0.58888686 0.80429137 0.00000000
vt 0.89704221 0.45745355 0.00000000
vt 0.91571164 0.45363319 0.00000000
vt 0.84943318 0.66281044 0.00000000
vt 0.81377167 0.71180606 0.00000000
vt 0.76177871 0.69463533 0.00000000
vt 0.84745270 0.61437303 0.00000000
vt 0.89406693 0.60453904 0.00000000
vt 0.89297533 0.64628339 0.00000000
vt 0.87014145 0.65163040 0.00000000
vt 0.59774387 0.59653610 0.00000000
vt 0.60286182 0.63767874 0.00000000
vt 0.77210635 0.72750390 0.00000000
vt 0.81137633 0.73663449 0.00000000
vt 0.81379688 0.76289356 0.00000000
vt 0.76116008 0.77239239 0.00000000
vt 0.86438197 0.70208263 0.00000000
vt 0.85761887 0.70890868 0.00000000
vt 0.89757180 0.69007123 0.00000000
vt 0.89070094 0.69043380 0.00000000
vt 0.65775883 0.62153214 0.00000000
vt 0.85724807 0.74096715 0.00000000
vt 0.85940880 0.74742019 0.00000000
vt 0.75796813 0.42351028 0.00000000
vt 0.82082462 0.42466417 0.00000000
vt 0.83903283 0.44249800 0.00000000
vt 0.78184050 0.40108827 0.00000000
vt 0.79166961 0.35630590 0.00000000
vt 0.81391931 0.40135536 0.00000000
vt 0.81341559 0.40359694 0.00000000
vt 0.61012685 0.51867330 0.00000000
vt 0.61053824 0.52994680 0.00000000
vt 0.85764772 0.45267710 0.00000000
vt 0.86035669 0.45176685 0.00000000
vt 0.84902978 0.66133827 0.00000000
vt 0.84405410 0.66004711 0.00000000
vt 0.58662421 0.37085634 0.00000000
vt 0.59674644 0.38745171 0.00000000
vt 0.77853739 0.72417200 0.00000000
vt 0.80986494 0.71693689 0.00000000
vt 0.81272006 0.72239041 0.00000000
vt 0.79908091 0.76780832 0.00000000
vt 0.83951640 0.54040408 0.00000000
vt 0.84226048 0.55952209 0.00000000
vt 0.86692703 0.51606613 0.00000000
vt 0.86095530 0.51670265 0.00000000
vt 0.50512528 0.24671030 0.00000000
vt 0.52143568 0.25796032 0.00000000
vt 0.86570615 0.58057261 0.00000000
vt 0.87164688 0.58068901 0.00000000
vt 0.82338846 0.41927594 0.00000000
vt 0.83616877 0.43391302 0.00000000
vt 0.82231724 0.39576149 0.00000000
vt 0.78434825 0.38880849 0.00000000
vt 0.79821622 0.34465608 0.00000000
vt 0.82292408 0.39566457 0.00000000
vt 0.38758281 0.90186262 0.00000000
vt 0.37603003 0.90097612 0.00000000
vt 0.85231519 0.44529626 0.00000000
vt 0.85187751 0.44553334 0.00000000
vt 0.85466707 0.67224473 0.00000000
vt 0.85027605 0.69421560 0.00000000
vt 0.86605287 0.65994930 0.00000000
vt 0.53426898 0.82609403 0.00000000
vt 0.52118808 0.83365417 0.00000000
vt 0.51134920 0.83345681 0.00000000
vt 0.50029361 0.82905352 0.00000000
vt 0.45722884 0.80500996 0.00000000
vt 0.80880272 0.76422602 0.00000000
vt 0.79520643 0.72064739 0.00000000
vt 0.86045188 0.71378988 0.00000000
vt 0.82876754 0.53562975 0.00000000
vt 0.83566487 0.54596537 0.00000000
vt 0.83965886 0.55607718 0.00000000
vt 0.84182280 0.56614977 0.00000000
vt 0.84235823 0.57666445 0.00000000
vt 0.84229350 0.57947922 0.00000000
vt 0.84425622 0.42206103 0.00000000
vt 0.83779705 0.41229066 0.00000000
vt 0.83770460 0.41996825 0.00000000
vt 0.94527489 0.55182451 0.00000000
vt 0.94462997 0.54238701 0.00000000
vt 0.93929416 0.55141336 0.00000000
vt 0.93914568 0.54332513 0.00000000
vt 0.86777741 0.69523972 0.00000000
vt 0.85646349 0.70757049 0.00000000
vt 0.86365080 0.69186389 0.00000000
vt 0.85325527 0.70261216 0.00000000
vt 0.85915887 0.68980062 0.00000000
vt 0.88965744 0.42704344 0.00000000
vt 0.88620782 0.41939390 0.00000000
vt 0.88302416 0.42940849 0.00000000
vt 0.88061953 0.42388463 0.00000000
vt 0.84460509 0.42965397 0.00000000
vt 0.83327562 0.41762882 0.00000000
vt 0.84054142 0.43254945 0.00000000
vt 0.83042693 0.42206183 0.00000000
vt 0.91803151 0.58175373 0.00000000
vt 0.92001230 0.57459962 0.00000000
vt 0.91248846 0.57934034 0.00000000
vt 0.91399121 0.57388377 0.00000000
vt 0.83128762 0.69385773 0.00000000
vt 0.83342558 0.69043726 0.00000000
vt 0.82771087 0.68997598 0.00000000
vt 0.82913095 0.68803132 0.00000000
vt 0.89444423 0.40931502 0.00000000
vt 0.88896006 0.39700863 0.00000000
vt 0.88894629 0.41044524 0.00000000
vt 0.88458663 0.40051183 0.00000000
vt 0.86529499 0.54989713 0.00000000
vt 0.86497635 0.54702276 0.00000000
vt 0.86023802 0.54963958 0.00000000
vt 0.86011672 0.54794604 0.00000000
vt 0.88577127 0.70407647 0.00000000
vt 0.89080900 0.69324791 0.00000000
vt 0.87992507 0.69952595 0.00000000
vt 0.88396037 0.69056034 0.00000000
vt 0.81409496 0.50487769 0.00000000
vt 0.88517016 0.51318395 0.00000000
vt 0.82616156 0.49674243 0.00000000
vt 0.88671935 0.50891185 0.00000000
vt 0.88428873 0.58724219 0.00000000
vt 0.81436044 0.59861356 0.00000000
vt 0.88651973 0.59164858 0.00000000
vt 0.82721192 0.60505217 0.00000000
vt 0.88889617 0.50503707 0.00000000
vt 0.83635378 0.48942542 0.00000000
vt 0.83758652 0.61083853 0.00000000
vt 0.88956362 0.59509975 0.00000000
vt 0.89809906 0.51818430 0.00000000
vt 0.91787392 0.52012664 0.00000000
vt 0.92745340 0.54910779 0.00000000
vt 0.90065545 0.57929349 0.00000000
vt 0.91849405 0.57664686 0.00000000
vt 0.92589766 0.51899791 0.00000000
vt 0.92686361 0.57729793 0.00000000
vt 0.81652123 0.60516602 0.00000000
vt 0.86467302 0.64008629 0.00000000
vt 0.83029312 0.60405779 0.00000000
vt 0.86882699 0.63710177 0.00000000
vt 0.83602285 0.70941281 0.00000000
vt 0.77977288 0.68731880 0.00000000
vt 0.83561015 0.71493930 0.00000000
vt 0.78962916 0.69953191 0.00000000
vt 0.87300664 0.63456756 0.00000000
vt 0.84202623 0.60237145 0.00000000
vt 0.79447329 0.70985562 0.00000000
vt 0.83555359 0.72026128 0.00000000
vt 0.87006527 0.64925897 0.00000000
vt 0.88058490 0.65695584 0.00000000
vt 0.87612748 0.69018722 0.00000000
vt 0.87532264 0.69207382 0.00000000
vt 0.86245239 0.70518023 0.00000000
vt 0.84065008 0.70918959 0.00000000
vt 0.85359663 0.71459860 0.00000000
vt 0.88777918 0.65950572 0.00000000
vt 0.85901934 0.71925926 0.00000000
vt 0.83063191 0.39422986 0.00000000
vt 0.78112113 0.39887676 0.00000000
vt 0.83063197 0.38867232 0.00000000
vt 0.86448300 0.45777723 0.00000000
vt 0.80862617 0.49323967 0.00000000
vt 0.86783689 0.46131107 0.00000000
vt 0.82291114 0.49410453 0.00000000
vt 0.83105570 0.38322109 0.00000000
vt 0.78692412 0.38904467 0.00000000
vt 0.83444524 0.49568871 0.00000000
vt 0.87111962 0.46415362 0.00000000
vt 0.85210848 0.39245889 0.00000000
vt 0.86082280 0.38697484 0.00000000
vt 0.88174558 0.40773779 0.00000000
vt 0.88201284 0.40834859 0.00000000
vt 0.87610966 0.44131038 0.00000000
vt 0.88447690 0.43753189 0.00000000
vt 0.86442471 0.38207346 0.00000000
vt 0.88993496 0.43758714 0.00000000
vt 0.89022368 0.53824693 0.00000000
vt 0.84240270 0.49871603 0.00000000
vt 0.89256561 0.53423041 0.00000000
vt 0.87533110 0.59991670 0.00000000
vt 0.87654519 0.60507417 0.00000000
vt 0.81762636 0.61172962 0.00000000
vt 0.89572513 0.53069520 0.00000000
vt 0.84953880 0.49507561 0.00000000
vt 0.82668227 0.61872613 0.00000000
vt 0.87833631 0.60928160 0.00000000
vt 0.89659941 0.54462212 0.00000000
vt 0.90499204 0.54598171 0.00000000
vt 0.90841740 0.56734967 0.00000000
vt 0.90408397 0.58206320 0.00000000
vt 0.88029122 0.59787720 0.00000000
vt 0.89010525 0.59970385 0.00000000
vt 0.91094685 0.54517257 0.00000000
vt 0.89517844 0.60261524 0.00000000
vt 0.77258593 0.42269862 0.00000000
vt 0.80795354 0.42159849 0.00000000
vt 0.78037316 0.41473317 0.00000000
vt 0.80711478 0.41468740 0.00000000
vt 0.84767646 0.49224001 0.00000000
vt 0.81555599 0.50259811 0.00000000
vt 0.85079563 0.49534738 0.00000000
vt 0.82816994 0.50786096 0.00000000
vt 0.80753946 0.40784091 0.00000000
vt 0.78473645 0.40669382 0.00000000
vt 0.83820343 0.51262975 0.00000000
vt 0.85558349 0.49905491 0.00000000
vt 0.84439611 0.41687548 0.00000000
vt 0.85502785 0.40987074 0.00000000
vt 0.87139314 0.42412567 0.00000000
vt 0.87746304 0.43807381 0.00000000
vt 0.87625587 0.44692808 0.00000000
vt 0.87095439 0.46533167 0.00000000
vt 0.87996268 0.45960093 0.00000000
vt 0.85978329 0.40410447 0.00000000
vt 0.88613141 0.45824069 0.00000000
vt 0.81455195 0.61864376 0.00000000
vt 0.85476506 0.65823668 0.00000000
vt 0.82660943 0.61770314 0.00000000
vt 0.85910910 0.65554297 0.00000000
vt 0.81232768 0.71896935 0.00000000
vt 0.81138444 0.72434318 0.00000000
vt 0.76998013 0.70707381 0.00000000
vt 0.86384749 0.65371192 0.00000000
vt 0.83736318 0.61614144 0.00000000
vt 0.77362579 0.71743274 0.00000000
vt 0.81105053 0.72963297 0.00000000
vt 0.87127298 0.68608135 0.00000000
vt 0.87951696 0.69063282 0.00000000
vt 0.87478691 0.71138382 0.00000000
vt 0.87073278 0.71714801 0.00000000
vt 0.88148087 0.71108842 0.00000000
vt 0.87339920 0.72295010 0.00000000
vt 0.84679031 0.72350562 0.00000000
vt 0.85278088 0.72935593 0.00000000
vt 0.85521001 0.73461294 0.00000000
vt 0.80197251 0.42048138 0.00000000
vt 0.81239337 0.42127958 0.00000000
vt 0.77085155 0.41635606 0.00000000
vt 0.80883634 0.41483930 0.00000000
vt 0.82929200 0.42817849 0.00000000
vt 0.83520544 0.43419692 0.00000000
vt 0.84556943 0.45773742 0.00000000
vt 0.81135625 0.40991116 0.00000000
vt 0.77869064 0.41014111 0.00000000
vt 0.85056138 0.45536527 0.00000000
vt 0.82741517 0.65228271 0.00000000
vt 0.83401090 0.65720737 0.00000000
vt 0.82770228 0.68012965 0.00000000
vt 0.82020307 0.68995649 0.00000000
vt 0.79572725 0.70106792 0.00000000
vt 0.80328131 0.70628500 0.00000000
vt 0.76599652 0.70935237 0.00000000
vt 0.83846158 0.65868098 0.00000000
vt 0.77418637 0.71553010 0.00000000
vt 0.80661517 0.71107829 0.00000000
vt 0.84123003 0.51755130 0.00000000
vt 0.84914529 0.51854986 0.00000000
vt 0.85398537 0.54276741 0.00000000
vt 0.85494465 0.55546021 0.00000000
vt 0.84594667 0.58164585 0.00000000
vt 0.85413241 0.58001107 0.00000000
vt 0.85392994 0.51788908 0.00000000
vt 0.85909098 0.58015597 0.00000000
vt 0.75993639 0.40864214 0.00000000
vt 0.80831587 0.41133493 0.00000000
vt 0.77254379 0.40299231 0.00000000
vt 0.81538463 0.40640384 0.00000000
vt 0.83484834 0.42532638 0.00000000
vt 0.83203852 0.42181256 0.00000000
vt 0.83582401 0.45220909 0.00000000
vt 0.84225011 0.44768554 0.00000000
vt 0.81875992 0.40169069 0.00000000
vt 0.78035921 0.39757717 0.00000000
vt 0.84665251 0.44642180 0.00000000
vt 0.84898436 0.65558869 0.00000000
vt 0.85323638 0.66466451 0.00000000
vt 0.85614699 0.65944082 0.00000000
vt 0.77667063 0.70064020 0.00000000
vt 0.78579086 0.70701492 0.00000000
vt 0.86072999 0.65994227 0.00000000
vt 0.79183918 0.71264166 0.00000000
vt 0.83948261 0.53573561 0.00000000
vt 0.84569430 0.53576648 0.00000000
vt 0.84886217 0.57280380 0.00000000
vt 0.84552675 0.58080626 0.00000000
vt 0.83427000 0.59953636 0.00000000
vt 0.84301460 0.59869879 0.00000000
vt 0.85101593 0.53650862 0.00000000
vt 0.86921465 0.58752078 0.00000000
vt 0.86142039 0.58941388 0.00000000
vt 0.86218834 0.58100688 0.00000000
vt 0.86716920 0.57975757 0.00000000
vt 0.84901100 0.59886491 0.00000000
vt 0.84951526 0.40516710 0.00000000
vt 0.85385633 0.41242051 0.00000000
vt 0.85321325 0.40410569 0.00000000
vt 0.85606998 0.40930045 0.00000000
vt 0.96157140 0.54412925 0.00000000
vt 0.96195763 0.54805589 0.00000000
vt 0.96444994 0.54539561 0.00000000
vt 0.96545631 0.55578125 0.00000000
vt 0.96659809 0.53782284 0.00000000
vt 0.96757787 0.55391431 0.00000000
vt 0.87278605 0.70031422 0.00000000
vt 0.86522412 0.71943223 0.00000000
vt 0.87451816 0.70332986 0.00000000
vt 0.86710703 0.72074008 0.00000000
vt 0.87578237 0.70701528 0.00000000
vt 0.86846876 0.72136807 0.00000000
vt 0.90838557 0.41036826 0.00000000
vt 0.90892464 0.41232491 0.00000000
vt 0.91752875 0.41959971 0.00000000
vt 0.90713578 0.39889348 0.00000000
vt 0.91081101 0.39862168 0.00000000
vt 0.91961873 0.41649723 0.00000000
vt 0.58303416 0.69547820 0.00000000
vt 0.57271534 0.69767010 0.00000000
vt 0.54296386 0.69963771 0.00000000
vt 0.54118735 0.69914317 0.00000000
vt 0.53892362 0.69843912 0.00000000
vt 0.55786747 0.63568830 0.00000000
vt 0.56029719 0.63684595 0.00000000
vt 0.56217802 0.63780469 0.00000000
vt 0.58731037 0.65710908 0.00000000
vt 0.59231752 0.66497803 0.00000000
vt 0.59658325 0.67279935 0.00000000
vt 0.59791285 0.67980552 0.00000000
vt 0.59126347 0.69126529 0.00000000
vt 0.59723550 0.68557048 0.00000000
vt 0.84261501 0.40853366 0.00000000
vt 0.85308802 0.41987753 0.00000000
vt 0.84588689 0.40636876 0.00000000
vt 0.85513133 0.41660881 0.00000000
vt 0.84967011 0.40450427 0.00000000
vt 0.85709864 0.41297874 0.00000000
vt 0.93751031 0.58293962 0.00000000
vt 0.93666047 0.58514261 0.00000000
vt 0.93818533 0.59660375 0.00000000
vt 0.94497550 0.57455611 0.00000000
vt 0.94807887 0.57728761 0.00000000
vt 0.94199616 0.59686160 0.00000000
vt 0.84043032 0.70952564 0.00000000
vt 0.84990680 0.69292295 0.00000000
vt 0.85262883 0.69561017 0.00000000
vt 0.84410655 0.71074450 0.00000000
vt 0.85528320 0.69852018 0.00000000
vt 0.84802306 0.71142459 0.00000000
vt 0.91155851 0.38919422 0.00000000
vt 0.91535771 0.39788333 0.00000000
vt 0.91580862 0.38909498 0.00000000
vt 0.91834587 0.39506289 0.00000000
vt 0.91458184 0.37650076 0.00000000
vt 0.92725986 0.40448704 0.00000000
vt 0.87911808 0.54009694 0.00000000
vt 0.88047367 0.55446285 0.00000000
vt 0.88283074 0.54071885 0.00000000
vt 0.88405585 0.55314618 0.00000000
vt 0.88681072 0.54154223 0.00000000
vt 0.88777435 0.55151272 0.00000000
vt 0.91372061 0.69784898 0.00000000
vt 0.90101761 0.72128791 0.00000000
vt 0.91615021 0.70050240 0.00000000
vt 0.90455604 0.72194093 0.00000000
vt 0.91809678 0.70334429 0.00000000
vt 0.90815192 0.72154295 0.00000000
vt 0.89139342 0.45273495 0.00000000
vt 0.91377932 0.48634613 0.00000000
vt 0.89428324 0.45058018 0.00000000
vt 0.91747993 0.48494193 0.00000000
vt 0.89593637 0.44936702 0.00000000
vt 0.92095900 0.48357832 0.00000000
vt 0.47810274 0.86810946 0.00000000
vt 0.45905203 0.80691510 0.00000000
vt 0.48182517 0.86836052 0.00000000
vt 0.92456824 0.61417645 0.00000000
vt 0.90160650 0.64196879 0.00000000
vt 0.90035969 0.64131737 0.00000000
vt 0.92114866 0.61292887 0.00000000
vt 0.42845258 0.86948752 0.00000000
vt 0.40113267 0.85145772 0.00000000
vt 0.42456353 0.86921132 0.00000000
vt 0.40506929 0.85454243 0.00000000
vt 0.89713073 0.44850183 0.00000000
vt 0.92442387 0.48218012 0.00000000
vt 0.91411310 0.61057222 0.00000000
vt 0.89550906 0.63876760 0.00000000
vt 0.91773379 0.61175066 0.00000000
vt 0.89860332 0.64039403 0.00000000
vt 0.95073104 0.51388443 0.00000000
vt 0.95296615 0.51350397 0.00000000
vt 0.95567560 0.51221907 0.00000000
vt 0.47554037 0.91715932 0.00000000
vt 0.95928019 0.58386391 0.00000000
vt 0.95741898 0.58220404 0.00000000
vt 0.45816770 0.93861347 0.00000000
vt 0.44645563 0.93873483 0.00000000
vt 0.96983773 0.55150366 0.00000000
vt 0.96920294 0.53982508 0.00000000
vt 0.42976806 0.91873473 0.00000000
vt 0.95711607 0.51064032 0.00000000
vt 0.95446068 0.58101976 0.00000000
vt 0.90694255 0.58854967 0.00000000
vt 0.90517050 0.62330097 0.00000000
vt 0.91055530 0.58745241 0.00000000
vt 0.90863043 0.62271231 0.00000000
vt 0.91264176 0.58684266 0.00000000
vt 0.91189486 0.62223399 0.00000000
vt 0.41081551 0.20560867 0.00000000
vt 0.43505034 0.20247751 0.00000000
vt 0.41348684 0.20520818 0.00000000
vt 0.43193051 0.20014530 0.00000000
vt 0.84233767 0.77100229 0.00000000
vt 0.78575402 0.78238279 0.00000000
vt 0.78612691 0.78063089 0.00000000
vt 0.84048843 0.76775801 0.00000000
vt 0.48529062 0.20659655 0.00000000
vt 0.46910557 0.25727892 0.00000000
vt 0.48902205 0.20592463 0.00000000
vt 0.47124216 0.25571120 0.00000000
vt 0.49239951 0.20468378 0.00000000
vt 0.47290161 0.25443631 0.00000000
vt 0.83667785 0.76104397 0.00000000
vt 0.78700155 0.77419072 0.00000000
vt 0.83863586 0.76449776 0.00000000
vt 0.78649169 0.77826083 0.00000000
vt 0.92056751 0.66777897 0.00000000
vt 0.92383504 0.66737550 0.00000000
vt 0.44133210 0.15460813 0.00000000
vt 0.43430895 0.15489995 0.00000000
vt 0.88474500 0.74893755 0.00000000
vt 0.88463485 0.74612951 0.00000000
vt 0.47491062 0.15248829 0.00000000
vt 0.48089400 0.15768427 0.00000000
vt 0.88311267 0.74307829 0.00000000
vt 0.78998750 0.32430094 0.00000000
vt 0.83523673 0.34321323 0.00000000
vt 0.79022735 0.32028207 0.00000000
vt 0.83682704 0.33987314 0.00000000
vt 0.79031068 0.31794289 0.00000000
vt 0.83843583 0.33677748 0.00000000
vt 0.51136798 0.30743235 0.00000000
vt 0.55269253 0.28230524 0.00000000
vt 0.51280701 0.30513972 0.00000000
vt 0.55136740 0.27880746 0.00000000
vt 0.51399219 0.30337721 0.00000000
vt 0.55049384 0.27528042 0.00000000
vt 0.58476436 0.32452047 0.00000000
vt 0.54775369 0.36588866 0.00000000
vt 0.58780217 0.32648766 0.00000000
vt 0.55028081 0.36503524 0.00000000
vt 0.59092712 0.32799649 0.00000000
vt 0.55222309 0.36430818 0.00000000
vt 0.90341514 0.47643039 0.00000000
vt 0.90203315 0.50671774 0.00000000
vt 0.90693009 0.47702745 0.00000000
vt 0.90570050 0.50769413 0.00000000
vt 0.91031086 0.47755960 0.00000000
vt 0.90779817 0.50824559 0.00000000
vt 0.87922388 0.35736170 0.00000000
vt 0.88039249 0.35312548 0.00000000
vt 0.88027877 0.34896207 0.00000000
vt 0.57334030 0.27086854 0.00000000
vt 0.57882589 0.26159525 0.00000000
vt 0.57945764 0.25819010 0.00000000
vt 0.60426855 0.26268077 0.00000000
vt 0.61429977 0.27352154 0.00000000
vt 0.61714953 0.27221811 0.00000000
vt 0.60501373 0.25892043 0.00000000
vt 0.60024714 0.30541456 0.00000000
vt 0.61072862 0.29982734 0.00000000
vt 0.61436725 0.29920924 0.00000000
vt 0.91805738 0.44095799 0.00000000
vt 0.92187256 0.44245717 0.00000000
vt 0.92503774 0.44469604 0.00000000
vt 0.91142392 0.46530533 0.00000000
vt 0.93746662 0.51079506 0.00000000
vt 0.91510928 0.46346015 0.00000000
vt 0.94090724 0.50977415 0.00000000
vt 0.91725379 0.46241453 0.00000000
vt 0.94426697 0.50903970 0.00000000
vt 0.56445384 0.43089062 0.00000000
vt 0.61863863 0.42501408 0.00000000
vt 0.56665671 0.42952120 0.00000000
vt 0.61923748 0.42143059 0.00000000
vt 0.56841052 0.42854011 0.00000000
vt 0.61994815 0.41798323 0.00000000
vt 0.62590003 0.47660813 0.00000000
vt 0.57278562 0.49933490 0.00000000
vt 0.62739587 0.47979856 0.00000000
vt 0.57526278 0.49957985 0.00000000
vt 0.62933081 0.48259944 0.00000000
vt 0.57719713 0.49959731 0.00000000
vt 0.90653616 0.63820279 0.00000000
vt 0.88246411 0.65900433 0.00000000
vt 0.90928423 0.64037031 0.00000000
vt 0.88538957 0.66152537 0.00000000
vt 0.91191125 0.64242673 0.00000000
vt 0.88707376 0.66296285 0.00000000
vt 0.94095206 0.54066539 0.00000000
vt 0.94499648 0.53930646 0.00000000
vt 0.94825673 0.53734875 0.00000000
vt 0.63396120 0.42269915 0.00000000
vt 0.65487558 0.43010563 0.00000000
vt 0.64335918 0.41833639 0.00000000
vt 0.66115022 0.43813154 0.00000000
vt 0.66232491 0.44457132 0.00000000
vt 0.65946889 0.45523614 0.00000000
vt 0.66625643 0.43244869 0.00000000
vt 0.66870189 0.44760376 0.00000000
vt 0.64315277 0.47111970 0.00000000
vt 0.65379095 0.47135592 0.00000000
vt 0.91918886 0.61944211 0.00000000
vt 0.92220211 0.62267971 0.00000000
vt 0.92415696 0.62588781 0.00000000
vt 0.78521740 0.34529674 0.00000000
vt 0.83105946 0.35778487 0.00000000
vt 0.78526187 0.34119129 0.00000000
vt 0.83306831 0.35469365 0.00000000
vt 0.78524756 0.33878607 0.00000000
vt 0.83496296 0.35188890 0.00000000
vt 0.57802105 0.74102354 0.00000000
vt 0.58115661 0.73906487 0.00000000
vt 0.58418202 0.73727518 0.00000000
vt 0.54132104 0.77689475 0.00000000
vt 0.50194788 0.75593960 0.00000000
vt 0.53958160 0.77977568 0.00000000
vt 0.50394011 0.75771523 0.00000000
vt 0.53830624 0.78257459 0.00000000
vt 0.50559556 0.75900716 0.00000000
vt 0.91074550 0.49912244 0.00000000
vt 0.90153188 0.53434241 0.00000000
vt 0.91462183 0.49905372 0.00000000
vt 0.90517575 0.53600168 0.00000000
vt 0.91825640 0.49911135 0.00000000
vt 0.90727419 0.53697526 0.00000000
vt 0.88043129 0.37757879 0.00000000
vt 0.88241148 0.37399292 0.00000000
vt 0.88314307 0.37071443 0.00000000
vt 0.60334384 0.77196997 0.00000000
vt 0.61082160 0.77696210 0.00000000
vt 0.61439025 0.77771121 0.00000000
vt 0.60496354 0.80238020 0.00000000
vt 0.59728271 0.80820042 0.00000000
vt 0.60820991 0.80396438 0.00000000
vt 0.59835500 0.81157219 0.00000000
vt 0.56890273 0.79788011 0.00000000
vt 0.57239050 0.80496597 0.00000000
vt 0.57221365 0.80896914 0.00000000
vt 0.91902870 0.45327663 0.00000000
vt 0.92246014 0.45355177 0.00000000
vt 0.92580289 0.45476294 0.00000000
vt 0.89929610 0.60296899 0.00000000
vt 0.89703858 0.64626414 0.00000000
vt 0.90290159 0.60185260 0.00000000
vt 0.90066528 0.64623570 0.00000000
vt 0.90497762 0.60121346 0.00000000
vt 0.90407407 0.64625823 0.00000000
vt 0.59369671 0.56676203 0.00000000
vt 0.59719205 0.59243464 0.00000000
vt 0.59765351 0.56755567 0.00000000
vt 0.59725589 0.58919513 0.00000000
vt 0.59762609 0.56927544 0.00000000
vt 0.60044241 0.58781695 0.00000000
vt 0.60332620 0.64165747 0.00000000
vt 0.60402560 0.64526486 0.00000000
vt 0.60531878 0.64858222 0.00000000
vt 0.81453484 0.76683593 0.00000000
vt 0.76010811 0.77794778 0.00000000
vt 0.81523985 0.77042902 0.00000000
vt 0.75930804 0.78177154 0.00000000
vt 0.81600511 0.77383804 0.00000000
vt 0.75876606 0.78398097 0.00000000
vt 0.90391302 0.68962896 0.00000000
vt 0.90819412 0.68822223 0.00000000
vt 0.91149724 0.68605834 0.00000000
vt 0.64522064 0.60586452 0.00000000
vt 0.65337682 0.61283636 0.00000000
vt 0.63313591 0.60055488 0.00000000
vt 0.64348203 0.59812462 0.00000000
vt 0.65235543 0.63117450 0.00000000
vt 0.64445430 0.63740706 0.00000000
vt 0.63269800 0.64081955 0.00000000
vt 0.64292002 0.64343989 0.00000000
vt 0.86152411 0.75377655 0.00000000
vt 0.86196846 0.75805366 0.00000000
vt 0.86157250 0.76195884 0.00000000
vt 0.79325801 0.35069254 0.00000000
vt 0.81941026 0.39224923 0.00000000
vt 0.79429990 0.34673762 0.00000000
vt 0.82318687 0.38469997 0.00000000
vt 0.79485559 0.34439206 0.00000000
vt 0.82453191 0.37690976 0.00000000
vt 0.60009187 0.50842875 0.00000000
vt 0.61218882 0.51765978 0.00000000
vt 0.60412306 0.50632989 0.00000000
vt 0.60793352 0.50422674 0.00000000
vt 0.61128795 0.53044772 0.00000000
vt 0.62290132 0.51988792 0.00000000
vt 0.62328714 0.52409238 0.00000000
vt 0.62618852 0.51730025 0.00000000
vt 0.62723994 0.52439421 0.00000000
vt 0.60229164 0.54791313 0.00000000
vt 0.60379112 0.54513305 0.00000000
vt 0.59885669 0.56639284 0.00000000
vt 0.60780275 0.54367620 0.00000000
vt 0.59927404 0.56468338 0.00000000
vt 0.86825991 0.44540912 0.00000000
vt 0.87454784 0.44087806 0.00000000
vt 0.88233840 0.43738833 0.00000000
vt 0.85583889 0.66805404 0.00000000
vt 0.86155826 0.67304456 0.00000000
vt 0.86520630 0.67546505 0.00000000
vt 0.57401133 0.36654651 0.00000000
vt 0.57814455 0.36370456 0.00000000
vt 0.58374214 0.35882324 0.00000000
vt 0.59735024 0.37154281 0.00000000
vt 0.60150862 0.37780803 0.00000000
vt 0.59957528 0.36789799 0.00000000
vt 0.60504413 0.37623113 0.00000000
vt 0.58589077 0.40643221 0.00000000
vt 0.59192336 0.40405709 0.00000000
vt 0.60098755 0.40197575 0.00000000
vt 0.81974429 0.72941720 0.00000000
vt 0.80211502 0.77279449 0.00000000
vt 0.82512867 0.73546135 0.00000000
vt 0.80414855 0.77627611 0.00000000
vt 0.82734346 0.73975313 0.00000000
vt 0.80528790 0.77833539 0.00000000
vt 0.87682110 0.51943988 0.00000000
vt 0.88438702 0.52200443 0.00000000
vt 0.89209133 0.52386594 0.00000000
vt 0.48933995 0.24977839 0.00000000
vt 0.49127921 0.24582666 0.00000000
vt 0.49334928 0.24177194 0.00000000
vt 0.51504982 0.24290079 0.00000000
vt 0.52130628 0.24659055 0.00000000
vt 0.51528525 0.23876750 0.00000000
vt 0.52342325 0.24361259 0.00000000
vt 0.51908094 0.28150368 0.00000000
vt 0.52342016 0.27681160 0.00000000
vt 0.52745807 0.27295244 0.00000000
vt 0.88140732 0.57625258 0.00000000
vt 0.88891810 0.57298577 0.00000000
vt 0.89617664 0.57094365 0.00000000
vt 0.80022126 0.33895579 0.00000000
vt 0.82914859 0.38816249 0.00000000
vt 0.80156112 0.33495337 0.00000000
vt 0.83364373 0.38172644 0.00000000
vt 0.80230850 0.33258641 0.00000000
vt 0.83525592 0.37723532 0.00000000
vt 0.39545006 0.88745940 0.00000000
vt 0.39743209 0.89287686 0.00000000
vt 0.87495881 0.42858994 0.00000000
vt 0.86848676 0.43100455 0.00000000
vt 0.38272482 0.91278821 0.00000000
vt 0.38131654 0.91244477 0.00000000
vt 0.35898262 0.89372361 0.00000000
vt 0.33788472 0.88434398 0.00000000
vt 0.36057127 0.89836210 0.00000000
vt 0.34034944 0.88545954 0.00000000
vt 0.83547378 0.36842439 0.00000000
vt 0.80278534 0.33078024 0.00000000
vt 0.85931849 0.43844205 0.00000000
vt 0.86491936 0.43336436 0.00000000
vt 0.87552011 0.66519958 0.00000000
vt 0.88178772 0.66821796 0.00000000
vt 0.88582325 0.66951442 0.00000000
vt 0.54675895 0.83010930 0.00000000
vt 0.54063910 0.83734018 0.00000000
vt 0.54109937 0.84084892 0.00000000
vt 0.50749862 0.84297639 0.00000000
vt 0.81120181 0.76935005 0.00000000
vt 0.81285995 0.77289480 0.00000000
vt 0.81380707 0.77497137 0.00000000
vt 0.88115364 0.54453689 0.00000000
vt 0.86911249 0.53742659 0.00000000
vt 0.88412410 0.54669410 0.00000000
vt 0.87084562 0.59493685 0.00000000
vt 0.88239622 0.59066594 0.00000000
vt 0.91162300 0.52412021 0.00000000
vt 0.92080134 0.53089696 0.00000000
vt 0.92163289 0.56523943 0.00000000
vt 0.91307676 0.57255065 0.00000000
vt 0.87562025 0.66078055 0.00000000
vt 0.87816501 0.67106032 0.00000000
vt 0.87858135 0.68085432 0.00000000
vt 0.87006396 0.70001632 0.00000000
vt 0.85300630 0.70844001 0.00000000
vt 0.86262113 0.39285192 0.00000000
vt 0.87041909 0.39562172 0.00000000
vt 0.87703794 0.40045282 0.00000000
vt 0.88406432 0.41671789 0.00000000
vt 0.88321185 0.42488000 0.00000000
vt 0.88115561 0.43282580 0.00000000
vt 0.90714628 0.55964667 0.00000000
vt 0.90330291 0.55217755 0.00000000
vt 0.89861083 0.58878362 0.00000000
vt 0.89085829 0.59399009 0.00000000
vt 0.85544634 0.41670477 0.00000000
vt 0.86425376 0.41928768 0.00000000
vt 0.87500989 0.45607346 0.00000000
vt 0.87529993 0.69529426 0.00000000
vt 0.87624216 0.70351988 0.00000000
vt 0.86411226 0.72133505 0.00000000
vt 0.85628021 0.72367299 0.00000000
vt 0.89287257 0.69946462 0.00000000
vt 0.88692629 0.69767201 0.00000000
vt 0.88416445 0.68945861 0.00000000
vt 0.89310408 0.70746398 0.00000000
vt 0.88926202 0.70577490 0.00000000
vt 0.88239688 0.69804060 0.00000000
vt 0.88286960 0.70469379 0.00000000
vt 0.82988399 0.67215347 0.00000000
vt 0.82989943 0.66313523 0.00000000
vt 0.81409782 0.69602352 0.00000000
vt 0.80630088 0.69970119 0.00000000
vt 0.84753209 0.52630138 0.00000000
vt 0.85141259 0.53455675 0.00000000
vt 0.85414332 0.56392342 0.00000000
vt 0.85157800 0.57261449 0.00000000
vt 0.81758946 0.41331783 0.00000000
vt 0.82462960 0.41727468 0.00000000
vt 0.83781940 0.43346152 0.00000000
vt 0.83807820 0.44208503 0.00000000
vt 0.85563797 0.68234831 0.00000000
vt 0.84127802 0.58997309 0.00000000
vt 0.43860981 0.93468952 0.00000000
vt 0.43308708 0.92795217 0.00000000
vt 0.58480793 0.26633745 0.00000000
vt 0.60716164 0.29416269 0.00000000
vt 0.64613414 0.42494982 0.00000000
vt 0.65322685 0.46383440 0.00000000
vt 0.60575932 0.78367770 0.00000000
vt 0.57886815 0.80320680 0.00000000
vt 0.60763460 0.51204503 0.00000000
vt 0.60647285 0.54009092 0.00000000
vt 0.58158517 0.36913216 0.00000000
vt 0.59214199 0.39704382 0.00000000
vt 0.49815786 0.24789017 0.00000000
vt 0.52116001 0.26941764 0.00000000
vt 0.39237505 0.89657450 0.00000000
vt 0.36738068 0.89920038 0.00000000
vt 0.83680648 0.40354043 0.00000000
vt 0.83694357 0.40343201 0.00000000
vt 0.85094094 0.42626157 0.00000000
vt 0.85083622 0.42633528 0.00000000
vt 0.94929206 0.53411138 0.00000000
vt 0.95426047 0.53450876 0.00000000
vt 0.94729275 0.52751523 0.00000000
vt 0.95612293 0.52730459 0.00000000
vt 0.95603997 0.55863404 0.00000000
vt 0.95106226 0.55962408 0.00000000
vt 0.95816809 0.56590080 0.00000000
vt 0.94892418 0.56666285 0.00000000
vt 0.88788939 0.40808910 0.00000000
vt 0.89887977 0.40215647 0.00000000
vt 0.88215601 0.40211296 0.00000000
vt 0.89319032 0.39441079 0.00000000
vt 0.90901315 0.42543912 0.00000000
vt 0.89733583 0.43240559 0.00000000
vt 0.91249722 0.43408257 0.00000000
vt 0.89867359 0.44027758 0.00000000
vt 0.88440716 0.73230064 0.00000000
vt 0.88133365 0.73042655 0.00000000
vt 0.89132673 0.71505702 0.00000000
vt 0.89415789 0.71700984 0.00000000
vt 0.89750594 0.70887429 0.00000000
vt 0.87776452 0.73907268 0.00000000
vt 0.87456894 0.73561203 0.00000000
vt 0.83027136 0.40893111 0.00000000
vt 0.83179259 0.40679771 0.00000000
vt 0.85502368 0.43174231 0.00000000
vt 0.85295326 0.43347827 0.00000000
vt 0.92705411 0.56787884 0.00000000
vt 0.93562245 0.57048506 0.00000000
vt 0.92656314 0.55968964 0.00000000
vt 0.93643063 0.56099600 0.00000000
vt 0.92877179 0.59356970 0.00000000
vt 0.92036915 0.59086400 0.00000000
vt 0.92505234 0.60149920 0.00000000
vt 0.91573852 0.59716225 0.00000000
vt 0.84138972 0.68625766 0.00000000
vt 0.84558302 0.68962687 0.00000000
vt 0.84356707 0.67835081 0.00000000
vt 0.84836745 0.68139213 0.00000000
vt 0.83567750 0.70673531 0.00000000
vt 0.83101743 0.70373231 0.00000000
vt 0.82988244 0.71334678 0.00000000
vt 0.82535952 0.70920968 0.00000000
vt 0.88925332 0.38750163 0.00000000
vt 0.90046555 0.38114634 0.00000000
vt 0.88351494 0.38237709 0.00000000
vt 0.89385575 0.37389058 0.00000000
vt 0.91355294 0.41099712 0.00000000
vt 0.90131474 0.41523203 0.00000000
vt 0.91493303 0.42035657 0.00000000
vt 0.90144104 0.42276391 0.00000000
vt 0.86935085 0.53936785 0.00000000
vt 0.86743242 0.53207940 0.00000000
vt 0.87272727 0.53224188 0.00000000
vt 0.87112242 0.55676770 0.00000000
vt 0.87557489 0.56340903 0.00000000
vt 0.87039608 0.56430757 0.00000000
vt 0.89936596 0.68808055 0.00000000
vt 0.90106654 0.67992294 0.00000000
vt 0.91284734 0.68605024 0.00000000
vt 0.88663936 0.71443254 0.00000000
vt 0.89174163 0.72579598 0.00000000
vt 0.88072628 0.71939486 0.00000000
vt 0.95232707 0.52086985 0.00000000
vt 0.94314873 0.52210474 0.00000000
vt 0.94422328 0.57259458 0.00000000
vt 0.95685118 0.57245451 0.00000000
vt 0.91580260 0.67730683 0.00000000
vt 0.90118176 0.67158502 0.00000000
vt 0.87373829 0.72261482 0.00000000
vt 0.88695395 0.73242497 0.00000000
vt 0.88558078 0.36828566 0.00000000
vt 0.87668097 0.37853035 0.00000000
vt 0.90000761 0.43027809 0.00000000
vt 0.91402113 0.42985567 0.00000000
vt 0.93490368 0.55131596 0.00000000
vt 0.92418504 0.55162781 0.00000000
vt 0.90971476 0.60255378 0.00000000
vt 0.91988701 0.60853821 0.00000000
vt 0.88644356 0.38749123 0.00000000
vt 0.87536055 0.39730626 0.00000000
vt 0.89846832 0.44836295 0.00000000
vt 0.91471666 0.44320285 0.00000000
vt 0.89856577 0.70006913 0.00000000
vt 0.86663812 0.73908687 0.00000000
vt 0.86947954 0.74402034 0.00000000
vt 0.82369190 0.40327781 0.00000000
vt 0.82258189 0.40572819 0.00000000
vt 0.85589415 0.44237188 0.00000000
vt 0.85845083 0.44093251 0.00000000
vt 0.84934396 0.67222273 0.00000000
vt 0.84441608 0.66978621 0.00000000
vt 0.81847584 0.71358228 0.00000000
vt 0.82231945 0.71852833 0.00000000
vt 0.87032276 0.52459908 0.00000000
vt 0.86466306 0.52465999 0.00000000
vt 0.86862826 0.57210708 0.00000000
vt 0.87420130 0.57151723 0.00000000
vt 0.83033717 0.39920932 0.00000000
vt 0.83022404 0.39932901 0.00000000
vt 0.85206097 0.43498033 0.00000000
vt 0.85218692 0.43497905 0.00000000
vt 0.84632617 0.42934036 0.00000000
vt 0.83233589 0.40805465 0.00000000
vt 0.84017080 0.42437926 0.00000000
vt 0.84243679 0.43140507 0.00000000
vt 0.83425891 0.41618127 0.00000000
vt 0.82880986 0.41207856 0.00000000
vt 0.94443846 0.56025082 0.00000000
vt 0.94098967 0.56719565 0.00000000
vt 0.94323373 0.53412342 0.00000000
vt 0.93951124 0.52779919 0.00000000
vt 0.93733329 0.55965972 0.00000000
vt 0.93320370 0.56654459 0.00000000
vt 0.93666762 0.53532541 0.00000000
vt 0.93229550 0.52895910 0.00000000
vt 0.86531609 0.68367982 0.00000000
vt 0.87026823 0.68660283 0.00000000
vt 0.86501873 0.67595923 0.00000000
vt 0.87033874 0.67831725 0.00000000
vt 0.86086363 0.68192643 0.00000000
vt 0.86046761 0.67423928 0.00000000
vt 0.89173812 0.43526071 0.00000000
vt 0.89154500 0.44303310 0.00000000
vt 0.88148469 0.41240478 0.00000000
vt 0.87556708 0.40775102 0.00000000
vt 0.88517350 0.43731356 0.00000000
vt 0.88500428 0.44487250 0.00000000
vt 0.87618572 0.41716212 0.00000000
vt 0.87048614 0.41267687 0.00000000
vt 0.85952830 0.57367516 0.00000000
vt 0.85967791 0.56263506 0.00000000
vt 0.86453277 0.56412387 0.00000000
vt 0.86411929 0.57277668 0.00000000
vt 0.85381365 0.57337683 0.00000000
vt 0.85724670 0.58182096 0.00000000
vt 0.85158575 0.58161354 0.00000000
vt 0.85398847 0.56261933 0.00000000
vt 0.85223484 0.55394024 0.00000000
vt 0.85774833 0.55421191 0.00000000
vt 0.87692982 0.72694409 0.00000000
vt 0.88747144 0.71497744 0.00000000
vt 0.87070644 0.73087716 0.00000000
vt 0.86762321 0.72669053 0.00000000
vt 0.84797037 0.43722120 0.00000000
vt 0.82680094 0.41420129 0.00000000
vt 0.84380865 0.43995336 0.00000000
vt 0.82411230 0.41880295 0.00000000
vt 0.91448164 0.58878213 0.00000000
vt 0.90961576 0.59430444 0.00000000
vt 0.92080766 0.56662899 0.00000000
vt 0.91951847 0.55921572 0.00000000
vt 0.90923733 0.58625185 0.00000000
vt 0.90461141 0.59178764 0.00000000
vt 0.91490722 0.56630254 0.00000000
vt 0.91374302 0.55921191 0.00000000
vt 0.82649487 0.70006847 0.00000000
vt 0.82118869 0.70484781 0.00000000
vt 0.83696562 0.68312687 0.00000000
vt 0.83881664 0.67572832 0.00000000
vt 0.82303619 0.69614434 0.00000000
vt 0.81792599 0.70096195 0.00000000
vt 0.83287489 0.68103367 0.00000000
vt 0.83483768 0.67389661 0.00000000
vt 0.89588743 0.41684541 0.00000000
vt 0.89543438 0.42370600 0.00000000
vt 0.88428253 0.39084646 0.00000000
vt 0.87891507 0.38656738 0.00000000
vt 0.89064312 0.41763926 0.00000000
vt 0.89020127 0.42429546 0.00000000
vt 0.88034028 0.39448956 0.00000000
vt 0.87516224 0.39038122 0.00000000
vt 0.86554694 0.55752146 0.00000000
vt 0.86456591 0.56474543 0.00000000
vt 0.86372262 0.53942645 0.00000000
vt 0.86149836 0.53243482 0.00000000
vt 0.86056083 0.55733562 0.00000000
vt 0.85974932 0.56460172 0.00000000
vt 0.85888880 0.54026264 0.00000000
vt 0.85679585 0.53317839 0.00000000
vt 0.88078165 0.71100372 0.00000000
vt 0.87473547 0.71547443 0.00000000
vt 0.89324689 0.68471313 0.00000000
vt 0.89336550 0.67647719 0.00000000
vt 0.87524176 0.70654082 0.00000000
vt 0.86927879 0.71110463 0.00000000
vt 0.88638937 0.68215829 0.00000000
vt 0.88649982 0.67396146 0.00000000
vt 0.92617238 0.52397811 0.00000000
vt 0.92614305 0.53879499 0.00000000
vt 0.92646521 0.55709648 0.00000000
vt 0.92692852 0.57211816 0.00000000
vt 0.93378687 0.52297497 0.00000000
vt 0.93514597 0.57280105 0.00000000
vt 0.88468564 0.66572845 0.00000000
vt 0.86224198 0.71371961 0.00000000
vt 0.89155668 0.66825837 0.00000000
vt 0.86766696 0.71808296 0.00000000
vt 0.86897492 0.38774398 0.00000000
vt 0.88834023 0.43072107 0.00000000
vt 0.87256533 0.38360199 0.00000000
vt 0.89355433 0.43039843 0.00000000
vt 0.91051376 0.55249017 0.00000000
vt 0.89835846 0.59623510 0.00000000
vt 0.91629171 0.55213749 0.00000000
vt 0.90331006 0.59880751 0.00000000
vt 0.86358362 0.41014212 0.00000000
vt 0.88335162 0.45217961 0.00000000
vt 0.86847311 0.40499121 0.00000000
vt 0.88965356 0.45058846 0.00000000
vt 0.86084944 0.72892284 0.00000000
vt 0.86361158 0.73345733 0.00000000
vt 0.81729901 0.41601101 0.00000000
vt 0.84565330 0.44804400 0.00000000
vt 0.81981766 0.41150135 0.00000000
vt 0.85003710 0.44555143 0.00000000
vt 0.83532351 0.66618997 0.00000000
vt 0.81158084 0.70439613 0.00000000
vt 0.83937740 0.66778338 0.00000000
vt 0.81477708 0.70850974 0.00000000
vt 0.85377705 0.52610767 0.00000000
vt 0.85768092 0.57193679 0.00000000
vt 0.85838944 0.52541518 0.00000000
vt 0.86248529 0.57208425 0.00000000
vt 0.82292086 0.40859455 0.00000000
vt 0.84305042 0.43899396 0.00000000
vt 0.82625383 0.40448585 0.00000000
vt 0.84713405 0.43719873 0.00000000
vt 0.85924572 0.66718769 0.00000000
vt 0.86892468 0.66985309 0.00000000
vt 0.86365908 0.66837019 0.00000000
vt 0.84385926 0.54523110 0.00000000
vt 0.84669966 0.55444366 0.00000000
vt 0.84946436 0.54507363 0.00000000
vt 0.84839505 0.56354237 0.00000000
vt 0.84802407 0.58983570 0.00000000
vt 0.85481733 0.54556394 0.00000000
vt 0.85367167 0.58988702 0.00000000
vt 0.84146762 0.39977804 0.00000000
vt 0.85483801 0.42278212 0.00000000
vt 0.84542763 0.39700043 0.00000000
vt 0.85811633 0.41972065 0.00000000
vt 0.84888417 0.39459264 0.00000000
vt 0.86115044 0.41713747 0.00000000
vt 0.96083897 0.53534234 0.00000000
vt 0.95863956 0.52816546 0.00000000
vt 0.96244556 0.55722630 0.00000000
vt 0.96036869 0.56496739 0.00000000
vt 0.96387511 0.53646016 0.00000000
vt 0.96154541 0.52884102 0.00000000
vt 0.96335477 0.56409103 0.00000000
vt 0.96454209 0.52948493 0.00000000
vt 0.96633941 0.56319785 0.00000000
vt 0.87679857 0.69097102 0.00000000
vt 0.87773031 0.68206704 0.00000000
vt 0.88004106 0.69339329 0.00000000
vt 0.88195920 0.68398339 0.00000000
vt 0.88316959 0.69600821 0.00000000
vt 0.88598442 0.68530208 0.00000000
vt 0.90315169 0.40024823 0.00000000
vt 0.89681637 0.39209235 0.00000000
vt 0.91401714 0.42238897 0.00000000
vt 0.91677684 0.43210870 0.00000000
vt 0.90012974 0.39000118 0.00000000
vt 0.92044544 0.43047744 0.00000000
vt 0.90314090 0.38818336 0.00000000
vt 0.92392552 0.42900413 0.00000000
vt 0.86904252 0.56410778 0.00000000
vt 0.86484802 0.55608594 0.00000000
vt 0.87160915 0.55660200 0.00000000
vt 0.87266570 0.56486773 0.00000000
vt 0.87535506 0.55746269 0.00000000
vt 0.88888103 0.73523414 0.00000000
vt 0.89845616 0.71970725 0.00000000
vt 0.90220541 0.71035361 0.00000000
vt 0.88124436 0.74283862 0.00000000
vt 0.89235324 0.73667610 0.00000000
vt 0.90118998 0.72216403 0.00000000
vt 0.90595883 0.71158063 0.00000000
vt 0.88387740 0.74573076 0.00000000
vt 0.89616257 0.73758090 0.00000000
vt 0.90365320 0.72524059 0.00000000
vt 0.90973204 0.71273381 0.00000000
vt 0.88642341 0.74868917 0.00000000
vt 0.83552521 0.40222883 0.00000000
vt 0.85900164 0.42789719 0.00000000
vt 0.83880872 0.39854887 0.00000000
vt 0.86224514 0.42461634 0.00000000
vt 0.84197104 0.39463350 0.00000000
vt 0.86603123 0.42131022 0.00000000
vt 0.94115216 0.57259101 0.00000000
vt 0.94251490 0.56229973 0.00000000
vt 0.93418276 0.59552753 0.00000000
vt 0.92999887 0.60397279 0.00000000
vt 0.94655102 0.56319231 0.00000000
vt 0.93358445 0.60602754 0.00000000
vt 0.95044923 0.56416428 0.00000000
vt 0.93698132 0.60830086 0.00000000
vt 0.85269296 0.68451846 0.00000000
vt 0.83447301 0.71671194 0.00000000
vt 0.85643888 0.68720710 0.00000000
vt 0.83847803 0.71932977 0.00000000
vt 0.85999447 0.68933868 0.00000000
vt 0.84194654 0.72167343 0.00000000
vt 0.90563184 0.37859851 0.00000000
vt 0.89832062 0.37050346 0.00000000
vt 0.91945022 0.40905479 0.00000000
vt 0.92057252 0.41942048 0.00000000
vt 0.90980321 0.37734964 0.00000000
vt 0.90162772 0.36803877 0.00000000
vt 0.92344707 0.40714511 0.00000000
vt 0.92468488 0.41892925 0.00000000
vt 0.90492147 0.36558813 0.00000000
vt 0.92880028 0.41872147 0.00000000
vt 0.87809354 0.53296715 0.00000000
vt 0.88086402 0.56184179 0.00000000
vt 0.88262695 0.53376377 0.00000000
vt 0.88529670 0.56029534 0.00000000
vt 0.88753462 0.53447688 0.00000000
vt 0.88995087 0.55878931 0.00000000
vt 0.91600990 0.68805254 0.00000000
vt 0.89507914 0.72745138 0.00000000
vt 0.91898656 0.68995577 0.00000000
vt 0.89818448 0.72892368 0.00000000
vt 0.92184758 0.69178784 0.00000000
vt 0.90129769 0.73046231 0.00000000
vt 0.95564204 0.52132481 0.00000000
vt 0.95828706 0.52150118 0.00000000
vt 0.96132237 0.52114624 0.00000000
vt 0.47194737 0.92693049 0.00000000
vt 0.46619016 0.93408579 0.00000000
vt 0.96288770 0.57229167 0.00000000
vt 0.96567041 0.57325846 0.00000000
vt 0.96951073 0.56247115 0.00000000
vt 0.96767825 0.53001177 0.00000000
vt 0.96389776 0.52011615 0.00000000
vt 0.95971209 0.57210410 0.00000000
vt 0.91712445 0.67819625 0.00000000
vt 0.92027545 0.67936146 0.00000000
vt 0.92357165 0.68003994 0.00000000
vt 0.43842807 0.14521480 0.00000000
vt 0.44392031 0.13945556 0.00000000
vt 0.89410996 0.73791569 0.00000000
vt 0.89560384 0.74092346 0.00000000
vt 0.90425575 0.73245376 0.00000000
vt 0.47668406 0.14875573 0.00000000
vt 0.47194606 0.14201760 0.00000000
vt 0.88895398 0.73345524 0.00000000
vt 0.89166558 0.73540169 0.00000000
vt 0.88991523 0.36363205 0.00000000
vt 0.89226204 0.36014441 0.00000000
vt 0.89375252 0.35631630 0.00000000
vt 0.58808213 0.25864428 0.00000000
vt 0.59681094 0.25889421 0.00000000
vt 0.58875835 0.25490993 0.00000000
vt 0.59768856 0.25503528 0.00000000
vt 0.61660022 0.28161746 0.00000000
vt 0.62024832 0.28013325 0.00000000
vt 0.61556280 0.29047394 0.00000000
vt 0.61950314 0.28938788 0.00000000
vt 0.92013890 0.42971262 0.00000000
vt 0.92415792 0.43037358 0.00000000
vt 0.92795038 0.43184435 0.00000000
vt 0.94247919 0.55191267 0.00000000
vt 0.94664276 0.55165714 0.00000000
vt 0.95048165 0.55089319 0.00000000
vt 0.65280539 0.42072999 0.00000000
vt 0.66055822 0.42543745 0.00000000
vt 0.66591430 0.45614621 0.00000000
vt 0.66132557 0.46396077 0.00000000
vt 0.92511308 0.61171329 0.00000000
vt 0.92831737 0.61450666 0.00000000
vt 0.93088293 0.61759919 0.00000000
vt 0.88956207 0.38478327 0.00000000
vt 0.89226431 0.38192534 0.00000000
vt 0.89413971 0.37901008 0.00000000
vt 0.61201686 0.78708476 0.00000000
vt 0.60999715 0.79582036 0.00000000
vt 0.61555922 0.78830838 0.00000000
vt 0.61347806 0.79750156 0.00000000
vt 0.58960497 0.81019783 0.00000000
vt 0.59067595 0.81388456 0.00000000
vt 0.58125174 0.80942905 0.00000000
vt 0.58195466 0.81343341 0.00000000
vt 0.91843271 0.44207287 0.00000000
vt 0.92209661 0.44146323 0.00000000
vt 0.92584175 0.44154924 0.00000000
vt 0.90396249 0.70065010 0.00000000
vt 0.90822184 0.70049644 0.00000000
vt 0.91219580 0.69943893 0.00000000
vt 0.65271854 0.60327280 0.00000000
vt 0.65963912 0.60986507 0.00000000
vt 0.66389394 0.61825585 0.00000000
vt 0.66318512 0.62742150 0.00000000
vt 0.65862870 0.63328934 0.00000000
vt 0.65303349 0.63947356 0.00000000
vt 0.87230062 0.74887204 0.00000000
vt 0.87384349 0.75266659 0.00000000
vt 0.87475860 0.75654149 0.00000000
vt 0.82793087 0.39704308 0.00000000
vt 0.83135903 0.39168772 0.00000000
vt 0.83345127 0.38577828 0.00000000
vt 0.61169589 0.50907475 0.00000000
vt 0.61776555 0.51370758 0.00000000
vt 0.61533713 0.50673831 0.00000000
vt 0.62133098 0.51124007 0.00000000
vt 0.61907494 0.53198516 0.00000000
vt 0.62402344 0.53179556 0.00000000
vt 0.61273479 0.53913820 0.00000000
vt 0.61852944 0.53934598 0.00000000
vt 0.86376894 0.43639484 0.00000000
vt 0.86829370 0.43278605 0.00000000
vt 0.87390840 0.42968529 0.00000000
vt 0.85437793 0.67624903 0.00000000
vt 0.85899866 0.67954457 0.00000000
vt 0.86274070 0.68129700 0.00000000
vt 0.58471620 0.36507690 0.00000000
vt 0.59042686 0.36745483 0.00000000
vt 0.58885813 0.36091477 0.00000000
vt 0.59402728 0.36368626 0.00000000
vt 0.60134792 0.38663536 0.00000000
vt 0.60642648 0.38447505 0.00000000
vt 0.59828329 0.39542449 0.00000000
vt 0.60500002 0.39288002 0.00000000
vt 0.82768220 0.72313905 0.00000000
vt 0.83216316 0.72724521 0.00000000
vt 0.83486158 0.73073596 0.00000000
vt 0.87702709 0.52614200 0.00000000
vt 0.88271415 0.52757722 0.00000000
vt 0.88865042 0.52868140 0.00000000
vt 0.49922141 0.24303299 0.00000000
vt 0.50710088 0.24188519 0.00000000
vt 0.50050056 0.23891830 0.00000000
vt 0.50813037 0.23760927 0.00000000
vt 0.52540004 0.25500119 0.00000000
vt 0.52828664 0.25126576 0.00000000
vt 0.52598608 0.26517206 0.00000000
vt 0.52964878 0.26125467 0.00000000
vt 0.88091487 0.56901592 0.00000000
vt 0.88655633 0.56686991 0.00000000
vt 0.89226002 0.56526130 0.00000000
vt 0.83587605 0.39399570 0.00000000
vt 0.84026015 0.38951766 0.00000000
vt 0.84288841 0.38586169 0.00000000
vt 0.39507920 0.90178317 0.00000000
vt 0.39034650 0.90863949 0.00000000
vt 0.86478257 0.42455140 0.00000000
vt 0.87017053 0.42230651 0.00000000
vt 0.86547148 0.41445982 0.00000000
vt 0.37475529 0.90845513 0.00000000
vt 0.85871583 0.40579063 0.00000000
vt 0.85774440 0.40353546 0.00000000
vt 0.85304481 0.39118564 0.00000000
vt 0.36790609 0.90510625 0.00000000
vt 0.84519100 0.37920329 0.00000000
vt 0.85717207 0.43048891 0.00000000
vt 0.86144024 0.42679626 0.00000000
vt 0.87697881 0.67362136 0.00000000
vt 0.88210994 0.67560267 0.00000000
vt 0.88625520 0.67616868 0.00000000
vt 0.53268504 0.84372818 0.00000000
vt 0.53164172 0.84017545 0.00000000
vt 0.52530915 0.84550101 0.00000000
vt 0.52384043 0.84260428 0.00000000
vt 0.51549965 0.84392762 0.00000000
vt 0.51684380 0.84552824 0.00000000
vt 0.87514514 0.54982781 0.00000000
vt 0.86675733 0.54789722 0.00000000
vt 0.87864649 0.55121762 0.00000000
vt 0.87836850 0.58465928 0.00000000
vt 0.87468112 0.57816398 0.00000000
vt 0.44957507 0.13502169 0.00000000
vt 0.46483928 0.13738126 0.00000000
vt 0.87235618 0.57094920 0.00000000
vt 0.86896789 0.57173383 0.00000000
vt 0.86551905 0.59686196 0.00000000
# 1557 texture coords

o spout
g spout
usemtl Material__2
s 1
f 1/1/1 2/2/2 3/3/3 
f 1/1/1 3/3/3 4/4/4 
f 1/1/1 4/4/4 5/5/5 
f 1/6/1 5/7/5 6/8/6 
f 1/6/1 6/8/6 7/9/7 
f 1/6/1 7/9/7 8/10/8 
f 1/11/1 8/12/8 9/13/9 
f 1/11/1 9/13/9 10/14/10 
f 1/11/1 10/14/10 11/15/11 
f 1/16/1 11/17/11 12/18/12 
f 1/16/1 12/18/12 13/19/13 
f 1/16/1 13/19/13 2/20/2 
f 14/21/14 3/3/3 2/2/2 
f 2/2/2 15/22/15 14/21/14 
f 16/23/16 4/4/4 3/3/3 
f 3/3/3 14/21/14 16/23/16 
f 17/24/17 5/5/5 4/4/4 
f 4/4/4 16/23/16 17/24/17 
f 18/25/18 6/8/6 5/7/5 
f 5/7/5 17/26/17 18/25/18 
f 19/27/19 7/9/7 6/8/6 
f 6/8/6 18/25/18 19/27/19 
f 20/28/20 8/10/8 7/9/7 
f 7/9/7 19/27/19 20/28/20 
f 21/29/21 9/13/9 8/12/8 
f 8/12/8 20/30/20 21/29/21 
f 22/31/22 10/14/10 9/13/9 
f 9/13/9 21/29/21 22/31/22 
f 23/32/23 11/15/11 10/14/10 
f 10/14/10 22/31/22 23/32/23 
f 24/33/24 12/18/12 11/17/11 
f 11/17/11 23/34/23 24/33/24 
f 25/35/25 13/19/13 12/18/12 
f 12/18/12 24/33/24 25/35/25 
f 15/36/15 2/20/2 13/19/13 
f 13/19/13 25/35/25 15/36/15 
f 26/37/26 14/21/14 15/22/15 
f 15/22/15 27/38/27 26/37/26 
f 28/39/28 16/23/16 14/21/14 
f 14/21/14 26/37/26 28/39/28 
f 29/40/29 17/24/17 16/23/16 
f 16/23/16 28/39/28 29/40/29 
f 30/41/30 18/25/18 17/26/17 
f 17/26/17 29/42/29 30/41/30 
f 31/43/31 19/27/19 18/25/18 
f 18/25/18 30/41/30 31/43/31 
f 19/27/19 31/43/31 32/44/32 
f 32/44/32 20/28/20 19/27/19 
f 20/30/20 32/45/32 33/46/33 
f 33/46/33 21/29/21 20/30/20 
f 21/29/21 33/46/33 34/47/34 
f 34/47/34 22/31/22 21/29/21 
f 35/48/35 23/32/23 22/31/22 
f 22/31/22 34/47/34 35/48/35 
f 36/49/36 24/33/24 23/34/23 
f 23/34/23 35/50/35 36/49/36 
f 37/51/37 25/35/25 24/33/24 
f 24/33/24 36/49/36 37/51/37 
f 27/52/27 15/36/15 25/35/25 
f 25/35/25 37/51/37 27/52/27 
f 38/53/38 39/54/39 26/37/26 
f 26/37/26 27/38/27 38/53/38 
f 26/37/26 39/54/39 40/55/40 
f 40/55/40 28/39/28 26/37/26 
f 28/39/28 40/55/40 41/56/41 
f 41/56/41 29/40/29 28/39/28 
f 29/42/29 41/57/41 42/58/42 
f 42/58/42 30/41/30 29/42/29 
f 30/41/30 42/58/42 43/59/43 
f 43/59/43 31/43/31 30/41/30 
f 34/47/34 44/60/44 45/61/45 
f 45/61/45 35/48/35 34/47/34 
f 35/50/35 45/62/45 46/63/46 
f 46/63/46 36/49/36 35/50/35 
f 36/49/36 46/63/46 47/64/47 
f 47/64/47 37/51/37 36/49/36 
f 37/51/37 47/64/47 38/65/38 
f 38/65/38 27/52/27 37/51/37 
f 48/66/48 49/67/49 50/68/50 
f 50/68/50 51/69/51 48/66/48 
f 52/70/52 53/71/53 54/72/54 
f 54/72/54 55/73/55 52/70/52 
f 56/74/56 57/75/57 58/76/58 
f 58/76/58 59/77/59 56/74/56 
s 2
f 60/78/60 61/79/61 62/80/62 
f 62/80/62 63/81/63 60/78/60 
f 64/82/64 65/83/65 66/84/66 
f 66/84/66 67/85/67 64/82/64 
s 4
f 68/86/68 69/87/69 70/88/70 
f 70/88/70 71/89/71 68/86/68 
s 1
f 72/90/72 73/91/73 74/92/74 
f 74/92/74 75/93/75 72/90/72 
s 2
f 76/94/76 77/95/77 78/96/78 
f 78/96/78 79/97/79 76/94/76 
s 1
f 80/98/80 81/99/81 82/100/82 
f 82/100/82 83/101/83 80/98/80 
s 4
f 84/102/84 85/103/85 86/104/86 
f 86/104/86 87/105/87 84/102/84 
f 85/103/85 88/106/88 89/107/89 
f 89/107/89 86/104/86 85/103/85 
f 88/106/88 90/108/90 91/109/91 
f 91/109/91 89/107/89 88/106/88 
f 90/108/90 92/110/92 93/111/93 
f 93/111/93 91/109/91 90/108/90 
f 92/110/92 94/112/94 95/113/95 
f 95/113/95 93/111/93 92/110/92 
f 94/112/94 96/114/96 97/115/97 
f 97/115/97 95/113/95 94/112/94 
f 96/114/96 98/116/98 99/117/99 
f 99/117/99 97/115/97 96/114/96 
f 98/116/98 100/118/100 101/119/101 
f 101/119/101 99/117/99 98/116/98 
f 100/118/100 102/120/102 103/121/103 
f 103/121/103 101/119/101 100/118/100 
f 102/120/102 104/122/104 105/123/105 
f 105/123/105 103/121/103 102/120/102 
f 104/122/104 106/124/106 107/125/107 
f 107/125/107 105/123/105 104/122/104 
f 106/124/106 84/126/84 87/127/87 
f 87/127/87 107/125/107 106/124/106 
f 108/128/108 85/103/85 84/102/84 
f 84/102/84 109/129/109 108/128/108 
f 110/130/110 88/106/88 85/103/85 
f 85/103/85 108/128/108 110/130/110 
f 111/131/111 90/108/90 88/106/88 
f 88/106/88 110/130/110 111/131/111 
f 112/132/112 92/110/92 90/108/90 
f 90/108/90 111/131/111 112/132/112 
f 113/133/113 94/112/94 92/110/92 
f 92/110/92 112/132/112 113/133/113 
f 114/134/114 96/114/96 94/112/94 
f 94/112/94 113/133/113 114/134/114 
f 115/135/115 98/116/98 96/114/96 
f 96/114/96 114/134/114 115/135/115 
f 116/136/116 100/118/100 98/116/98 
f 98/116/98 115/135/115 116/136/116 
f 117/137/117 102/120/102 100/118/100 
f 100/118/100 116/136/116 117/137/117 
f 118/138/118 104/122/104 102/120/102 
f 102/120/102 117/137/117 118/138/118 
f 119/139/119 106/124/106 104/122/104 
f 104/122/104 118/138/118 119/139/119 
f 109/140/109 84/126/84 106/124/106 
f 106/124/106 119/139/119 109/140/109 
f 120/141/120 108/128/108 109/129/109 
f 109/129/109 121/142/121 120/141/120 
f 122/143/122 110/130/110 108/128/108 
f 108/128/108 120/141/120 122/143/122 
f 123/144/123 111/131/111 110/130/110 
f 110/130/110 122/143/122 123/144/123 
f 124/145/124 112/132/112 111/131/111 
f 111/131/111 123/144/123 124/145/124 
f 125/146/125 113/133/113 112/132/112 
f 112/132/112 124/145/124 125/146/125 
f 126/147/126 114/134/114 113/133/113 
f 113/133/113 125/146/125 126/147/126 
f 127/148/127 115/135/115 114/134/114 
f 114/134/114 126/147/126 127/148/127 
f 128/149/128 116/136/116 115/135/115 
f 115/135/115 127/148/127 128/149/128 
f 129/150/129 117/137/117 116/136/116 
f 116/136/116 128/149/128 129/150/129 
f 130/151/130 118/138/118 117/137/117 
f 117/137/117 129/150/129 130/151/130 
f 131/152/131 119/139/119 118/138/118 
f 118/138/118 130/151/130 131/152/131 
f 121/153/121 109/140/109 119/139/119 
f 119/139/119 131/152/131 121/153/121 
f 132/154/132 120/141/120 121/142/121 
f 121/142/121 133/155/133 132/154/132 
f 134/156/134 122/143/122 120/141/120 
f 120/141/120 132/154/132 134/156/134 
f 135/157/135 123/144/123 122/143/122 
f 122/143/122 134/156/134 135/157/135 
f 136/158/136 124/145/124 123/144/123 
f 123/144/123 135/157/135 136/158/136 
f 137/159/137 125/146/125 124/145/124 
f 124/145/124 136/158/136 137/159/137 
f 138/160/138 126/147/126 125/146/125 
f 125/146/125 137/159/137 138/160/138 
f 139/161/139 127/148/127 126/147/126 
f 126/147/126 138/160/138 139/161/139 
f 140/162/140 128/149/128 127/148/127 
f 127/148/127 139/161/139 140/162/140 
f 141/163/141 129/150/129 128/149/128 
f 128/149/128 140/162/140 141/163/141 
f 142/164/142 130/151/130 129/150/129 
f 129/150/129 141/163/141 142/164/142 
f 143/165/143 131/152/131 130/151/130 
f 130/151/130 142/164/142 143/165/143 
f 133/166/133 121/153/121 131/152/131 
f 131/152/131 143/165/143 133/166/133 
f 144/167/144 132/154/132 133/155/133 
f 133/155/133 145/168/145 144/167/144 
f 146/169/146 134/156/134 132/154/132 
f 132/154/132 144/167/144 146/169/146 
f 147/170/147 135/157/135 134/156/134 
f 134/156/134 146/169/146 147/170/147 
f 148/171/148 136/158/136 135/157/135 
f 135/157/135 147/170/147 148/171/148 
f 149/172/149 137/159/137 136/158/136 
f 136/158/136 148/171/148 149/172/149 
f 150/173/150 138/160/138 137/159/137 
f 137/159/137 149/172/149 150/173/150 
f 151/174/151 139/161/139 138/160/138 
f 138/160/138 150/173/150 151/174/151 
f 152/175/152 140/162/140 139/161/139 
f 139/161/139 151/174/151 152/175/152 
f 153/176/153 141/163/141 140/162/140 
f 140/162/140 152/175/152 153/176/153 
f 154/177/154 142/164/142 141/163/141 
f 141/163/141 153/176/153 154/177/154 
f 155/178/155 143/165/143 142/164/142 
f 142/164/142 154/177/154 155/178/155 
f 145/179/145 133/166/133 143/165/143 
f 143/165/143 155/178/155 145/179/145 
f 156/180/156 144/167/144 145/168/145 
f 145/168/145 157/181/157 156/180/156 
f 158/182/158 146/169/146 144/167/144 
f 144/167/144 156/180/156 158/182/158 
f 159/183/159 147/170/147 146/169/146 
f 146/169/146 158/182/158 159/183/159 
f 160/184/160 148/171/148 147/170/147 
f 147/170/147 159/183/159 160/184/160 
f 161/185/161 149/172/149 148/171/148 
f 148/171/148 160/184/160 161/185/161 
f 162/186/162 150/173/150 149/172/149 
f 149/172/149 161/185/161 162/186/162 
f 163/187/163 151/174/151 150/173/150 
f 150/173/150 162/186/162 163/187/163 
f 164/188/164 152/175/152 151/174/151 
f 151/174/151 163/187/163 164/188/164 
f 165/189/165 153/176/153 152/175/152 
f 152/175/152 164/188/164 165/189/165 
f 166/190/166 154/177/154 153/176/153 
f 153/176/153 165/189/165 166/190/166 
f 167/191/167 155/178/155 154/177/154 
f 154/177/154 166/190/166 167/191/167 
f 157/192/157 145/179/145 155/178/155 
f 155/178/155 167/191/167 157/192/157 
f 168/193/168 156/194/156 157/195/157 
f 157/195/157 169/196/169 168/193/168 
f 170/197/170 158/198/158 156/194/156 
f 156/194/156 168/193/168 170/197/170 
f 171/199/171 159/200/159 158/198/158 
f 158/198/158 170/197/170 171/199/171 
f 172/201/172 160/202/160 159/200/159 
f 159/200/159 171/199/171 172/201/172 
f 173/203/173 161/204/161 160/202/160 
f 160/202/160 172/201/172 173/203/173 
f 174/205/174 162/206/162 161/204/161 
f 161/204/161 173/203/173 174/205/174 
f 175/207/175 163/208/163 162/206/162 
f 162/206/162 174/205/174 175/207/175 
f 176/209/176 164/210/164 163/208/163 
f 163/208/163 175/207/175 176/209/176 
f 177/211/177 165/212/165 164/210/164 
f 164/210/164 176/209/176 177/211/177 
f 178/213/178 166/214/166 165/212/165 
f 165/212/165 177/211/177 178/213/178 
f 179/215/179 167/216/167 166/214/166 
f 166/214/166 178/213/178 179/215/179 
f 169/196/169 157/195/157 167/216/167 
f 167/216/167 179/215/179 169/196/169 
f 180/217/180 168/193/168 169/196/169 
f 169/196/169 181/218/181 180/217/180 
f 182/219/182 170/197/170 168/193/168 
f 168/193/168 180/217/180 182/219/182 
f 183/220/183 171/199/171 170/197/170 
f 170/197/170 182/219/182 183/220/183 
f 184/221/184 172/201/172 171/199/171 
f 171/199/171 183/220/183 184/221/184 
f 185/222/185 173/203/173 172/201/172 
f 172/201/172 184/221/184 185/222/185 
f 186/223/186 174/205/174 173/203/173 
f 173/203/173 185/222/185 186/223/186 
f 187/224/187 175/207/175 174/205/174 
f 174/205/174 186/223/186 187/224/187 
f 188/225/188 176/209/176 175/207/175 
f 175/207/175 187/224/187 188/225/188 
f 189/226/189 177/211/177 176/209/176 
f 176/209/176 188/225/188 189/226/189 
f 190/227/190 178/213/178 177/211/177 
f 177/211/177 189/226/189 190/227/190 
f 191/228/191 179/215/179 178/213/178 
f 178/213/178 190/227/190 191/228/191 
f 181/218/181 169/196/169 179/215/179 
f 179/215/179 191/228/191 181/218/181 
f 192/229/192 180/217/180 181/218/181 
f 181/218/181 193/230/193 192/229/192 
f 194/231/194 182/219/182 180/217/180 
f 180/217/180 192/229/192 194/231/194 
f 195/232/195 183/220/183 182/219/182 
f 182/219/182 194/231/194 195/232/195 
f 196/233/196 184/221/184 183/220/183 
f 183/220/183 195/232/195 196/233/196 
f 197/234/197 185/222/185 184/221/184 
f 184/221/184 196/233/196 197/234/197 
f 198/235/198 186/223/186 185/222/185 
f 185/222/185 197/234/197 198/235/198 
f 199/236/199 187/224/187 186/223/186 
f 186/223/186 198/235/198 199/236/199 
f 200/237/200 188/225/188 187/224/187 
f 187/224/187 199/236/199 200/237/200 
f 201/238/201 189/226/189 188/225/188 
f 188/225/188 200/237/200 201/238/201 
f 202/239/202 190/227/190 189/226/189 
f 189/226/189 201/238/201 202/239/202 
f 203/240/203 191/228/191 190/227/190 
f 190/227/190 202/239/202 203/240/203 
f 193/230/193 181/218/181 191/228/191 
f 191/228/191 203/240/203 193/230/193 
f 193/230/193 204/241/204 192/229/192 
f 192/229/192 204/241/204 194/231/194 
f 194/231/194 204/241/204 195/232/195 
f 195/232/195 204/241/204 196/233/196 
f 196/233/196 204/241/204 197/234/197 
f 197/234/197 204/241/204 198/235/198 
f 198/235/198 204/241/204 199/236/199 
f 199/236/199 204/241/204 200/237/200 
f 200/237/200 204/241/204 201/238/201 
f 201/238/201 204/241/204 202/239/202 
f 202/239/202 204/241/204 203/240/203 
f 203/240/203 204/241/204 193/230/193 
s 1
f 39/54/39 205/242/205 206/243/206 
f 206/243/206 40/55/40 39/54/39 
f 207/244/207 208/245/208 209/246/209 
f 209/246/209 210/247/210 207/244/207 
f 89/107/211 211/248/212 212/249/213 
f 212/249/213 86/104/214 89/107/211 
f 213/250/215 214/251/216 215/252/217 
f 215/252/217 216/253/218 213/250/215 
f 209/246/209 217/254/219 218/255/220 
f 218/255/220 210/247/210 209/246/209 
f 219/256/221 212/249/213 211/248/212 
f 211/248/212 220/257/222 219/256/221 
f 215/252/217 214/251/216 221/258/223 
f 221/258/223 222/259/224 215/252/217 
f 38/65/38 47/64/47 223/260/225 
f 223/260/225 224/261/226 38/65/38 
f 225/262/227 226/263/228 227/264/229 
f 227/264/229 228/265/230 225/262/227 
f 107/125/231 87/127/232 229/266/233 
f 229/266/233 230/267/234 107/125/231 
f 231/268/235 232/269/236 233/270/237 
f 233/270/237 234/271/238 231/268/235 
f 224/261/226 223/260/225 235/272/239 
f 235/272/239 236/273/240 224/261/226 
f 227/264/229 237/274/241 238/275/242 
f 238/275/242 228/265/230 227/264/229 
f 229/266/233 239/276/243 240/277/244 
f 240/277/244 230/267/234 229/266/233 
f 232/269/236 241/278/245 242/279/246 
f 242/279/246 233/270/237 232/269/236 
f 46/63/46 45/62/45 243/280/247 
f 243/280/247 244/281/248 46/63/46 
f 245/282/249 246/283/250 247/284/251 
f 247/284/251 248/285/252 245/282/249 
f 105/123/253 249/286/254 250/287/255 
f 250/287/255 103/121/256 105/123/253 
f 251/288/257 252/289/258 253/290/259 
f 253/290/259 254/291/260 251/288/257 
f 243/280/247 255/292/261 256/293/262 
f 256/293/262 244/281/248 243/280/247 
f 248/285/252 247/284/251 257/294/263 
f 257/294/263 258/295/264 248/285/252 
f 249/286/254 259/296/265 260/297/266 
f 260/297/266 250/287/255 249/286/254 
f 252/289/258 261/298/267 262/299/268 
f 262/299/268 253/290/259 252/289/258 
f 263/300/269 264/301/270 265/302/271 
f 265/302/271 44/60/44 263/300/269 
s 2
f 266/303/272 267/304/273 268/305/274 
f 268/305/274 269/306/275 266/303/272 
f 101/119/276 270/307/277 271/308/278 
f 271/308/278 99/117/279 101/119/276 
f 272/309/280 273/310/281 274/311/282 
f 274/311/282 275/312/283 272/309/280 
f 269/306/275 268/305/274 276/313/284 
f 276/313/284 277/314/285 269/306/275 
f 270/307/277 278/315/286 279/316/287 
f 279/316/287 271/308/278 270/307/277 
f 273/310/281 280/317/288 281/318/289 
f 281/318/289 274/311/282 273/310/281 
s 1
f 42/58/42 41/57/41 282/319/290 
f 282/319/290 283/320/291 42/58/42 
f 284/321/292 285/322/293 286/323/294 
f 286/323/294 287/324/295 284/321/292 
f 93/111/296 288/325/297 289/326/298 
f 289/326/298 91/109/299 93/111/296 
f 290/327/300 291/328/301 292/329/302 
f 292/329/302 293/330/303 290/327/300 
f 282/319/290 294/331/304 295/332/305 
f 295/332/305 283/320/291 282/319/290 
f 286/323/294 296/333/306 297/334/307 
f 297/334/307 287/324/295 286/323/294 
f 288/325/297 298/335/308 299/336/309 
f 299/336/309 289/326/298 288/325/297 
f 292/329/302 291/328/301 300/337/310 
f 300/337/310 301/338/311 292/329/302 
f 43/59/43 302/339/312 303/340/313 
f 303/340/313 304/341/314 43/59/43 
s 2
f 305/342/315 306/343/316 307/344/317 
f 307/344/317 308/345/318 305/342/315 
f 95/113/319 97/115/320 309/346/321 
f 309/346/321 310/347/322 95/113/319 
f 311/348/323 312/349/324 313/350/325 
f 313/350/325 314/351/326 311/348/323 
s 1
f 302/339/312 315/352/327 316/353/328 
f 316/353/328 303/340/313 302/339/312 
s 2
f 308/345/318 307/344/317 317/354/329 
f 317/354/329 318/355/330 308/345/318 
f 310/347/322 309/346/321 319/356/331 
f 312/349/324 320/357/332 321/358/333 
f 321/358/333 313/350/325 312/349/324 
s 1
f 263/300/269 304/359/314 322/360/334 
f 322/360/334 323/361/335 263/300/269 
s 4
f 311/362/336 314/363/337 324/364/338 
f 324/364/338 325/365/339 311/362/336 
s 1
f 97/115/340 99/117/341 326/366/342 
f 326/366/342 327/367/343 97/115/340 
s 4
f 266/303/344 328/368/345 329/369/346 
f 329/369/346 267/304/347 266/303/344 
f 272/309/348 275/312/349 330/370/350 
f 330/370/350 331/371/351 272/309/348 
s 8
f 103/121/352 332/372/353 333/373/354 
f 333/373/354 101/119/352 103/121/352 
s 4
f 245/374/355 334/375/356 335/376/357 
f 335/376/357 246/377/358 245/374/355 
s 1
f 47/64/47 46/63/46 336/378/359 
f 336/378/359 337/379/360 47/64/47 
s 2
f 251/288/361 254/291/362 338/380/363 
f 338/380/363 339/381/364 251/288/361 
f 107/125/365 340/382/366 341/383/367 
f 341/383/367 105/123/365 107/125/365 
f 225/262/368 342/384/369 343/385/370 
f 343/385/370 226/263/371 225/262/368 
s 1
f 39/54/39 38/53/38 344/386/372 
f 344/386/372 345/387/373 39/54/39 
s 2
f 346/388/374 231/389/375 234/390/376 
f 234/390/376 347/391/377 346/388/374 
f 87/105/378 86/104/379 348/392/380 
f 348/392/380 349/393/381 87/105/378 
f 350/394/382 208/245/383 207/244/384 
f 207/244/384 351/395/385 350/394/382 
s 1
f 41/56/41 40/55/40 352/396/386 
f 352/396/386 353/397/387 41/56/41 
s 2
f 213/250/388 216/253/389 354/398/390 
s 26
f 91/109/391 355/399/392 356/400/393 
f 89/107/394 91/109/391 356/400/393 
f 356/400/393 357/401/395 358/402/396 
f 89/107/394 356/400/393 358/402/396 
f 89/107/394 358/402/396 359/403/397 
s 8
f 285/404/398 284/405/399 360/406/400 
s 1
f 42/58/42 361/407/401 362/408/402 
f 362/408/402 363/409/403 364/410/404 
f 364/410/404 365/411/405 366/412/406 
f 362/408/402 364/410/404 366/412/406 
f 42/58/42 362/408/402 366/412/406 
f 43/59/43 42/58/42 366/412/406 
s 4
f 51/69/407 367/413/408 368/414/409 
f 368/414/409 48/66/410 51/69/407 
f 368/414/409 367/413/408 369/415/411 
s 1
f 55/73/55 54/72/54 370/416/412 
f 370/416/412 371/417/413 55/73/55 
f 371/417/413 370/416/412 372/418/414 
f 372/418/414 373/419/415 371/417/413 
s 2
f 374/420/416 360/406/417 375/421/418 
f 375/421/418 376/422/419 374/420/416 
f 376/422/419 375/421/418 377/423/420 
f 377/423/420 378/424/421 376/422/419 
s 1
f 59/77/59 379/425/422 380/426/423 
f 380/426/423 56/74/56 59/77/59 
f 379/425/422 381/427/424 382/428/425 
f 382/428/425 380/426/423 379/425/422 
s 2
f 62/80/62 383/429/426 384/430/427 
f 384/430/427 63/81/63 62/80/62 
f 384/430/427 383/429/426 385/431/428 
f 385/431/428 386/432/429 384/430/427 
f 67/85/67 66/84/66 387/433/430 
f 387/433/430 388/434/431 67/85/67 
f 388/434/431 387/433/430 389/435/432 
f 389/435/432 390/436/433 388/434/431 
s 4
f 71/89/71 70/88/70 391/437/434 
f 391/437/434 392/438/435 71/89/71 
f 392/438/435 391/437/434 393/439/436 
f 393/439/436 394/440/437 392/438/435 
s 1
f 75/93/75 395/441/438 396/442/439 
f 396/442/439 72/90/72 75/93/75 
f 395/441/438 397/443/440 398/444/441 
f 398/444/441 396/442/439 395/441/438 
s 2
f 78/96/78 399/445/442 400/446/443 
f 400/446/443 79/97/79 78/96/78 
f 400/446/443 399/445/442 401/447/444 
f 401/447/444 402/448/445 400/446/443 
s 1
f 83/101/83 82/100/82 403/449/446 
f 403/449/446 404/450/447 83/101/83 
f 404/450/447 403/449/446 405/451/448 
f 405/451/448 406/452/449 404/450/447 
f 205/242/205 39/54/39 407/453/450 
f 407/453/450 408/454/451 205/242/205 
f 408/454/451 407/453/450 409/455/452 
f 409/455/452 410/456/453 408/454/451 
f 40/55/40 206/243/206 411/457/454 
f 411/457/454 412/458/455 40/55/40 
f 412/458/455 411/457/454 413/459/456 
f 413/459/456 414/460/457 412/458/455 
f 207/244/207 210/247/210 415/461/458 
f 415/461/458 416/462/459 207/244/207 
f 416/462/459 415/461/458 410/456/453 
f 410/456/453 409/455/452 416/462/459 
f 214/251/216 213/250/215 417/463/460 
f 417/463/460 418/464/461 214/251/216 
f 418/464/461 417/463/460 414/460/457 
f 414/460/457 413/459/456 418/464/461 
f 205/242/205 408/454/451 419/465/462 
f 419/465/462 408/454/451 410/456/453 
f 410/456/453 420/466/463 419/465/462 
s 3
f 205/242/205 421/467/464 206/243/206 
s 1
f 421/467/464 373/419/415 372/418/414 
f 206/243/206 422/468/465 411/457/454 
f 422/468/465 423/469/466 413/459/456 
f 413/459/456 411/457/454 422/468/465 
f 210/247/210 218/255/220 424/470/467 
f 424/470/467 415/461/458 210/247/210 
f 415/461/458 424/470/467 420/466/463 
f 420/466/463 410/456/453 415/461/458 
f 214/251/216 418/464/461 425/471/468 
f 425/471/468 221/258/223 214/251/216 
f 418/464/461 413/459/456 423/469/466 
f 423/469/466 425/471/468 418/464/461 
f 223/260/225 47/64/47 426/472/469 
f 426/472/469 427/473/470 223/260/225 
f 427/473/470 426/472/469 428/474/471 
f 428/474/471 429/475/472 427/473/470 
f 38/65/38 224/261/226 430/476/473 
f 430/476/473 431/477/474 38/65/38 
f 431/477/474 430/476/473 432/478/475 
f 432/478/475 433/479/476 431/477/474 
f 225/262/227 228/265/230 434/480/477 
f 434/480/477 435/481/478 225/262/227 
f 435/481/478 434/480/477 429/475/472 
f 429/475/472 428/474/471 435/481/478 
f 232/269/236 231/268/235 436/482/479 
f 436/482/479 437/483/480 232/269/236 
f 437/483/480 436/482/479 433/479/476 
f 433/479/476 432/478/475 437/483/480 
f 427/473/470 438/484/481 235/272/239 
f 235/272/239 223/260/225 427/473/470 
f 438/484/481 427/473/470 429/475/472 
f 429/475/472 439/485/482 438/484/481 
s 2
f 236/273/483 235/272/484 440/486/485 
f 236/273/483 440/486/485 441/487/486 
f 236/273/483 441/487/486 442/488/487 
s 1
f 441/487/488 440/486/489 406/452/449 
f 406/452/449 405/451/448 441/487/488 
s 2
f 224/261/490 236/273/483 442/488/487 
f 224/261/490 442/488/487 443/489/491 
f 224/261/490 443/489/491 430/476/492 
s 1
f 443/489/493 444/490/494 432/478/475 
f 432/478/475 430/476/473 443/489/493 
f 228/265/230 238/275/242 445/491/495 
f 445/491/495 434/480/477 228/265/230 
f 434/480/477 445/491/495 439/485/482 
f 439/485/482 429/475/472 434/480/477 
f 232/269/236 437/483/480 446/492/496 
f 446/492/496 241/278/245 232/269/236 
f 437/483/480 432/478/475 444/490/494 
f 444/490/494 446/492/496 437/483/480 
f 243/280/247 45/62/45 447/493/497 
f 447/493/497 45/62/45 448/494/498 
f 448/494/498 449/495/499 447/493/497 
f 46/63/46 244/281/248 450/496/500 
f 450/496/500 451/497/501 46/63/46 
f 451/497/501 450/496/500 452/498/502 
f 452/498/502 453/499/503 451/497/501 
f 245/282/249 248/285/252 454/500/504 
f 454/500/504 455/501/505 245/282/249 
f 455/501/505 454/500/504 449/495/499 
f 449/495/499 448/494/498 455/501/505 
f 252/289/258 251/288/257 456/502/506 
f 456/502/506 457/503/507 252/289/258 
f 457/503/507 456/502/506 453/499/503 
f 453/499/503 452/498/502 457/503/507 
f 447/493/497 458/504/508 255/292/261 
f 255/292/261 243/280/247 447/493/497 
f 458/504/508 447/493/497 449/495/499 
f 449/495/499 459/505/509 458/504/508 
s 2
f 460/506/510 461/507/511 256/293/512 
f 256/293/512 255/292/513 460/506/510 
s 1
f 460/506/514 398/444/441 397/443/440 
f 397/443/440 461/507/515 460/506/514 
f 244/281/248 256/293/262 462/508/516 
f 462/508/516 450/496/500 244/281/248 
f 462/508/516 463/509/517 452/498/502 
f 452/498/502 450/496/500 462/508/516 
f 248/285/252 258/295/264 464/510/518 
f 464/510/518 454/500/504 248/285/252 
f 454/500/504 464/510/518 459/505/509 
f 459/505/509 449/495/499 454/500/504 
f 252/289/258 457/503/507 465/511/519 
f 465/511/519 261/298/267 252/289/258 
f 457/503/507 452/498/502 463/509/517 
f 463/509/517 465/511/519 457/503/507 
f 264/301/270 263/300/269 466/512/520 
s 2
f 466/512/521 263/300/522 467/513/523 
f 467/513/523 468/514/524 466/512/521 
s 1
f 265/302/271 469/515/525 44/60/44 
f 44/60/44 469/515/525 470/516/526 
f 470/516/526 471/517/527 44/60/44 
s 2
f 266/303/272 269/306/275 472/518/528 
f 472/518/528 473/519/529 266/303/272 
f 473/519/529 472/518/528 468/514/524 
f 468/514/524 467/513/523 473/519/529 
f 273/310/281 272/309/280 474/520/530 
f 474/520/530 475/521/531 273/310/281 
f 475/521/531 474/520/530 471/517/532 
f 471/517/532 470/516/533 475/521/531 
s 4
f 264/301/534 466/512/535 476/522/536 
s 2
f 476/522/537 466/512/521 468/514/524 
f 468/514/524 477/523/538 476/522/537 
s 4
f 264/301/534 476/522/536 478/524/539 
f 264/301/534 478/524/539 479/525/540 
f 264/301/534 479/525/540 480/526/541 
f 265/302/542 264/301/534 480/526/541 
s 2
f 390/436/433 389/435/432 479/525/543 
f 479/525/543 478/524/544 390/436/433 
s 4
f 265/302/542 480/526/541 469/515/545 
s 2
f 480/526/546 481/527/547 470/516/533 
f 470/516/533 469/515/548 480/526/546 
f 269/306/275 277/314/285 482/528/549 
f 482/528/549 472/518/528 269/306/275 
f 472/518/528 482/528/549 477/523/538 
f 477/523/538 468/514/524 472/518/528 
f 273/310/281 475/521/531 483/529/550 
f 483/529/550 280/317/288 273/310/281 
f 475/521/531 470/516/533 481/527/547 
f 481/527/547 483/529/550 475/521/531 
s 1
f 282/319/290 41/57/41 484/530/551 
f 484/530/551 485/531/552 282/319/290 
f 485/531/552 484/530/551 486/532/553 
f 486/532/553 487/533/554 485/531/552 
f 42/58/42 283/320/291 488/534/555 
f 488/534/555 489/535/556 42/58/42 
f 489/535/556 488/534/555 490/536/557 
f 490/536/557 491/537/558 489/535/556 
f 284/321/292 287/324/295 492/538/559 
f 492/538/559 493/539/560 284/321/292 
f 493/539/560 492/538/559 487/533/554 
f 487/533/554 486/532/553 493/539/560 
f 291/328/301 290/327/300 494/540/561 
f 494/540/561 495/541/562 291/328/301 
f 495/541/562 494/540/561 491/537/558 
f 491/537/558 490/536/557 495/541/562 
f 485/531/552 496/542/563 294/331/304 
f 294/331/304 282/319/290 485/531/552 
f 496/542/563 485/531/552 487/533/554 
f 487/533/554 497/543/564 496/542/563 
s 2
f 294/331/565 498/544/566 499/545/567 
f 294/331/565 499/545/567 500/546/568 
f 295/332/569 294/331/565 500/546/568 
s 1
f 382/428/425 381/427/424 499/545/570 
f 499/545/570 498/544/571 382/428/425 
f 283/320/291 295/332/305 500/546/572 
f 283/320/291 500/546/572 501/547/573 
f 283/320/291 501/547/573 488/534/555 
f 501/547/573 502/548/574 490/536/557 
f 490/536/557 488/534/555 501/547/573 
f 287/324/295 297/334/307 503/549/575 
f 503/549/575 492/538/559 287/324/295 
f 492/538/559 503/549/575 497/543/564 
f 497/543/564 487/533/554 492/538/559 
f 291/328/301 495/541/562 504/550/576 
f 504/550/576 300/337/310 291/328/301 
f 495/541/562 490/536/557 502/548/574 
f 502/548/574 504/550/576 495/541/562 
f 302/339/312 43/59/43 505/551/577 
f 505/551/577 506/552/578 302/339/312 
f 506/552/578 505/551/577 507/553/579 
f 507/553/579 508/554/580 506/552/578 
f 303/340/313 509/555/581 304/341/314 
f 304/341/314 509/555/581 510/556/582 
f 510/556/582 511/557/583 304/341/314 
s 2
f 305/342/315 308/345/318 512/558/584 
f 512/558/584 513/559/585 305/342/315 
f 513/559/585 512/558/584 508/554/586 
f 508/554/586 507/553/587 513/559/585 
f 312/349/324 311/348/323 514/560/588 
f 514/560/588 515/561/589 312/349/324 
f 515/561/589 514/560/588 511/557/590 
f 511/557/590 510/556/591 515/561/589 
s 1
f 506/552/578 516/562/592 315/352/327 
f 315/352/327 302/339/312 506/552/578 
f 516/562/592 506/552/578 508/554/580 
f 508/554/580 517/563/593 516/562/592 
s 4
f 315/352/594 518/564/595 519/565/596 
f 519/565/596 316/353/597 315/352/594 
f 519/565/596 518/564/595 520/566/598 
f 520/566/598 521/567/599 519/565/596 
s 1
f 303/340/313 316/353/328 522/568/600 
f 522/568/600 509/555/581 303/340/313 
f 522/568/600 523/569/601 510/556/582 
f 510/556/582 509/555/581 522/568/600 
s 2
f 312/349/324 515/561/589 524/570/602 
f 524/570/602 320/357/332 312/349/324 
f 515/561/589 510/556/591 523/569/603 
f 523/569/603 524/570/602 515/561/589 
s 1
f 525/571/604 526/572/605 322/360/334 
f 322/360/334 304/359/314 525/571/604 
f 525/571/604 304/359/314 511/573/583 
f 511/573/583 527/574/606 525/571/604 
s 8
f 322/360/607 528/575/608 529/576/609 
f 529/576/609 323/361/610 322/360/607 
f 529/576/609 528/575/608 386/432/611 
f 386/432/611 385/431/612 529/576/609 
s 1
f 323/361/335 530/577/613 467/513/614 
f 467/513/614 263/300/269 323/361/335 
s 4
f 311/362/336 325/365/339 531/578/615 
f 531/578/615 514/579/616 311/362/336 
f 514/579/616 531/578/615 527/574/617 
f 527/574/617 511/573/618 514/579/616 
f 266/303/344 473/519/619 532/580/620 
f 532/580/620 328/368/345 266/303/344 
f 473/519/619 467/513/621 530/577/622 
f 530/577/622 532/580/620 473/519/619 
s 1
f 533/581/623 44/60/44 471/517/527 
f 471/517/527 534/582/624 533/581/623 
s 2
f 44/60/625 533/581/626 535/583/627 
f 44/60/625 535/583/627 536/584/628 
f 44/60/625 536/584/628 537/585/629 
f 45/61/630 44/60/625 537/585/629 
f 393/439/631 536/584/628 535/583/627 
f 535/583/627 394/440/632 393/439/631 
s 1
f 537/585/633 538/586/634 448/587/498 
f 448/587/498 45/61/45 537/585/633 
s 4
f 272/309/348 331/371/351 539/588/635 
f 539/588/635 474/520/636 272/309/348 
f 474/520/636 539/588/635 534/582/637 
f 534/582/637 471/517/638 474/520/636 
f 245/374/355 455/589/639 540/590/640 
f 540/590/640 334/375/356 245/374/355 
f 455/589/639 448/587/641 538/586/642 
f 538/586/642 540/590/640 455/589/639 
s 1
f 451/497/501 541/591/643 336/378/359 
f 336/378/359 46/63/46 451/497/501 
f 541/591/643 451/497/501 453/499/503 
f 453/499/503 542/592/644 541/591/643 
s 4
f 336/378/645 543/593/646 544/594/647 
f 544/594/647 337/379/648 336/378/645 
f 401/447/649 544/594/647 543/593/646 
f 543/593/646 402/448/650 401/447/649 
s 1
f 47/64/47 337/379/360 545/595/651 
f 545/595/651 426/472/469 47/64/47 
f 545/595/651 546/596/652 428/474/471 
f 428/474/471 426/472/469 545/595/651 
s 2
f 251/288/361 339/381/364 547/597/653 
f 547/597/653 456/502/654 251/288/361 
f 456/502/654 547/597/653 542/592/655 
f 542/592/655 453/499/656 456/502/654 
f 225/262/368 435/481/657 548/598/658 
f 548/598/658 342/384/369 225/262/368 
f 435/481/657 428/474/659 546/596/660 
f 546/596/660 548/598/658 435/481/657 
s 1
f 431/599/474 549/600/661 344/386/372 
f 344/386/372 38/53/38 431/599/474 
f 549/600/661 431/599/474 433/601/476 
f 433/601/476 550/602/662 549/600/661 
s 8
f 551/603/663 345/387/664 344/386/665 
f 344/386/665 552/604/666 551/603/663 
f 551/603/663 552/604/666 369/415/667 
s 1
f 39/54/39 345/387/373 553/605/668 
f 553/605/668 407/453/450 39/54/39 
f 553/605/668 554/606/669 409/455/452 
f 409/455/452 407/453/450 553/605/668 
s 2
f 231/389/375 346/388/374 555/607/670 
f 555/607/670 436/608/671 231/389/375 
f 436/608/671 555/607/670 550/602/672 
f 550/602/672 433/601/673 436/608/671 
f 207/244/384 416/462/674 556/609/675 
f 556/609/675 351/395/385 207/244/384 
f 416/462/674 409/455/676 554/606/677 
f 554/606/677 556/609/675 416/462/674 
s 1
f 557/610/678 558/611/679 352/396/386 
f 412/458/455 557/610/678 352/396/386 
f 40/55/40 412/458/455 352/396/386 
f 557/610/678 412/458/455 414/460/457 
f 414/460/457 559/612/680 557/610/678 
f 353/397/387 378/424/681 377/423/682 
f 41/56/41 353/397/387 377/423/682 
f 377/423/682 484/613/551 41/56/41 
f 484/613/551 377/423/682 486/614/553 
s 2
f 213/250/388 354/398/390 560/615/683 
f 560/615/683 417/463/684 213/250/388 
f 417/463/684 560/615/683 559/612/685 
f 559/612/685 414/460/686 417/463/684 
s 8
f 360/406/400 284/405/399 493/616/687 
f 493/616/687 375/421/688 360/406/400 
f 375/421/688 493/616/687 486/614/689 
f 486/614/689 377/423/690 375/421/688 
s 1
f 361/407/401 42/58/42 489/535/556 
f 489/535/556 561/617/691 361/407/401 
f 561/617/691 489/535/556 491/537/558 
f 491/537/558 562/618/692 561/617/691 
s 12
f 563/619/693 564/620/694 366/412/695 
f 366/412/695 365/411/696 563/619/693 
s 1
f 43/59/43 366/412/406 565/621/697 
f 565/621/697 505/551/577 43/59/43 
s 8
f 565/621/698 566/622/699 507/553/700 
f 507/553/700 505/551/701 565/621/698 
s 1
f 494/540/561 567/623/702 562/618/692 
f 562/618/692 491/537/558 494/540/561 
s 25
f 568/624/703 569/625/704 570/626/705 
f 570/626/705 571/627/706 568/624/703 
s 8
f 513/559/707 507/553/700 566/622/699 
f 566/622/699 572/628/708 513/559/707 
s 4
f 49/67/709 573/629/710 574/630/711 
f 574/630/711 50/68/712 49/67/709 
s 6
f 574/630/711 573/629/710 575/631/713 
f 575/631/713 576/632/714 574/630/711 
s 1
f 53/71/53 52/70/52 577/633/715 
f 577/633/715 578/634/716 53/71/53 
f 578/634/716 577/633/715 579/635/717 
f 579/635/717 580/636/718 578/634/716 
s 2
f 581/637/719 582/638/720 580/636/721 
f 580/636/721 579/635/722 581/637/719 
f 360/406/417 374/420/416 583/639/723 
f 583/639/723 584/640/724 360/406/417 
f 584/640/724 583/639/723 585/641/725 
f 585/641/725 586/642/726 584/640/724 
f 586/642/726 585/641/725 587/643/727 
f 587/643/727 588/644/728 586/642/726 
s 1
f 57/75/57 589/645/729 590/646/730 
f 590/646/730 58/76/58 57/75/57 
f 591/647/731 590/646/730 589/645/729 
f 589/645/729 592/648/732 591/647/731 
s 2
f 591/647/733 592/648/734 593/649/735 
f 593/649/735 594/650/736 591/647/733 
s 12
f 595/651/737 596/652/738 597/653/739 
f 597/653/739 598/654/740 599/655/741 
f 599/655/741 93/111/93 95/113/95 
f 597/653/739 599/655/741 95/113/95 
f 600/656/742 601/657/743 602/658/744 
f 95/113/95 600/656/742 602/658/744 
f 602/658/744 603/659/745 604/660/746 
f 604/660/746 605/661/747 606/662/748 
f 602/658/744 604/660/746 606/662/748 
f 95/113/95 602/658/744 606/662/748 
f 597/653/739 95/113/95 606/662/748 
f 595/651/737 597/653/739 606/662/748 
f 607/663/749 595/651/737 606/662/748 
f 608/664/750 607/663/749 606/662/748 
s 2
f 61/79/61 60/78/60 609/665/751 
f 609/665/751 610/666/752 61/79/61 
f 610/666/752 609/665/751 611/667/753 
f 611/667/753 612/668/754 610/666/752 
f 612/668/754 611/667/753 613/669/755 
f 613/669/755 614/670/756 612/668/754 
f 64/82/64 615/671/757 616/672/758 
f 616/672/758 65/83/65 64/82/64 
f 617/673/759 616/672/758 615/671/757 
f 615/671/757 618/674/760 617/673/759 
s 1
f 618/674/761 619/675/762 620/676/763 
f 620/676/763 617/673/764 618/674/761 
s 4
f 621/677/765 69/87/69 68/86/68 
f 68/86/68 622/678/766 621/677/765 
s 1
f 622/678/767 623/679/768 624/680/769 
f 624/680/769 621/677/770 622/678/767 
f 623/679/768 625/681/771 626/682/772 
f 626/682/772 624/680/769 623/679/768 
f 73/91/73 627/683/773 628/684/774 
f 628/684/774 74/92/74 73/91/73 
f 627/683/773 629/685/775 630/686/776 
f 630/686/776 628/684/774 627/683/773 
f 629/685/775 631/687/777 632/688/778 
f 632/688/778 630/686/776 629/685/775 
s 8
f 633/689/779 634/690/780 77/95/781 
f 77/95/781 76/94/782 633/689/779 
f 633/689/779 635/691/783 636/692/784 
f 636/692/784 634/690/780 633/689/779 
f 635/691/783 637/693/785 638/694/786 
f 638/694/786 636/692/784 635/691/783 
s 1
f 81/99/81 80/98/80 639/695/787 
f 639/695/787 640/696/788 81/99/81 
f 639/695/787 641/697/789 642/698/790 
f 642/698/790 640/696/788 639/695/787 
s 3
f 642/698/790 641/697/789 643/699/791 
f 643/699/791 644/700/792 642/698/790 
s 1
f 209/246/209 208/245/208 645/701/793 
f 645/701/793 646/702/794 209/246/209 
f 646/702/794 645/701/793 647/703/795 
f 647/703/795 648/704/796 646/702/794 
f 648/704/796 647/703/795 649/705/797 
f 649/705/797 650/706/798 648/704/796 
f 211/248/212 89/107/211 359/403/799 
f 359/403/799 651/707/800 211/248/212 
f 651/707/800 359/403/799 652/708/801 
f 652/708/801 653/709/802 651/707/800 
f 653/710/802 652/711/801 654/712/803 
f 654/712/803 655/713/804 653/710/802 
f 86/104/214 212/249/213 656/714/805 
f 656/714/805 657/715/806 86/104/214 
f 657/715/806 656/714/805 658/716/807 
f 658/716/807 659/717/808 657/715/806 
f 659/718/808 658/719/807 650/706/798 
f 650/706/798 649/705/797 659/718/808 
f 216/253/218 215/252/217 660/720/809 
f 660/720/809 661/721/810 216/253/218 
f 661/721/810 660/720/809 662/722/811 
f 662/722/811 663/723/812 661/721/810 
f 663/723/812 662/722/811 655/713/804 
f 655/713/804 654/712/803 663/723/812 
s 2
f 646/702/813 664/724/814 217/254/815 
f 217/254/815 209/246/816 646/702/813 
s 1
f 664/724/817 646/702/794 648/704/796 
f 648/704/796 665/725/818 664/724/817 
f 665/725/818 648/704/796 650/706/798 
f 650/706/798 666/726/819 665/725/818 
f 211/248/212 651/707/800 220/257/222 
f 220/257/222 651/707/800 653/709/802 
f 653/709/802 667/727/820 220/257/222 
f 667/728/820 653/710/802 655/713/804 
f 655/713/804 668/729/821 667/728/820 
s 4
f 219/256/822 220/257/823 669/730/824 
f 669/730/824 670/731/825 219/256/822 
f 669/732/824 582/638/826 581/637/827 
f 581/637/827 670/733/825 669/732/824 
s 1
f 212/249/213 219/256/221 656/714/805 
f 219/256/221 671/734/828 658/716/807 
f 658/716/807 656/714/805 219/256/221 
f 671/735/828 666/726/819 650/706/798 
f 650/706/798 658/719/807 671/735/828 
s 2
f 215/252/829 222/259/830 660/720/831 
s 1
f 222/259/224 672/736/832 662/722/811 
f 662/722/811 660/720/809 222/259/224 
f 672/736/832 668/729/821 655/713/804 
f 655/713/804 662/722/811 672/736/832 
f 227/264/229 226/263/228 673/737/833 
f 673/737/833 674/738/834 227/264/229 
f 674/738/834 673/737/833 675/739/835 
f 675/739/835 676/740/836 674/738/834 
f 676/740/836 675/739/835 677/741/837 
f 677/741/837 678/742/838 676/740/836 
f 229/266/233 87/127/232 679/743/839 
f 679/743/839 680/744/840 229/266/233 
f 680/744/840 679/743/839 681/745/841 
f 681/745/841 682/746/842 680/744/840 
f 682/747/842 681/748/841 683/749/843 
f 683/749/843 684/750/844 682/747/842 
f 107/125/231 230/267/234 685/751/845 
f 685/751/845 686/752/846 107/125/231 
f 686/752/846 685/751/845 687/753/847 
f 687/753/847 688/754/848 686/752/846 
f 688/754/848 687/753/847 678/755/838 
f 678/755/838 677/756/837 688/754/848 
f 234/271/238 233/270/237 689/757/849 
f 689/757/849 690/758/850 234/271/238 
f 690/758/850 689/757/849 691/759/851 
f 691/759/851 692/760/852 690/758/850 
f 692/760/852 691/759/851 684/750/844 
f 684/750/844 683/749/843 692/760/852 
f 227/264/229 674/738/834 237/274/241 
f 674/738/834 676/740/836 693/761/853 
f 693/761/853 237/274/241 674/738/834 
f 676/740/836 678/742/838 694/762/854 
f 694/762/854 693/761/853 676/740/836 
f 680/744/840 695/763/855 239/276/243 
f 239/276/243 229/266/233 680/744/840 
f 695/763/855 680/744/840 682/746/842 
f 682/746/842 696/764/856 695/763/855 
f 696/765/856 682/747/842 684/750/844 
f 684/750/844 697/766/857 696/765/856 
f 230/267/234 240/277/244 685/751/845 
f 685/751/845 240/277/244 698/767/858 
f 698/767/858 687/753/847 685/751/845 
f 698/767/858 694/768/854 678/755/838 
f 678/755/838 687/753/847 698/767/858 
f 233/270/237 242/279/246 689/757/849 
f 689/757/849 242/279/246 699/769/859 
f 699/769/859 691/759/851 689/757/849 
f 691/759/851 699/769/859 697/766/857 
f 697/766/857 684/750/844 691/759/851 
f 247/284/251 246/283/250 700/770/860 
f 700/770/860 701/771/861 247/284/251 
f 701/771/861 700/770/860 702/772/862 
f 702/772/862 703/773/863 701/771/861 
f 703/773/863 702/772/862 704/774/864 
f 704/774/864 705/775/865 703/773/863 
f 249/286/254 105/123/253 706/776/866 
f 706/776/866 707/777/867 249/286/254 
f 707/777/867 706/776/866 708/778/868 
f 708/778/868 709/779/869 707/777/867 
f 709/779/869 708/778/868 710/780/870 
f 710/780/870 711/781/871 709/779/869 
f 103/121/256 250/287/255 712/782/872 
f 712/782/872 713/783/873 103/121/256 
f 713/783/873 712/782/872 714/784/874 
f 714/784/874 715/785/875 713/783/873 
f 715/785/875 714/784/874 705/786/865 
f 705/786/865 704/787/864 715/785/875 
f 254/291/260 253/290/259 716/788/876 
f 716/788/876 717/789/877 254/291/260 
f 717/789/877 716/788/876 718/790/878 
f 718/790/878 719/791/879 717/789/877 
f 719/791/879 718/790/878 711/792/871 
f 711/792/871 710/793/870 719/791/879 
f 247/284/251 701/771/861 720/794/880 
f 720/794/880 257/294/263 247/284/251 
f 701/771/861 703/773/863 721/795/881 
f 721/795/881 720/794/880 701/771/861 
f 703/773/863 705/775/865 722/796/882 
f 722/796/882 721/795/881 703/773/863 
s 2
f 707/777/883 723/797/884 259/296/885 
f 259/296/885 249/286/886 707/777/883 
s 1
f 723/797/887 707/777/867 709/779/869 
f 709/779/869 724/798/888 723/797/887 
f 724/798/888 709/779/869 711/781/871 
f 711/781/871 725/799/889 724/798/888 
s 2
f 260/297/890 259/296/885 726/800/891 
f 726/800/891 727/801/892 260/297/890 
f 631/802/893 727/801/892 726/800/891 
f 726/800/891 632/803/894 631/802/893 
f 250/287/895 260/297/890 728/804/896 
f 728/804/896 712/782/897 250/287/895 
s 1
f 728/804/898 729/805/899 714/784/874 
f 714/784/874 712/782/872 728/804/898 
f 729/805/899 722/806/882 705/786/865 
f 705/786/865 714/784/874 729/805/899 
f 253/290/259 262/299/268 730/807/900 
f 730/807/900 716/788/876 253/290/259 
f 716/788/876 730/807/900 731/808/901 
f 731/808/901 718/790/878 716/788/876 
f 718/790/878 731/808/901 725/809/889 
f 725/809/889 711/792/871 718/790/878 
s 2
f 268/305/274 267/304/273 732/810/902 
f 732/810/902 733/811/903 268/305/274 
f 733/811/903 732/810/902 734/812/904 
f 734/812/904 735/813/905 733/811/903 
f 735/813/905 734/812/904 736/814/906 
f 736/814/906 737/815/907 735/813/905 
f 270/307/277 101/119/276 738/816/908 
f 738/816/908 739/817/909 270/307/277 
f 739/817/909 738/816/908 740/818/910 
f 740/818/910 741/819/911 739/817/909 
f 741/819/911 740/818/910 742/820/912 
f 742/820/912 743/821/913 741/819/911 
f 99/117/279 271/308/278 744/822/914 
f 744/822/914 745/823/915 99/117/279 
f 745/823/915 744/822/914 746/824/916 
f 746/824/916 747/825/917 745/823/915 
f 747/825/917 746/824/916 737/826/907 
f 737/826/907 736/827/906 747/825/917 
f 275/312/283 274/311/282 748/828/918 
f 748/828/918 749/829/919 275/312/283 
f 749/829/919 748/828/918 750/830/920 
f 750/830/920 751/831/921 749/829/919 
f 751/831/921 750/830/920 743/832/913 
f 743/832/913 742/833/912 751/831/921 
f 268/305/274 733/811/903 752/834/922 
f 752/834/922 276/313/284 268/305/274 
f 733/811/903 735/813/905 753/835/923 
f 753/835/923 752/834/922 733/811/903 
f 735/813/905 737/815/907 754/836/924 
f 754/836/924 753/835/923 735/813/905 
f 270/307/277 739/817/909 278/315/286 
s 1
f 278/315/925 739/817/926 741/819/927 
f 278/315/925 741/819/927 755/837/928 
f 278/315/925 755/837/928 756/838/929 
s 2
f 755/837/930 741/819/911 743/821/913 
f 743/821/913 757/839/931 755/837/930 
s 1
f 278/315/925 756/838/929 758/840/932 
f 278/315/925 758/840/932 759/841/933 
f 278/315/925 759/841/933 760/842/934 
f 279/316/935 278/315/925 760/842/934 
f 759/841/933 758/840/932 620/843/763 
f 620/843/763 619/844/762 759/841/933 
s 2
f 271/308/278 279/316/287 744/822/914 
s 1
f 744/822/936 279/316/935 760/842/934 
f 744/822/936 760/842/934 761/845/937 
f 744/822/936 761/845/937 746/824/938 
s 2
f 761/845/939 754/846/924 737/826/907 
f 737/826/907 746/824/916 761/845/939 
f 274/311/282 281/318/289 762/847/940 
f 762/847/940 748/828/918 274/311/282 
f 748/828/918 762/847/940 763/848/941 
f 763/848/941 750/830/920 748/828/918 
f 750/830/920 763/848/941 757/849/931 
f 757/849/931 743/832/913 750/830/920 
s 1
f 286/323/294 285/322/293 764/850/942 
f 764/850/942 765/851/943 286/323/294 
f 765/851/943 764/850/942 766/852/944 
f 766/852/944 767/853/945 765/851/943 
f 767/853/945 766/852/944 768/854/946 
f 768/854/946 769/855/947 767/853/945 
f 288/325/297 93/111/296 599/655/948 
f 599/655/948 770/856/949 288/325/297 
f 770/856/949 599/655/948 598/654/950 
f 598/654/950 771/857/951 770/856/949 
f 771/857/951 598/654/950 597/653/952 
f 597/653/952 772/858/953 771/857/951 
f 91/109/299 289/326/298 773/859/954 
f 773/859/954 774/860/955 91/109/299 
f 774/860/955 773/859/954 775/861/956 
f 775/861/956 776/862/957 774/860/955 
f 776/862/957 775/861/956 769/863/947 
f 769/863/947 768/864/946 776/862/957 
f 293/330/303 292/329/302 777/865/958 
f 777/865/958 778/866/959 293/330/303 
f 778/866/959 777/865/958 779/867/960 
f 779/867/960 780/868/961 778/866/959 
f 780/868/961 779/867/960 772/869/953 
f 772/869/953 597/870/952 780/868/961 
f 286/323/294 765/851/943 781/871/962 
f 781/871/962 296/333/306 286/323/294 
f 765/851/943 767/853/945 782/872/963 
f 782/872/963 781/871/962 765/851/943 
f 767/853/945 769/855/947 783/873/964 
f 783/873/964 782/872/963 767/853/945 
s 2
f 770/856/965 784/874/966 298/335/967 
f 298/335/967 288/325/968 770/856/965 
s 1
f 784/874/969 770/856/949 771/857/951 
f 771/857/951 785/875/970 784/874/969 
f 785/875/970 771/857/951 772/858/953 
f 772/858/953 786/876/971 785/875/970 
s 2
f 299/336/972 298/335/967 787/877/973 
f 787/877/973 788/878/974 299/336/972 
f 788/878/974 787/877/973 594/879/736 
f 594/879/736 593/880/735 788/878/974 
f 289/326/975 299/336/972 789/881/976 
f 789/881/976 773/859/977 289/326/975 
s 1
f 789/881/978 790/882/979 775/861/956 
f 775/861/956 773/859/954 789/881/978 
f 790/882/979 783/883/964 769/863/947 
f 769/863/947 775/861/956 790/882/979 
f 301/338/311 791/884/980 777/865/958 
f 777/865/958 292/329/302 301/338/311 
f 777/865/958 791/884/980 792/885/981 
f 792/885/981 779/867/960 777/865/958 
f 779/867/960 792/885/981 786/886/971 
f 786/886/971 772/869/953 779/867/960 
s 2
f 307/344/317 306/343/316 793/887/982 
f 793/887/982 794/888/983 307/344/317 
f 794/888/983 793/887/982 795/889/984 
f 795/889/984 796/890/985 794/888/983 
f 796/890/985 795/889/984 602/891/986 
f 602/891/986 797/892/987 796/890/985 
f 309/346/321 97/115/320 798/893/988 
f 798/893/988 799/894/989 309/346/321 
f 799/894/989 798/893/988 800/895/990 
f 800/895/990 801/896/991 799/894/989 
f 801/896/991 800/895/990 802/897/992 
f 802/897/992 803/898/993 801/896/991 
f 95/113/319 310/347/322 804/899/994 
f 804/899/994 600/656/995 95/113/319 
f 600/656/995 804/899/994 805/900/996 
f 805/900/996 601/657/997 600/656/995 
f 601/657/997 805/900/996 797/901/987 
f 797/901/987 602/658/986 601/657/997 
f 314/351/326 313/350/325 806/902/998 
f 806/902/998 807/903/999 314/351/326 
f 807/903/999 806/902/998 808/904/1000 
f 808/904/1000 809/905/1001 807/903/999 
f 809/905/1001 808/904/1000 803/906/993 
f 803/906/993 802/907/992 809/905/1001 
f 307/344/317 794/888/983 810/908/1002 
f 810/908/1002 317/354/329 307/344/317 
f 794/888/983 796/890/985 811/909/1003 
f 811/909/1003 810/908/1002 794/888/983 
f 796/890/985 797/892/987 812/910/1004 
f 812/910/1004 811/909/1003 796/890/985 
f 309/346/321 799/894/989 319/356/331 
s 3
f 813/911/1005 814/912/1006 319/356/331 
f 815/913/1007 813/911/1005 319/356/331 
f 801/896/991 815/913/1007 319/356/331 
f 799/894/989 801/896/991 319/356/331 
s 2
f 815/913/1007 801/896/991 803/898/993 
f 803/898/993 816/914/1008 815/913/1007 
s 3
f 817/915/1009 818/916/1010 819/917/1011 
f 819/917/1011 805/900/996 804/899/994 
f 817/915/1009 819/917/1011 804/899/994 
f 319/356/331 817/915/1009 804/899/994 
s 2
f 310/347/322 319/356/331 804/899/994 
f 819/917/1011 812/918/1004 797/901/987 
f 797/901/987 805/900/996 819/917/1011 
f 313/350/325 321/358/333 820/919/1012 
f 820/919/1012 806/902/998 313/350/325 
f 806/902/998 820/919/1012 821/920/1013 
f 821/920/1013 808/904/1000 806/902/998 
f 808/904/1000 821/920/1013 816/921/1008 
f 816/921/1008 803/906/993 808/904/1000 
s 4
f 314/363/337 807/922/1014 822/923/1015 
f 822/923/1015 324/364/338 314/363/337 
f 807/922/1014 809/924/1016 823/925/1017 
f 823/925/1017 822/923/1015 807/922/1014 
f 809/924/1016 802/926/1018 824/927/1019 
f 824/927/1019 823/925/1017 809/924/1016 
s 8
f 326/366/1020 99/117/1021 745/823/1022 
f 326/366/1020 745/823/1022 825/928/1023 
f 326/366/1020 825/928/1023 826/929/1024 
s 4
f 825/928/1025 745/823/1026 747/825/1027 
f 747/825/1027 827/930/1028 825/928/1025 
f 827/930/1028 747/825/1027 736/827/1029 
f 736/827/1029 828/931/1030 827/930/1028 
s 2
f 326/366/1031 826/929/1032 829/932/1033 
f 829/932/1033 327/367/1034 326/366/1031 
f 826/929/1032 830/933/1035 831/934/1036 
f 831/934/1036 829/932/1033 826/929/1032 
f 830/933/1035 614/935/756 613/936/755 
f 613/936/755 831/934/1036 830/933/1035 
s 8
f 97/115/1037 327/367/1038 829/932/1039 
f 97/115/1037 829/932/1039 832/937/1040 
f 97/115/1037 832/937/1040 798/893/1041 
s 4
f 832/937/1042 833/938/1043 800/939/1044 
f 800/939/1044 798/893/1045 832/937/1042 
f 833/938/1043 824/940/1019 802/941/1018 
f 802/941/1018 800/939/1044 833/938/1043 
f 267/304/347 329/369/346 834/942/1046 
f 834/942/1046 732/810/1047 267/304/347 
f 732/810/1047 834/942/1046 835/943/1048 
f 835/943/1048 734/812/1049 732/810/1047 
f 734/812/1049 835/943/1048 828/944/1030 
f 828/944/1030 736/814/1029 734/812/1049 
f 275/312/349 749/829/1050 836/945/1051 
f 836/945/1051 330/370/350 275/312/349 
f 749/829/1050 751/831/1052 837/946/1053 
f 837/946/1053 836/945/1051 749/829/1050 
f 751/831/1052 742/833/1054 838/947/1055 
f 838/947/1055 837/946/1053 751/831/1052 
s 2
f 103/121/1056 713/783/1057 839/948/1058 
f 839/948/1058 332/372/1059 103/121/1056 
s 4
f 839/948/1060 713/783/1061 715/785/1062 
f 715/785/1062 840/949/1063 839/948/1060 
f 840/949/1063 715/785/1062 704/787/1064 
f 704/787/1064 841/950/1065 840/949/1063 
s 1
f 333/373/1066 332/372/1067 842/951/1068 
f 842/951/1068 843/952/1069 333/373/1066 
f 842/951/1068 626/953/772 625/954/771 
f 625/954/771 843/952/1069 842/951/1068 
s 16
f 101/119/1070 333/373/1071 844/955/1072 
f 844/955/1072 738/816/1073 101/119/1070 
s 4
f 844/955/1074 845/956/1075 740/818/1076 
f 740/818/1076 738/816/1077 844/955/1074 
f 845/956/1075 838/957/1055 742/820/1054 
f 742/820/1054 740/818/1076 845/956/1075 
f 246/377/358 335/376/357 846/958/1078 
f 846/958/1078 700/959/1079 246/377/358 
f 700/959/1079 846/958/1078 847/960/1080 
f 847/960/1080 702/961/1081 700/959/1079 
f 702/961/1081 847/960/1080 841/962/1065 
f 841/962/1065 704/963/1064 702/961/1081 
s 2
f 254/291/362 717/789/1082 848/964/1083 
f 848/964/1083 338/380/363 254/291/362 
f 717/789/1082 719/791/1084 849/965/1085 
f 849/965/1085 848/964/1083 717/789/1082 
f 719/791/1084 710/793/1086 850/966/1087 
f 850/966/1087 849/965/1085 719/791/1084 
s 8
f 686/752/1088 851/967/1089 340/382/1090 
f 340/382/1090 107/125/1091 686/752/1088 
s 2
f 851/967/1092 686/752/1093 688/754/1094 
f 688/754/1094 852/968/1095 851/967/1092 
f 852/968/1095 688/754/1094 677/756/1096 
f 677/756/1096 853/969/1097 852/968/1095 
s 8
f 341/383/1098 340/382/1090 854/970/1099 
f 854/970/1099 855/971/1100 341/383/1098 
f 854/970/1099 638/972/786 637/973/785 
f 637/973/785 855/971/1100 854/970/1099 
f 105/123/1101 341/383/1098 856/974/1102 
f 856/974/1102 706/776/1103 105/123/1101 
s 2
f 856/974/1104 857/975/1105 708/778/1106 
f 708/778/1106 706/776/1107 856/974/1104 
f 857/975/1105 850/976/1087 710/780/1086 
f 710/780/1086 708/778/1106 857/975/1105 
f 226/263/371 343/385/370 858/977/1108 
f 858/977/1108 673/737/1109 226/263/371 
f 673/737/1109 858/977/1108 859/978/1110 
f 859/978/1110 675/739/1111 673/737/1109 
f 675/739/1111 859/978/1110 853/979/1097 
f 853/979/1097 677/741/1096 675/739/1111 
f 234/390/376 690/980/1112 860/981/1113 
f 860/981/1113 347/391/377 234/390/376 
f 690/980/1112 692/982/1114 861/983/1115 
f 861/983/1115 860/981/1113 690/980/1112 
f 692/982/1114 683/984/1116 862/985/1117 
f 862/985/1117 861/983/1115 692/982/1114 
s 8
f 657/715/1118 863/986/1119 348/392/1120 
f 348/392/1120 86/104/1121 657/715/1118 
s 2
f 863/986/1122 657/715/1123 659/717/1124 
f 659/717/1124 864/987/1125 863/986/1122 
f 864/988/1125 659/718/1124 649/705/1126 
f 649/705/1126 865/989/1127 864/988/1125 
s 4
f 348/392/1128 866/990/1129 867/991/1130 
f 867/991/1130 349/393/1131 348/392/1128 
s 8
f 87/105/1132 349/393/1133 868/992/1134 
f 868/992/1134 679/993/1135 87/105/1132 
s 2
f 868/992/1136 869/994/1137 681/995/1138 
f 681/995/1138 679/993/1139 868/992/1136 
f 869/996/1137 862/985/1117 683/984/1116 
f 683/984/1116 681/997/1138 869/996/1137 
f 208/245/383 350/394/382 870/998/1140 
f 870/998/1140 645/701/1141 208/245/383 
f 645/701/1141 870/998/1140 871/999/1142 
f 871/999/1142 647/703/1143 645/701/1141 
f 647/703/1143 871/999/1142 865/989/1127 
f 865/989/1127 649/705/1126 647/703/1143 
f 216/253/389 661/721/1144 872/1000/1145 
f 872/1000/1145 354/398/390 216/253/389 
f 661/721/1144 663/723/1146 873/1001/1147 
f 873/1001/1147 872/1000/1145 661/721/1144 
f 663/723/1146 654/712/1148 874/1002/1149 
f 874/1002/1149 873/1001/1147 663/723/1146 
s 8
f 91/109/391 774/860/1150 355/399/392 
f 355/399/392 774/860/1150 776/862/1151 
f 776/862/1151 588/1003/1152 355/399/392 
f 776/862/1151 768/864/1153 588/1003/1152 
s 1
f 355/399/1154 588/1003/1154 875/1004/1154 
s 2
f 875/1004/1155 588/1003/728 587/1005/727 
f 358/402/396 874/1006/1149 652/708/1156 
f 652/708/1156 359/403/397 358/402/396 
s 4
f 652/711/1157 874/1002/1158 654/712/1157 
s 8
f 285/404/398 360/406/400 584/640/1159 
f 584/640/1159 764/1007/1160 285/404/398 
f 764/1007/1160 584/640/1159 586/642/1161 
f 586/642/1161 766/1008/1162 764/1007/1160 
f 766/1008/1162 586/642/1161 588/644/1152 
f 588/644/1152 768/1009/1153 766/1008/1162 
f 293/330/1163 778/866/1164 876/1010/1165 
f 876/1010/1165 877/1011/1166 293/330/1163 
f 778/866/1164 780/868/1167 596/1012/738 
f 596/1012/738 876/1010/1165 778/866/1164 
f 780/868/1167 597/870/739 596/1012/738 
f 793/887/1168 878/1013/1169 603/1014/745 
f 603/1014/745 795/889/1170 793/887/1168 
s 1
f 795/889/1171 603/1014/1171 602/891/1172 
f 205/242/205 419/465/462 879/1015/1173 
f 879/1015/1173 880/1016/1174 205/242/205 
f 206/243/206 881/1017/1175 882/1018/1176 
f 882/1018/1176 422/468/465 206/243/206 
f 235/272/239 438/484/481 883/1019/1177 
f 883/1019/1177 884/1020/1178 235/272/239 
f 235/272/239 884/1020/1178 885/1021/1179 
f 885/1021/1179 440/486/489 235/272/239 
f 441/487/488 886/1022/1180 442/488/1181 
f 442/488/1181 887/1023/1182 443/489/493 
f 255/292/261 458/504/508 888/1024/1183 
f 888/1024/1183 889/1025/1184 255/292/261 
f 255/292/261 889/1025/1184 890/1026/1185 
f 890/1026/1185 460/506/514 255/292/261 
f 256/293/262 461/507/515 891/1027/1186 
f 891/1027/1186 892/1028/1187 256/293/262 
f 256/293/262 892/1028/1187 893/1029/1188 
f 893/1029/1188 462/508/516 256/293/262 
s 2
f 894/1030/1189 478/524/544 476/522/537 
f 476/522/537 895/1031/1190 894/1030/1189 
f 896/1032/1191 897/1033/1192 480/526/546 
f 480/526/546 479/525/543 896/1032/1191 
s 1
f 294/331/304 496/542/563 898/1034/1193 
f 898/1034/1193 899/1035/1194 294/331/304 
f 294/331/304 899/1035/1194 498/544/571 
f 500/546/572 900/1036/1195 501/547/573 
f 315/352/327 516/562/592 901/1037/1196 
f 901/1037/1196 902/1038/1197 315/352/327 
f 315/352/327 902/1038/1197 518/564/1198 
f 519/565/1199 903/1039/1200 316/353/328 
f 316/353/328 903/1039/1200 904/1040/1201 
f 904/1040/1201 522/568/600 316/353/328 
s 2
f 318/355/330 905/1041/1202 906/1042/1203 
f 906/1042/1203 907/1043/1204 318/355/330 
f 905/1041/1202 908/1044/1205 909/1045/1206 
f 909/1045/1206 906/1042/1203 905/1041/1202 
f 517/563/1207 907/1043/1204 906/1042/1203 
f 906/1042/1203 910/1046/1208 517/563/1207 
f 910/1046/1208 906/1042/1203 909/1045/1206 
f 909/1045/1206 911/1047/1209 910/1046/1208 
s 1
f 912/1048/1210 535/583/1211 533/581/623 
f 533/581/623 913/1049/1212 912/1048/1210 
f 914/1050/1213 915/1051/1214 537/585/633 
f 537/585/633 536/584/1215 914/1050/1213 
f 336/378/359 541/591/643 916/1052/1216 
f 916/1052/1216 917/1053/1217 336/378/359 
f 336/378/359 917/1053/1217 543/593/1218 
f 544/594/1219 918/1054/1220 337/379/360 
f 337/379/360 918/1054/1220 919/1055/1221 
f 919/1055/1221 545/595/651 337/379/360 
f 344/386/372 549/600/661 920/1056/1222 
f 920/1056/1222 921/1057/1223 344/386/372 
f 344/386/372 921/1057/1223 552/604/1224 
f 551/603/1225 922/1058/1226 345/387/373 
f 345/387/373 922/1058/1226 923/1059/1227 
f 923/1059/1227 553/605/668 345/387/373 
f 352/396/386 924/1060/1228 353/397/387 
s 8
f 366/412/695 564/620/694 925/1061/1229 
f 925/1061/1229 565/621/698 366/412/695 
s 1
f 219/256/221 926/1062/1230 927/1063/1231 
f 723/797/887 928/1064/1232 259/296/265 
f 260/297/266 929/1065/1233 728/804/898 
s 2
f 755/837/930 930/1066/1234 756/838/1235 
f 760/842/1236 931/1067/1237 761/845/939 
s 1
f 784/874/969 932/1068/1238 298/335/308 
f 299/336/309 933/1069/1239 789/881/978 
s 4
f 825/928/1025 934/1070/1240 826/929/1241 
f 829/932/1242 935/1071/1243 832/937/1042 
f 839/948/1060 936/1072/1244 332/372/1245 
f 333/373/1246 937/1073/1247 844/955/1074 
s 2
f 851/967/1092 938/1074/1248 340/382/366 
f 341/383/367 939/1075/1249 856/974/1104 
f 863/986/1122 940/1076/1250 348/392/380 
f 349/393/381 941/1077/1251 868/992/1136 
s 8
f 48/66/1252 942/1078/1252 943/1079/1253 
f 51/69/1254 944/1080/1254 945/1081/1254 
s 1
f 52/70/52 55/73/55 946/1082/1255 
f 946/1082/1255 947/1083/1256 52/70/52 
f 947/1083/1256 946/1082/1255 948/1084/1257 
f 948/1084/1257 949/1085/1258 947/1083/1256 
f 54/72/54 53/71/53 950/1086/1259 
f 950/1086/1259 951/1087/1260 54/72/54 
f 951/1087/1260 950/1086/1259 952/1088/1261 
f 952/1088/1261 953/1089/1262 951/1087/1260 
f 57/75/57 56/74/56 954/1090/1263 
f 954/1090/1263 955/1091/1264 57/75/57 
f 955/1091/1264 954/1090/1263 956/1092/1265 
f 956/1092/1265 957/1093/1266 955/1091/1264 
f 59/77/59 58/76/58 958/1094/1267 
f 958/1094/1267 959/1095/1268 59/77/59 
f 959/1095/1268 958/1094/1267 960/1096/1269 
f 960/1096/1269 961/1097/1270 959/1095/1268 
s 2
f 962/1098/1271 963/1099/1272 964/1100/1273 
f 964/1100/1273 965/1101/1274 962/1098/1271 
f 965/1101/1274 964/1100/1273 908/1044/1205 
f 908/1044/1205 966/1102/1275 965/1101/1274 
f 963/1099/1272 962/1098/1271 967/1103/1276 
f 967/1103/1276 968/1104/1277 963/1099/1272 
s 4
f 60/78/1278 63/81/1279 969/1105/1280 
f 969/1105/1280 970/1106/1281 60/78/1278 
f 62/80/1282 61/79/1283 971/1107/1284 
f 971/1107/1284 972/1108/1285 62/80/1282 
s 2
f 64/82/64 67/85/67 973/1109/1286 
f 973/1109/1286 974/1110/1287 64/82/64 
f 974/1110/1287 973/1109/1286 975/1111/1288 
f 975/1111/1288 976/1112/1289 974/1110/1287 
f 66/84/66 65/83/65 977/1113/1290 
f 977/1113/1290 978/1114/1291 66/84/66 
f 978/1114/1291 977/1113/1290 979/1115/1292 
f 979/1115/1292 980/1116/1293 978/1114/1291 
s 4
f 68/86/68 71/89/71 981/1117/1294 
f 981/1117/1294 982/1118/1295 68/86/68 
f 982/1118/1295 981/1117/1294 983/1119/1296 
f 983/1119/1296 984/1120/1297 982/1118/1295 
f 70/88/70 69/87/69 985/1121/1298 
f 985/1121/1298 986/1122/1299 70/88/70 
f 986/1122/1299 985/1121/1298 987/1123/1300 
f 987/1123/1300 988/1124/1301 986/1122/1299 
s 1
f 73/91/73 72/90/72 989/1125/1302 
f 989/1125/1302 990/1126/1303 73/91/73 
f 990/1126/1303 989/1125/1302 991/1127/1304 
f 991/1127/1304 992/1128/1305 990/1126/1303 
f 75/93/75 74/92/74 993/1129/1306 
f 993/1129/1306 994/1130/1307 75/93/75 
f 994/1130/1307 993/1129/1306 995/1131/1308 
f 995/1131/1308 996/1132/1309 994/1130/1307 
s 2
f 79/97/79 997/1133/1310 76/94/76 
f 76/94/76 997/1133/1310 998/1134/1311 
f 998/1134/1311 999/1135/1312 76/94/76 
f 78/96/78 77/95/77 1000/1136/1313 
f 1000/1136/1313 77/95/77 1001/1137/1314 
f 1001/1137/1314 1002/1138/1315 1000/1136/1313 
s 1
f 83/101/83 1003/1139/1316 80/98/80 
f 80/98/80 1003/1139/1316 1004/1140/1317 
f 1004/1140/1317 1005/1141/1318 80/98/80 
f 82/100/82 81/99/81 1006/1142/1319 
f 1006/1142/1319 81/99/81 1007/1143/1320 
f 1007/1143/1320 1008/1144/1321 1006/1142/1319 
f 218/255/220 217/254/219 1009/1145/1322 
f 1009/1145/1322 1010/1146/1323 218/255/220 
f 1010/1146/1323 1009/1145/1322 949/1085/1258 
f 949/1085/1258 948/1084/1257 1010/1146/1323 
f 222/259/224 221/258/223 1011/1147/1324 
f 1011/1147/1324 1012/1148/1325 222/259/224 
f 1012/1148/1325 1011/1147/1324 953/1089/1262 
f 953/1089/1262 952/1088/1261 1012/1148/1325 
f 238/275/242 237/274/241 1013/1149/1326 
f 1013/1149/1326 1014/1150/1327 238/275/242 
f 1014/1150/1327 1013/1149/1326 1005/1141/1318 
f 1005/1141/1318 1004/1140/1317 1014/1150/1327 
f 242/279/246 241/278/245 1015/1151/1328 
f 1015/1151/1328 1016/1152/1329 242/279/246 
f 1016/1152/1329 1015/1151/1328 1008/1144/1321 
f 1008/1144/1321 1007/1143/1320 1016/1152/1329 
f 258/295/264 257/294/263 1017/1153/1330 
f 1017/1153/1330 1018/1154/1331 258/295/264 
f 1018/1154/1331 1017/1153/1330 992/1128/1305 
f 992/1128/1305 991/1127/1304 1018/1154/1331 
f 262/299/268 261/298/267 1019/1155/1332 
f 1019/1155/1332 1020/1156/1333 262/299/268 
f 1020/1156/1333 1019/1155/1332 996/1132/1309 
f 996/1132/1309 995/1131/1308 1020/1156/1333 
s 2
f 277/314/285 276/313/284 1021/1157/1334 
f 1021/1157/1334 1022/1158/1335 277/314/285 
f 1022/1158/1335 1021/1157/1334 976/1112/1289 
f 976/1112/1289 975/1111/1288 1022/1158/1335 
f 281/318/289 280/317/288 1023/1159/1336 
f 1023/1159/1336 1024/1160/1337 281/318/289 
f 1024/1160/1337 1023/1159/1336 980/1116/1293 
f 980/1116/1293 979/1115/1292 1024/1160/1337 
s 1
f 297/334/307 296/333/306 1025/1161/1338 
f 1025/1161/1338 1026/1162/1339 297/334/307 
f 1026/1162/1339 1025/1161/1338 957/1093/1266 
f 957/1093/1266 956/1092/1265 1026/1162/1339 
f 301/338/311 300/337/310 1027/1163/1340 
f 1027/1163/1340 1028/1164/1341 301/338/311 
f 1028/1164/1341 1027/1163/1340 961/1097/1270 
f 961/1097/1270 960/1096/1269 1028/1164/1341 
s 2
f 318/355/330 317/354/329 1029/1165/1342 
f 1029/1165/1342 905/1041/1202 318/355/330 
f 905/1041/1202 1029/1165/1342 966/1102/1275 
f 966/1102/1275 908/1044/1205 905/1041/1202 
f 321/358/333 320/357/332 1030/1166/1343 
f 1030/1166/1343 1031/1167/1344 321/358/333 
f 1031/1167/1344 1030/1166/1343 968/1104/1277 
f 968/1104/1277 967/1103/1276 1031/1167/1344 
s 4
f 325/365/339 324/364/338 1032/1168/1345 
f 1032/1168/1345 1033/1169/1346 325/365/339 
f 1033/1169/1346 1032/1168/1345 970/1106/1281 
f 970/1106/1281 969/1105/1280 1033/1169/1346 
f 329/369/346 328/368/345 1034/1170/1347 
f 1034/1170/1347 1035/1171/1348 329/369/346 
f 1035/1171/1348 1034/1170/1347 972/1108/1285 
f 972/1108/1285 971/1107/1284 1035/1171/1348 
f 331/371/351 330/370/350 1036/1172/1349 
f 1036/1172/1349 1037/1173/1350 331/371/351 
f 1037/1173/1350 1036/1172/1349 984/1120/1297 
f 984/1120/1297 983/1119/1296 1037/1173/1350 
f 335/376/357 334/375/356 1038/1174/1351 
f 1038/1174/1351 1039/1175/1352 335/376/357 
f 1039/1175/1352 1038/1174/1351 988/1124/1301 
f 988/1124/1301 987/1123/1300 1039/1175/1352 
s 2
f 339/381/364 338/380/363 1040/1176/1353 
f 1040/1176/1353 1041/1177/1354 339/381/364 
f 1041/1177/1354 1040/1176/1353 999/1135/1312 
f 999/1135/1312 998/1134/1311 1041/1177/1354 
f 343/385/370 342/384/369 1042/1178/1355 
f 1042/1178/1355 1043/1179/1356 343/385/370 
f 1043/1179/1356 1042/1178/1355 1002/1138/1315 
f 1002/1138/1315 1001/1137/1314 1043/1179/1356 
s 1
f 346/388/1357 347/391/1358 1044/1180/1359 
f 1044/1180/1359 1045/1181/1360 346/388/1357 
f 1045/1181/1360 1044/1180/1359 943/1079/1361 
f 943/1079/1361 942/1078/1362 1045/1181/1360 
f 350/394/1363 351/395/1364 1046/1182/1365 
f 1046/1182/1365 1047/1183/1366 350/394/1363 
f 1047/1183/1366 1046/1182/1365 945/1081/1367 
f 945/1081/1367 944/1080/1368 1047/1183/1366 
s 2
f 367/413/1369 51/69/1370 945/1081/1371 
f 945/1081/1371 1048/1184/1372 367/413/1369 
f 48/66/1373 368/414/1374 1049/1185/1375 
f 1049/1185/1375 942/1078/1376 48/66/1373 
f 369/415/1377 367/413/1369 1050/1186/1378 
f 1050/1186/1378 367/413/1369 1048/1184/1372 
f 1048/1184/1372 1051/1187/1379 1050/1186/1378 
f 368/414/1374 369/415/1377 1052/1188/1380 
f 368/414/1374 1052/1188/1380 1053/1189/1381 
f 1053/1189/1381 1049/1185/1375 368/414/1374 
s 1
f 370/416/412 54/72/54 951/1087/1260 
f 951/1087/1260 1054/1190/1382 370/416/412 
f 1054/1190/1382 951/1087/1260 953/1089/1262 
f 953/1089/1262 1055/1191/1383 1054/1190/1382 
f 55/73/55 371/417/413 1056/1192/1384 
f 1056/1192/1384 946/1082/1255 55/73/55 
f 946/1082/1255 1056/1192/1384 1057/1193/1385 
f 1057/1193/1385 948/1084/1257 946/1082/1255 
f 372/418/414 370/416/412 1054/1190/1382 
f 1054/1190/1382 1058/1194/1386 372/418/414 
f 1058/1194/1386 1054/1190/1382 1055/1191/1383 
f 1055/1191/1383 1059/1195/1387 1058/1194/1386 
f 371/417/413 373/419/415 1060/1196/1388 
f 1060/1196/1388 1056/1192/1384 371/417/413 
f 1056/1192/1384 1060/1196/1388 1061/1197/1389 
f 1061/1197/1389 1057/1193/1385 1056/1192/1384 
s 2
f 374/420/416 376/422/419 1062/1198/1390 
f 1062/1198/1390 1063/1199/1391 374/420/416 
f 1063/1199/1391 1062/1198/1390 1064/1200/1392 
f 1064/1200/1392 1065/1201/1393 1063/1199/1391 
f 376/422/419 378/424/421 1066/1202/1394 
f 1066/1202/1394 1062/1198/1390 376/422/419 
f 1062/1198/1390 1066/1202/1394 1067/1203/1395 
f 1067/1203/1395 1064/1200/1392 1062/1198/1390 
s 1
f 379/425/422 59/77/59 959/1095/1268 
f 959/1095/1268 1068/1204/1396 379/425/422 
f 1068/1204/1396 959/1095/1268 961/1097/1270 
f 961/1097/1270 1069/1205/1397 1068/1204/1396 
f 56/74/56 380/426/423 1070/1206/1398 
f 1070/1206/1398 954/1090/1263 56/74/56 
f 954/1090/1263 1070/1206/1398 1071/1207/1399 
f 1071/1207/1399 956/1092/1265 954/1090/1263 
f 381/427/424 379/425/422 1068/1204/1396 
f 1068/1204/1396 1072/1208/1400 381/427/424 
f 1072/1208/1400 1068/1204/1396 1069/1205/1397 
f 1069/1205/1397 1073/1209/1401 1072/1208/1400 
f 380/426/423 382/428/425 1074/1210/1402 
f 1074/1210/1402 1070/1206/1398 380/426/423 
f 1070/1206/1398 1074/1210/1402 1075/1211/1403 
f 1075/1211/1403 1071/1207/1399 1070/1206/1398 
s 31
f 1076/1212/1404 1077/1213/1405 1078/1214/1406 
f 1078/1214/1406 1079/1215/1407 1076/1212/1404 
s 8
f 1080/1216/1408 1076/1212/1404 1081/1217/1409 
f 1081/1217/1409 1082/1218/1410 1080/1216/1408 
s 1
f 1076/1212/1404 1080/1216/1411 1083/1219/1412 
f 1083/1219/1412 1077/1213/1405 1076/1212/1404 
f 1077/1213/1405 1083/1219/1412 1084/1220/1413 
f 1084/1220/1413 1085/1221/1414 1077/1213/1405 
s 2
f 1086/1222/1415 1087/1223/1416 964/1100/1273 
f 964/1100/1273 963/1099/1272 1086/1222/1415 
f 1086/1222/1415 963/1099/1272 968/1104/1277 
f 968/1104/1277 1088/1224/1417 1086/1222/1415 
f 521/567/1418 1086/1222/1415 1088/1224/1417 
f 1088/1224/1417 1089/1225/1419 521/567/1418 
s 4
f 383/429/1420 62/80/1282 972/1108/1285 
f 972/1108/1285 1090/1226/1421 383/429/1420 
f 63/81/1279 384/430/1422 1091/1227/1423 
f 1091/1227/1423 969/1105/1280 63/81/1279 
f 385/431/1424 383/429/1420 1090/1226/1421 
f 1090/1226/1421 1092/1228/1425 385/431/1424 
f 384/430/1422 386/432/1426 1093/1229/1427 
f 1093/1229/1427 1091/1227/1423 384/430/1422 
s 2
f 387/433/430 66/84/66 978/1114/1291 
f 978/1114/1291 1094/1230/1428 387/433/430 
f 1094/1230/1428 978/1114/1291 980/1116/1293 
f 980/1116/1293 1095/1231/1429 1094/1230/1428 
f 67/85/67 388/434/431 1096/1232/1430 
f 1096/1232/1430 973/1109/1286 67/85/67 
f 973/1109/1286 1096/1232/1430 1097/1233/1431 
f 1097/1233/1431 975/1111/1288 973/1109/1286 
f 389/435/432 387/433/430 1094/1230/1428 
f 1094/1230/1428 1098/1234/1432 389/435/432 
f 1098/1234/1432 1094/1230/1428 1095/1231/1429 
f 1095/1231/1429 1099/1235/1433 1098/1234/1432 
f 388/434/431 390/436/433 1100/1236/1434 
f 1100/1236/1434 1096/1232/1430 388/434/431 
f 1096/1232/1430 1100/1236/1434 1101/1237/1435 
f 1101/1237/1435 1097/1233/1431 1096/1232/1430 
s 4
f 391/437/434 70/88/70 986/1122/1299 
f 986/1122/1299 1102/1238/1436 391/437/434 
f 1102/1238/1436 986/1122/1299 988/1124/1301 
f 988/1124/1301 1103/1239/1437 1102/1238/1436 
f 71/89/71 392/438/435 1104/1240/1438 
f 1104/1240/1438 981/1117/1294 71/89/71 
f 981/1117/1294 1104/1240/1438 1105/1241/1439 
f 1105/1241/1439 983/1119/1296 981/1117/1294 
f 393/439/436 391/437/434 1102/1238/1436 
f 1102/1238/1436 1106/1242/1440 393/439/436 
f 1106/1242/1440 1102/1238/1436 1103/1239/1437 
f 1103/1239/1437 1107/1243/1441 1106/1242/1440 
f 392/438/435 394/440/437 1108/1244/1442 
f 1108/1244/1442 1104/1240/1438 392/438/435 
f 1104/1240/1438 1108/1244/1442 1109/1245/1443 
f 1109/1245/1443 1105/1241/1439 1104/1240/1438 
s 1
f 395/441/438 75/93/75 994/1130/1307 
f 994/1130/1307 1110/1246/1444 395/441/438 
f 1110/1246/1444 994/1130/1307 996/1132/1309 
f 996/1132/1309 1111/1247/1445 1110/1246/1444 
f 72/90/72 396/442/439 1112/1248/1446 
f 1112/1248/1446 989/1125/1302 72/90/72 
f 989/1125/1302 1112/1248/1446 1113/1249/1447 
f 1113/1249/1447 991/1127/1304 989/1125/1302 
f 397/443/440 395/441/438 1110/1246/1444 
f 1110/1246/1444 1114/1250/1448 397/443/440 
f 1114/1250/1448 1110/1246/1444 1111/1247/1445 
f 1111/1247/1445 1115/1251/1449 1114/1250/1448 
f 396/442/439 398/444/441 1116/1252/1450 
f 1116/1252/1450 1112/1248/1446 396/442/439 
f 1112/1248/1446 1116/1252/1450 1117/1253/1451 
f 1117/1253/1451 1113/1249/1447 1112/1248/1446 
s 2
f 399/445/442 78/96/78 1000/1136/1313 
f 1000/1136/1313 1118/1254/1452 399/445/442 
f 1118/1254/1452 1000/1136/1313 1002/1138/1315 
f 1002/1138/1315 1119/1255/1453 1118/1254/1452 
f 79/97/79 400/446/443 1120/1256/1454 
f 1120/1256/1454 997/1133/1310 79/97/79 
f 997/1133/1310 1120/1256/1454 1121/1257/1455 
f 1121/1257/1455 998/1134/1311 997/1133/1310 
f 401/447/444 399/445/442 1118/1254/1452 
f 1118/1254/1452 1122/1258/1456 401/447/444 
f 1122/1258/1456 1118/1254/1452 1119/1255/1453 
f 1119/1255/1453 1123/1259/1457 1122/1258/1456 
f 400/446/443 402/448/445 1124/1260/1458 
f 1124/1260/1458 1120/1256/1454 400/446/443 
f 1120/1256/1454 1124/1260/1458 1125/1261/1459 
f 1125/1261/1459 1121/1257/1455 1120/1256/1454 
s 1
f 403/449/446 82/100/82 1006/1142/1319 
f 1006/1142/1319 1126/1262/1460 403/449/446 
f 1126/1262/1460 1006/1142/1319 1008/1144/1321 
f 1008/1144/1321 1127/1263/1461 1126/1262/1460 
f 83/101/83 404/450/447 1128/1264/1462 
f 1128/1264/1462 1003/1139/1316 83/101/83 
f 1003/1139/1316 1128/1264/1462 1129/1265/1463 
f 1129/1265/1463 1004/1140/1317 1003/1139/1316 
f 405/451/448 403/449/446 1126/1262/1460 
f 1126/1262/1460 1130/1266/1464 405/451/448 
f 1130/1266/1464 1126/1262/1460 1127/1263/1461 
f 1127/1263/1461 1131/1267/1465 1130/1266/1464 
f 404/450/447 406/452/449 1132/1268/1466 
f 1132/1268/1466 1128/1264/1462 404/450/447 
f 1128/1264/1462 1132/1268/1466 1133/1269/1467 
f 1133/1269/1467 1129/1265/1463 1128/1264/1462 
f 419/465/462 420/466/463 1134/1270/1468 
f 1134/1270/1468 879/1015/1173 419/465/462 
f 879/1015/1173 1134/1270/1468 1061/1197/1389 
f 1061/1197/1389 880/1016/1174 879/1015/1173 
f 373/419/415 421/467/464 1135/1271/1469 
f 1135/1271/1469 1060/1196/1388 373/419/415 
f 1060/1196/1388 1135/1271/1469 880/1016/1174 
f 880/1016/1174 1061/1197/1389 1060/1196/1388 
f 421/467/464 372/418/414 1058/1194/1386 
f 1058/1194/1386 1136/1272/1470 421/467/464 
f 1136/1272/1470 1058/1194/1386 1059/1195/1387 
f 1059/1195/1387 881/1017/1175 1136/1272/1470 
f 423/469/466 422/468/465 882/1018/1176 
f 882/1018/1176 1137/1273/1471 423/469/466 
f 1137/1273/1471 882/1018/1176 881/1017/1175 
f 881/1017/1175 1059/1195/1387 1137/1273/1471 
f 424/470/467 218/255/220 1010/1146/1323 
f 1010/1146/1323 1138/1274/1472 424/470/467 
f 1138/1274/1472 1010/1146/1323 948/1084/1257 
f 948/1084/1257 1057/1193/1385 1138/1274/1472 
f 420/466/463 424/470/467 1138/1274/1472 
f 1138/1274/1472 1134/1270/1468 420/466/463 
f 1134/1270/1468 1138/1274/1472 1057/1193/1385 
f 1057/1193/1385 1061/1197/1389 1134/1270/1468 
f 221/258/223 425/471/468 1139/1275/1473 
f 1139/1275/1473 1011/1147/1324 221/258/223 
f 1011/1147/1324 1139/1275/1473 1055/1191/1383 
f 1055/1191/1383 953/1089/1262 1011/1147/1324 
f 425/471/468 423/469/466 1137/1273/1471 
f 1137/1273/1471 1139/1275/1473 425/471/468 
f 1139/1275/1473 1137/1273/1471 1059/1195/1387 
f 1059/1195/1387 1055/1191/1383 1139/1275/1473 
f 438/484/481 439/485/482 1140/1276/1474 
f 1140/1276/1474 883/1019/1177 438/484/481 
f 883/1019/1177 1140/1276/1474 1133/1269/1467 
f 1133/1269/1467 884/1020/1178 883/1019/1177 
f 406/452/449 440/486/489 885/1021/1179 
f 885/1021/1179 1132/1268/1466 406/452/449 
f 1132/1268/1466 885/1021/1179 884/1020/1178 
f 884/1020/1178 1133/1269/1467 1132/1268/1466 
f 441/487/488 405/451/448 1130/1266/1464 
f 1130/1266/1464 886/1022/1180 441/487/488 
f 886/1022/1180 1130/1266/1464 1131/1267/1465 
f 1131/1267/1465 442/488/1181 886/1022/1180 
f 444/490/494 443/489/493 887/1023/1182 
f 887/1023/1182 1141/1277/1475 444/490/494 
f 1141/1277/1475 887/1023/1182 442/488/1181 
f 442/488/1181 1131/1267/1465 1141/1277/1475 
f 445/491/495 238/275/242 1014/1150/1327 
f 1014/1150/1327 1142/1278/1476 445/491/495 
f 1142/1278/1476 1014/1150/1327 1004/1140/1317 
f 1004/1140/1317 1129/1265/1463 1142/1278/1476 
f 439/485/482 445/491/495 1142/1278/1476 
f 1142/1278/1476 1140/1276/1474 439/485/482 
f 1140/1276/1474 1142/1278/1476 1129/1265/1463 
f 1129/1265/1463 1133/1269/1467 1140/1276/1474 
f 241/278/245 446/492/496 1143/1279/1477 
f 1143/1279/1477 1015/1151/1328 241/278/245 
f 1015/1151/1328 1143/1279/1477 1127/1263/1461 
f 1127/1263/1461 1008/1144/1321 1015/1151/1328 
f 446/492/496 444/490/494 1141/1277/1475 
f 1141/1277/1475 1143/1279/1477 446/492/496 
f 1143/1279/1477 1141/1277/1475 1131/1267/1465 
f 1131/1267/1465 1127/1263/1461 1143/1279/1477 
f 458/504/508 459/505/509 1144/1280/1478 
f 1144/1280/1478 888/1024/1183 458/504/508 
f 888/1024/1183 1144/1280/1478 1117/1253/1451 
f 1117/1253/1451 889/1025/1184 888/1024/1183 
f 398/444/441 460/506/514 890/1026/1185 
f 890/1026/1185 1116/1252/1450 398/444/441 
f 1116/1252/1450 890/1026/1185 889/1025/1184 
f 889/1025/1184 1117/1253/1451 1116/1252/1450 
f 461/507/515 397/443/440 1114/1250/1448 
f 1114/1250/1448 891/1027/1186 461/507/515 
f 891/1027/1186 1114/1250/1448 1115/1251/1449 
f 1115/1251/1449 892/1028/1187 891/1027/1186 
f 463/509/517 462/508/516 893/1029/1188 
f 893/1029/1188 1145/1281/1479 463/509/517 
f 1145/1281/1479 893/1029/1188 892/1028/1187 
f 892/1028/1187 1115/1251/1449 1145/1281/1479 
f 464/510/518 258/295/264 1018/1154/1331 
f 1018/1154/1331 1146/1282/1480 464/510/518 
f 1146/1282/1480 1018/1154/1331 991/1127/1304 
f 991/1127/1304 1113/1249/1447 1146/1282/1480 
f 459/505/509 464/510/518 1146/1282/1480 
f 1146/1282/1480 1144/1280/1478 459/505/509 
f 1144/1280/1478 1146/1282/1480 1113/1249/1447 
f 1113/1249/1447 1117/1253/1451 1144/1280/1478 
f 261/298/267 465/511/519 1147/1283/1481 
f 1147/1283/1481 1019/1155/1332 261/298/267 
f 1019/1155/1332 1147/1283/1481 1111/1247/1445 
f 1111/1247/1445 996/1132/1309 1019/1155/1332 
f 465/511/519 463/509/517 1145/1281/1479 
f 1145/1281/1479 1147/1283/1481 465/511/519 
f 1147/1283/1481 1145/1281/1479 1115/1251/1449 
f 1115/1251/1449 1111/1247/1445 1147/1283/1481 
s 2
f 476/522/537 477/523/538 1148/1284/1482 
f 1148/1284/1482 895/1031/1190 476/522/537 
f 895/1031/1190 1148/1284/1482 1101/1237/1435 
f 1101/1237/1435 894/1030/1189 895/1031/1190 
f 390/436/433 478/524/544 1100/1236/1434 
f 1100/1236/1434 478/524/544 894/1030/1189 
f 894/1030/1189 1101/1237/1435 1100/1236/1434 
f 479/525/543 389/435/432 1098/1234/1432 
f 479/525/543 1098/1234/1432 1099/1235/1433 
f 1099/1235/1433 896/1032/1191 479/525/543 
f 481/527/547 480/526/546 897/1033/1192 
f 897/1033/1192 1149/1285/1483 481/527/547 
f 1149/1285/1483 897/1033/1192 896/1032/1191 
f 896/1032/1191 1099/1235/1433 1149/1285/1483 
f 482/528/549 277/314/285 1022/1158/1335 
f 1022/1158/1335 1150/1286/1484 482/528/549 
f 1150/1286/1484 1022/1158/1335 975/1111/1288 
f 975/1111/1288 1097/1233/1431 1150/1286/1484 
f 477/523/538 482/528/549 1150/1286/1484 
f 1150/1286/1484 1148/1284/1482 477/523/538 
f 1148/1284/1482 1150/1286/1484 1097/1233/1431 
f 1097/1233/1431 1101/1237/1435 1148/1284/1482 
f 280/317/288 483/529/550 1151/1287/1485 
f 1151/1287/1485 1023/1159/1336 280/317/288 
f 1023/1159/1336 1151/1287/1485 1095/1231/1429 
f 1095/1231/1429 980/1116/1293 1023/1159/1336 
f 483/529/550 481/527/547 1149/1285/1483 
f 1149/1285/1483 1151/1287/1485 483/529/550 
f 1151/1287/1485 1149/1285/1483 1099/1235/1433 
f 1099/1235/1433 1095/1231/1429 1151/1287/1485 
s 1
f 496/542/563 497/543/564 1152/1288/1486 
f 1152/1288/1486 898/1034/1193 496/542/563 
f 898/1034/1193 1152/1288/1486 1075/1211/1403 
f 1075/1211/1403 899/1035/1194 898/1034/1193 
f 382/428/425 498/544/571 1074/1210/1402 
f 1074/1210/1402 498/544/571 899/1035/1194 
f 899/1035/1194 1075/1211/1403 1074/1210/1402 
f 499/545/570 381/427/424 1072/1208/1400 
f 499/545/570 1072/1208/1400 1073/1209/1401 
f 1073/1209/1401 500/546/572 499/545/570 
f 502/548/574 501/547/573 900/1036/1195 
f 900/1036/1195 1153/1289/1487 502/548/574 
f 1153/1289/1487 900/1036/1195 500/546/572 
f 500/546/572 1073/1209/1401 1153/1289/1487 
f 503/549/575 297/334/307 1026/1162/1339 
f 1026/1162/1339 1154/1290/1488 503/549/575 
f 1154/1290/1488 1026/1162/1339 956/1092/1265 
f 956/1092/1265 1071/1207/1399 1154/1290/1488 
f 497/543/564 503/549/575 1154/1290/1488 
f 1154/1290/1488 1152/1288/1486 497/543/564 
f 1152/1288/1486 1154/1290/1488 1071/1207/1399 
f 1071/1207/1399 1075/1211/1403 1152/1288/1486 
f 300/337/310 504/550/576 1155/1291/1489 
f 1155/1291/1489 1027/1163/1340 300/337/310 
f 1027/1163/1340 1155/1291/1489 1069/1205/1397 
f 1069/1205/1397 961/1097/1270 1027/1163/1340 
f 504/550/576 502/548/574 1153/1289/1487 
f 1153/1289/1487 1155/1291/1489 504/550/576 
f 1155/1291/1489 1153/1289/1487 1073/1209/1401 
f 1073/1209/1401 1069/1205/1397 1155/1291/1489 
f 516/562/592 517/563/593 910/1046/1490 
f 910/1046/1490 901/1037/1196 516/562/592 
f 901/1037/1196 910/1046/1490 911/1047/1491 
f 911/1047/1491 902/1038/1197 901/1037/1196 
f 520/566/1492 518/564/1198 902/1038/1197 
f 902/1038/1197 911/1047/1491 520/566/1492 
f 519/565/1199 521/567/1493 1089/1225/1494 
f 1089/1225/1494 903/1039/1200 519/565/1199 
f 523/569/601 522/568/600 904/1040/1201 
f 904/1040/1201 1156/1292/1495 523/569/601 
f 1156/1292/1495 904/1040/1201 903/1039/1200 
f 903/1039/1200 1089/1225/1494 1156/1292/1495 
s 2
f 308/345/318 318/355/330 907/1043/1204 
f 907/1043/1204 512/558/584 308/345/318 
f 517/563/1207 508/554/586 512/558/584 
f 512/558/584 907/1043/1204 517/563/1207 
f 320/357/332 524/570/602 1157/1293/1496 
f 1157/1293/1496 1030/1166/1343 320/357/332 
f 1030/1166/1343 1157/1293/1496 1088/1224/1417 
f 1088/1224/1417 968/1104/1277 1030/1166/1343 
f 524/570/602 523/569/603 1156/1292/1497 
f 1156/1292/1497 1157/1293/1496 524/570/602 
f 1157/1293/1496 1156/1292/1497 1089/1225/1419 
f 1089/1225/1419 1088/1224/1417 1157/1293/1496 
s 1
f 525/571/604 527/574/606 1158/1294/1498 
f 1158/1294/1498 526/572/605 525/571/604 
f 526/572/605 1158/1294/1498 1093/1229/1499 
f 1093/1229/1499 322/360/334 526/572/605 
f 386/432/1500 528/575/1501 322/360/334 
f 322/360/334 1093/1229/1499 386/432/1500 
f 529/576/1502 385/431/1503 1092/1228/1504 
f 1092/1228/1504 323/361/335 529/576/1502 
f 530/577/613 323/361/335 1159/1295/1505 
f 1159/1295/1505 323/361/335 1092/1228/1504 
s 4
f 531/578/615 325/365/339 1033/1169/1346 
f 1033/1169/1346 1160/1296/1506 531/578/615 
f 1160/1296/1506 1033/1169/1346 969/1105/1280 
f 969/1105/1280 1091/1227/1423 1160/1296/1506 
f 527/574/617 531/578/615 1160/1296/1506 
f 1160/1296/1506 1158/1294/1507 527/574/617 
f 1158/1294/1507 1160/1296/1506 1091/1227/1423 
f 1091/1227/1423 1093/1229/1427 1158/1294/1507 
f 328/368/345 532/580/620 1161/1297/1508 
f 1161/1297/1508 1034/1170/1347 328/368/345 
f 1034/1170/1347 1161/1297/1508 1090/1226/1421 
f 1090/1226/1421 972/1108/1285 1034/1170/1347 
f 532/580/620 530/577/622 1159/1295/1509 
f 1159/1295/1509 1161/1297/1508 532/580/620 
f 1161/1297/1508 1159/1295/1509 1092/1228/1425 
f 1092/1228/1425 1090/1226/1421 1161/1297/1508 
s 1
f 533/581/623 534/582/624 1162/1298/1510 
f 1162/1298/1510 913/1049/1212 533/581/623 
f 913/1049/1212 1162/1298/1510 1109/1245/1511 
f 1109/1245/1511 912/1048/1210 913/1049/1212 
f 394/440/1512 535/583/1211 1108/1244/1513 
f 1108/1244/1513 535/583/1211 912/1048/1210 
f 912/1048/1210 1109/1245/1511 1108/1244/1513 
f 536/584/1215 393/439/1514 1106/1242/1515 
f 536/584/1215 1106/1242/1515 1107/1243/1516 
f 1107/1243/1516 914/1050/1213 536/584/1215 
f 538/586/634 537/585/633 915/1051/1214 
f 915/1051/1214 1163/1299/1517 538/586/634 
f 1163/1299/1517 915/1051/1214 914/1050/1213 
f 914/1050/1213 1107/1243/1516 1163/1299/1517 
s 4
f 539/588/635 331/371/351 1037/1173/1350 
f 1037/1173/1350 1164/1300/1518 539/588/635 
f 1164/1300/1518 1037/1173/1350 983/1119/1296 
f 983/1119/1296 1105/1241/1439 1164/1300/1518 
f 534/582/637 539/588/635 1164/1300/1518 
f 1164/1300/1518 1162/1298/1519 534/582/637 
f 1162/1298/1519 1164/1300/1518 1105/1241/1439 
f 1105/1241/1439 1109/1245/1443 1162/1298/1519 
f 334/375/356 540/590/640 1165/1301/1520 
f 1165/1301/1520 1038/1174/1351 334/375/356 
f 1038/1174/1351 1165/1301/1520 1103/1239/1437 
f 1103/1239/1437 988/1124/1301 1038/1174/1351 
f 540/590/640 538/586/642 1163/1299/1521 
f 1163/1299/1521 1165/1301/1520 540/590/640 
f 1165/1301/1520 1163/1299/1521 1107/1243/1441 
f 1107/1243/1441 1103/1239/1437 1165/1301/1520 
s 1
f 541/591/643 542/592/644 1166/1302/1522 
f 1166/1302/1522 916/1052/1216 541/591/643 
f 916/1052/1216 1166/1302/1522 1125/1261/1523 
f 1125/1261/1523 917/1053/1217 916/1052/1216 
f 402/448/1524 543/593/1218 1124/1260/1525 
f 1124/1260/1525 543/593/1218 917/1053/1217 
f 917/1053/1217 1125/1261/1523 1124/1260/1525 
f 544/594/1219 401/447/1526 1122/1258/1527 
f 544/594/1219 1122/1258/1527 1123/1259/1528 
f 1123/1259/1528 918/1054/1220 544/594/1219 
f 546/596/652 545/595/651 919/1055/1221 
f 919/1055/1221 1167/1303/1529 546/596/652 
f 1167/1303/1529 919/1055/1221 918/1054/1220 
f 918/1054/1220 1123/1259/1528 1167/1303/1529 
s 2
f 547/597/653 339/381/364 1041/1177/1354 
f 1041/1177/1354 1168/1304/1530 547/597/653 
f 1168/1304/1530 1041/1177/1354 998/1134/1311 
f 998/1134/1311 1121/1257/1455 1168/1304/1530 
f 542/592/655 547/597/653 1168/1304/1530 
f 1168/1304/1530 1166/1302/1531 542/592/655 
f 1166/1302/1531 1168/1304/1530 1121/1257/1455 
f 1121/1257/1455 1125/1261/1459 1166/1302/1531 
f 342/384/369 548/598/658 1169/1305/1532 
f 1169/1305/1532 1042/1178/1355 342/384/369 
f 1042/1178/1355 1169/1305/1532 1119/1255/1453 
f 1119/1255/1453 1002/1138/1315 1042/1178/1355 
f 548/598/658 546/596/660 1167/1303/1533 
f 1167/1303/1533 1169/1305/1532 548/598/658 
f 1169/1305/1532 1167/1303/1533 1123/1259/1457 
f 1123/1259/1457 1119/1255/1453 1169/1305/1532 
s 1
f 549/600/661 550/602/662 1170/1306/1534 
f 1170/1306/1534 920/1056/1222 549/600/661 
f 920/1056/1222 1170/1306/1534 1053/1189/1535 
f 1053/1189/1535 921/1057/1223 920/1056/1222 
f 369/415/1536 552/604/1224 1052/1188/1537 
f 1052/1188/1537 552/604/1224 921/1057/1223 
f 921/1057/1223 1053/1189/1535 1052/1188/1537 
f 551/603/1225 369/415/1536 1050/1186/1538 
f 551/603/1225 1050/1186/1538 1051/1187/1539 
f 1051/1187/1539 922/1058/1226 551/603/1225 
f 554/606/669 553/605/668 923/1059/1227 
f 923/1059/1227 1171/1307/1540 554/606/669 
f 1171/1307/1540 923/1059/1227 922/1058/1226 
f 922/1058/1226 1051/1187/1539 1171/1307/1540 
s 2
f 555/607/670 346/388/374 1045/1181/1541 
f 1045/1181/1541 1172/1308/1542 555/607/670 
f 1172/1308/1542 1045/1181/1541 942/1078/1376 
f 942/1078/1376 1049/1185/1375 1172/1308/1542 
f 550/602/672 555/607/670 1172/1308/1542 
f 1172/1308/1542 1170/1306/1543 550/602/672 
f 1170/1306/1543 1172/1308/1542 1049/1185/1375 
f 1049/1185/1375 1053/1189/1381 1170/1306/1543 
f 351/395/385 556/609/675 1173/1309/1544 
f 1173/1309/1544 1046/1182/1545 351/395/385 
f 1046/1182/1545 1173/1309/1544 1048/1184/1372 
f 1048/1184/1372 945/1081/1371 1046/1182/1545 
f 556/609/675 554/606/677 1171/1307/1546 
f 1171/1307/1546 1173/1309/1544 556/609/675 
f 1173/1309/1544 1171/1307/1546 1051/1187/1379 
f 1051/1187/1379 1048/1184/1372 1173/1309/1544 
s 1
f 557/610/678 559/612/680 1174/1310/1547 
f 1174/1310/1547 558/611/679 557/610/678 
f 558/611/679 1174/1310/1547 1067/1203/1548 
f 1067/1203/1548 352/396/386 558/611/679 
f 378/424/681 353/397/387 924/1060/1228 
f 924/1060/1228 1066/1202/1549 378/424/681 
f 1066/1202/1549 924/1060/1228 352/396/386 
f 352/396/386 1067/1203/1548 1066/1202/1549 
s 2
f 560/615/683 354/398/390 1175/1311/1550 
f 1175/1311/1550 1176/1312/1551 560/615/683 
f 1176/1312/1551 1175/1311/1550 1065/1201/1393 
f 1065/1201/1393 1064/1200/1392 1176/1312/1551 
f 559/612/685 560/615/683 1176/1312/1551 
f 1176/1312/1551 1174/1310/1552 559/612/685 
f 1174/1310/1552 1176/1312/1551 1064/1200/1392 
f 1064/1200/1392 1067/1203/1395 1174/1310/1552 
s 1
f 361/407/401 561/617/691 1177/1313/1553 
f 1177/1313/1553 362/408/402 361/407/401 
f 362/408/402 1177/1313/1553 1178/1314/1554 
f 1178/1314/1554 363/409/403 362/408/402 
f 561/617/691 562/618/692 1179/1315/1555 
f 1179/1315/1555 1177/1313/1553 561/617/691 
f 1177/1313/1553 1179/1315/1555 1084/1220/1413 
f 1084/1220/1413 1178/1314/1554 1177/1313/1553 
f 563/619/1556 365/411/405 364/410/404 
f 364/410/404 1180/1316/1557 563/619/1556 
f 1180/1316/1557 364/410/404 363/409/403 
f 363/409/403 1178/1314/1554 1180/1316/1557 
f 1080/1216/1411 563/619/1556 1180/1316/1557 
f 1180/1316/1557 1083/1219/1412 1080/1216/1411 
f 1083/1219/1412 1180/1316/1557 1178/1314/1554 
f 1178/1314/1554 1084/1220/1413 1083/1219/1412 
s 8
f 563/619/693 1080/1216/1408 1082/1218/1410 
f 1082/1218/1410 564/620/694 563/619/693 
f 566/622/699 565/621/698 925/1061/1229 
f 925/1061/1229 1181/1317/1558 566/622/699 
f 1181/1317/1558 925/1061/1229 564/620/694 
f 564/620/694 1082/1218/1410 1181/1317/1558 
s 1
f 562/618/692 567/623/702 1182/1318/1559 
f 1182/1318/1559 1179/1315/1555 562/618/692 
f 1179/1315/1555 1182/1318/1559 1085/1221/1414 
f 1085/1221/1414 1084/1220/1413 1179/1315/1555 
s 8
f 572/628/708 566/622/699 1181/1317/1558 
f 1181/1317/1558 1183/1319/1560 572/628/708 
f 1183/1319/1560 1181/1317/1558 1082/1218/1410 
f 1082/1218/1410 1081/1217/1409 1183/1319/1560 
s 2
f 49/67/1561 48/66/1373 943/1079/1562 
f 943/1079/1562 1184/1320/1563 49/67/1561 
f 51/69/1370 50/68/1564 1185/1321/1565 
f 1185/1321/1565 944/1080/1566 51/69/1370 
f 573/629/710 49/67/1561 1184/1320/1563 
f 1184/1320/1563 1186/1322/1567 573/629/710 
f 50/68/1564 574/630/711 1187/1323/1568 
f 1187/1323/1568 1185/1321/1565 50/68/1564 
f 575/631/713 573/629/710 1186/1322/1567 
f 1186/1322/1567 1188/1324/1569 575/631/713 
f 574/630/711 576/632/714 1189/1325/1570 
f 1189/1325/1570 1187/1323/1568 574/630/711 
s 1
f 577/633/715 52/70/52 947/1083/1256 
f 947/1083/1256 1190/1326/1571 577/633/715 
f 1190/1326/1571 947/1083/1256 949/1085/1258 
f 949/1085/1258 1191/1327/1572 1190/1326/1571 
f 53/71/53 578/634/716 1192/1328/1573 
f 1192/1328/1573 950/1086/1259 53/71/53 
f 950/1086/1259 1192/1328/1573 1193/1329/1574 
f 1193/1329/1574 952/1088/1261 950/1086/1259 
f 579/635/717 577/633/715 1190/1326/1571 
f 1190/1326/1571 1194/1330/1575 579/635/717 
f 1194/1330/1575 1190/1326/1571 1191/1327/1572 
f 1191/1327/1572 1195/1331/1576 1194/1330/1575 
f 578/634/716 580/636/718 1192/1328/1573 
f 1192/1328/1573 580/636/718 1196/1332/1577 
f 1196/1332/1577 1193/1329/1574 1192/1328/1573 
f 579/635/717 1194/1330/1575 581/637/1578 
f 581/637/1578 1194/1330/1575 1195/1331/1576 
f 1195/1331/1576 1197/1333/1579 581/637/1578 
f 580/636/718 582/638/1580 1198/1334/1581 
f 1198/1334/1581 1196/1332/1577 580/636/718 
s 2
f 583/639/723 374/420/416 1063/1199/1391 
f 1063/1199/1391 1199/1335/1582 583/639/723 
f 1199/1335/1582 1063/1199/1391 1065/1201/1393 
f 1065/1201/1393 1200/1336/1583 1199/1335/1582 
f 585/641/725 583/639/723 1199/1335/1582 
f 1199/1335/1582 1201/1337/1584 585/641/725 
f 1201/1337/1584 1199/1335/1582 1200/1336/1583 
f 1200/1336/1583 1202/1338/1585 1201/1337/1584 
f 587/643/727 585/641/725 1201/1337/1584 
f 1201/1337/1584 1203/1339/1586 587/643/727 
f 1203/1339/1586 1201/1337/1584 1202/1338/1585 
f 1202/1338/1585 1204/1340/1587 1203/1339/1586 
s 1
f 589/645/729 57/75/57 955/1091/1264 
f 955/1091/1264 1205/1341/1588 589/645/729 
f 1205/1341/1588 955/1091/1264 957/1093/1266 
f 957/1093/1266 1206/1342/1589 1205/1341/1588 
f 58/76/58 590/646/730 1207/1343/1590 
f 1207/1343/1590 958/1094/1267 58/76/58 
f 958/1094/1267 1207/1343/1590 1208/1344/1591 
f 1208/1344/1591 960/1096/1269 958/1094/1267 
f 589/645/729 1205/1341/1588 592/648/732 
f 592/648/732 1205/1341/1588 1206/1342/1589 
f 1206/1342/1589 1209/1345/1592 592/648/732 
f 590/646/730 591/647/731 1207/1343/1590 
f 1207/1343/1590 591/647/731 1210/1346/1593 
f 1210/1346/1593 1208/1344/1591 1207/1343/1590 
f 593/649/1594 592/648/732 1209/1345/1592 
f 1209/1345/1592 1211/1347/1595 593/649/1594 
f 591/647/731 594/650/1596 1212/1348/1597 
f 1212/1348/1597 1210/1346/1593 591/647/731 
s 8
f 1213/1349/1598 1078/1214/1406 1214/1350/1599 
f 1214/1350/1599 1215/1351/1600 1213/1349/1598 
f 608/1352/750 1213/1349/1598 1215/1351/1600 
f 1215/1351/1600 607/1353/749 608/1352/750 
s 2
f 1216/1354/1601 962/1098/1271 965/1101/1274 
f 965/1101/1274 1217/1355/1602 1216/1354/1601 
f 1217/1355/1602 965/1101/1274 966/1102/1275 
f 966/1102/1275 1218/1356/1603 1217/1355/1602 
f 962/1098/1271 1216/1354/1601 1219/1357/1604 
f 1219/1357/1604 967/1103/1276 962/1098/1271 
f 1220/1358/1605 1216/1354/1601 1217/1355/1602 
f 1217/1355/1602 1221/1359/1606 1220/1358/1605 
f 1221/1359/1606 1217/1355/1602 1218/1356/1603 
f 1218/1356/1603 1222/1360/1607 1221/1359/1606 
f 1216/1354/1601 1220/1358/1605 1223/1361/1608 
f 1223/1361/1608 1219/1357/1604 1216/1354/1601 
f 1224/1362/1609 1220/1358/1605 1221/1359/1606 
f 1221/1359/1606 1225/1363/1610 1224/1362/1609 
f 1225/1363/1610 1221/1359/1606 1222/1360/1607 
f 1222/1360/1607 1226/1364/1611 1225/1363/1610 
f 1220/1358/1605 1224/1362/1609 1227/1365/1612 
f 1227/1365/1612 1223/1361/1608 1220/1358/1605 
s 4
f 609/665/1613 60/78/1278 970/1106/1281 
f 970/1106/1281 1228/1366/1614 609/665/1613 
f 61/79/1283 610/666/1615 1229/1367/1616 
f 1229/1367/1616 971/1107/1284 61/79/1283 
f 611/667/1617 609/665/1613 1228/1366/1614 
f 1228/1366/1614 1230/1368/1618 611/667/1617 
f 610/666/1615 612/668/1619 1231/1369/1620 
f 1231/1369/1620 1229/1367/1616 610/666/1615 
f 613/669/1621 611/667/1617 1230/1368/1618 
f 1230/1368/1618 1232/1370/1622 613/669/1621 
f 612/668/1619 614/670/1623 1233/1371/1624 
f 1233/1371/1624 1231/1369/1620 612/668/1619 
s 2
f 615/671/757 64/82/64 974/1110/1287 
f 974/1110/1287 1234/1372/1625 615/671/757 
f 1234/1372/1625 974/1110/1287 976/1112/1289 
f 976/1112/1289 1235/1373/1626 1234/1372/1625 
f 65/83/65 616/672/758 1236/1374/1627 
f 1236/1374/1627 977/1113/1290 65/83/65 
f 977/1113/1290 1236/1374/1627 1237/1375/1628 
f 1237/1375/1628 979/1115/1292 977/1113/1290 
f 615/671/757 1234/1372/1625 618/674/760 
f 618/674/760 1234/1372/1625 1235/1373/1626 
f 1235/1373/1626 1238/1376/1629 618/674/760 
f 616/672/758 617/673/759 1236/1374/1627 
f 1236/1374/1627 617/673/759 1239/1377/1630 
f 1239/1377/1630 1237/1375/1628 1236/1374/1627 
f 619/675/1631 618/674/760 1238/1376/1629 
f 1238/1376/1629 1240/1378/1632 619/675/1631 
f 617/673/759 620/676/1633 1241/1379/1634 
f 1241/1379/1634 1239/1377/1630 617/673/759 
s 4
f 68/86/68 982/1118/1295 622/678/766 
f 622/678/766 982/1118/1295 984/1120/1297 
f 984/1120/1297 1242/1380/1635 622/678/766 
f 69/87/69 621/677/765 985/1121/1298 
f 985/1121/1298 621/677/765 1243/1381/1636 
f 1243/1381/1636 987/1123/1300 985/1121/1298 
f 623/679/1637 622/678/766 1242/1380/1635 
f 1242/1380/1635 1244/1382/1638 623/679/1637 
f 621/677/765 624/680/1639 1245/1383/1640 
f 1245/1383/1640 1243/1381/1636 621/677/765 
f 625/681/1641 623/679/1637 1244/1382/1638 
f 1244/1382/1638 1246/1384/1642 625/681/1641 
f 624/680/1639 626/682/1643 1247/1385/1644 
f 1247/1385/1644 1245/1383/1640 624/680/1639 
s 1
f 627/683/773 73/91/73 990/1126/1303 
f 990/1126/1303 1248/1386/1645 627/683/773 
f 1248/1386/1645 990/1126/1303 992/1128/1305 
f 992/1128/1305 1249/1387/1646 1248/1386/1645 
f 74/92/74 628/684/774 1250/1388/1647 
f 1250/1388/1647 993/1129/1306 74/92/74 
f 993/1129/1306 1250/1388/1647 1251/1389/1648 
f 1251/1389/1648 995/1131/1308 993/1129/1306 
f 629/685/775 627/683/773 1248/1386/1645 
f 1248/1386/1645 1252/1390/1649 629/685/775 
f 1252/1390/1649 1248/1386/1645 1249/1387/1646 
f 1249/1387/1646 1253/1391/1650 1252/1390/1649 
f 628/684/774 630/686/776 1254/1392/1651 
f 1254/1392/1651 1250/1388/1647 628/684/774 
f 1250/1388/1647 1254/1392/1651 1255/1393/1652 
f 1255/1393/1652 1251/1389/1648 1250/1388/1647 
f 629/685/775 1252/1390/1649 631/687/777 
f 631/687/777 1252/1390/1649 1253/1391/1650 
f 1253/1391/1650 1256/1394/1653 631/687/777 
f 630/686/776 632/688/778 1254/1392/1651 
f 1254/1392/1651 632/688/778 1257/1395/1654 
f 1257/1395/1654 1255/1393/1652 1254/1392/1651 
s 2
f 633/689/1655 76/94/76 999/1135/1312 
f 999/1135/1312 1258/1396/1656 633/689/1655 
f 77/95/77 634/690/1657 1259/1397/1658 
f 1259/1397/1658 1001/1137/1314 77/95/77 
f 635/691/1659 633/689/1655 1258/1396/1656 
f 1258/1396/1656 1260/1398/1660 635/691/1659 
f 634/690/1657 636/692/1661 1261/1399/1662 
f 1261/1399/1662 1259/1397/1658 634/690/1657 
f 637/693/1663 635/691/1659 1260/1398/1660 
f 1260/1398/1660 1262/1400/1664 637/693/1663 
f 636/692/1661 638/694/1665 1263/1401/1666 
f 1263/1401/1666 1261/1399/1662 636/692/1661 
s 1
f 639/695/787 80/98/80 1005/1141/1318 
f 1005/1141/1318 1264/1402/1667 639/695/787 
f 81/99/81 640/696/788 1265/1403/1668 
f 1265/1403/1668 1007/1143/1320 81/99/81 
f 641/697/789 639/695/787 1264/1402/1667 
f 1264/1402/1667 1266/1404/1669 641/697/789 
f 640/696/788 642/698/790 1267/1405/1670 
f 1267/1405/1670 1265/1403/1668 640/696/788 
f 643/699/791 641/697/789 1266/1404/1669 
f 1266/1404/1669 1268/1406/1671 643/699/791 
f 642/698/790 644/700/792 1269/1407/1672 
f 1269/1407/1672 1267/1405/1670 642/698/790 
s 2
f 1270/1408/1673 1009/1145/1674 217/254/815 
f 217/254/815 664/724/814 1270/1408/1673 
s 4
f 1009/1145/1675 1270/1408/1676 1191/1327/1677 
f 1191/1327/1677 949/1085/1678 1009/1145/1675 
s 1
f 664/724/817 665/725/818 1271/1409/1679 
f 1271/1409/1679 1270/1408/1680 664/724/817 
f 1270/1408/1680 1271/1409/1679 1195/1331/1576 
f 1195/1331/1576 1191/1327/1572 1270/1408/1680 
f 665/725/818 666/726/819 1272/1410/1681 
f 1272/1410/1681 1271/1409/1679 665/725/818 
f 1271/1409/1679 1272/1410/1681 1197/1333/1579 
f 1197/1333/1579 1195/1331/1576 1271/1409/1679 
f 220/257/222 667/727/820 1273/1411/1682 
f 1273/1411/1682 1274/1412/1683 220/257/222 
f 667/728/820 668/729/821 1275/1413/1684 
f 1275/1413/1684 1273/1414/1682 667/728/820 
f 1273/1414/1682 1275/1413/1684 1198/1334/1581 
f 1198/1334/1581 1274/1415/1683 1273/1414/1682 
f 220/257/222 1274/1412/1683 669/730/1685 
f 219/256/221 670/731/1686 926/1062/1230 
f 582/638/1580 669/732/1685 1274/1415/1683 
f 1274/1415/1683 1198/1334/1581 582/638/1580 
f 670/733/1686 581/637/1578 1197/1333/1579 
f 1197/1333/1579 926/1416/1230 670/733/1686 
f 671/734/828 219/256/221 927/1063/1231 
f 666/726/819 671/735/828 927/1417/1231 
f 927/1417/1231 1272/1410/1681 666/726/819 
f 1272/1410/1681 927/1417/1231 926/1416/1230 
f 926/1416/1230 1197/1333/1579 1272/1410/1681 
s 4
f 1012/1148/1687 952/1088/1687 1193/1329/1687 
s 1
f 672/736/832 222/259/224 1012/1148/1325 
f 1012/1148/1325 1276/1418/1688 672/736/832 
f 1276/1418/1688 1012/1148/1325 1193/1329/1574 
f 1193/1329/1574 1196/1332/1577 1276/1418/1688 
f 668/729/821 672/736/832 1276/1418/1688 
f 1276/1418/1688 1275/1413/1684 668/729/821 
f 1275/1413/1684 1276/1418/1688 1196/1332/1577 
f 1196/1332/1577 1198/1334/1581 1275/1413/1684 
f 237/274/241 1277/1419/1689 1013/1149/1326 
f 1013/1149/1326 1277/1419/1689 1264/1402/1667 
f 1264/1402/1667 1005/1141/1318 1013/1149/1326 
f 237/274/241 693/761/853 1278/1420/1690 
f 1278/1420/1690 1277/1419/1689 237/274/241 
f 1277/1419/1689 1278/1420/1690 1266/1404/1669 
f 1266/1404/1669 1264/1402/1667 1277/1419/1689 
f 693/761/853 694/762/854 1279/1421/1691 
f 1279/1421/1691 1278/1420/1690 693/761/853 
f 1278/1420/1690 1279/1421/1691 1268/1406/1671 
f 1268/1406/1671 1266/1404/1669 1278/1420/1690 
f 695/763/855 696/764/856 1280/1422/1692 
f 695/763/855 1280/1422/1692 1281/1423/1693 
f 1281/1423/1693 239/276/243 695/763/855 
f 696/765/856 697/766/857 1282/1424/1694 
f 1282/1424/1694 1280/1425/1692 696/765/856 
f 1280/1425/1692 1282/1424/1694 1269/1407/1672 
f 1269/1407/1672 1281/1426/1693 1280/1425/1692 
f 644/700/792 1281/1426/1693 1269/1407/1672 
f 694/768/854 698/767/858 1279/1427/1691 
f 1279/1427/1691 698/767/858 240/277/244 
f 240/277/244 1268/1428/1671 1279/1427/1691 
f 242/279/246 1016/1152/1329 1283/1429/1695 
f 1283/1429/1695 1016/1152/1329 1007/1143/1320 
f 1007/1143/1320 1265/1403/1668 1283/1429/1695 
f 699/769/859 242/279/246 1283/1429/1695 
f 1283/1429/1695 1284/1430/1696 699/769/859 
f 1284/1430/1696 1283/1429/1695 1265/1403/1668 
f 1265/1403/1668 1267/1405/1670 1284/1430/1696 
f 697/766/857 699/769/859 1284/1430/1696 
f 1284/1430/1696 1282/1424/1694 697/766/857 
f 1282/1424/1694 1284/1430/1696 1267/1405/1670 
f 1267/1405/1670 1269/1407/1672 1282/1424/1694 
f 257/294/263 720/794/880 1285/1431/1697 
f 1285/1431/1697 1017/1153/1330 257/294/263 
f 1017/1153/1330 1285/1431/1697 1249/1387/1646 
f 1249/1387/1646 992/1128/1305 1017/1153/1330 
f 720/794/880 721/795/881 1286/1432/1698 
f 1286/1432/1698 1285/1431/1697 720/794/880 
f 1285/1431/1697 1286/1432/1698 1253/1391/1650 
f 1253/1391/1650 1249/1387/1646 1285/1431/1697 
f 721/795/881 722/796/882 1287/1433/1699 
f 1287/1433/1699 1286/1432/1698 721/795/881 
f 1286/1432/1698 1287/1433/1699 1256/1394/1653 
f 1256/1394/1653 1253/1391/1650 1286/1432/1698 
f 723/797/887 724/798/888 1288/1434/1700 
f 1288/1434/1700 928/1064/1232 723/797/887 
f 928/1064/1232 1288/1434/1700 1289/1435/1701 
f 1289/1435/1701 259/296/265 928/1064/1232 
f 724/798/888 725/799/889 1290/1436/1702 
f 1290/1436/1702 1288/1434/1700 724/798/888 
f 1288/1434/1700 1290/1436/1702 1257/1437/1654 
f 1257/1437/1654 1289/1435/1701 1288/1434/1700 
f 726/800/1703 259/296/265 1289/1435/1701 
f 727/801/1704 1291/1438/1705 260/297/266 
f 632/803/778 726/800/1703 1289/1435/1701 
f 1289/1435/1701 1257/1437/1654 632/803/778 
f 727/801/1704 631/802/777 1256/1439/1653 
f 1256/1439/1653 1291/1438/1705 727/801/1704 
f 729/805/899 728/804/898 929/1065/1233 
f 929/1065/1233 1292/1440/1706 729/805/899 
f 1292/1440/1706 929/1065/1233 260/297/266 
f 260/297/266 1291/1438/1705 1292/1440/1706 
f 722/806/882 729/805/899 1292/1440/1706 
f 1292/1440/1706 1287/1441/1699 722/806/882 
f 1287/1441/1699 1292/1440/1706 1291/1438/1705 
f 1291/1438/1705 1256/1439/1653 1287/1441/1699 
f 730/807/900 262/299/268 1020/1156/1333 
f 1020/1156/1333 1293/1442/1707 730/807/900 
f 1293/1442/1707 1020/1156/1333 995/1131/1308 
f 995/1131/1308 1251/1389/1648 1293/1442/1707 
f 731/808/901 730/807/900 1293/1442/1707 
f 1293/1442/1707 1294/1443/1708 731/808/901 
f 1294/1443/1708 1293/1442/1707 1251/1389/1648 
f 1251/1389/1648 1255/1393/1652 1294/1443/1708 
f 725/809/889 731/808/901 1294/1443/1708 
f 1294/1443/1708 1290/1444/1702 725/809/889 
f 1290/1444/1702 1294/1443/1708 1255/1393/1652 
f 1255/1393/1652 1257/1395/1654 1290/1444/1702 
s 2
f 276/313/284 752/834/922 1295/1445/1709 
f 1295/1445/1709 1021/1157/1334 276/313/284 
f 1021/1157/1334 1295/1445/1709 1235/1373/1626 
f 1235/1373/1626 976/1112/1289 1021/1157/1334 
f 752/834/922 753/835/923 1296/1446/1710 
f 1296/1446/1710 1295/1445/1709 752/834/922 
f 1295/1445/1709 1296/1446/1710 1238/1376/1629 
f 1238/1376/1629 1235/1373/1626 1295/1445/1709 
f 753/835/923 754/836/924 1297/1447/1711 
f 1297/1447/1711 1296/1446/1710 753/835/923 
f 1296/1446/1710 1297/1447/1711 1240/1378/1632 
f 1240/1378/1632 1238/1376/1629 1296/1446/1710 
f 755/837/930 757/839/931 1298/1448/1712 
f 1298/1448/1712 930/1066/1234 755/837/930 
f 930/1066/1234 1298/1448/1712 1241/1449/1634 
f 1241/1449/1634 756/838/1235 930/1066/1234 
f 620/843/1633 758/840/1713 756/838/1235 
f 756/838/1235 1241/1449/1634 620/843/1633 
f 759/841/1714 619/844/1631 1240/1450/1632 
f 1240/1450/1632 760/842/1236 759/841/1714 
f 754/846/924 761/845/939 931/1067/1237 
f 931/1067/1237 1297/1451/1711 754/846/924 
f 1297/1451/1711 931/1067/1237 760/842/1236 
f 760/842/1236 1240/1450/1632 1297/1451/1711 
f 762/847/940 281/318/289 1024/1160/1337 
f 1024/1160/1337 1299/1452/1715 762/847/940 
f 1299/1452/1715 1024/1160/1337 979/1115/1292 
f 979/1115/1292 1237/1375/1628 1299/1452/1715 
f 763/848/941 762/847/940 1299/1452/1715 
f 1299/1452/1715 1300/1453/1716 763/848/941 
f 1300/1453/1716 1299/1452/1715 1237/1375/1628 
f 1237/1375/1628 1239/1377/1630 1300/1453/1716 
f 757/849/931 763/848/941 1300/1453/1716 
f 1300/1453/1716 1298/1454/1712 757/849/931 
f 1298/1454/1712 1300/1453/1716 1239/1377/1630 
f 1239/1377/1630 1241/1379/1634 1298/1454/1712 
s 1
f 296/333/306 781/871/962 1301/1455/1717 
f 1301/1455/1717 1025/1161/1338 296/333/306 
f 1025/1161/1338 1301/1455/1717 1206/1342/1589 
f 1206/1342/1589 957/1093/1266 1025/1161/1338 
f 781/871/962 782/872/963 1302/1456/1718 
f 1302/1456/1718 1301/1455/1717 781/871/962 
f 1301/1455/1717 1302/1456/1718 1209/1345/1592 
f 1209/1345/1592 1206/1342/1589 1301/1455/1717 
f 782/872/963 783/873/964 1303/1457/1719 
f 1303/1457/1719 1302/1456/1718 782/872/963 
f 1302/1456/1718 1303/1457/1719 1211/1347/1595 
f 1211/1347/1595 1209/1345/1592 1302/1456/1718 
f 784/874/969 785/875/970 1304/1458/1720 
f 1304/1458/1720 932/1068/1238 784/874/969 
f 932/1068/1238 1304/1458/1720 1305/1459/1721 
f 1305/1459/1721 298/335/308 932/1068/1238 
f 785/875/970 786/876/971 1306/1460/1722 
f 1306/1460/1722 1304/1458/1720 785/875/970 
f 1304/1458/1720 1306/1460/1722 1212/1461/1597 
f 1212/1461/1597 1305/1459/1721 1304/1458/1720 
f 787/877/1723 298/335/308 1305/1459/1721 
f 299/336/309 788/878/1724 1307/1462/1725 
f 594/879/1596 787/877/1723 1305/1459/1721 
f 1305/1459/1721 1212/1461/1597 594/879/1596 
f 788/878/1724 593/880/1594 1211/1463/1595 
f 1211/1463/1595 1307/1462/1725 788/878/1724 
f 790/882/979 789/881/978 933/1069/1239 
f 933/1069/1239 1308/1464/1726 790/882/979 
f 1308/1464/1726 933/1069/1239 299/336/309 
f 299/336/309 1307/1462/1725 1308/1464/1726 
f 783/883/964 790/882/979 1308/1464/1726 
f 1308/1464/1726 1303/1465/1719 783/883/964 
f 1303/1465/1719 1308/1464/1726 1307/1462/1725 
f 1307/1462/1725 1211/1463/1595 1303/1465/1719 
f 791/884/980 301/338/311 1028/1164/1341 
f 1028/1164/1341 1309/1466/1727 791/884/980 
f 1309/1466/1727 1028/1164/1341 960/1096/1269 
f 960/1096/1269 1208/1344/1591 1309/1466/1727 
f 792/885/981 791/884/980 1309/1466/1727 
f 1309/1466/1727 1310/1467/1728 792/885/981 
f 1310/1467/1728 1309/1466/1727 1208/1344/1591 
f 1208/1344/1591 1210/1346/1593 1310/1467/1728 
f 786/886/971 792/885/981 1310/1467/1728 
f 1310/1467/1728 1306/1468/1722 786/886/971 
f 1306/1468/1722 1310/1467/1728 1210/1346/1593 
f 1210/1346/1593 1212/1348/1597 1306/1468/1722 
s 2
f 317/354/329 810/908/1002 1311/1469/1729 
f 1311/1469/1729 1029/1165/1342 317/354/329 
f 1029/1165/1342 1311/1469/1729 1218/1356/1603 
f 1218/1356/1603 966/1102/1275 1029/1165/1342 
f 810/908/1002 811/909/1003 1312/1470/1730 
f 1312/1470/1730 1311/1469/1729 810/908/1002 
f 1311/1469/1729 1312/1470/1730 1222/1360/1607 
f 1222/1360/1607 1218/1356/1603 1311/1469/1729 
f 811/909/1003 812/910/1004 1313/1471/1731 
f 1313/1471/1731 1312/1470/1730 811/909/1003 
f 1312/1470/1730 1313/1471/1731 1226/1364/1611 
f 1226/1364/1611 1222/1360/1607 1312/1470/1730 
f 815/913/1007 816/914/1008 1314/1472/1732 
f 1314/1472/1732 813/911/1005 815/913/1007 
f 813/911/1005 1314/1472/1732 1227/1473/1612 
f 1227/1473/1612 814/912/1006 813/911/1005 
f 1224/1474/1609 319/356/331 814/912/1006 
f 814/912/1006 1227/1473/1612 1224/1474/1609 
f 319/356/331 1224/1474/1609 1225/1475/1610 
f 319/356/331 1225/1475/1610 1226/1476/1611 
f 1226/1476/1611 817/915/1009 319/356/331 
f 812/918/1004 819/917/1011 818/916/1010 
f 818/916/1010 1313/1477/1731 812/918/1004 
f 1313/1477/1731 818/916/1010 817/915/1009 
f 817/915/1009 1226/1476/1611 1313/1477/1731 
f 820/919/1012 321/358/333 1031/1167/1344 
f 1031/1167/1344 1315/1478/1733 820/919/1012 
f 1315/1478/1733 1031/1167/1344 967/1103/1276 
f 967/1103/1276 1219/1357/1604 1315/1478/1733 
f 821/920/1013 820/919/1012 1315/1478/1733 
f 1315/1478/1733 1316/1479/1734 821/920/1013 
f 1316/1479/1734 1315/1478/1733 1219/1357/1604 
f 1219/1357/1604 1223/1361/1608 1316/1479/1734 
f 816/921/1008 821/920/1013 1316/1479/1734 
f 1316/1479/1734 1314/1480/1732 816/921/1008 
f 1314/1480/1732 1316/1479/1734 1223/1361/1608 
f 1223/1361/1608 1227/1365/1612 1314/1480/1732 
s 4
f 324/364/338 822/923/1015 1317/1481/1735 
f 1317/1481/1735 1032/1168/1345 324/364/338 
f 1032/1168/1345 1317/1481/1735 1228/1366/1614 
f 1228/1366/1614 970/1106/1281 1032/1168/1345 
f 822/923/1015 823/925/1017 1318/1482/1736 
f 1318/1482/1736 1317/1481/1735 822/923/1015 
f 1317/1481/1735 1318/1482/1736 1230/1368/1618 
f 1230/1368/1618 1228/1366/1614 1317/1481/1735 
f 823/925/1017 824/927/1019 1319/1483/1737 
f 1319/1483/1737 1318/1482/1736 823/925/1017 
f 1318/1482/1736 1319/1483/1737 1232/1370/1622 
f 1232/1370/1622 1230/1368/1618 1318/1482/1736 
f 825/928/1025 827/930/1028 1320/1484/1738 
f 1320/1484/1738 934/1070/1240 825/928/1025 
f 934/1070/1240 1320/1484/1738 1321/1485/1739 
f 1321/1485/1739 826/929/1241 934/1070/1240 
f 827/930/1028 828/931/1030 1322/1486/1740 
f 1322/1486/1740 1320/1484/1738 827/930/1028 
f 1320/1484/1738 1322/1486/1740 1233/1487/1624 
f 1233/1487/1624 1321/1485/1739 1320/1484/1738 
f 830/933/1741 826/929/1241 1321/1485/1739 
f 831/934/1742 1323/1488/1743 829/932/1242 
f 614/935/1623 830/933/1741 1321/1485/1739 
f 1321/1485/1739 1233/1487/1624 614/935/1623 
f 831/934/1742 613/936/1621 1232/1489/1622 
f 1232/1489/1622 1323/1488/1743 831/934/1742 
f 833/938/1043 832/937/1042 935/1071/1243 
f 935/1071/1243 1324/1490/1744 833/938/1043 
f 1324/1490/1744 935/1071/1243 829/932/1242 
f 829/932/1242 1323/1488/1743 1324/1490/1744 
f 824/940/1019 833/938/1043 1324/1490/1744 
f 1324/1490/1744 1319/1491/1737 824/940/1019 
f 1319/1491/1737 1324/1490/1744 1323/1488/1743 
f 1323/1488/1743 1232/1489/1622 1319/1491/1737 
f 834/942/1046 329/369/346 1035/1171/1348 
f 1035/1171/1348 1325/1492/1745 834/942/1046 
f 1325/1492/1745 1035/1171/1348 971/1107/1284 
f 971/1107/1284 1229/1367/1616 1325/1492/1745 
f 835/943/1048 834/942/1046 1325/1492/1745 
f 1325/1492/1745 1326/1493/1746 835/943/1048 
f 1326/1493/1746 1325/1492/1745 1229/1367/1616 
f 1229/1367/1616 1231/1369/1620 1326/1493/1746 
f 828/944/1030 835/943/1048 1326/1493/1746 
f 1326/1493/1746 1322/1494/1740 828/944/1030 
f 1322/1494/1740 1326/1493/1746 1231/1369/1620 
f 1231/1369/1620 1233/1371/1624 1322/1494/1740 
f 330/370/350 836/945/1051 1327/1495/1747 
f 1327/1495/1747 1036/1172/1349 330/370/350 
f 1036/1172/1349 1327/1495/1747 1242/1380/1635 
f 1242/1380/1635 984/1120/1297 1036/1172/1349 
f 836/945/1051 837/946/1053 1328/1496/1748 
f 1328/1496/1748 1327/1495/1747 836/945/1051 
f 1327/1495/1747 1328/1496/1748 1244/1382/1638 
f 1244/1382/1638 1242/1380/1635 1327/1495/1747 
f 837/946/1053 838/947/1055 1329/1497/1749 
f 1329/1497/1749 1328/1496/1748 837/946/1053 
f 1328/1496/1748 1329/1497/1749 1246/1384/1642 
f 1246/1384/1642 1244/1382/1638 1328/1496/1748 
f 839/948/1060 840/949/1063 1330/1498/1750 
f 1330/1498/1750 936/1072/1244 839/948/1060 
f 936/1072/1244 1330/1498/1750 1331/1499/1751 
f 1331/1499/1751 332/372/1245 936/1072/1244 
f 840/949/1063 841/950/1065 1332/1500/1752 
f 1332/1500/1752 1330/1498/1750 840/949/1063 
f 1330/1498/1750 1332/1500/1752 1247/1501/1644 
f 1247/1501/1644 1331/1499/1751 1330/1498/1750 
f 842/951/1753 332/372/1245 1331/1499/1751 
f 333/373/1246 843/952/1754 1333/1502/1755 
f 626/953/1643 842/951/1753 1331/1499/1751 
f 1331/1499/1751 1247/1501/1644 626/953/1643 
f 843/952/1754 625/954/1641 1246/1503/1642 
f 1246/1503/1642 1333/1502/1755 843/952/1754 
f 845/956/1075 844/955/1074 937/1073/1247 
f 937/1073/1247 1334/1504/1756 845/956/1075 
f 1334/1504/1756 937/1073/1247 333/373/1246 
f 333/373/1246 1333/1502/1755 1334/1504/1756 
f 838/957/1055 845/956/1075 1334/1504/1756 
f 1334/1504/1756 1329/1505/1749 838/957/1055 
f 1329/1505/1749 1334/1504/1756 1333/1502/1755 
f 1333/1502/1755 1246/1503/1642 1329/1505/1749 
f 846/958/1078 335/376/357 1039/1175/1352 
f 1039/1175/1352 1335/1506/1757 846/958/1078 
f 1335/1506/1757 1039/1175/1352 987/1123/1300 
f 987/1123/1300 1243/1381/1636 1335/1506/1757 
f 847/960/1080 846/958/1078 1335/1506/1757 
f 1335/1506/1757 1336/1507/1758 847/960/1080 
f 1336/1507/1758 1335/1506/1757 1243/1381/1636 
f 1243/1381/1636 1245/1383/1640 1336/1507/1758 
f 841/962/1065 847/960/1080 1336/1507/1758 
f 1336/1507/1758 1332/1508/1752 841/962/1065 
f 1332/1508/1752 1336/1507/1758 1245/1383/1640 
f 1245/1383/1640 1247/1385/1644 1332/1508/1752 
s 2
f 338/380/363 848/964/1083 1337/1509/1759 
f 1337/1509/1759 1040/1176/1353 338/380/363 
f 1040/1176/1353 1337/1509/1759 1258/1396/1656 
f 1258/1396/1656 999/1135/1312 1040/1176/1353 
f 848/964/1083 849/965/1085 1338/1510/1760 
f 1338/1510/1760 1337/1509/1759 848/964/1083 
f 1337/1509/1759 1338/1510/1760 1260/1398/1660 
f 1260/1398/1660 1258/1396/1656 1337/1509/1759 
f 849/965/1085 850/966/1087 1339/1511/1761 
f 1339/1511/1761 1338/1510/1760 849/965/1085 
f 1338/1510/1760 1339/1511/1761 1262/1400/1664 
f 1262/1400/1664 1260/1398/1660 1338/1510/1760 
f 851/967/1092 852/968/1095 1340/1512/1762 
f 1340/1512/1762 938/1074/1248 851/967/1092 
f 938/1074/1248 1340/1512/1762 1341/1513/1763 
f 1341/1513/1763 340/382/366 938/1074/1248 
f 852/968/1095 853/969/1097 1342/1514/1764 
f 1342/1514/1764 1340/1512/1762 852/968/1095 
f 1340/1512/1762 1342/1514/1764 1263/1515/1666 
f 1263/1515/1666 1341/1513/1763 1340/1512/1762 
f 854/970/1765 340/382/366 1341/1513/1763 
f 341/383/367 855/971/1766 1343/1516/1767 
f 638/972/1665 854/970/1765 1341/1513/1763 
f 1341/1513/1763 1263/1515/1666 638/972/1665 
f 855/971/1766 637/973/1663 1262/1517/1664 
f 1262/1517/1664 1343/1516/1767 855/971/1766 
f 857/975/1105 856/974/1104 939/1075/1249 
f 939/1075/1249 1344/1518/1768 857/975/1105 
f 1344/1518/1768 939/1075/1249 341/383/367 
f 341/383/367 1343/1516/1767 1344/1518/1768 
f 850/976/1087 857/975/1105 1344/1518/1768 
f 1344/1518/1768 1339/1519/1761 850/976/1087 
f 1339/1519/1761 1344/1518/1768 1343/1516/1767 
f 1343/1516/1767 1262/1517/1664 1339/1519/1761 
f 858/977/1108 343/385/370 1043/1179/1356 
f 1043/1179/1356 1345/1520/1769 858/977/1108 
f 1345/1520/1769 1043/1179/1356 1001/1137/1314 
f 1001/1137/1314 1259/1397/1658 1345/1520/1769 
f 859/978/1110 858/977/1108 1345/1520/1769 
f 1345/1520/1769 1346/1521/1770 859/978/1110 
f 1346/1521/1770 1345/1520/1769 1259/1397/1658 
f 1259/1397/1658 1261/1399/1662 1346/1521/1770 
f 853/979/1097 859/978/1110 1346/1521/1770 
f 1346/1521/1770 1342/1522/1764 853/979/1097 
f 1342/1522/1764 1346/1521/1770 1261/1399/1662 
f 1261/1399/1662 1263/1401/1666 1342/1522/1764 
f 347/391/377 860/981/1113 1347/1523/1771 
f 1347/1523/1771 1044/1180/1772 347/391/377 
f 1044/1180/1772 1347/1523/1771 1184/1320/1563 
f 1184/1320/1563 943/1079/1562 1044/1180/1772 
f 860/981/1113 861/983/1115 1348/1524/1773 
f 1348/1524/1773 1347/1523/1771 860/981/1113 
f 1347/1523/1771 1348/1524/1773 1186/1322/1567 
f 1186/1322/1567 1184/1320/1563 1347/1523/1771 
f 861/983/1115 862/985/1117 1349/1525/1774 
f 1349/1525/1774 1348/1524/1773 861/983/1115 
f 1348/1524/1773 1349/1525/1774 1188/1324/1569 
f 1188/1324/1569 1186/1322/1567 1348/1524/1773 
f 863/986/1122 864/987/1125 1350/1526/1775 
f 1350/1526/1775 940/1076/1250 863/986/1122 
f 940/1076/1250 1350/1526/1775 1351/1527/1776 
f 1351/1527/1776 348/392/380 940/1076/1250 
f 864/988/1125 865/989/1127 1352/1528/1777 
f 1352/1528/1777 1350/1529/1775 864/988/1125 
f 1350/1529/1775 1352/1528/1777 1189/1325/1570 
f 1189/1325/1570 1351/1530/1776 1350/1529/1775 
f 866/990/1129 348/392/380 1351/1527/1776 
f 349/393/381 867/991/1130 1353/1531/1778 
f 576/632/714 866/1532/1129 1351/1530/1776 
f 1351/1530/1776 1189/1325/1570 576/632/714 
f 867/1533/1130 575/631/713 1188/1324/1569 
f 1188/1324/1569 1353/1534/1778 867/1533/1130 
f 869/994/1137 868/992/1136 941/1077/1251 
f 941/1077/1251 1354/1535/1779 869/994/1137 
f 1354/1535/1779 941/1077/1251 349/393/381 
f 349/393/381 1353/1531/1778 1354/1535/1779 
f 862/985/1117 869/996/1137 1354/1536/1779 
f 1354/1536/1779 1349/1525/1774 862/985/1117 
f 1349/1525/1774 1354/1536/1779 1353/1534/1778 
f 1353/1534/1778 1188/1324/1569 1349/1525/1774 
f 870/998/1140 350/394/382 1047/1183/1780 
f 1047/1183/1780 1355/1537/1781 870/998/1140 
f 1355/1537/1781 1047/1183/1780 944/1080/1566 
f 944/1080/1566 1185/1321/1565 1355/1537/1781 
f 871/999/1142 870/998/1140 1355/1537/1781 
f 1355/1537/1781 1356/1538/1782 871/999/1142 
f 1356/1538/1782 1355/1537/1781 1185/1321/1565 
f 1185/1321/1565 1187/1323/1568 1356/1538/1782 
f 865/989/1127 871/999/1142 1356/1538/1782 
f 1356/1538/1782 1352/1528/1777 865/989/1127 
f 1352/1528/1777 1356/1538/1782 1187/1323/1568 
f 1187/1323/1568 1189/1325/1570 1352/1528/1777 
f 354/398/390 872/1000/1145 1357/1539/1783 
f 1357/1539/1783 1175/1311/1550 354/398/390 
f 1175/1311/1550 1357/1539/1783 1200/1336/1583 
f 1200/1336/1583 1065/1201/1393 1175/1311/1550 
f 872/1000/1145 873/1001/1147 1358/1540/1784 
f 1358/1540/1784 1357/1539/1783 872/1000/1145 
f 1357/1539/1783 1358/1540/1784 1202/1338/1585 
f 1202/1338/1585 1200/1336/1583 1357/1539/1783 
f 873/1001/1147 874/1002/1149 1359/1541/1785 
f 1359/1541/1785 1358/1540/1784 873/1001/1147 
f 1358/1540/1784 1359/1541/1785 1204/1340/1587 
f 1204/1340/1587 1202/1338/1585 1358/1540/1784 
f 875/1004/1155 587/1005/727 1203/1542/1586 
f 1203/1542/1586 1360/1543/1786 875/1004/1155 
f 1360/1543/1786 1203/1542/1586 1204/1544/1587 
f 1204/1544/1587 1361/1545/1787 1360/1543/1786 
f 874/1006/1149 358/402/396 357/401/395 
f 357/401/395 1362/1546/1788 874/1006/1149 
f 1362/1546/1788 357/401/395 356/400/393 
f 356/400/393 1361/1545/1787 1362/1546/1788 
f 874/1006/1149 1362/1546/1788 1359/1547/1785 
f 1359/1547/1785 1362/1546/1788 1361/1545/1787 
f 1361/1545/1787 1204/1544/1587 1359/1547/1785 
s 8
f 877/1011/1166 876/1010/1165 1363/1548/1789 
f 1363/1548/1789 1364/1549/1790 877/1011/1166 
f 1364/1549/1790 1363/1548/1789 1215/1351/1600 
f 1215/1351/1600 1214/1350/1599 1364/1549/1790 
f 876/1010/1165 596/1012/738 595/1550/737 
f 595/1550/737 1363/1548/1789 876/1010/1165 
f 1363/1548/1789 595/1550/737 607/1353/749 
f 607/1353/749 1215/1351/1600 1363/1548/1789 
f 603/1014/745 878/1013/1169 568/624/703 
f 568/624/703 604/1551/746 603/1014/745 
f 604/1551/746 568/624/703 571/627/706 
f 571/627/706 605/1552/747 604/1551/746 
s 2
f 911/1047/1209 909/1045/1206 1087/1223/1416 
f 1087/1223/1416 520/566/1791 911/1047/1209 
s 6
f 867/1533/1130 866/1532/1129 576/632/714 
f 576/632/714 575/631/713 867/1533/1130 
s 2
f 908/1044/1205 964/1100/1273 1087/1223/1416 
f 1087/1223/1416 909/1045/1206 908/1044/1205 
f 1086/1222/1415 521/567/1418 520/566/1791 
f 520/566/1791 1087/1223/1416 1086/1222/1415 
s 3
f 240/277/244 239/276/243 644/1553/792 
f 644/1553/792 643/1554/791 240/277/244 
f 643/1554/791 1268/1428/1671 240/277/244 
f 239/276/243 1281/1423/1693 644/1553/792 
s 26
f 355/399/392 875/1004/1155 1360/1543/1786 
f 1360/1543/1786 1361/1545/1787 356/400/393 
f 355/399/392 1360/1543/1786 356/400/393 
s 3
f 1136/1272/1470 881/1017/1175 206/243/206 
f 206/243/206 421/467/464 1136/1272/1470 
f 205/242/205 880/1016/1174 1135/1271/1469 
f 1135/1271/1469 421/467/464 205/242/205 
s 19
f 290/327/300 293/330/303 877/1011/1792 
f 494/540/561 290/327/300 877/1011/1792 
f 567/623/702 494/540/561 877/1011/1792 
f 1182/1318/1559 567/623/702 877/1011/1792 
f 877/1011/1792 1364/1549/1793 1182/1318/1559 
f 1085/1221/1414 1182/1318/1559 1364/1549/1793 
f 1364/1549/1793 1214/1350/1794 1085/1221/1414 
f 1077/1213/1405 1085/1221/1414 1214/1350/1794 
f 1214/1350/1794 1078/1214/1406 1077/1213/1405 
s 31
f 1213/1349/1598 608/1352/750 606/1555/748 
f 606/1555/748 1365/1556/1795 1213/1349/1598 
s 25
f 606/1555/748 605/1552/747 571/627/706 
f 571/627/706 1365/1556/1795 606/1555/748 
s 31
f 1078/1214/1406 1213/1349/1598 1365/1556/1795 
f 1365/1556/1795 1079/1215/1407 1078/1214/1406 
s 25
f 1076/1212/1404 1079/1215/1407 570/626/705 
f 570/626/705 1081/1217/1409 1076/1212/1404 
f 878/1013/1169 1366/1557/1796 569/625/704 
f 569/625/704 568/624/703 878/1013/1169 
f 878/1013/1169 793/887/1168 306/343/1797 
f 306/343/1797 1366/1557/1796 878/1013/1169 
f 1079/1215/1407 1365/1556/1795 571/627/706 
f 571/627/706 570/626/705 1079/1215/1407 
f 569/625/704 1183/1319/1560 1081/1217/1409 
f 1081/1217/1409 570/626/705 569/625/704 
f 572/628/708 1183/1319/1560 569/625/704 
f 569/625/704 1366/1557/1796 572/628/708 
f 305/342/1798 513/559/707 572/628/708 
f 305/342/1798 572/628/708 1366/1557/1796 
f 306/343/1797 305/342/1798 1366/1557/1796 
s 1
f 33/46/33 263/300/269 44/60/44 
f 44/60/44 34/47/34 33/46/33 
f 304/359/314 263/300/269 33/46/33 
f 33/46/33 32/45/32 304/359/314 
f 43/59/43 304/341/314 32/44/32 
f 32/44/32 31/43/31 43/59/43 
# 2728 faces

