# 3ds Max Wavefront OBJ Exporter v0.99 - (c)2007 guruware
# File Created: 11.05.2025 16:47:28

mtllib mosasaur skull.mtl

#
# object mosa_skull
#

v  14.97890854 137.47230530 8.72292709
v  16.91468430 138.51298523 12.66122246
v  16.91468430 138.51298523 20.45175934
v  14.97890854 137.47230530 24.39005280
v  12.60922241 141.97071838 12.87610817
v  12.60922241 141.97071838 20.23687172
v  8.78714752 144.31652832 12.22081661
v  8.78714752 144.31652832 20.89216232
v  6.94794464 145.84625244 12.74158096
v  0.93158722 146.40769958 10.07119179
v  0.93158722 146.40769958 23.04179001
v  6.94794464 145.84625244 20.37140274
v  -4.97557068 145.80558777 12.38667297
v  -4.97557068 145.80558777 20.72631073
v  -10.16374969 145.69033813 13.05176353
v  -10.16374969 145.69033813 20.06121826
v  -19.04511642 144.88352966 13.30831718
v  -19.04511642 144.88352966 19.80466843
v  -27.85427856 145.14491272 14.59281063
v  -37.15519714 144.00927734 13.74365425
v  -37.15519714 144.00927734 19.36933136
v  -27.85427856 145.14491272 18.52017784
v  -52.24280548 141.01257324 14.16539860
v  -52.24280548 141.01257324 18.94758415
v  -56.57665253 140.38449097 14.40742111
v  -56.57665253 140.38450623 18.70556068
v  -60.83779144 139.73352051 14.86698437
v  -60.83779144 139.73350525 18.24599838
v  -64.95351410 139.03671265 15.03187847
v  -64.95351410 139.03671265 18.08110428
v  -68.85111237 138.27117920 15.23573303
v  -68.85111237 138.27117920 17.87725067
v  -72.45789337 137.41403198 15.53336716
v  -72.45789337 137.41403198 17.57961273
v  -75.70112610 136.44232178 15.69734573
v  -75.70112610 136.44232178 17.41563416
v  -78.50811768 135.33317566 15.84245205
v  -78.50812531 135.33317566 17.27052879
v  -79.20612335 134.76799011 15.95472240
v  -79.20611572 134.76799011 17.15825844
v  -79.79119110 132.18270874 14.75468636
v  -77.79695129 130.36648560 14.15387917
v  -77.79695129 127.44499207 14.80824566
v  -75.35366058 131.72833252 13.55307293
v  -73.20459747 130.23681641 13.04388428
v  -75.57818604 130.13597107 14.19587040
v  -38.17121887 133.51797485 5.65080309
v  -35.48001480 132.15643311 5.65080261
v  -38.33419037 131.92546082 7.00077915
v  -23.71228027 132.32588196 5.40606785
v  -22.21710205 133.55989075 10.05872250
v  -26.74364853 134.42266846 9.69759178
v  -26.91749954 132.84936523 7.67419767
v  -26.75453186 134.41864014 5.65080309
v  -12.18649292 131.40382385 5.40606785
v  -4.00317383 131.40382385 5.40606785
v  -4.00317383 131.40382385 27.70691299
v  -12.18649292 131.40382385 27.70691299
v  -1.23447418 130.96041870 5.40606785
v  -1.23447418 130.96041870 27.70691299
v  1.43764496 130.54132080 5.40606785
v  1.43764496 130.54132080 27.70691299
v  3.91659927 130.17086792 5.40606785
v  3.91659927 130.17086792 27.70691299
v  6.10578537 129.87335205 5.40606737
v  6.10578537 129.87335205 27.70691299
v  7.90865707 129.67311096 5.40606737
v  7.90865707 129.67311096 27.70691299
v  9.22859955 129.59445190 5.40606737
v  9.22859955 129.59445190 27.70691299
v  13.50411224 130.79055786 5.40606785
v  13.72573853 130.92637634 27.70691299
v  13.85434723 131.05343628 5.40606785
v  13.85434723 131.05343628 27.70691299
v  13.89195251 131.15499878 5.40606785
v  13.89195251 131.15499878 27.70691299
v  13.89336395 131.29740906 5.40606785
v  13.89336395 131.29740906 27.70691299
v  13.83620071 131.49946594 5.40606785
v  13.83620071 131.49946594 27.70691299
v  13.69813919 131.77998352 5.40606785
v  13.69813919 131.77998352 27.70691299
v  13.45675659 132.15777588 5.40606785
v  13.45675659 132.15777588 27.70691299
v  13.08971024 132.65167236 5.40606785
v  13.08971024 132.65167236 27.70691299
v  13.00347137 133.16452026 5.40606785
v  13.00347137 133.16452026 27.70691299
v  12.96295929 133.60293579 5.40606785
v  12.96295929 133.60293579 27.70691299
v  12.96054840 133.97927856 5.40606785
v  12.96054840 133.97927856 27.70691299
v  12.98860931 134.30599976 5.40606785
v  12.98860931 134.30599976 27.70691299
v  13.03955460 134.59547424 5.40606785
v  13.03955460 134.59547424 27.70691299
v  13.10571289 134.86013794 5.40606785
v  13.10571289 134.86013794 27.70691299
v  13.17950058 135.11239624 5.40606785
v  13.17950058 135.11239624 27.70691299
v  -14.97775269 132.62649536 27.70691299
v  -15.86147690 132.67984009 27.70691299
v  -23.71228027 132.32588196 27.70691299
v  -7.58667374 135.03863525 27.70691299
v  -8.55855560 134.23945618 27.70691299
v  -6.96717072 135.94427490 27.70691299
v  -23.20586395 136.93046570 27.70691299
v  -48.32124710 138.74349976 22.20475769
v  -23.20479393 136.92561340 27.70691299
v  -6.96637726 135.94789124 27.70691299
v  -6.86485672 137.45283508 5.40606833
v  -21.39694786 139.62147522 5.40606785
v  -22.36883354 138.82229614 5.40606785
v  -30.30438995 141.74020386 9.91197205
v  -7.09356308 135.75950623 5.40606785
v  -7.23720932 135.54951477 5.40606785
v  -7.44268036 135.24913025 5.40606785
v  -22.98833847 135.94427490 5.40606785
v  -58.58493805 137.46444702 12.56551170
v  -53.49650574 138.11541748 11.47992897
v  -7.58667374 135.03863525 5.40606785
v  -7.94770050 134.74176025 5.40606785
v  -8.26420593 134.48149109 5.40606785
v  -22.98833847 137.91665649 5.40606785
v  -14.59075356 140.46696472 16.55648994
v  -14.71752167 139.89224243 16.55648994
v  -23.20586395 136.93046570 5.40606785
v  -14.59075356 139.31753540 16.55648994
v  -14.22972488 138.78974915 16.55648994
v  -22.36882973 135.03863525 5.40606785
v  -13.66334534 138.32400513 16.55648994
v  -21.39694977 134.23945618 5.40606785
v  -12.92051506 137.93545532 16.55648994
v  -20.12229347 133.57270813 5.40606737
v  -12.03015137 137.63919067 16.55648994
v  -18.59447479 133.06433105 5.40606737
v  -11.02116013 137.45034790 16.55648994
v  -16.86309242 132.74028015 5.40606737
v  -11.36102676 133.06433105 5.40606737
v  -7.81473160 137.63919067 16.55648994
v  -6.92437744 137.93545532 16.55648994
v  -9.83321762 133.57270813 5.40606737
v  -6.18154526 138.32400513 16.55648994
v  -8.55855560 134.23945618 5.40606785
v  -6.96715927 137.91665649 5.40606785
v  -5.25412750 140.46696472 16.55648994
v  -5.61516190 140.99475098 16.55648994
v  -7.58666992 138.82229614 5.40606785
v  -6.18154907 141.46047974 16.55648994
v  -8.55856323 139.62147522 5.40606785
v  -6.92437363 141.84902954 16.55648994
v  -9.83321381 140.28822327 5.40606785
v  -7.81473923 142.14529419 16.55648994
v  -11.36103439 140.79660034 5.40606785
v  -8.82373047 142.33415222 16.55648994
v  -13.09241486 141.12065125 5.40606785
v  -9.92244339 142.40045166 16.55648994
v  -14.97775269 141.23443604 5.40606785
v  -18.59447289 140.79660034 5.40606785
v  -12.03015137 142.14529419 16.55648994
v  -12.92051697 141.84902954 16.55648994
v  -20.12229729 140.28822327 5.40606785
v  -13.66334343 141.46047974 16.55648994
v  -14.22972679 140.99475098 16.55648994
v  -22.36883354 138.82229614 27.70691299
v  -21.39694786 139.62147522 27.70691299
v  -30.30438995 141.74020386 23.20100403
v  -6.74964142 136.93046570 27.70691299
v  -6.96715546 137.91665649 27.70691299
v  -81.05303955 131.46144104 15.72362804
v  -81.05303955 131.46144104 17.38935089
v  -80.65011597 132.99116516 16.92396736
v  -80.65011597 132.99116516 16.18901443
v  -3.48485565 144.27586365 10.60168457
v  -8.82466888 144.16061401 11.55148315
v  -80.51947021 132.49891663 15.13498688
v  -79.82261658 134.02864075 15.56109142
v  -80.51947021 132.49891663 17.97799301
v  -80.04698181 133.89262390 16.11679840
v  -79.82261658 134.02864075 17.55189133
v  -80.02095032 133.89921570 17.01715088
v  -13.09241486 141.12065125 27.70691299
v  -11.36103439 140.79660034 27.70691299
v  -8.82466888 144.16061401 21.56149292
v  -18.59447289 140.79660034 27.70691299
v  -14.97775269 141.23443604 27.70691299
v  -8.55856323 139.62147522 27.70691299
v  -7.58666992 138.82229614 27.70691299
v  -3.48485565 144.27586365 22.51129532
v  -9.83321381 140.28822327 27.70691299
v  2.59495544 144.87797546 7.29500628
v  2.59495544 144.87797546 25.81797409
v  -60.37408829 135.57218933 17.34833336
v  -62.35013199 135.77749634 16.70089722
v  -62.35013199 135.77749634 16.29972458
v  -60.37408829 135.57218933 15.74403763
v  -43.46262360 136.29072571 19.84908676
v  -43.46262360 136.29072571 12.89716053
v  -39.02303696 136.65000916 19.36194420
v  -39.02303696 136.65000916 13.57233047
v  -37.27805328 136.54736328 19.37174225
v  -37.27805328 136.54736328 13.61551380
v  -75.41522217 131.72181702 18.44137192
v  -75.57818604 130.13597107 19.00064087
v  -77.79695129 127.44499207 18.33675766
v  -77.79695129 130.36648560 17.71441269
v  -38.17050552 133.49456787 24.21377945
v  -38.33347321 131.90872192 25.02428055
v  -39.97432709 126.34021759 25.45198059
v  -39.97432709 131.64872742 23.70623398
v  -26.91678619 132.83261108 25.34889984
v  -29.42850876 125.96562958 25.47037125
v  -29.77095795 132.60163879 23.48495865
v  -26.75381851 134.41845703 23.24201965
v  -26.75381851 134.26106262 27.45578003
v  -22.21710205 133.55989075 22.98526764
v  -44.72151184 131.44702148 9.64425468
v  -39.97432709 131.64872742 8.84511375
v  -56.58946228 132.66311646 11.64210606
v  -49.46868896 131.24531555 10.44339561
v  -54.21587372 131.04362488 11.24253559
v  -58.96305084 130.84191895 12.04167652
v  -63.71023560 130.64022827 12.84081745
v  -68.45741272 130.43852234 13.63995743
v  -73.20459747 130.23681641 14.43909836
v  -29.77167130 132.61837769 9.36088371
v  -27.63092041 134.27671814 9.96174812
v  -35.48001862 132.15643311 8.68746471
v  -37.60073853 133.46990967 8.44554329
v  -38.16033936 133.49876404 8.35075569
v  -23.71228027 134.04621887 10.05872250
v  -23.71228027 134.04621887 22.98526764
v  -27.63092041 134.27671814 22.96326447
v  -32.46216202 133.95651245 23.72790146
v  -32.61582947 133.87330627 23.51024628
v  -44.72150803 131.44702148 23.00425339
v  -49.46868896 131.24531555 22.30227280
v  -54.21586990 131.04362488 21.60029221
v  -58.96305084 130.84191895 20.89831161
v  -63.71023178 130.64022827 20.19632912
v  -68.45741272 130.43852234 19.49434471
v  -73.20459747 130.23681641 18.79236412
v  -80.01571655 132.31735229 16.98745346
v  -75.57818604 131.85630798 18.44137192
v  -80.01571655 132.31735229 16.08655167
v  -72.85147095 133.16140747 16.17300224
v  -72.85147095 133.16140747 16.87124062
v  -75.57818604 131.85630798 14.83866882
v  -69.41219330 132.80407715 15.20583820
v  -39.97801590 134.05468750 10.25088882
v  -32.25097275 134.68000793 11.42601395
v  -29.21385574 134.50135803 11.50117207
v  -29.21385574 134.50135803 21.51980972
v  -32.25097275 134.68000793 21.50275803
v  -37.60073853 133.46990967 24.05722809
v  -39.97801590 134.05468750 22.35062408
v  -69.41219330 132.80407715 17.99809265
v  -66.87799072 133.72810364 16.24508476
v  -66.87799072 133.72810364 16.77434540
v  -64.27104187 133.45726013 15.51198292
v  -41.96016693 134.40521240 11.75616932
v  -36.10313034 134.87919617 12.64690495
v  -33.80102158 134.74377441 12.70387459
v  -33.80102158 134.74377441 20.29792213
v  -36.10313034 134.87919617 20.28499603
v  -41.96016693 134.40521240 20.92767334
v  -64.27104187 133.45726013 17.62849045
v  -15.01473427 132.62873840 5.40606785
v  -29.77167130 132.61839294 5.65080214
v  -32.46287537 133.95506287 5.65080309
v  -13.09240913 132.74028015 27.70691299
v  -12.63917923 132.82511902 27.70691299
v  -77.79695129 130.36648560 18.95910263
v  -75.41522217 131.72848511 19.55991173
v  -79.85274506 132.18952942 18.26495743
v  -11.36102676 133.06433105 27.70691299
v  -9.83321762 133.57270813 27.70691299
v  -58.58494186 137.46443176 20.54747009
v  -63.49972916 136.76763916 20.15795517
v  -22.36882973 135.03863525 27.70691299
v  -53.49650192 138.11541748 21.63305283
v  -22.98833847 135.94427490 27.70691299
v  -22.98833847 137.91665649 27.70691299
v  -6.74964142 136.93046570 5.40606785
v  -6.96717072 135.94427490 5.40606785
v  -48.32124710 138.74349976 10.90822124
v  -23.20479393 136.92561340 5.40606833
v  -63.49972916 136.76763916 12.95502663
v  -13.09241104 132.74028015 5.40606737
v  -9.93321991 137.38468933 16.55648994
v  -16.86309242 132.74028015 27.70691299
v  -8.82372665 137.45034790 16.55648994
v  -5.61516571 138.78974915 16.55648994
v  -5.25413513 139.31753540 16.55648994
v  -5.12736893 139.89224243 16.55648994
v  -20.12229729 140.28822327 27.70691299
v  -17.96561623 143.35380554 21.19511986
v  -17.96561623 143.35380554 11.91785908
v  -79.68595886 133.06410217 18.24319839
v  -79.01277161 134.59382629 17.73759842
v  -76.33398438 134.17324829 18.58597183
v  -75.75598907 135.70297241 17.97762299
v  -72.46107483 135.14495850 18.97332382
v  -71.99305725 136.67468262 18.24886513
v  -68.15403748 136.00210571 19.67640686
v  -67.80833435 137.53182983 18.74119377
v  -63.28619003 138.29736328 19.07839584
v  -58.51097107 138.99415588 19.35115051
v  -53.56702805 139.64515686 20.11132431
v  -48.53873444 140.27322388 20.51165771
v  -33.65438843 143.26992798 21.20927811
v  -33.65438843 143.26992798 11.90370560
v  -48.53873444 140.27322388 12.60132599
v  -53.56702805 139.64514160 13.00165939
v  -58.51096725 138.99417114 13.76183319
v  -63.28619003 138.29736328 14.03458881
v  -68.15404510 136.00210571 13.43657589
v  -67.80833435 137.53182983 14.37178993
v  -72.46107483 135.14495850 14.13965416
v  -71.99305725 136.67468262 14.86411572
v  -76.33398438 134.17324829 14.52700901
v  -75.75598907 135.70297241 15.13535881
v  -79.68595123 133.06410217 14.86978149
v  -79.01277161 134.59382629 15.37538242
v  -56.42649460 132.53529358 9.47957039
v  -54.21587372 131.04362488 8.97038269
v  -56.58946228 130.94276428 10.56083775
v  -56.42649460 132.53529358 23.63341522
v  -58.96305084 130.84191895 23.12422562
v  -56.58946228 130.94276428 22.44135666
v  -65.85929871 132.13174438 11.51632118
v  -63.71023560 130.64022827 11.00713348
v  -66.08382416 130.53936768 12.37835407
v  -65.92085266 132.13188171 21.59666061
v  -68.45741272 130.43852234 21.08747101
v  -66.08382416 130.53936768 20.72099876
v  -70.60647583 131.93003845 12.53469849
v  -68.45741272 130.43852234 12.02550888
v  -70.83100891 130.33767700 13.28711224
v  -70.66803741 131.93019104 20.57828522
v  -73.20459747 130.23681641 20.06909752
v  -70.83100891 130.33767700 19.86082077
v  -61.17367554 132.36497498 22.61503983
v  -63.71023560 130.64022827 22.10584641
v  -61.33664322 130.74107361 21.58117676
v  -61.11211777 132.33343506 10.49794579
v  -58.96305084 130.84191895 9.98875809
v  -61.33664322 130.74107361 11.46959591
v  -46.93213272 132.93869019 25.67016602
v  -49.46868896 131.24531555 25.16097260
v  -47.09510040 131.34617615 24.16171265
v  -46.93213272 132.93869019 7.44282007
v  -44.72151184 131.44702148 6.93363094
v  -47.09510040 131.34617615 8.74332237
v  -51.67931366 132.73698425 8.46119499
v  -49.46868896 131.24531555 7.95200634
v  -51.84228134 131.14447021 9.65208054
v  -51.67931366 132.73698425 24.65178680
v  -54.21587372 131.04362488 24.14259720
v  -51.84228134 131.14447021 23.30153275
v  -42.18495178 133.14038086 26.68853760
v  -44.72151184 131.44702148 26.17934799
v  -42.34791946 131.54786682 25.02188873
v  -42.18495178 133.14039612 6.42444372
v  -40.34105301 131.73666382 6.03762293
v  -42.34791946 131.54786682 7.83456373
v  -32.62584305 132.38740540 7.33748817
v  -32.46216202 133.92749023 27.45578003
v  -35.47930145 132.13969421 27.45578003
v  -32.62512970 132.37066650 25.59183884
v  -35.47930145 132.13969421 23.97084045
v  -75.40433502 131.70927429 14.83866882
v  -77.79695129 130.36648560 15.46261024
v  -70.65715027 131.91098022 14.03952789
v  -73.20459747 126.80340576 13.74149227
v  -32.45199203 133.96070862 9.02417469
v  -35.13756561 125.52043152 7.16913128
v  -38.33347321 131.90872192 25.83478165
v  -40.34069824 131.72830200 27.07215881
v  -29.77095795 132.60163879 27.45578003
v  -51.66843033 132.71777344 10.84296513
v  -54.21587372 126.79164124 10.10645866
v  -61.17367554 132.32691956 20.54731941
v  -58.96305084 127.22677612 22.01126862
v  -61.16279221 132.31437683 12.44124699
v  -63.71023560 127.02507782 11.92397690
v  -70.66803741 131.92352295 19.14335632
v  -68.45741272 126.68772125 20.29091263
v  -65.90997314 132.11267090 13.24038696
v  -68.45741272 126.68772125 12.83273411
v  -73.20459747 126.80340576 19.43073273
v  -65.92085266 132.12521362 19.84533691
v  -63.71023560 127.02507782 21.15108871
v  -56.41561127 132.51606750 11.64210606
v  -58.96305084 127.22677612 11.01521778
v  -51.67931366 132.73031616 21.95128250
v  -49.46868896 126.99333954 23.73162079
v  -42.17406845 133.12117004 9.24468422
v  -44.72151184 126.13851929 8.28893852
v  -46.87057495 132.93186951 10.04382420
v  -49.46868896 126.99333954 9.19770050
v  -56.42649078 132.52862549 21.24930191
v  -54.21586990 126.79164124 22.87144470
v  -46.93213272 132.93202209 22.65326691
v  -44.72151184 126.13851929 24.59180450
v  -39.97432709 126.34021759 7.38018560
v  -29.42922211 125.98237610 7.50584221
v  -35.13685226 125.50368500 25.71331406
v  -42.18495178 133.13371277 23.35524368
v  -38.17050552 133.50123596 27.45578003
v  -18.59447479 133.06433105 27.70691299
v  -20.12229156 133.57270813 27.70691299
v  -21.39694977 134.23945618 27.70691299
v  19.33345032 132.20477295 23.97634506
v  21.12236023 132.17808533 32.38793945
v  21.33789062 132.17488098 33.07358551
v  21.40972900 132.17379761 32.42808533
v  21.40972900 132.17381287 25.16638565
v  19.33345032 132.20477295 23.46616745
v  14.13020325 130.68464661 26.59391022
v  14.13020325 130.68464661 26.63807297
v  13.54153442 130.43254089 26.59391022
v  13.54153442 130.43041992 26.75339508
v  12.96890259 130.16174316 26.59391403
v  12.96890259 130.15962219 26.86892319
v  12.40964508 129.87712097 26.59391022
v  12.40964508 129.87500000 27.09965897
v  11.86109161 129.57933044 26.59391022
v  11.86109161 129.57933044 27.21516800
v  11.32056427 129.27536011 27.21533585
v  11.32056427 129.27536011 26.59391022
v  10.78539276 128.96586609 27.21567154
v  10.78539276 128.96586609 26.59391403
v  10.25289917 128.65362549 26.59232330
v  10.26236725 128.47213745 27.27905273
v  -0.48924637 130.21443176 26.18913651
v  -0.57786560 130.22410583 27.74950027
v  -8.32677078 130.79072571 26.63540268
v  -8.32677078 130.79072571 27.75109863
v  -16.16432571 127.67874908 27.32580185
v  -16.16432571 127.67874908 25.88416672
v  -23.42555618 128.13978577 25.77608109
v  -23.42555618 128.13978577 24.22836304
v  -26.88328934 125.94988251 25.65699387
v  -26.88328934 125.94988251 23.99058151
v  -78.88140106 123.64472961 17.67092896
v  -76.74435425 123.64141846 20.48906708
v  -77.46787262 124.56678772 18.48987389
v  -78.07457733 124.56678772 17.67092896
v  -77.03728485 122.49214935 17.80897522
v  -75.75261688 122.49214935 19.83579826
v  -76.02368164 122.80728149 20.64183807
v  17.73559570 128.91226196 33.23072433
v  10.67164612 125.47560883 31.86687088
v  -77.40817261 123.88819122 17.81114960
v  19.33345032 129.78993225 23.46616364
v  -20.88988113 118.11235046 25.40961075
v  -26.88328934 119.09756470 23.99058151
v  -12.82182693 117.42080688 26.20455170
v  -4.98430252 118.45812988 26.44508743
v  -0.48924637 119.93191528 26.18913651
v  10.25289917 124.58547974 26.59232712
v  14.13020325 125.94367218 26.59391022
v  18.29777527 128.60081482 24.08872986
v  18.29777527 128.60079956 33.05900955
v  10.62837219 124.75356293 31.54356384
v  1.85126877 120.70242310 30.58430099
v  -4.94955444 118.46605682 29.54439163
v  -12.78638268 117.42162323 29.10113907
v  -20.80027771 118.08108521 26.93640137
v  -26.87684441 119.39196014 26.82830429
v  -78.50008392 124.75822449 16.30373383
v  -79.03988647 124.43980408 16.34884262
v  -79.48934937 123.51774597 16.33701706
v  -78.37339783 122.74127960 16.36154175
v  10.29079437 127.92771912 28.33634567
v  -0.19083786 129.10215759 29.28687668
v  -8.14951706 129.59376526 29.16688538
v  -5.24845886 119.71482849 30.61282349
v  1.72313690 121.96823120 31.45086288
v  -15.88166046 126.51828003 28.71360397
v  -13.05850410 118.67187500 30.20832443
v  -23.13355637 126.97109222 27.12930679
v  -21.11288452 119.36817169 28.08506393
v  -26.77926254 123.69383240 27.10751343
v  -26.82909775 120.76641846 27.87752533
v  -0.43679810 129.93878174 28.73384476
v  -8.28245544 130.49148560 28.70505524
v  -16.09365845 127.38863373 28.27275085
v  -23.35255623 127.84761047 26.71438217
v  -26.85728264 125.65643311 26.61962891
v  -51.60694885 129.47755432 22.10062790
v  -54.15092468 124.91992188 21.42360687
v  -54.31147003 124.28945160 22.41979599
v  -51.79587555 125.00375366 23.07144547
v  -29.61517334 125.94234467 25.21244431
v  -29.58508682 124.85427094 26.17609787
v  10.55513000 124.89831543 32.26828003
v  18.15723419 128.67866516 33.75194550
v  1.91680908 121.04930115 31.41697311
v  -5.04165649 118.77428436 30.46079636
v  -12.87213516 117.73377991 30.02710724
v  -20.92323112 118.41848755 27.87274933
v  -26.89229202 119.78731537 27.73832703
v  -60.80145264 128.34173584 20.52092743
v  -60.72297668 125.37539673 18.93781281
v  -63.03774261 123.89047241 18.81262589
v  -63.05876923 124.66531372 20.29525757
v  -37.74452591 130.87231445 23.87880325
v  -35.04299545 125.76164246 24.32334900
v  -34.93457031 124.65699768 22.42440033
v  -37.61646652 125.66825867 21.90234375
v  -65.83985901 128.06628418 20.06958580
v  -65.56558990 124.62923431 21.11649323
v  -63.12304688 123.99557495 21.33370018
v  -40.10331726 125.16847992 23.65653229
v  -40.22094727 124.48633575 24.62376404
v  -37.85166931 125.23410034 24.84552383
v  -70.78140259 127.23950958 19.61823845
v  -70.21349335 125.10986328 18.43707848
v  -73.13399506 123.92108154 18.31189346
v  -73.25141907 124.50083160 19.39256668
v  -75.29611969 126.90374756 18.94122124
v  -75.30364990 124.42116547 20.03040123
v  -73.27786255 123.82912445 20.46484375
v  -74.66911316 124.97506714 18.06151962
v  -68.62191010 124.56255341 19.84391022
v  -70.81730652 124.54600525 20.68205070
v  -68.66727448 123.91234589 20.89927483
v  -65.00860596 125.19972992 18.68744469
v  -68.54974365 123.92362213 18.56225395
v  -56.29417801 129.21922302 21.08510399
v  -55.90329361 125.53063202 19.25077629
v  -58.23607635 124.14186859 19.06298828
v  -58.43743134 124.85157776 20.74659348
v  -60.64170837 124.79826355 21.55092239
v  -58.56960297 124.25041199 21.76814270
v  -46.87262726 129.86926270 22.98971939
v  -49.46298218 125.10385895 22.54517365
v  -49.63115692 124.41006470 23.51497650
v  -47.46644592 125.16692352 23.95848465
v  -44.80087280 125.20903778 23.21198654
v  -44.93793869 124.51251221 24.18024826
v  -42.40943146 125.24850464 24.40201950
v  -41.83636093 129.93939209 23.43426514
v  -39.95306015 124.46942139 21.64131546
v  -42.11220932 125.73377991 21.38028717
v  -32.34146881 131.05302429 24.76790237
v  -35.07963181 124.64402008 25.28905487
v  -32.30759430 125.44434357 25.73256302
v  -29.57077599 124.31119537 23.46850967
v  -32.25267410 125.92131805 22.94646072
v  -56.44053650 124.94519806 22.09396744
v  -51.30471420 125.60411072 19.81410789
v  -53.97039795 124.58097839 19.43854523
v  -47.10457611 125.69055176 20.85823059
v  -49.20464325 124.60477448 20.33616257
v  -44.60076141 124.80481720 20.98873901
v  21.40972900 132.17381287 7.50700569
v  21.40972900 132.17381287 0.24530983
v  21.33789062 132.17488098 -0.40018320
v  21.12236023 132.17810059 0.28547621
v  19.33345032 132.20477295 8.69706440
v  19.33345032 132.20477295 9.20724297
v  14.13020325 130.68466187 6.07949734
v  14.13020325 130.68464661 6.03533840
v  13.54153442 130.43255615 6.07949734
v  13.54153442 130.43043518 5.92000771
v  12.96890259 130.16175842 6.07949734
v  12.96890259 130.15962219 5.80448771
v  12.40964508 129.87713623 6.07949734
v  12.40964508 129.87501526 5.57373190
v  11.86109161 129.57933044 6.07949734
v  11.86109161 129.57933044 5.45822239
v  11.32056427 129.27537537 5.45807552
v  11.32056427 129.27537537 6.07949734
v  10.78539276 128.96588135 5.45771790
v  10.78539276 128.96588135 6.07949734
v  10.26236725 128.47215271 5.39436340
v  10.25289917 128.65362549 6.08108377
v  -0.48924637 130.21443176 6.48427391
v  -0.57786560 130.22412109 4.92388916
v  -8.32677078 130.79072571 6.03799629
v  -8.32677078 130.79072571 4.92230272
v  -16.16432571 127.67875671 5.34760904
v  -16.16432571 127.67875671 6.78923798
v  -23.42555618 128.13978577 6.89732933
v  -23.42555618 128.13978577 8.44504356
v  -26.88328934 125.94989014 7.01641083
v  -26.88328934 125.94989014 8.68282795
v  -78.88140106 123.64473724 15.00247765
v  -78.07457733 124.56679535 15.00247765
v  -77.46787262 124.56679535 14.18353176
v  -76.74435425 123.64141846 12.18433952
v  -77.03728485 122.49215698 14.86442184
v  -76.02368164 122.80728149 12.03156853
v  -75.75261688 122.49215698 12.83760738
v  17.73559570 128.91227722 -0.55733013
v  10.67164612 125.47561646 0.80651808
v  -77.40817261 123.88819122 14.86225700
v  -75.29611969 126.90375519 13.73219013
v  19.33345032 129.78993225 9.20724297
v  -26.88328934 119.09757996 8.68281746
v  -20.88988113 118.11235809 7.26378822
v  -12.82182693 117.42081451 6.46883917
v  -4.98430252 118.45813751 6.22830153
v  -0.48924637 119.93193054 6.48425245
v  10.25289917 124.58548737 6.08108377
v  14.13020325 125.94367981 6.07949734
v  18.29777527 128.60081482 8.58468628
v  18.29777527 128.60081482 -0.38561058
v  10.62837219 124.75357056 1.12983704
v  1.85126877 120.70243073 2.08908772
v  -4.94955444 118.46606445 3.12899756
v  -12.78638268 117.42163086 3.57225943
v  -20.80027771 118.08109283 5.73699284
v  -26.87684441 119.39196777 5.84508467
v  10.29079437 127.92772675 4.33706522
v  -0.19083786 129.10217285 3.38651419
v  1.72313690 121.96823883 1.22254705
v  -5.24845886 119.71483612 2.06058335
v  -8.14951706 129.59376526 3.50652027
v  -13.05850410 118.67189026 2.46508670
v  -15.88166046 126.51829529 3.95980549
v  -21.11288452 119.36817932 4.58834028
v  -23.13355637 126.97109985 5.54409266
v  -26.82909775 120.76642609 4.79587650
v  -26.77926254 123.69384003 5.56589365
v  -0.43679810 129.93878174 3.93956995
v  -8.28245544 130.49148560 3.96834755
v  -16.09365845 127.38864136 4.40065098
v  -23.35255623 127.84761810 5.95900774
v  -26.85728264 125.65644073 6.05377722
v  -51.60694885 129.47755432 10.57278347
v  -51.79587555 125.00376129 9.60195351
v  -54.31147003 124.28945923 10.25359821
v  -54.15092468 124.91992188 11.24980068
v  -29.58508682 124.85427856 6.49731255
v  -29.61517334 125.94235992 7.46096516
v  18.15723419 128.67868042 -1.07852983
v  10.55513000 124.89832306 0.40513515
v  1.91680908 121.04931641 1.25643110
v  -5.04165649 118.77429199 2.21259260
v  -12.87213516 117.73378754 2.64628291
v  -20.92323112 118.41849518 4.80065727
v  -26.89229202 119.78732300 4.93507862
v  -60.80145264 128.34175110 12.15247917
v  -63.05876923 124.66531372 12.37815475
v  -63.03774261 123.89048004 13.86078548
v  -60.72297668 125.37540436 13.73559475
v  -37.74452591 130.87232971 8.79458618
v  -37.61646652 125.66825867 10.77106285
v  -34.93457031 124.65700531 10.24900627
v  -35.04299545 125.76165009 8.35005283
v  -65.83985901 128.06628418 12.60382652
v  -63.12304688 123.99558258 11.33970547
v  -65.56558990 124.62923431 11.55691814
v  -40.10331726 125.16848755 9.01687431
v  -37.85166931 125.23410797 7.82786560
v  -40.22094727 124.48634338 8.04963875
v  -70.78140259 127.23951721 13.05516815
v  -73.25141907 124.50083923 13.28084373
v  -73.13399506 123.92108154 14.36151886
v  -70.21349335 125.10987091 14.23632717
v  -73.27786255 123.82912445 12.20856762
v  -75.30364990 124.42117310 12.64300442
v  -74.66911316 124.97507477 14.61189079
v  -68.62191010 124.56255341 12.82949638
v  -68.66727448 123.91235352 11.77413654
v  -70.81730652 124.54601288 11.99135494
v  -68.54974365 123.92362976 14.11115265
v  -65.00860596 125.19972992 13.98596668
v  -56.29417801 129.21922302 11.58830261
v  -58.43743134 124.85158539 11.92680168
v  -58.23607635 124.14187622 13.61040878
v  -55.90329361 125.53063202 13.42263508
v  -58.56960297 124.25041962 10.90526390
v  -60.64170837 124.79827118 11.12248230
v  -46.87262726 129.86927795 9.68369484
v  -47.46644592 125.16693115 8.71490479
v  -49.63115692 124.41007233 9.15842915
v  -49.46298218 125.10386658 10.12822819
v  -44.80087280 125.20904541 9.46141815
v  -41.83636093 129.93939209 9.23914146
v  -42.40943146 125.24851227 8.27139091
v  -44.93793869 124.51251984 8.49314213
v  -42.11220932 125.73377991 11.29311943
v  -39.95306015 124.46942902 11.03209305
v  -32.34146881 131.05303955 7.90550947
v  -32.30759430 125.44435120 6.94082642
v  -35.07963181 124.64402771 7.38435125
v  -32.25267410 125.92132568 9.72695065
v  -29.57077599 124.31120300 9.20487881
v  -56.44053650 124.94520569 10.57942772
v  -53.97039795 124.58098602 13.23486137
v  -51.30471420 125.60411835 12.85931969
v  -49.20464325 124.60478210 12.33724785
v  -47.10457611 125.69055939 11.81519127
v  -44.60076141 124.80481720 11.68466759
# 699 vertices

vn 0.73426759 -0.67886013 0.00000002
vn 0.47351408 -0.88078624 -0.00000004
vn 0.47351387 -0.88078636 0.00000003
vn 0.73426759 -0.67886013 0.00000001
vn 0.62616956 0.77968693 0.00000031
vn 0.62616938 0.77968705 0.00000003
vn 0.52308846 0.85227841 0.00000023
vn 0.52308840 0.85227841 0.00000017
vn 0.52308851 0.85227835 0.00000026
vn 0.52308857 0.85227829 0.00000034
vn 0.09291640 0.99567389 0.00000004
vn -0.00558529 0.99998438 0.00000012
vn -0.00558537 0.99998438 0.00000004
vn 0.09291641 0.99567389 0.00000004
vn -0.06624931 0.99780309 0.00000037
vn -0.06624946 0.99780309 0.00000025
vn -0.05516407 0.99847728 0.00000042
vn -0.05516410 0.99847728 0.00000040
vn -0.09047028 0.99589914 0.00000045
vn -0.09047029 0.99589914 0.00000044
vn -0.12119916 0.99262822 0.00000066
vn -0.15866885 0.98733187 0.00000047
vn -0.15866885 0.98733187 0.00000052
vn -0.12119914 0.99262822 0.00000071
vn -0.16967160 0.98550063 -0.00000007
vn -0.16967148 0.98550069 0.00000008
vn -0.14708044 0.98912454 -0.00000036
vn -0.14708047 0.98912454 -0.00000043
vn -0.15871450 0.98732454 0.00000059
vn -0.15871465 0.98732448 0.00000043
vn -0.17957148 0.98374492 0.00000004
vn -0.17957141 0.98374492 0.00000015
vn -0.21142229 0.97739482 0.00000008
vn -0.21142231 0.97739482 0.00000004
vn -0.25839233 0.96604007 0.00000032
vn -0.25839236 0.96604007 0.00000030
vn -0.32664511 0.94514704 -0.00000006
vn -0.32664508 0.94514710 0.00000008
vn -0.49882269 0.86670405 -0.00000204
vn -0.49882531 0.86670256 -0.00000024
vn -0.67635429 0.73656905 0.00331176
vn -0.67811722 0.73495376 0.00000399
vn 0.04241491 -0.91356635 0.40447190
vn -0.18242049 -0.17551212 -0.96742868
vn -0.12960584 -0.99122357 0.02604124
vn -0.18676493 -0.25200182 -0.94953352
vn -0.12178735 -0.18429531 -0.97529638
vn 0.14719163 -0.97638482 -0.15813707
vn -0.01670774 -0.52289259 -0.85223478
vn 0.05416503 -0.28680918 -0.95645523
vn 0.23418060 -0.78246254 -0.57698518
vn -0.15905567 -0.94798958 0.27571195
vn -0.16300118 -0.95790231 0.23633404
vn 0.15105517 -0.76955658 0.62045544
vn 0.41016924 -0.90461332 0.11591344
vn -0.05566523 -0.67932248 -0.73172551
vn -0.09224900 -0.99490333 0.04071253
vn -0.07931776 -0.99684936 -0.00000000
vn -0.07931778 -0.99684936 0.00000000
vn -0.09206489 -0.99492204 -0.04067180
vn -0.15654050 -0.98767155 -0.00000002
vn -0.15654054 -0.98767155 -0.00000001
vn -0.15137357 -0.98847663 -0.00000001
vn -0.15137355 -0.98847663 -0.00000002
vn -0.14123379 -0.98997629 -0.00000002
vn -0.14123382 -0.98997629 -0.00000001
vn -0.12253406 -0.99246430 -0.00000002
vn -0.12253402 -0.99246430 -0.00000002
vn -0.08496436 -0.99638397 -0.00000001
vn 0.10778175 -0.99417293 0.00182636
vn 0.11396158 -0.99348515 -0.00000001
vn 0.44118693 -0.89741242 0.00224229
vn 0.50969958 -0.86035109 -0.00151814
vn 0.80163109 -0.59781903 -0.00000000
vn 0.83962643 -0.54316115 -0.00183924
vn 0.98343623 -0.18125464 0.00000000
vn 0.98343629 -0.18125419 -0.00000000
vn 0.99118245 0.13250437 -0.00000000
vn 0.99118239 0.13250445 -0.00000000
vn 0.93357700 0.35837680 -0.00000000
vn 0.93357700 0.35837683 -0.00000000
vn 0.87130022 0.49075040 0.00000000
vn 0.87130016 0.49075043 -0.00000000
vn 0.82316488 0.56780243 0.00000000
vn 0.82316482 0.56780249 0.00000000
vn 0.91994435 0.39204904 -0.00000000
vn 0.91994435 0.39204904 0.00000000
vn 0.99164331 0.12900999 -0.00000000
vn 0.99878615 0.04925643 -0.00000000
vn 0.99921459 -0.03962585 0.00000000
vn 0.99921459 -0.03962584 0.00000000
vn 0.99156964 -0.12957501 0.00000000
vn 0.99156964 -0.12957500 0.00000000
vn 0.97811908 -0.20804584 0.00000000
vn 0.96515471 -0.26167992 0.00000000
vn 0.96515471 -0.26167989 0.00000000
vn 0.91445565 -0.40468618 0.00000001
vn 0.91445559 -0.40468624 0.00000000
vn 0.00000000 -0.00000004 1.00000000
vn -0.02511774 0.01243917 0.99960709
vn -0.22767922 0.07787251 0.97061735
vn -0.11416714 0.32187527 0.93987346
vn -0.15948744 -0.03516296 0.98657352
vn -0.00000001 -0.00000011 -1.00000000
vn 0.00000000 0.00000005 -1.00000000
vn 0.00000000 0.00000004 -1.00000000
vn -0.20336279 0.71429062 -0.66965097
vn -0.27854586 0.27450478 -0.92035830
vn -0.11967517 0.49262697 -0.86197245
vn -0.00000003 -0.00000040 -1.00000000
vn -0.00000000 0.00000004 -1.00000000
vn -0.00000000 0.00000005 -1.00000000
vn 0.00000005 0.00000084 -1.00000000
vn -0.15188089 -0.07275832 -0.98571724
vn -0.13031335 0.42467469 -0.89591843
vn -0.15672205 0.28141171 -0.94670254
vn 0.00000000 -0.00000018 -1.00000000
vn -0.00000001 -0.00000015 -1.00000000
vn 0.00000001 0.00000004 -1.00000000
vn 0.00000003 0.00000082 -1.00000000
vn 0.70987779 -0.26276916 -0.65347219
vn 0.88893658 -0.45803031 -0.00000029
vn 0.99921399 -0.03964021 -0.00000972
vn 0.68636709 0.02029779 -0.72697192
vn 0.61257601 0.26362720 -0.74515188
vn 0.91660869 0.39978561 0.00000015
vn 0.72217458 0.69171083 -0.00000007
vn 0.51462770 0.45373946 -0.72751552
vn 0.53108108 0.84732097 0.00000019
vn 0.41174281 0.59267426 -0.69224644
vn 0.36929348 0.92931283 -0.00000003
vn 0.31166559 0.69267607 -0.65043396
vn 0.22967309 0.97326785 0.00000011
vn 0.21436727 0.76570189 -0.60642159
vn 0.10229321 0.99475431 -0.00000005
vn 0.11682984 0.81951976 -0.56101525
vn -0.21059400 0.88774127 -0.40934777
vn -0.27092317 0.96260101 0.00000008
vn -0.41348228 0.91051215 0.00000008
vn -0.34639189 0.87215328 -0.34548706
vn -0.57819366 0.81589955 -0.00000008
vn -0.50825042 0.81965828 -0.26427600
vn -0.88461906 -0.35726550 0.29968390
vn -0.90868330 -0.41748613 0.00000015
vn -0.73577672 -0.67722416 0.00000008
vn -0.69573236 -0.63312697 0.33927378
vn -0.55817223 -0.82972509 0.00000002
vn -0.51517218 -0.79066849 0.33081862
vn -0.40182537 -0.91571629 0.00000004
vn -0.36186889 -0.88259226 0.30013633
vn -0.26498237 -0.96425325 0.00000001
vn -0.22747812 -0.93949711 0.25612286
vn -0.14017145 -0.99012727 -0.00000003
vn -0.10194995 -0.97451836 0.19980039
vn -0.00159339 -0.99999875 -0.00000000
vn -0.03000003 -0.24402930 -0.96930373
vn 0.09760278 -0.12135995 -0.98779827
vn 0.17584468 -0.98441792 -0.00000014
vn 0.35626456 -0.93438512 -0.00000007
vn 0.41570178 -0.88754022 -0.19865663
vn 0.51131654 -0.85939246 0.00000009
vn 0.55129021 -0.75498217 -0.35507900
vn 0.69421846 -0.71976435 -0.00000011
vn 0.66115546 -0.54145700 -0.51932436
vn -0.27854592 0.27450505 0.92035818
vn -0.20336299 0.71429098 0.66965061
vn -0.11965667 0.49289608 0.86182117
vn 0.05839337 0.41951665 0.90586752
vn 0.06607793 0.06750211 0.99552858
vn -0.96701819 0.25470719 0.00000305
vn -0.96701878 0.25470516 0.00000692
vn 0.63945758 0.76882631 0.00000015
vn 0.63945782 0.76882613 0.00000003
vn 0.36784428 0.32584611 -0.87092763
vn -0.21183401 0.62781060 -0.74898618
vn 0.08934680 0.22829817 -0.96948290
vn 0.18034181 0.73343909 -0.65539593
vn -0.01251633 0.76260018 -0.64674896
vn 0.29612935 0.68726408 -0.66330647
vn -0.62424499 0.19663182 -0.75607812
vn -0.82601082 0.39931419 -0.39781183
vn -0.49231043 0.39697552 -0.77462310
vn -0.88377035 0.31017622 0.35034370
vn -0.61378068 0.18339956 0.76787883
vn -0.82601082 0.39931399 0.39781216
vn 0.02965872 0.99956012 0.00000045
vn 0.02965860 0.99956006 0.00000071
vn -0.72209668 0.64169604 -0.25846186
vn -0.78441846 0.57025069 -0.24392995
vn -0.58434248 0.65182114 -0.48339733
vn -0.80759609 0.54229462 0.23174365
vn -0.73011720 0.64178503 0.23460786
vn -0.78592044 0.58255970 0.20725167
vn -0.80702233 0.52412426 -0.27204549
vn -0.61375314 0.67198640 0.41441691
vn 0.46447885 -0.88503796 -0.03110026
vn -0.47272804 0.37650019 0.79672819
vn 0.07758596 0.78788030 -0.61092144
vn 0.07758612 0.78788048 0.61092126
vn 0.18034196 0.73343933 0.65539575
vn -0.04133211 0.79570055 0.60427833
vn 0.09760310 -0.12136111 0.98779809
vn -0.03000002 -0.24402934 0.96930373
vn 0.26602933 0.41519377 0.86996698
vn 0.13058735 0.30810106 0.94234848
vn -0.20827036 0.69738436 0.68576854
vn 0.16875899 0.64687157 0.74369180
vn 0.23845686 0.56673020 -0.78864139
vn 0.05163412 0.39912799 -0.91544020
vn 0.09690747 0.30624267 0.94700813
vn 0.06823677 -0.79309678 -0.60526133
vn -0.10333993 -0.99464607 -0.00000167
vn -0.10334013 -0.99464607 -0.00000115
vn 0.07155941 -0.79642785 0.60048473
vn 0.07762248 -0.79733062 -0.59853041
vn 0.07791862 -0.79959911 0.59545767
vn -0.01179717 -0.88322330 -0.46880427
vn -0.02493195 -0.86109644 0.50782996
vn -0.19192792 -0.84078538 -0.50620514
vn -0.20086901 -0.84858721 0.48943982
vn 0.17035002 -0.22822250 -0.95859027
vn 0.13809393 -0.97779983 0.15759943
vn -0.12175173 -0.99217182 -0.02777754
vn 0.01873373 -0.14826412 -0.98877037
vn 0.06501658 -0.25537297 -0.96465409
vn 0.29322529 -0.55552715 -0.77807999
vn 0.03148681 -0.99931395 0.01949923
vn 0.04172792 -0.29878098 -0.95340896
vn 0.41979951 -0.89800698 -0.13172650
vn 0.07978142 -0.99673373 0.01252419
vn 0.13615584 -0.29005757 -0.94727409
vn 0.16713022 -0.77609986 -0.60805970
vn -0.15062664 -0.94927078 -0.27603731
vn -0.05773962 -0.72663414 0.68459398
vn -0.16129555 -0.95905280 -0.23281214
vn 0.12094129 0.00933781 0.99261576
vn 0.13886115 -0.01871683 0.99013495
vn 0.12133763 -0.00000004 0.99261129
vn 0.12096051 0.00889367 0.99261749
vn 0.12100166 0.00793199 0.99262059
vn 0.12100177 0.00793219 0.99262059
vn 0.12100147 0.00793337 0.99262065
vn 0.12100179 0.00793144 0.99262059
vn 0.12341160 0.00697095 0.99233109
vn -0.04383000 -0.23892020 0.97004950
vn 0.01137168 -0.84146786 -0.54018754
vn 0.20424396 -0.56912887 0.79647774
vn -0.10862813 -0.06183285 0.99215758
vn -0.07822785 -0.13210875 0.98814356
vn 0.09572116 -0.35861897 -0.92856336
vn -0.12749289 -0.39196730 0.91110224
vn -0.12981068 -0.41944391 0.89845198
vn -0.30931342 -0.95096010 -0.00000002
vn -0.30931327 -0.95096022 0.00000001
vn -0.03690204 -0.29994899 -0.95324123
vn -0.08105057 -0.73837161 0.66950583
vn 0.07976073 -0.95130306 0.29775938
vn 0.00497690 0.01530114 -0.99987054
vn -0.03906832 -0.07301033 -0.99656570
vn -0.20955983 -0.85851675 0.46801028
vn -0.03597695 -0.93590862 0.35040075
vn 0.12939683 -0.02604766 -0.99125069
vn -0.01563087 0.98298544 -0.18301715
vn 0.01393335 -0.96266216 0.27034676
vn -0.04252290 0.99886751 0.02134264
vn 0.00272432 -0.93691063 0.34955835
vn 0.01436524 -0.96824867 0.24957597
vn -0.09417126 0.86232680 0.49751815
vn 0.10848764 0.00559722 -0.99408203
vn 0.39554465 0.43613067 -0.80829108
vn 0.35558918 -0.90455621 -0.23523258
vn 0.23280229 0.25660819 -0.93805933
vn 0.11478319 -0.98619390 -0.11935848
vn 0.11700646 -0.99313116 -0.00000004
vn 0.10579477 -0.99438798 -0.00000004
vn 0.09857443 -0.93135822 -0.35050675
vn 0.07508338 -0.69078177 0.71915436
vn 0.09997454 -0.31528747 0.94371551
vn 0.08369667 -0.78017890 0.61993200
vn 0.07400568 -0.69443780 0.71573687
vn 0.10290326 -0.82555360 0.55486220
vn 0.03610295 -0.88667059 0.46099004
vn 0.06728392 -0.88418531 0.46226528
vn -0.05108600 -0.98700029 0.15238303
vn -0.01727120 -0.97678375 0.21353039
vn -0.07963759 -0.99671388 0.01481054
vn -0.06492153 -0.99651819 0.05231295
vn -0.07955749 -0.99671751 -0.01499375
vn -0.06374692 -0.99627984 -0.05798941
vn -0.05775057 -0.99046689 -0.12506068
vn -0.05879047 -0.99806160 0.02041447
vn 0.03299520 -0.87796217 -0.47759163
vn 0.04260987 -0.86952215 -0.49205247
vn 0.06790323 -0.87214935 -0.48450461
vn 0.03406312 -0.88259655 -0.46889558
vn 0.08108584 -0.75034034 -0.65605986
vn 0.08186387 -0.79911143 -0.59558314
vn 0.25603706 -0.96666700 -0.00000004
vn 0.18034124 -0.90729022 -0.37987044
vn 0.12560813 -0.66404521 0.73706621
vn 0.07902086 -0.67721182 0.73153257
vn 0.04433000 -0.70805377 0.70476568
vn -0.01130344 -0.72557092 0.68805456
vn -0.14976355 -0.98726916 0.05357652
vn -0.14842941 -0.98755383 -0.05202080
vn -0.02283923 -0.45015538 -0.89265811
vn 0.04850026 -0.68801862 -0.72407055
vn 0.02807506 -0.85569227 -0.51672292
vn 0.12876345 -0.67938042 -0.72240025
vn -0.71955174 0.69410104 0.02165705
vn -0.72345120 0.69024932 0.01320121
vn 0.00000002 0.00000008 -1.00000000
vn 0.00000013 0.00000014 -1.00000000
vn 0.00000014 0.00000014 -1.00000000
vn 0.00000015 0.00000015 -1.00000000
vn 0.00000002 0.00000013 -1.00000000
vn -0.00000012 0.00000025 -1.00000000
vn 0.00000001 0.00000010 -1.00000000
vn 0.00000000 0.00000010 -1.00000000
vn 0.00000002 0.00000005 -1.00000000
vn 0.00000001 0.00000021 -1.00000000
vn -0.00000000 0.00000009 -1.00000000
vn -0.02374001 0.01175685 -0.99964905
vn 0.00000000 -0.00000003 -1.00000000
vn -0.00000001 0.00000010 -1.00000000
vn 0.00000002 0.00000003 -1.00000000
vn -0.00000002 0.00000031 -1.00000000
vn 0.02957475 -0.38598609 -0.92203039
vn 0.02599381 -0.41296375 -0.91037643
vn -0.20207813 -0.10039748 0.97420985
vn -0.16638502 0.26102579 0.95088464
vn -0.37450692 -0.34230688 0.86172533
vn -0.12696084 0.43105480 0.89334911
vn -0.13032319 0.32770810 0.93574744
vn -0.05716695 0.00888467 0.99832511
vn -0.16040754 0.28484502 0.94505697
vn -0.15281656 -0.07378808 0.98549604
vn -0.34059411 0.14345959 0.92920125
vn -0.03023943 0.04141369 -0.99868441
vn 0.10043301 0.24432494 -0.96447837
vn 0.43634084 0.59211284 -0.67750210
vn 0.00000005 0.00000032 -1.00000000
vn -0.00000005 -0.00000075 -1.00000000
vn -0.11415481 0.32190710 -0.93986410
vn -0.23857525 0.02880483 -0.97069675
vn -0.05738253 0.00892621 -0.99831235
vn -0.13916107 0.30696043 -0.94149321
vn 0.00000002 0.00000024 -1.00000000
vn 0.00000001 0.00000001 -1.00000000
vn 0.00000001 -0.00000002 -1.00000000
vn 0.00000018 -0.00000519 -1.00000000
vn 0.65607011 0.14466910 -0.74070430
vn 0.05110522 0.84679383 0.52946055
vn 0.01580439 0.85773325 0.51385206
vn -0.01867570 0.99982560 0.00008790
vn 0.11682968 0.81951988 0.56101525
vn -0.14160816 0.98992276 0.00001903
vn -0.09051409 0.88087738 -0.46460974
vn 0.01655074 0.85756844 -0.51410341
vn -0.62242126 0.75693113 -0.19911569
vn -0.76554096 0.64338714 0.00000024
vn -0.62242395 0.75692940 -0.19911389
vn -0.70109671 0.69666845 -0.15204106
vn -0.82386094 0.56355578 -0.06048141
vn -0.82386154 0.56355494 -0.06048096
vn -0.82386208 0.56355429 -0.06048030
vn -0.93727607 0.34858799 0.00000716
vn -0.89537871 0.44528815 0.00392120
vn -0.99897069 -0.04536071 0.00000011
vn -0.98262393 0.04824173 0.17922886
vn -0.94170851 -0.20770808 0.26465544
vn -0.38789508 0.84405106 0.37029073
vn -0.11179896 0.85915852 0.49934721
vn -0.11179895 0.85915834 -0.49934745
vn -0.38789481 0.84405094 -0.37029117
vn -0.44077682 -0.04051662 -0.89670181
vn -0.34059399 0.14345965 -0.92920130
vn 0.45592678 0.66170108 0.59521633
vn 0.44154197 0.58066297 0.68401104
vn 0.44455332 0.58520234 0.67816710
vn 0.31778410 0.62332004 0.71448255
vn 0.47842962 0.64877111 -0.59177792
vn 0.49986541 0.64833295 -0.57428128
vn 0.43850061 0.63334060 -0.63764954
vn -0.19184914 0.01120176 0.98136050
vn -0.20962381 0.31115824 0.92695111
vn -0.12901118 0.15010019 0.98021734
vn -0.14366877 0.32126227 0.93602878
vn -0.18982470 0.51335818 0.83691692
vn -0.15222515 0.35927159 0.92073417
vn -0.16519670 0.43505877 0.88511801
vn -0.14452775 0.42237195 0.89482605
vn -0.12769857 0.46935046 0.87372947
vn -0.11835194 0.46199274 0.87895137
vn -0.14016283 0.49107704 0.85976607
vn -0.15374276 0.56597489 0.80996019
vn -0.14140955 0.60371190 0.78456050
vn -0.14066300 0.60433257 0.78421682
vn -0.04041565 0.62994742 0.77558541
vn -0.10088530 0.56276166 0.82043976
vn -0.03237265 0.53621757 0.84345877
vn -0.01097749 0.55422068 0.83229733
vn -0.08855417 0.53498179 0.84020984
vn -0.07690827 0.53106177 0.84383553
vn -0.25104290 0.50056171 0.82850188
vn -0.16102059 0.53212154 0.83121532
vn -0.34705237 0.58677357 0.73160875
vn -0.33767104 0.56326973 0.75412560
vn 0.42004913 0.65920895 0.62370044
vn 0.22876266 0.85707861 0.46161017
vn 0.30914322 0.86293012 -0.39972755
vn 0.30171734 0.55448329 -0.77557391
vn -0.30066189 0.57601380 -0.76013851
vn -0.30194429 0.42171088 -0.85497928
vn -0.16018812 0.55975741 -0.81302613
vn -0.26897404 0.64735234 -0.71315354
vn -0.10464588 0.51321626 -0.85185581
vn -0.08010846 0.53704113 -0.83974373
vn -0.04511076 0.53546411 -0.84335238
vn -0.02653886 0.53897923 -0.84190089
vn -0.03134864 0.65269798 -0.75696939
vn -0.10413902 0.54752707 -0.83028263
vn -0.12876752 0.60639310 -0.78466958
vn -0.12712318 0.60633528 -0.78498232
vn -0.14819819 0.57853413 -0.80208206
vn -0.15144050 0.50314522 -0.85082942
vn -0.12346019 0.46162531 -0.87844163
vn -0.11969505 0.46943566 -0.87481612
vn -0.15573658 0.42215562 -0.89304578
vn -0.14652845 0.43380103 -0.88901412
vn -0.15686215 0.35890964 -0.92009681
vn -0.16530897 0.37440139 -0.91241252
vn -0.15922204 0.32403433 -0.93255031
vn -0.15218519 0.33222759 -0.93084079
vn -0.18229899 -0.00003397 -0.98324317
vn -0.22072075 0.32409430 -0.91991591
vn -0.04856676 0.78084791 -0.62283045
vn -0.06526361 0.78841358 -0.61167359
vn -0.12930636 0.68157631 -0.72023171
vn -0.04770188 0.74931222 -0.66049653
vn -0.13744663 0.56288183 -0.81502914
vn -0.12298959 0.60265911 -0.78846407
vn -0.12493000 0.58851117 -0.79877853
vn -0.14357987 0.55107373 -0.82201129
vn -0.15093021 0.46987596 -0.86973369
vn -0.12206589 0.53205395 -0.83786547
vn -0.11879606 0.54515535 -0.82987541
vn -0.13033620 0.52741569 -0.83955061
vn -0.14359137 0.51329315 -0.84611565
vn -0.15824006 0.49937052 -0.85181522
vn -0.16998698 0.46591309 -0.86834872
vn -0.17017145 0.46619383 -0.86816186
vn -0.20155391 0.48805752 -0.84922075
vn -0.19096880 0.48332080 -0.85436052
vn -0.49044356 0.62968707 -0.60246104
vn -0.29129639 0.55181241 -0.78144068
vn -0.82197398 0.56952506 0.00000590
vn -0.83007812 0.55697161 0.02744077
vn -0.46974295 0.61011171 0.63804805
vn -0.30367401 0.56395620 0.76794231
vn -0.19585615 0.48342398 0.85319495
vn -0.19176017 0.48806182 0.85148323
vn -0.16526660 0.46915910 0.86751175
vn -0.16566609 0.46863148 0.86772072
vn -0.14510496 0.51291794 0.84608489
vn -0.16107643 0.49430466 0.85423487
vn -0.11999711 0.54208541 0.83171153
vn -0.13046376 0.52809179 0.83910561
vn -0.14095761 0.50123960 0.85375041
vn -0.11893682 0.53551978 0.83610559
vn -0.12553951 0.59122765 0.79667413
vn -0.15202418 0.52026588 0.84036422
vn -0.13114364 0.58503389 0.80033529
vn -0.12212321 0.60005182 0.79058439
vn -0.07271889 0.77527040 0.62742954
vn -0.13731985 0.66471666 0.73436701
vn -0.04278179 0.78110009 0.62293857
vn -0.04442238 0.78324461 0.62012470
vn 0.41234651 -0.91102707 -0.00000146
vn 0.30754891 -0.69636542 -0.64845121
vn 0.15180247 -0.35325971 0.92312706
vn -0.01862107 -0.38065255 -0.92453063
vn -0.15720682 -0.42372233 -0.89204562
vn -0.10542909 -0.27014691 -0.95702946
vn 0.21084984 -0.96014696 -0.18346715
vn -0.15641624 -0.45928201 0.87441069
vn -0.04348573 -0.26034531 0.96453583
vn 0.18682076 -0.96648288 0.17609325
vn -0.16513173 -0.34057534 -0.92560250
vn -0.11420367 -0.23565429 -0.96510339
vn 0.26320902 -0.94452733 -0.19644120
vn -0.15824153 -0.35213560 0.92247504
vn -0.11093884 -0.20277801 0.97292018
vn 0.24013694 -0.95238388 0.18788087
vn -0.16466342 -0.29926243 -0.93985528
vn -0.11865281 -0.20357880 -0.97184217
vn 0.24054292 -0.95573658 -0.16943069
vn -0.15859719 -0.29230005 0.94308412
vn -0.11578785 -0.17029911 0.97856599
vn 0.21760206 -0.96301830 0.15888691
vn -0.18597294 -0.34784424 0.91892242
vn -0.10408600 -0.24648653 0.96354061
vn 0.11100993 -0.98692417 0.11686529
vn -0.16536893 -0.37994501 -0.91010708
vn -0.10911429 -0.26305288 -0.95859128
vn 0.23777340 -0.95347708 -0.18532473
vn -0.21707061 -0.43449256 0.87412620
vn -0.08728836 -0.33709112 0.93741685
vn 0.03022948 -0.99719572 0.06846049
vn -0.15550829 -0.49203563 -0.85657346
vn -0.09893743 -0.29070970 -0.95168233
vn 0.23174049 -0.94171309 -0.24387042
vn -0.15642577 -0.45891672 -0.87460071
vn -0.10084712 -0.29536995 -0.95004547
vn 0.24811299 -0.94124842 -0.22910991
vn -0.15505174 -0.50638986 0.84825015
vn -0.09377979 -0.30148199 0.94884878
vn 0.21947600 -0.95092714 0.21810059
vn -0.15896390 -0.58700442 0.79382384
vn 0.02500706 -0.28362793 0.95860827
vn 0.21101426 -0.94235319 0.25969884
vn -0.15975100 -0.52227020 -0.83768338
vn -0.09426463 -0.30549350 -0.94751668
vn 0.24995109 -0.92634845 -0.28178540
vn 0.00800080 -0.61616099 -0.78757960
vn 0.05562371 -0.34787989 -0.93588758
vn -0.16502257 -0.97313774 -0.16053198
vn 0.00919578 -0.65662831 0.75415832
vn 0.04512136 -0.32819957 0.94353014
vn -0.14190273 -0.97594512 0.16551349
vn -0.05157293 -0.03518307 -0.99804926
vn 0.15244336 -0.47450587 0.86695170
vn -0.11053307 -0.32027835 -0.94085294
vn 0.31813064 0.21334317 0.92373025
vn -0.04626840 -0.02465954 0.99862462
vn 0.14097692 -0.28580478 0.94786137
vn 0.06879954 -0.16620152 0.98368883
vn -0.02563708 -0.99965906 -0.00495461
vn -0.15761736 -0.47217837 0.86729717
vn 0.08377042 -0.23162019 0.96919274
vn 0.07784339 -0.99693209 -0.00817309
vn 0.06882866 -0.58580601 0.80752337
vn -0.07908474 -0.36190128 0.92885578
vn 0.04352840 -0.37620789 0.92551225
vn 0.15690531 -0.40187764 0.90215027
vn 0.01966544 -0.23108222 0.97273546
vn -0.02747995 -0.99958223 -0.00895854
vn 0.13407493 -0.36718869 -0.92043269
vn 0.02329668 -0.25078848 -0.96776152
vn -0.00573677 -0.99997252 0.00469248
vn 0.14637753 -0.35226083 0.92438412
vn 0.04785104 -0.20961067 0.97661334
vn -0.02554116 -0.99964833 -0.00713058
vn 0.12676263 -0.27024886 -0.95440912
vn 0.04708005 -0.17600201 -0.98326331
vn -0.02747156 -0.99960345 0.00618296
vn 0.14576899 -0.31587204 0.93753737
vn 0.05533554 -0.18027657 0.98205823
vn -0.02682864 -0.99962258 -0.00590490
vn 0.06433816 -0.15030333 -0.98654419
vn -0.02699619 -0.99962455 0.00469173
vn 0.13250296 -0.31645834 -0.93930668
vn 0.03588005 -0.21609102 -0.97571373
vn -0.02578977 -0.99963623 0.00789135
vn 0.14808771 -0.38463327 0.91111320
vn 0.03875526 -0.23388176 0.97149235
vn -0.02510272 -0.99965090 -0.00824385
vn 0.14670192 -0.43938354 -0.88623959
vn -0.01303685 -0.28546196 -0.95830137
vn -0.02690976 -0.99956357 0.01218731
vn 0.17133649 -0.43674707 0.88311708
vn -0.01405178 -0.23680431 0.97145575
vn -0.02845913 -0.99954158 -0.01033127
vn 0.15326950 -0.42970550 0.88986611
vn 0.00811648 -0.25251576 0.96755874
vn -0.02834173 -0.99954545 -0.01027904
vn 0.13657871 -0.41219357 -0.90080112
vn -0.00036810 -0.25531629 -0.96685749
vn -0.02731763 -0.99956989 0.01066421
vn 0.14945610 -0.47684324 -0.86618900
vn -0.04183672 -0.27382067 -0.96087039
vn -0.00486516 -0.99998009 0.00401766
vn 0.04704788 -0.30087245 0.95250314
vn 0.05956320 -0.25432792 0.96528208
vn 0.03473337 -0.99923998 -0.01769331
vn 0.11073894 -0.27728328 0.95438510
vn 0.07860833 -0.99684876 -0.01064391
vn 0.11853288 -0.25798729 -0.95884955
vn 0.08748760 -0.99609387 0.01195452
vn 0.16377676 -0.48925328 -0.85662615
vn -0.13968939 -0.50524080 -0.85159761
vn -0.12189035 0.01346886 -0.99245220
vn -0.12204288 0.01728026 -0.99237436
vn -0.12189046 0.01346902 -0.99245214
vn -0.12189026 0.01346899 -0.99245220
vn 0.08611296 -0.00951539 -0.99623996
vn -0.10722136 0.01101782 0.99417412
vn -0.10722172 0.01101840 0.99417406
vn -0.10722138 0.01101842 0.99417412
vn -0.10722139 0.01101843 0.99417412
vn -0.10722134 0.01101724 0.99417412
vn -0.10722139 0.01101840 0.99417412
vn -0.10812817 0.84454155 -0.52445960
vn -0.15672027 0.21060845 -0.96492636
vn -0.11898814 0.37426683 -0.91965544
vn -0.16104861 0.17188556 -0.97186351
vn -0.19843446 0.29842913 -0.93357581
vn -0.15286608 0.20325065 -0.96712005
vn -0.15423253 0.24768308 -0.95648599
vn -0.15991826 0.19025965 -0.96862143
vn -0.14422417 0.25981131 -0.95482850
vn -0.14949031 0.20599414 -0.96706724
vn -0.16054614 0.22034100 -0.96211994
vn -0.15980662 0.22128728 -0.96202588
vn -0.15927655 0.22129983 -0.96211088
vn -0.00000002 0.00000027 -1.00000000
vn -0.13992079 0.01431879 -0.99005914
vn -0.15455675 0.01581667 -0.98785728
vn -0.15455657 0.01581679 -0.98785734
vn -0.15455665 0.01581666 -0.98785734
vn -0.15666573 0.01906112 -0.98746771
vn -0.15478846 0.02182550 -0.98770654
vn -0.15478858 0.02182596 -0.98770648
vn -0.15478839 0.02182594 -0.98770654
vn -0.19021665 0.02687733 -0.98137414
vn -0.40975189 -0.15931848 -0.89817649
vn 0.00000004 -0.00000124 -1.00000000
vn -0.00000003 -0.00000009 -1.00000000
vn -0.00000003 -0.00000005 -1.00000000
vn -0.00000004 -0.00000003 -1.00000000
vn 0.45834604 -0.88068044 0.11966960
vn 0.53116554 -0.83090007 0.16573521
vn -0.16018511 0.25437224 0.95374811
vn -0.15410869 0.00423193 0.98804486
vn -0.15403137 0.22006814 0.96324676
vn -0.11553205 0.40728065 0.90596622
vn -0.09800346 0.96103483 0.25847134
vn -0.06413477 0.47546038 0.87739623
vn 0.00589283 -0.23601225 0.97173220
vn -0.15927646 0.22130014 0.96211082
vn -0.15927678 0.22129905 0.96211100
vn -0.15900369 0.22126232 0.96216464
vn -0.15526085 0.25932187 0.95322937
vn -0.15455651 0.01581537 0.98785734
vn -0.15455630 0.01581506 0.98785740
vn -0.15465239 0.01567077 0.98784465
vn -0.15444906 0.01565017 0.98787677
vn -0.15455632 0.01581506 0.98785740
vn -0.15455690 0.01581541 0.98785728
vn -0.15455629 0.01581446 0.98785740
vn -0.13870312 0.01419333 0.99023229
vn -0.00983510 -0.59371758 0.80461341
vn -0.18154542 -0.22551641 0.95717484
vn -0.14077714 0.98986030 0.01893045
vn -0.29682943 0.93400311 0.19882269
vn -0.52281743 0.82037437 0.23161998
vn 0.01490766 0.99988890 0.00000022
vn 0.01490936 0.99988884 0.00000023
vn -0.14369383 0.98962218 0.00000004
vn -0.33128828 0.94352961 0.00002762
vn -0.36640763 0.88799661 0.27786228
vn -0.41090208 0.91153121 0.01644094
vn -0.32182726 0.85620683 0.40414983
vn -0.44001800 0.89793384 0.00994674
vn -0.42028108 0.90117252 0.10607481
vn -0.46485707 0.88536841 0.00554036
vn -0.34919009 0.84051597 0.41424537
vn -0.48277882 0.87574190 0.00086178
vn -0.40990365 0.82432520 0.39047018
vn -0.46584332 0.81144094 0.35292158
vn -0.49539769 0.86866629 0.00000178
vn -0.32126534 0.55613708 0.76648557
vn -0.50061774 0.86566848 0.00000141
vn -0.60516083 0.77631956 0.17637566
vn -0.64796931 0.71170813 0.27130678
vn -0.57626957 0.80835927 0.12028606
vn -0.50584280 0.86262566 0.00000140
vn 0.11049768 0.99387640 0.00014782
vn 0.10833410 0.97732663 0.18192412
vn 0.15986103 0.93537897 0.31545317
vn -0.15351784 0.98814589 -0.00012807
vn -0.15213041 0.96769100 0.20107323
vn -0.17274770 0.96085173 0.21661533
vn -0.14100143 0.99000937 0.00000028
vn 0.03558443 0.98417491 0.17359005
vn 0.06336430 0.99799049 0.00000047
vn -0.35388544 0.90350449 0.24175338
vn -0.52614355 0.82906115 0.18928954
vn -0.53505182 0.84481925 0.00000039
vn -0.12946433 0.61007982 -0.78169155
vn -0.67035377 0.49520433 0.55262864
vn -0.59436989 0.51032555 0.62152416
vn -0.59504044 0.51341206 0.61833233
vn -0.15257382 0.89368474 0.42195827
vn -0.53220791 -0.81863493 -0.21585101
vn -0.35535026 -0.88177061 0.31017217
vn -0.58161741 -0.71085668 0.39547941
vn -0.64128435 -0.21318600 0.73709303
vn -0.49950394 -0.73754269 0.45445192
vn -0.41856796 0.59243757 0.68834478
vn -0.32039884 0.57697755 0.75129312
vn -0.38763002 0.80180967 -0.45480132
vn 0.09364673 0.29866496 -0.94975239
vn 0.60544896 0.50188529 -0.61769140
vn 0.51109838 0.00000139 -0.85952222
vn 0.51109833 0.00000139 -0.85952222
vn 0.12482540 -0.05318606 -0.99075216
vn 0.11869539 -0.01821217 -0.99276370
vn 0.14942701 -0.01451315 -0.98866624
vn 0.08955619 -0.00849634 -0.99594551
vn 0.04312108 -0.00860692 -0.99903280
vn 0.01288447 0.01469593 -0.99980897
vn -0.00223614 0.00155797 -0.99999630
vn -0.00946792 -0.00000004 -0.99995518
vn -0.01519434 -0.00000004 -0.99988455
vn 0.01344065 -0.00000069 -0.99990970
vn 0.01691184 0.00004165 -0.99985701
vn 0.00003168 0.00006189 -1.00000000
vn 0.00026378 0.00003464 -0.99999994
vn -0.00013458 0.00027219 -0.99999994
vn -0.00013525 0.00027216 -0.99999994
vn -0.00015285 0.00027919 -0.99999994
vn -0.00016141 0.00028162 -0.99999994
vn 0.00051564 0.00020036 -0.99999982
vn -0.40005139 -0.00000028 -0.91649270
vn -0.40005648 0.00000149 -0.91649050
vn -0.40005073 -0.00000016 -0.91649300
vn -0.40004960 -0.00000028 -0.91649348
vn -0.40004945 0.00000004 -0.91649354
vn 0.75408268 -0.65677953 -0.00000042
vn 0.75638330 -0.65196258 0.05318900
vn 0.60762817 -0.78055233 0.14671774
vn 0.75408304 -0.65677911 -0.00000039
vn 0.65689892 -0.75349051 0.02712791
vn 0.40241536 -0.90191209 0.15689614
vn 0.34699675 -0.91611320 0.20082282
vn 0.34266552 -0.93928003 -0.01825733
vn 0.36693579 -0.93023193 0.00516763
vn 0.55840176 -0.77862662 0.28623062
vn 0.20476964 -0.95471388 0.21584906
vn 0.22224814 -0.97499007 -0.00026893
vn 0.00334819 -0.97528499 0.22092520
vn 0.02025196 -0.99979442 -0.00095420
vn -0.16067579 -0.96862316 0.18961117
vn -0.15299180 -0.98822737 0.00040347
vn -0.12679923 -0.98200136 0.13998303
vn -0.14803074 -0.93208086 0.33062384
vn -0.08693344 -0.96850049 0.23334375
vn -0.07307266 -0.99528491 0.06378292
vn 0.71541137 0.67610860 -0.17624894
vn -0.27507582 0.96118474 -0.02138179
vn -0.75005335 0.66134858 0.00616248
vn -0.89888459 0.43818232 -0.00166758
vn -0.55711424 -0.83038580 0.00911699
vn -0.57111180 -0.82086885 -0.00237517
vn 0.67906117 0.09641759 -0.72772217
vn 0.62865049 0.16787370 -0.75935298
vn 0.98854154 0.15046790 -0.01204282
vn 0.99795341 0.06291971 0.01140571
vn -0.10754009 0.84358037 0.52612489
vn -0.19461234 0.68612248 0.70097220
vn 0.04921248 0.32530797 0.94432664
vn -0.05907144 0.23970087 0.96904802
vn -0.04798743 -0.01071724 0.99879044
vn -0.06026941 0.10708608 0.99242139
vn -0.13825841 0.18050803 0.97380769
vn -0.11575253 -0.04584340 0.99221963
vn -0.15715438 0.20608491 0.96583200
vn -0.11274335 -0.06017200 0.99180055
vn -0.14421584 0.19408414 0.97032630
vn -0.07730331 0.03443091 0.99641293
vn 0.10080212 0.73635560 0.66904366
vn -0.12136482 0.70148647 0.70227295
vn -0.18119071 0.61821699 0.76483828
vn -0.11065269 0.60072422 0.79176158
vn -0.40187445 0.83796889 0.36919519
vn -0.49431124 0.77849293 0.38678837
vn 0.03479825 0.99608767 0.08123048
vn 0.02244912 0.99758047 -0.06579664
vn -0.12544648 0.39959654 0.90806705
vn -0.04342730 0.22622222 0.97310716
vn 0.34199703 0.87426943 0.34451562
vn -0.06486460 0.58128929 0.81110746
vn -0.14134900 0.17041513 0.97518158
vn -0.07474862 0.25086331 0.96513224
vn -0.29787281 0.47882360 0.82583272
vn -0.39371711 0.54649228 0.73914343
vn 0.75517380 -0.64273494 0.12885760
vn 0.56632036 -0.77543867 0.27924201
vn 0.38597551 -0.87326109 0.29738513
vn 0.29674876 -0.84232342 0.44992378
vn 0.17287451 -0.88438576 0.43356219
vn -0.02572987 -0.90773720 0.41874942
vn -0.17916881 -0.89213306 0.41472539
vn -0.15305078 -0.84979975 0.50439638
vn -0.10063355 -0.89473361 0.43511444
vn -0.03624681 -0.12057179 0.99204266
vn -0.06139887 -0.02895426 0.99769324
vn -0.10137103 -0.15701427 0.98237997
vn -0.14447588 -0.18579058 0.97190976
vn -0.07903042 -0.10069844 0.99177319
vn -0.10443860 0.04080433 0.99369389
vn -0.01832858 0.99813187 0.05828213
vn 0.12879792 0.28926557 -0.94854444
vn -0.00054294 0.39103168 -0.92037708
vn 0.00072884 0.98092240 0.19439836
vn -0.08433548 0.99476653 0.05768039
vn -0.13707861 0.94084632 0.30986714
vn 0.17051604 0.23173173 -0.95771849
vn -0.05021761 0.20507617 -0.97745687
vn -0.03730321 0.99779540 0.05488899
vn -0.13886343 0.25616133 0.95660770
vn 0.06818634 0.62241066 0.77971500
vn 0.44240847 0.83216476 0.33432999
vn 0.10526527 0.52287012 0.84588766
vn -0.14345241 0.24754710 0.95819718
vn 0.05935404 0.99711978 0.04721433
vn 0.22558829 0.30794978 -0.92427099
vn 0.03750779 0.33216181 -0.94247639
vn -0.21148364 0.96966559 0.12256969
vn 0.04715785 0.99888259 0.00311241
vn 0.11723842 0.36111116 0.92512369
vn -0.20297284 0.64299405 0.73848534
vn 0.27039284 0.28692347 -0.91900092
vn -0.06376504 0.95670927 0.28397429
vn 0.05409917 0.33832657 0.93947238
vn -0.01968094 0.76295590 0.64615089
vn 0.21273012 0.28247797 -0.93538874
vn 0.01666133 0.35338429 -0.93532985
vn 0.01794576 0.99822998 0.05670010
vn 0.23220192 0.30393222 -0.92396295
vn -0.00627693 0.15065746 -0.98856610
vn -0.26166016 0.95818424 -0.11583122
vn -0.18645175 0.25702995 0.94824648
vn -0.09779056 0.43893054 0.89318359
vn 0.04682910 0.99779522 0.04702934
vn -0.27921513 0.95078427 0.13434362
vn -0.26418364 0.58044416 0.77025419
vn -0.12098082 0.16179317 0.97938073
vn 0.26063764 0.94380009 0.20324714
vn 0.10313322 0.51857579 0.84878892
vn -0.18541415 0.22659513 0.95617795
vn 0.02796529 0.99713469 0.07028782
vn 0.16356610 0.25275275 -0.95360482
vn -0.03478887 0.29684851 -0.95429069
vn -0.01907188 0.99881321 0.04481608
vn -0.22067355 0.39695591 0.89091480
vn -0.02911628 0.17931269 0.98336118
vn 0.16326328 0.17202079 -0.97147000
vn 0.03386774 0.21793535 -0.97537541
vn -0.13006395 0.22774722 0.96499461
vn -0.10082223 0.35621214 0.92894983
vn -0.04927475 0.68211544 0.72958243
vn -0.10115083 0.17614530 0.97915339
vn -0.09434289 0.41364604 0.90553647
vn -0.06451392 0.96058285 0.27040446
vn -0.09205159 0.57474858 0.81313622
vn -0.03441084 0.99288380 0.11400731
vn -0.05363518 0.65948528 0.74980152
vn -0.04760063 0.82951963 0.55644536
vn -0.11126835 0.17159267 0.97886431
vn 0.17229813 0.34708667 -0.92186993
vn 0.14022802 0.19848707 -0.97002012
vn 0.04258177 0.42919540 -0.90220737
vn 0.10179611 0.43440539 -0.89494663
vn 0.07511052 0.52373880 -0.84856123
vn -0.06853684 0.01576680 0.99752396
vn -0.01819399 0.42098284 0.90688610
vn -0.05720248 0.02791243 0.99797231
vn -0.07028673 0.02129542 0.99729949
vn -0.11044905 0.00000276 0.99388176
vn -0.16537781 -0.06930473 0.98379219
vn -0.09843793 -0.13782439 0.98555285
vn -0.06802464 0.01542346 0.99756444
vn -0.09591892 0.09044400 0.99127162
vn -0.11658988 0.00416700 0.99317139
vn 0.01490937 0.99988884 0.00000026
vn 0.01492034 0.99988866 -0.00000005
vn -0.52281982 0.82037425 -0.23161490
vn -0.29683489 0.93400162 -0.19882159
vn -0.14077687 0.98986036 -0.01892880
vn -0.14369425 0.98962212 0.00000259
vn -0.33128211 0.94353175 -0.00005508
vn -0.36640298 0.88799506 -0.27787334
vn -0.41090086 0.91153181 -0.01644082
vn -0.32182091 0.85620743 -0.40415362
vn -0.44001895 0.89793336 -0.00995067
vn -0.42028883 0.90117282 -0.10604190
vn -0.46485716 0.88536835 -0.00553952
vn -0.34918809 0.84051627 -0.41424641
vn -0.48277923 0.87574166 -0.00086189
vn -0.40990651 0.82432336 -0.39047104
vn -0.46584916 0.81144005 -0.35291585
vn -0.49539769 0.86866629 -0.00000216
vn -0.32118973 0.55604434 -0.76658458
vn -0.50061768 0.86566848 -0.00000179
vn -0.57627165 0.80835760 -0.12028691
vn -0.64797390 0.71170300 -0.27130911
vn -0.60516286 0.77631807 -0.17637509
vn -0.50584280 0.86262566 -0.00000178
vn 0.11049769 0.99387640 -0.00014856
vn 0.15986124 0.93537754 -0.31545714
vn 0.10833432 0.97732580 -0.18192843
vn -0.15351781 0.98814589 0.00012759
vn -0.15213041 0.96769106 -0.20107305
vn -0.17274749 0.96085256 -0.21661176
vn -0.14100140 0.99000937 0.00000005
vn 0.03558498 0.98417556 -0.17358628
vn 0.06336431 0.99799049 0.00000026
vn -0.35388553 0.90350437 -0.24175376
vn -0.12946503 0.61007863 0.78169227
vn -0.53505170 0.84481931 0.00000012
vn -0.52614421 0.82906157 -0.18928590
vn -0.67054355 0.49860188 -0.54933369
vn -0.15336540 0.89510423 -0.41864949
vn -0.59504026 0.51341242 -0.61833221
vn -0.59436971 0.51032579 -0.62152416
vn -0.53209627 -0.81877428 0.21559723
vn -0.49725747 -0.74240494 -0.44896543
vn -0.64128405 -0.21318534 -0.73709345
vn -0.58161604 -0.71085709 -0.39548066
vn -0.35534871 -0.88177097 -0.31017306
vn -0.41856354 0.59243226 -0.68835217
vn -0.32039607 0.57696891 -0.75130105
vn -0.38763058 0.80180961 0.45480099
vn 0.09364671 0.29866245 0.94975311
vn 0.04715749 0.99888259 -0.00311142
vn 0.51110303 -0.00000004 0.85951948
vn 0.51110303 -0.00000004 0.85951942
vn 0.14942661 -0.01451368 0.98866630
vn 0.11869584 -0.01821295 0.99276364
vn 0.12482594 -0.05318638 0.99075210
vn 0.08955660 -0.00849703 0.99594551
vn 0.04312151 -0.00860798 0.99903274
vn -0.00223604 0.00155686 0.99999630
vn 0.01288434 0.01469520 0.99980903
vn -0.00946823 -0.00000137 0.99995518
vn -0.01519416 -0.00000139 0.99988455
vn 0.01343601 -0.00000036 0.99990976
vn 0.01691083 0.00004223 0.99985701
vn 0.00026466 0.00003466 0.99999994
vn 0.00003360 0.00006099 1.00000000
vn -0.00012961 0.00026968 0.99999994
vn -0.00014243 0.00027572 0.99999994
vn -0.00015336 0.00028003 0.99999994
vn -0.00015978 0.00028197 0.99999994
vn 0.00051880 0.00019989 0.99999982
vn -0.40005076 0.00000012 0.91649300
vn -0.40005085 -0.00000004 0.91649294
vn -0.40005052 0.00000018 0.91649312
vn -0.40004948 -0.00000004 0.91649354
vn -0.40005037 0.00000029 0.91649318
vn 0.60762775 -0.78055191 -0.14672169
vn 0.75638318 -0.65196264 -0.05319015
vn 0.75408268 -0.65677953 0.00000020
vn 0.75408316 -0.65677899 0.00000011
vn 0.65689886 -0.75349051 -0.02712822
vn 0.40241501 -0.90191180 -0.15689902
vn 0.55840212 -0.77862632 -0.28623089
vn 0.36693588 -0.93023187 -0.00516831
vn 0.34266549 -0.93928003 0.01825717
vn 0.34699610 -0.91611260 -0.20082682
vn 0.22224814 -0.97499007 0.00026885
vn 0.20476969 -0.95471382 -0.21584934
vn 0.02025193 -0.99979442 0.00095411
vn 0.00334843 -0.97528547 -0.22092311
vn -0.15299177 -0.98822737 -0.00040361
vn -0.16067588 -0.96862304 -0.18961197
vn -0.12679914 -0.98200142 -0.13998264
vn -0.07307271 -0.99528486 -0.06378403
vn -0.08693346 -0.96850044 -0.23334427
vn -0.14803079 -0.93208003 -0.33062631
vn 0.71488780 0.67423224 0.18532765
vn 0.68140972 0.11297019 0.72313106
vn 0.64082533 0.17109181 0.74837857
vn -0.10753779 0.84357977 -0.52612621
vn -0.19461381 0.68612397 -0.70097029
vn 0.04921295 0.32531622 -0.94432384
vn -0.06026988 0.10708766 -0.99242115
vn -0.04798884 -0.01071129 -0.99879044
vn -0.05907132 0.23969938 -0.96904838
vn -0.11575329 -0.04583538 -0.99221987
vn -0.13825759 0.18050493 -0.97380841
vn -0.11274294 -0.06017208 -0.99180055
vn -0.15715273 0.20608075 -0.96583319
vn -0.07730347 0.03442938 -0.99641299
vn -0.14421704 0.19408463 -0.97032607
vn 0.10080227 0.73635918 -0.66903961
vn -0.12136448 0.70148551 -0.70227402
vn -0.18119051 0.61821592 -0.76483929
vn -0.11065164 0.60072374 -0.79176211
vn -0.49431372 0.77849501 -0.38678080
vn -0.40187478 0.83796871 -0.36919513
vn 0.03479913 0.99608767 -0.08123033
vn -0.04342681 0.22622332 -0.97310698
vn -0.12544613 0.39959949 -0.90806586
vn 0.02244968 0.99758023 0.06580058
vn -0.06486279 0.58128899 -0.81110787
vn 0.34199986 0.87427002 -0.34451121
vn -0.14135143 0.17041513 -0.97518122
vn -0.07474814 0.25086248 -0.96513253
vn -0.39370850 0.54648298 -0.73915493
vn -0.29786375 0.47880247 -0.82584828
vn 0.56631875 -0.77543730 -0.27924919
vn 0.75517362 -0.64273471 -0.12885998
vn 0.29674721 -0.84232038 -0.44993049
vn 0.38597456 -0.87325978 -0.29739028
vn 0.17287463 -0.88438582 -0.43356213
vn -0.02572925 -0.90773892 -0.41874588
vn -0.17916887 -0.89213222 -0.41472724
vn -0.10063358 -0.89473361 -0.43511450
vn -0.15305069 -0.84979695 -0.50440127
vn -0.06139961 -0.02895128 -0.99769330
vn -0.03624905 -0.12056060 -0.99204391
vn -0.10137253 -0.15699899 -0.98238224
vn -0.14447562 -0.18578984 -0.97190994
vn -0.07903063 -0.10070199 -0.99177277
vn -0.10443866 0.04080458 -0.99369389
vn -0.01832885 0.99813193 -0.05828140
vn 0.00072884 0.98092294 -0.19439545
vn -0.00053952 0.39100313 0.92038918
vn 0.12879960 0.28926486 0.94854438
vn -0.08433512 0.99476653 -0.05768139
vn -0.05021716 0.20507807 0.97745651
vn 0.17051654 0.23173219 0.95771825
vn -0.13707738 0.94084567 -0.30986974
vn -0.03730263 0.99779540 -0.05488904
vn 0.06818634 0.62241310 -0.77971315
vn -0.13886382 0.25616109 -0.95660776
vn 0.44240731 0.83216661 -0.33432695
vn -0.14345330 0.24754734 -0.95819700
vn 0.10526358 0.52287269 -0.84588641
vn 0.05935410 0.99711978 -0.04721446
vn -0.21148297 0.96966577 -0.12256937
vn 0.03750812 0.33215719 0.94247794
vn 0.22558883 0.30795020 0.92427069
vn -0.20297243 0.64299387 -0.73848575
vn 0.11723866 0.36111236 -0.92512321
vn 0.27039209 0.28692210 0.91900152
vn -0.06376479 0.95670885 -0.28397572
vn -0.01968052 0.76295459 -0.64615238
vn 0.05409846 0.33832631 -0.93947256
vn 0.01666074 0.35338372 0.93533009
vn 0.21272974 0.28247753 0.93538898
vn 0.01794721 0.99822998 -0.05669902
vn -0.26166132 0.95818436 0.11582778
vn -0.00627731 0.15065685 0.98856616
vn 0.23220028 0.30393025 0.92396396
vn -0.09779181 0.43892977 -0.89318389
vn -0.18645254 0.25703037 -0.94824618
vn 0.04682625 0.99779546 -0.04702671
vn -0.12098381 0.16179746 -0.97937965
vn -0.26418337 0.58044314 -0.77025515
vn -0.27921614 0.95078349 -0.13434687
vn 0.26063982 0.94380069 -0.20324159
vn 0.02796406 0.99713463 -0.07028878
vn -0.18541519 0.22659576 -0.95617759
vn 0.10313723 0.51858151 -0.84878504
vn -0.03478962 0.29684919 0.95429045
vn 0.16356629 0.25275272 0.95360482
vn -0.01907179 0.99881333 -0.04481299
vn -0.02911610 0.17931513 -0.98336077
vn -0.22067261 0.39695549 -0.89091522
vn 0.03386939 0.21793307 0.97537583
vn 0.16326252 0.17201953 0.97147036
vn -0.04760022 0.82952470 -0.55643773
vn -0.05363498 0.65950727 -0.74978232
vn -0.03441101 0.99288362 -0.11400873
vn -0.09205192 0.57476324 -0.81312591
vn -0.06451463 0.96058112 -0.27041036
vn -0.09434301 0.41364738 -0.90553588
vn -0.10115274 0.17611004 -0.97915953
vn -0.04927318 0.68212205 -0.72957635
vn -0.10082157 0.35621339 -0.92894942
vn -0.13006362 0.22774945 -0.96499413
vn -0.11127009 0.17159452 -0.97886378
vn 0.14022672 0.19848306 0.97002107
vn 0.17229789 0.34708264 0.92187148
vn 0.10179603 0.43440211 0.89494824
vn 0.04258181 0.42919245 0.90220875
vn 0.07511074 0.52374429 0.84855777
vn -0.06853675 0.01576123 -0.99752408
vn -0.01819275 0.42098072 -0.90688711
vn -0.05720321 0.02791568 -0.99797219
vn -0.07028673 0.02129550 -0.99729949
vn -0.11045076 -0.00000276 -0.99388158
vn -0.16537625 -0.06930512 -0.98379242
vn -0.09843998 -0.13783272 -0.98555148
vn -0.06802292 0.01543839 -0.99756432
vn -0.09591791 0.09043039 -0.99127299
vn -0.11658849 0.00414797 -0.99317163
vn 0.60544884 0.50188512 0.61769170
vn 0.70987773 -0.26276931 0.65347219
vn 0.68636376 0.02031458 0.72697461
vn 0.61257595 0.26362708 0.74515194
vn 0.51462775 0.45373929 0.72751558
vn 0.41174272 0.59267426 0.69224638
vn 0.31166545 0.69267625 0.65043396
vn 0.21436733 0.76570189 0.60642171
vn -0.21059385 0.88774127 0.40934783
vn -0.34639189 0.87215328 0.34548706
vn -0.50825149 0.81965780 0.26427546
vn -0.88461941 -0.35726503 -0.29968345
vn -0.69573140 -0.63312799 -0.33927387
vn -0.51517212 -0.79066855 -0.33081859
vn -0.36186859 -0.88259244 -0.30013624
vn -0.22747821 -0.93949705 -0.25612295
vn -0.10195013 -0.97451830 -0.19980046
vn 0.41570196 -0.88754004 0.19865677
vn 0.55129009 -0.75498229 0.35507876
vn 0.66115540 -0.54145706 0.51932436
vn 0.65606672 0.14468060 0.74070507
vn -0.09181093 0.88101572 0.46409273
vn -0.16618933 0.88793176 0.42890364
vn -0.70109993 0.69666570 0.15203889
vn -0.89546883 0.44510612 -0.00401602
vn -0.96998334 0.21359502 -0.11623017
vn -0.98262393 0.04824462 -0.17922787
# 1118 vertex normals

vt 0.43109763 0.07429777 0.00000000
vt 0.42546767 0.04993182 0.00000000
vt 0.44209886 0.01508269 0.00000000
vt 0.46427959 0.00454662 0.00000000
vt 0.41854951 0.59625995 0.00000000
vt 0.44918546 0.59745747 0.00000000
vt 0.44994688 0.63274002 0.00000000
vt 0.42012319 0.64286834 0.00000000
vt 0.47371802 0.59758574 0.00000000
vt 0.47425792 0.62989020 0.00000000
vt 0.48613155 0.60160923 0.00000000
vt 0.51835132 0.59244889 0.00000000
vt 0.51942933 0.63553220 0.00000000
vt 0.48700711 0.62668496 0.00000000
vt 0.55104029 0.59725487 0.00000000
vt 0.55205560 0.63080710 0.00000000
vt 0.57968396 0.60028613 0.00000000
vt 0.57984841 0.62893862 0.00000000
vt 0.62913537 0.60053444 0.00000000
vt 0.62889498 0.62913156 0.00000000
vt 0.67689455 0.60754853 0.00000000
vt 0.72778898 0.60318524 0.00000000
vt 0.72769636 0.62653238 0.00000000
vt 0.67701244 0.62334669 0.00000000
vt 0.81520617 0.60457373 0.00000000
vt 0.81487030 0.62488687 0.00000000
vt 0.84056777 0.60600698 0.00000000
vt 0.84020072 0.62399161 0.00000000
vt 0.86545706 0.60767740 0.00000000
vt 0.86507601 0.62212020 0.00000000
vt 0.88918978 0.60857481 0.00000000
vt 0.88853353 0.62132376 0.00000000
vt 0.91138113 0.61005664 0.00000000
vt 0.91038817 0.62090403 0.00000000
vt 0.93182248 0.61277533 0.00000000
vt 0.93064004 0.62114298 0.00000000
vt 0.94982243 0.61628872 0.00000000
vt 0.94853425 0.62301725 0.00000000
vt 0.96485710 0.62174946 0.00000000
vt 0.96383852 0.62622702 0.00000000
vt 0.96925968 0.62353641 0.00000000
vt 0.96821660 0.62766623 0.00000000
vt 0.95471817 0.29529417 0.00000000
vt 0.94908226 0.30944502 0.00000000
vt 0.94747430 0.30754137 0.00000000
vt 0.95484942 0.31551719 0.00000000
vt 0.94023645 0.31938279 0.00000000
vt 0.93990976 0.30667123 0.00000000
vt 0.77224541 0.29864523 0.00000000
vt 0.76076776 0.28520554 0.00000000
vt 0.78104007 0.28255743 0.00000000
vt 0.70337594 0.22950669 0.00000000
vt 0.71057665 0.20231995 0.00000000
vt 0.73519444 0.21987788 0.00000000
vt 0.72402906 0.23731139 0.00000000
vt 0.71170425 0.25095439 0.00000000
vt 0.63803303 0.19023351 0.00000000
vt 0.58658874 0.16657118 0.00000000
vt 0.63562131 0.06291339 0.00000000
vt 0.68876576 0.08859151 0.00000000
vt 0.56872582 0.15863192 0.00000000
vt 0.61740416 0.05446877 0.00000000
vt 0.55138958 0.15098855 0.00000000
vt 0.59988230 0.04642706 0.00000000
vt 0.53524548 0.14389579 0.00000000
vt 0.58370650 0.03902294 0.00000000
vt 0.52096671 0.13760677 0.00000000
vt 0.56949908 0.03252929 0.00000000
vt 0.50922900 0.13236985 0.00000000
vt 0.55785793 0.02725092 0.00000000
vt 0.50069731 0.12843601 0.00000000
vt 0.54935843 0.02350434 0.00000000
vt 0.47181401 0.11579440 0.00000000
vt 0.51966035 0.00915472 0.00000000
vt 0.46909639 0.11426838 0.00000000
vt 0.51844811 0.00882321 0.00000000
vt 0.46848309 0.11380696 0.00000000
vt 0.51770800 0.00867608 0.00000000
vt 0.46767128 0.11320622 0.00000000
vt 0.51673788 0.00847137 0.00000000
vt 0.46644998 0.11235046 0.00000000
vt 0.51531816 0.00812360 0.00000000
vt 0.46458849 0.11113341 0.00000000
vt 0.51322711 0.00752180 0.00000000
vt 0.46186459 0.10946558 0.00000000
vt 0.51026279 0.00654789 0.00000000
vt 0.45806944 0.10726079 0.00000000
vt 0.50623703 0.00508552 0.00000000
vt 0.45491070 0.10531890 0.00000000
vt 0.50280905 0.00393055 0.00000000
vt 0.45227876 0.10361171 0.00000000
vt 0.49988672 0.00302034 0.00000000
vt 0.45006153 0.10210565 0.00000000
vt 0.49737385 0.00229369 0.00000000
vt 0.44815007 0.10076606 0.00000000
vt 0.49517587 0.00169121 0.00000000
vt 0.44644445 0.09955540 0.00000000
vt 0.49320343 0.00115550 0.00000000
vt 0.44486049 0.09843397 0.00000000
vt 0.49137992 0.00062505 0.00000000
vt 0.44333968 0.09734998 0.00000000
vt 0.48965350 0.00000373 0.00000000
vt 0.60676461 0.71860635 0.00000000
vt 0.61231798 0.71823233 0.00000000
vt 0.66047591 0.71889800 0.00000000
vt 0.56325358 0.70170200 0.00000000
vt 0.56885105 0.70637220 0.00000000
vt 0.44209832 0.69389850 0.00000000
vt 0.55980045 0.69672722 0.00000000
vt 0.44203982 0.69186980 0.00000000
vt 0.65471262 0.69091737 0.00000000
vt 0.79424852 0.64709187 0.00000000
vt 0.65471333 0.69094658 0.00000000
vt 0.44178277 0.69005072 0.00000000
vt 0.55980349 0.69671100 0.00000000
vt 0.55949408 0.54135323 0.00000000
vt 0.43838137 0.53798270 0.00000000
vt 0.43877169 0.53618187 0.00000000
vt 0.64297634 0.55395496 0.00000000
vt 0.64885610 0.54982364 0.00000000
vt 0.69182795 0.57890630 0.00000000
vt 0.56043643 0.53244644 0.00000000
vt 0.43906558 0.53416777 0.00000000
vt 0.56127983 0.53127694 0.00000000
vt 0.56247199 0.52959973 0.00000000
vt 0.65470874 0.53303188 0.00000000
vt 0.85580629 0.58925432 0.00000000
vt 0.82576573 0.58596790 0.00000000
vt 0.56328100 0.52842861 0.00000000
vt 0.56538785 0.52668983 0.00000000
vt 0.43915999 0.53187937 0.00000000
vt 0.56728995 0.52515888 0.00000000
vt 0.55245829 0.42028484 0.00000000
vt 0.60769898 0.37868389 0.00000000
vt 0.60750139 0.38220447 0.00000000
vt 0.55403811 0.42585644 0.00000000
vt 0.56066060 0.21094571 0.00000000
vt 0.61337471 0.25201580 0.00000000
vt 0.61326867 0.25585330 0.00000000
vt 0.55791301 0.21622807 0.00000000
vt 0.61314029 0.26039639 0.00000000
vt 0.55611575 0.22275898 0.00000000
vt 0.61299098 0.26558599 0.00000000
vt 0.55512512 0.23040724 0.00000000
vt 0.61282307 0.27133343 0.00000000
vt 0.55479878 0.23900320 0.00000000
vt 0.61263871 0.27753618 0.00000000
vt 0.55499667 0.24837466 0.00000000
vt 0.55779356 0.27727330 0.00000000
vt 0.61160207 0.29672214 0.00000000
vt 0.61137468 0.30203947 0.00000000
vt 0.55871183 0.28575486 0.00000000
vt 0.61117494 0.30667263 0.00000000
vt 0.55976903 0.29337752 0.00000000
vt 0.56379652 0.31713274 0.00000000
vt 0.61048347 0.32027102 0.00000000
vt 0.61031777 0.32379746 0.00000000
vt 0.56386882 0.32350126 0.00000000
vt 0.61012363 0.32785761 0.00000000
vt 0.56352019 0.33088315 0.00000000
vt 0.60989833 0.33247954 0.00000000
vt 0.56287187 0.33932257 0.00000000
vt 0.60964215 0.33762741 0.00000000
vt 0.56200850 0.34870383 0.00000000
vt 0.60935771 0.34324256 0.00000000
vt 0.56094658 0.35884914 0.00000000
vt 0.60904884 0.34925961 0.00000000
vt 0.55964452 0.36958405 0.00000000
vt 0.55618840 0.38991475 0.00000000
vt 0.60871053 0.36087006 0.00000000
vt 0.60841495 0.36603492 0.00000000
vt 0.55451477 0.39888486 0.00000000
vt 0.60814941 0.37070745 0.00000000
vt 0.55311656 0.40693337 0.00000000
vt 0.60791230 0.37489775 0.00000000
vt 0.55230087 0.41404256 0.00000000
vt 0.64846480 0.68011504 0.00000000
vt 0.64253354 0.67599034 0.00000000
vt 0.69106287 0.65115416 0.00000000
vt 0.55860424 0.69147623 0.00000000
vt 0.44139960 0.68836957 0.00000000
vt 0.44095203 0.68675625 0.00000000
vt 0.56014955 0.68652159 0.00000000
vt 0.98995250 0.62953281 0.00000000
vt 0.98646933 0.63808227 0.00000000
vt 0.97954744 0.63230711 0.00000000
vt 0.98071843 0.62887836 0.00000000
vt 0.56433350 0.54843616 0.00000000
vt 0.54348189 0.58591247 0.00000000
vt 0.56025755 0.54368937 0.00000000
vt 0.58645511 0.55884731 0.00000000
vt 0.57291096 0.58937097 0.00000000
vt 0.57775748 0.55626655 0.00000000
vt 0.98408395 0.62392497 0.00000000
vt 0.97432911 0.62425405 0.00000000
vt 0.97872216 0.63848764 0.00000000
vt 0.97509891 0.62671661 0.00000000
vt 0.97231126 0.63115001 0.00000000
vt 0.97412533 0.62985271 0.00000000
vt 0.59617537 0.56040704 0.00000000
vt 0.60641485 0.56126142 0.00000000
vt 0.62660927 0.55976766 0.00000000
vt 0.59583437 0.67020780 0.00000000
vt 0.58605766 0.67156023 0.00000000
vt 0.57310885 0.63996118 0.00000000
vt 0.65753591 0.39521378 0.00000000
vt 0.65655154 0.37441131 0.00000000
vt 0.60648733 0.67000711 0.00000000
vt 0.62622780 0.67084908 0.00000000
vt 0.56991363 0.67725497 0.00000000
vt 0.56397635 0.68144262 0.00000000
vt 0.54444993 0.64261466 0.00000000
vt 0.57734454 0.67389834 0.00000000
vt 0.57025582 0.55280429 0.00000000
vt 0.50844347 0.58133173 0.00000000
vt 0.50956076 0.64584130 0.00000000
vt 0.88454437 0.25685927 0.00000000
vt 0.89067382 0.26162827 0.00000000
vt 0.88984567 0.26277116 0.00000000
vt 0.88236451 0.26298514 0.00000000
vt 0.85286158 0.21676964 0.00000000
vt 0.82648879 0.24799116 0.00000000
vt 0.83144599 0.20975929 0.00000000
vt 0.81206429 0.23578137 0.00000000
vt 0.82293499 0.20589542 0.00000000
vt 0.80452597 0.23164132 0.00000000
vt 0.91970628 0.27025738 0.00000000
vt 0.93058574 0.26713631 0.00000000
vt 0.93742055 0.27150297 0.00000000
vt 0.93677676 0.27746055 0.00000000
vt 0.87053096 0.17968041 0.00000000
vt 0.87127447 0.17226152 0.00000000
vt 0.87894690 0.17105512 0.00000000
vt 0.88688588 0.18482685 0.00000000
vt 0.78692299 0.13891594 0.00000000
vt 0.81340408 0.14714754 0.00000000
vt 0.80137229 0.15718438 0.00000000
vt 0.77751082 0.15513247 0.00000000
vt 0.76536793 0.12188990 0.00000000
vt 0.79167271 0.12215644 0.00000000
vt 0.74588555 0.14264099 0.00000000
vt 0.81440467 0.28691795 0.00000000
vt 0.79511201 0.28238106 0.00000000
vt 0.86272627 0.28504208 0.00000000
vt 0.83412993 0.29148826 0.00000000
vt 0.85409212 0.29596794 0.00000000
vt 0.87358832 0.29957095 0.00000000
vt 0.89203686 0.30202481 0.00000000
vt 0.90997887 0.30445039 0.00000000
vt 0.92725700 0.30701330 0.00000000
vt 0.74617159 0.23800582 0.00000000
vt 0.74126178 0.22074872 0.00000000
vt 0.77148128 0.26235911 0.00000000
vt 0.78732568 0.26834637 0.00000000
vt 0.78742164 0.27267346 0.00000000
vt 0.71991587 0.20715748 0.00000000
vt 0.75589740 0.14890723 0.00000000
vt 0.78266162 0.15923691 0.00000000
vt 0.81965053 0.16776432 0.00000000
vt 0.81985390 0.16938472 0.00000000
vt 0.89130330 0.19466844 0.00000000
vt 0.89571428 0.20452249 0.00000000
vt 0.90012962 0.21437278 0.00000000
vt 0.90454423 0.22422345 0.00000000
vt 0.90951806 0.23534773 0.00000000
vt 0.91334087 0.24391082 0.00000000
vt 0.91775090 0.25377306 0.00000000
vt 0.94726294 0.28829676 0.00000000
vt 0.91975927 0.27137631 0.00000000
vt 0.94843531 0.29245165 0.00000000
vt 0.91937828 0.28215364 0.00000000
vt 0.91746098 0.27832094 0.00000000
vt 0.93205178 0.29745966 0.00000000
vt 0.90967566 0.28537503 0.00000000
vt 0.80299342 0.26462880 0.00000000
vt 0.77019763 0.23020805 0.00000000
vt 0.75480962 0.21910004 0.00000000
vt 0.78874475 0.17061861 0.00000000
vt 0.80838817 0.17830014 0.00000000
vt 0.86691612 0.18161723 0.00000000
vt 0.86353934 0.19301757 0.00000000
vt 0.90717846 0.26390317 0.00000000
vt 0.90119463 0.27339759 0.00000000
vt 0.90140516 0.26997012 0.00000000
vt 0.89282060 0.27630588 0.00000000
vt 0.81364518 0.26009819 0.00000000
vt 0.79210567 0.23813787 0.00000000
vt 0.78194690 0.22846618 0.00000000
vt 0.81231016 0.18784271 0.00000000
vt 0.82614285 0.19300418 0.00000000
vt 0.86215854 0.20279419 0.00000000
vt 0.89659286 0.25633469 0.00000000
vt 0.59028250 0.72462785 0.00000000
vt 0.54186624 0.71906906 0.00000000
vt 0.47087565 0.72160840 0.00000000
vt 0.46319017 0.72142518 0.00000000
vt 0.43752092 0.71163815 0.00000000
vt 0.43680012 0.71092206 0.00000000
vt 0.43659052 0.71034402 0.00000000
vt 0.43658984 0.70953143 0.00000000
vt 0.43692821 0.70837116 0.00000000
vt 0.43774459 0.70674330 0.00000000
vt 0.43916798 0.70453978 0.00000000
vt 0.44128671 0.70172387 0.00000000
vt 0.44181269 0.69866067 0.00000000
vt 0.48151627 0.72154158 0.00000000
vt 0.49452466 0.72118253 0.00000000
vt 0.50930291 0.72059661 0.00000000
vt 0.52527052 0.71986037 0.00000000
vt 0.44212329 0.69612342 0.00000000
vt 0.43646482 0.52343583 0.00000000
vt 0.43509319 0.52119738 0.00000000
vt 0.43431020 0.51954025 0.00000000
vt 0.43398967 0.51835102 0.00000000
vt 0.43400311 0.51752514 0.00000000
vt 0.43421721 0.51694608 0.00000000
vt 0.43622211 0.51544136 0.00000000
vt 0.46121737 0.50697732 0.00000000
vt 0.46904907 0.50688308 0.00000000
vt 0.43852362 0.52628219 0.00000000
vt 0.47988722 0.50717658 0.00000000
vt 0.49306732 0.50784194 0.00000000
vt 0.59060001 0.50629604 0.00000000
vt 0.66028261 0.51171607 0.00000000
vt 0.60748410 0.51246804 0.00000000
vt 0.54125190 0.51082790 0.00000000
vt 0.52439404 0.50971562 0.00000000
vt 0.50812727 0.50869232 0.00000000
vt 0.43898851 0.52927971 0.00000000
vt 0.73007905 0.26172560 0.00000000
vt 0.73913252 0.28209570 0.00000000
vt 0.59556091 0.71686119 0.00000000
vt 0.59288323 0.71615225 0.00000000
vt 0.94361848 0.27138194 0.00000000
vt 0.94731587 0.26832390 0.00000000
vt 0.95129293 0.28540933 0.00000000
vt 0.58528692 0.71413749 0.00000000
vt 0.57624871 0.71056563 0.00000000
vt 0.85426217 0.64054334 0.00000000
vt 0.88322741 0.63821644 0.00000000
vt 0.65178281 0.70286268 0.00000000
vt 0.82423156 0.64391214 0.00000000
vt 0.65442371 0.69688213 0.00000000
vt 0.65260541 0.68505710 0.00000000
vt 0.43795419 0.53965640 0.00000000
vt 0.43777087 0.54146945 0.00000000
vt 0.42838764 0.56709814 0.00000000
vt 0.55867559 0.53870642 0.00000000
vt 0.55972177 0.53347486 0.00000000
vt 0.79566747 0.58284837 0.00000000
vt 0.65495259 0.53872436 0.00000000
vt 0.65202779 0.52714747 0.00000000
vt 0.88506955 0.59158373 0.00000000
vt 0.56897056 0.52380973 0.00000000
vt 0.57643843 0.51984549 0.00000000
vt 0.58547038 0.51653409 0.00000000
vt 0.59589022 0.51401836 0.00000000
vt 0.56427610 0.20681101 0.00000000
vt 0.56429440 0.20678999 0.00000000
vt 0.61345947 0.24888867 0.00000000
vt 0.67118257 0.25707889 0.00000000
vt 0.67056865 0.26185226 0.00000000
vt 0.61235970 0.28411412 0.00000000
vt 0.67200828 0.25168157 0.00000000
vt 0.61195576 0.29071328 0.00000000
vt 0.55675840 0.26811743 0.00000000
vt 0.55576867 0.25809205 0.00000000
vt 0.56016552 0.29538736 0.00000000
vt 0.61097676 0.31062415 0.00000000
vt 0.56054676 0.29757166 0.00000000
vt 0.56098205 0.30006969 0.00000000
vt 0.56127363 0.30142331 0.00000000
vt 0.56168944 0.30335841 0.00000000
vt 0.56198061 0.30471423 0.00000000
vt 0.61077613 0.31400266 0.00000000
vt 0.56221861 0.30591938 0.00000000
vt 0.61063719 0.31709030 0.00000000
vt 0.56321496 0.31143963 0.00000000
vt 0.56351638 0.31444159 0.00000000
vt 0.63488537 0.67298084 0.00000000
vt 0.62341952 0.64013082 0.00000000
vt 0.62398028 0.58956140 0.00000000
vt 0.63527793 0.55729234 0.00000000
vt 0.65495706 0.53875542 0.00000000
vt 0.65291584 0.54474729 0.00000000
vt 0.43109047 0.66470718 0.00000000
vt 0.97314334 0.63670588 0.00000000
vt 0.96730137 0.62978405 0.00000000
vt 0.95474124 0.63525373 0.00000000
vt 0.94957727 0.62750584 0.00000000
vt 0.93313158 0.63494426 0.00000000
vt 0.92881942 0.62650114 0.00000000
vt 0.90897781 0.63624173 0.00000000
vt 0.90542126 0.62722909 0.00000000
vt 0.88023734 0.62867910 0.00000000
vt 0.85262102 0.63048172 0.00000000
vt 0.82362431 0.63305300 0.00000000
vt 0.79450214 0.63569605 0.00000000
vt 0.70889008 0.63727331 0.00000000
vt 0.70934516 0.59297383 0.00000000
vt 0.79545504 0.59411341 0.00000000
vt 0.82463497 0.59662521 0.00000000
vt 0.85354090 0.59943789 0.00000000
vt 0.88134283 0.60108548 0.00000000
vt 0.91252553 0.59479338 0.00000000
vt 0.90740526 0.60338175 0.00000000
vt 0.93813568 0.59991068 0.00000000
vt 0.93143523 0.60722607 0.00000000
vt 0.96067488 0.60750377 0.00000000
vt 0.95252609 0.61244649 0.00000000
vt 0.97826761 0.62104416 0.00000000
vt 0.96950656 0.62101340 0.00000000
vt 0.86364549 0.33119243 0.00000000
vt 0.85225540 0.32170838 0.00000000
vt 0.86339933 0.31536543 0.00000000
vt 0.93327183 0.20204639 0.00000000
vt 0.92712021 0.21102935 0.00000000
vt 0.91794819 0.20963933 0.00000000
vt 0.90854275 0.33483163 0.00000000
vt 0.89588767 0.32652012 0.00000000
vt 0.90488583 0.32027584 0.00000000
vt 0.94481462 0.23056290 0.00000000
vt 0.93908447 0.24087268 0.00000000
vt 0.92944640 0.23441124 0.00000000
vt 0.93425763 0.33328509 0.00000000
vt 0.91823149 0.32743984 0.00000000
vt 0.92608702 0.32076639 0.00000000
vt 0.94833714 0.24986677 0.00000000
vt 0.93960762 0.25916320 0.00000000
vt 0.93331712 0.24875793 0.00000000
vt 0.93701780 0.21637824 0.00000000
vt 0.93344295 0.22584690 0.00000000
vt 0.92366093 0.22116427 0.00000000
vt 0.88626081 0.33340725 0.00000000
vt 0.87439084 0.32451573 0.00000000
vt 0.88440615 0.31831264 0.00000000
vt 0.91712636 0.17163995 0.00000000
vt 0.91694123 0.18463466 0.00000000
vt 0.90647393 0.18248381 0.00000000
vt 0.81614226 0.32376167 0.00000000
vt 0.80592918 0.31246528 0.00000000
vt 0.81965011 0.30705121 0.00000000
vt 0.84032565 0.32776889 0.00000000
vt 0.82955360 0.31785440 0.00000000
vt 0.84154761 0.31155607 0.00000000
vt 0.92727399 0.18658249 0.00000000
vt 0.92347181 0.19878989 0.00000000
vt 0.91282904 0.19651483 0.00000000
vt 0.90008247 0.15280589 0.00000000
vt 0.90489161 0.16750836 0.00000000
vt 0.89363706 0.16966484 0.00000000
vt 0.78956777 0.31424513 0.00000000
vt 0.78411782 0.29905415 0.00000000
vt 0.79679173 0.30026236 0.00000000
vt 0.74960983 0.26754811 0.00000000
vt 0.83326966 0.13532300 0.00000000
vt 0.85272729 0.14930989 0.00000000
vt 0.82874465 0.15478551 0.00000000
vt 0.84814948 0.17237724 0.00000000
vt 0.93185192 0.29845417 0.00000000
vt 0.94499946 0.30022532 0.00000000
vt 0.92187196 0.31491852 0.00000000
vt 0.93108565 0.31755537 0.00000000
vt 0.75319523 0.25720811 0.00000000
vt 0.76911557 0.27405998 0.00000000
vt 0.87158287 0.16638044 0.00000000
vt 0.88527155 0.15802312 0.00000000
vt 0.81214643 0.13523808 0.00000000
vt 0.84193212 0.30369002 0.00000000
vt 0.85151893 0.30741307 0.00000000
vt 0.91680419 0.22407037 0.00000000
vt 0.91408843 0.22006030 0.00000000
vt 0.88287359 0.31109846 0.00000000
vt 0.89259386 0.31314278 0.00000000
vt 0.92665815 0.24789566 0.00000000
vt 0.92434680 0.24108890 0.00000000
vt 0.90221936 0.31365535 0.00000000
vt 0.91234690 0.31537563 0.00000000
vt 0.92878580 0.25406632 0.00000000
vt 0.92286706 0.23602614 0.00000000
vt 0.91865396 0.22952040 0.00000000
vt 0.86279285 0.30771461 0.00000000
vt 0.87281483 0.31088793 0.00000000
vt 0.90639555 0.20174299 0.00000000
vt 0.90205455 0.19396758 0.00000000
vt 0.79989642 0.29293805 0.00000000
vt 0.80823374 0.29723498 0.00000000
vt 0.82100195 0.29890031 0.00000000
vt 0.83021939 0.30313179 0.00000000
vt 0.91148275 0.21302475 0.00000000
vt 0.90814424 0.20549621 0.00000000
vt 0.90081125 0.18984994 0.00000000
vt 0.89522994 0.18463053 0.00000000
vt 0.78318763 0.28745490 0.00000000
vt 0.73975760 0.25040403 0.00000000
vt 0.85247904 0.16247819 0.00000000
vt 0.89135951 0.17798279 0.00000000
vt 0.74405712 0.53423047 0.00000000
vt 0.76718229 0.53857666 0.00000000
vt 0.79446232 0.54517210 0.00000000
vt 0.96575385 0.59302229 0.00000000
vt 0.98272163 0.61884016 0.00000000
vt 0.93628222 0.57806218 0.00000000
vt 0.90659261 0.56879991 0.00000000
vt 0.87759936 0.56228864 0.00000000
vt 0.84987205 0.55656826 0.00000000
vt 0.82214379 0.55087900 0.00000000
vt 0.71103722 0.53095281 0.00000000
vt 0.67789602 0.52775824 0.00000000
vt 0.61873412 0.51328802 0.00000000
vt 0.62920839 0.51533169 0.00000000
vt 0.63828474 0.51837790 0.00000000
vt 0.64606857 0.52239126 0.00000000
vt 0.95609140 0.29402748 0.00000000
vt 0.95750231 0.28957808 0.00000000
vt 0.92756778 0.65594918 0.00000000
vt 0.90198457 0.66163152 0.00000000
vt 0.87631977 0.66715276 0.00000000
vt 0.76672721 0.69048584 0.00000000
vt 0.74372005 0.69538891 0.00000000
vt 0.71070814 0.69782150 0.00000000
vt 0.67780048 0.70249569 0.00000000
vt 0.79400766 0.68476307 0.00000000
vt 0.82134801 0.67903143 0.00000000
vt 0.84879041 0.67327595 0.00000000
vt 0.97582453 0.64121133 0.00000000
vt 0.95311397 0.65027589 0.00000000
vt 0.87352842 0.14769632 0.00000000
vt 0.61848664 0.71780729 0.00000000
vt 0.62894833 0.71602178 0.00000000
vt 0.63822699 0.71242899 0.00000000
vt 0.64588243 0.70795965 0.00000000
vt 0.56258345 0.50496244 0.00000000
vt 0.55734873 0.49688044 0.00000000
vt 0.55734855 0.49596512 0.00000000
vt 0.55830348 0.49592838 0.00000000
vt 0.56774759 0.49901772 0.00000000
vt 0.56350052 0.50555587 0.00000000
vt 0.54135525 0.50947505 0.00000000
vt 0.54138690 0.50932074 0.00000000
vt 0.54008257 0.50886643 0.00000000
vt 0.53979576 0.50873083 0.00000000
vt 0.53868824 0.50832993 0.00000000
vt 0.53822982 0.50810510 0.00000000
vt 0.53686953 0.50812072 0.00000000
vt 0.53694361 0.50693029 0.00000000
vt 0.53492105 0.50751996 0.00000000
vt 0.53541839 0.50582606 0.00000000
vt 0.53355283 0.50502020 0.00000000
vt 0.53309488 0.50673407 0.00000000
vt 0.53137618 0.50454891 0.00000000
vt 0.53109795 0.50591975 0.00000000
vt 0.52854490 0.50470656 0.00000000
vt 0.53004873 0.50219280 0.00000000
vt 0.49948260 0.49735931 0.00000000
vt 0.50168848 0.49148506 0.00000000
vt 0.48054191 0.49054909 0.00000000
vt 0.48295131 0.48496166 0.00000000
vt 0.46264166 0.47503677 0.00000000
vt 0.45868731 0.48276022 0.00000000
vt 0.44238028 0.46754995 0.00000000
vt 0.44147021 0.47470364 0.00000000
vt 0.43111446 0.46665967 0.00000000
vt 0.43310133 0.47104490 0.00000000
vt 0.30551952 0.31606141 0.00000000
vt 0.29781333 0.33299440 0.00000000
vt 0.22956948 0.34832501 0.00000000
vt 0.24830948 0.33679834 0.00000000
vt 0.40322763 0.28632078 0.00000000
vt 0.36612830 0.30819887 0.00000000
vt 0.34954455 0.31429440 0.00000000
vt 0.55512297 0.49063143 0.00000000
vt 0.54323113 0.48257247 0.00000000
vt 0.22814794 0.34561887 0.00000000
vt 0.57020664 0.98728275 0.00000000
vt 0.57523310 1.00000000 0.00000000
vt 0.55756015 0.99246973 0.00000000
vt 0.43682081 0.75561041 0.00000000
vt 0.45577791 0.76896298 0.00000000
vt 0.40884557 0.80429703 0.00000000
vt 0.40093759 0.77033406 0.00000000
vt 0.46912512 0.80851394 0.00000000
vt 0.42263296 0.84813154 0.00000000
vt 0.50234920 0.84292465 0.00000000
vt 0.44494870 0.88693291 0.00000000
vt 0.51617956 0.88524264 0.00000000
vt 0.46233007 0.90732825 0.00000000
vt 0.53108704 0.94487262 0.00000000
vt 0.50978225 0.95361054 0.00000000
vt 0.54746687 0.95827430 0.00000000
vt 0.55005151 0.96081573 0.00000000
vt 0.52522314 0.97099864 0.00000000
vt 0.54481876 0.95585722 0.00000000
vt 0.54212701 0.95353961 0.00000000
vt 0.53938925 0.95130634 0.00000000
vt 0.53663641 0.94912839 0.00000000
vt 0.53386617 0.94699049 0.00000000
vt 0.54890555 0.98910558 0.00000000
vt 0.55866861 0.48841572 0.00000000
vt 0.57531875 0.48620284 0.00000000
vt 0.57650840 0.47971490 0.00000000
vt 0.55017066 0.47216958 0.00000000
vt 0.53952116 0.44752163 0.00000000
vt 0.55026501 0.42349982 0.00000000
vt 0.56407887 0.45571959 0.00000000
vt 0.56969309 0.46672440 0.00000000
vt 0.53132713 0.42676732 0.00000000
vt 0.54206693 0.41216964 0.00000000
vt 0.51580215 0.41119993 0.00000000
vt 0.52653652 0.39652938 0.00000000
vt 0.49937662 0.39789015 0.00000000
vt 0.50927430 0.38546905 0.00000000
vt 0.49665442 0.37656325 0.00000000
vt 0.47903979 0.39680785 0.00000000
vt 0.22687139 0.33945954 0.00000000
vt 0.26882491 0.32489964 0.00000000
vt 0.31483176 0.30883151 0.00000000
vt 0.39980569 0.27919766 0.00000000
vt 0.31591290 0.49468264 0.00000000
vt 0.30946130 0.49970528 0.00000000
vt 0.30644381 0.49045998 0.00000000
vt 0.31629938 0.48464808 0.00000000
vt 0.53274673 0.49758783 0.00000000
vt 0.50903529 0.48233795 0.00000000
vt 0.48978516 0.47401550 0.00000000
vt 0.52321714 0.43617839 0.00000000
vt 0.53378177 0.45496017 0.00000000
vt 0.47094017 0.46244788 0.00000000
vt 0.50581837 0.42207158 0.00000000
vt 0.44869265 0.45469385 0.00000000
vt 0.48426637 0.41380405 0.00000000
vt 0.42979398 0.45249334 0.00000000
vt 0.45880979 0.41789779 0.00000000
vt 0.50479686 0.48725623 0.00000000
vt 0.48584032 0.47999135 0.00000000
vt 0.46597892 0.46946639 0.00000000
vt 0.44439790 0.46206814 0.00000000
vt 0.43166542 0.46264365 0.00000000
vt 0.31480151 0.43116519 0.00000000
vt 0.30552521 0.42733890 0.00000000
vt 0.30606970 0.42300248 0.00000000
vt 0.31978917 0.43091881 0.00000000
vt 0.42005154 0.46920407 0.00000000
vt 0.42066547 0.46206874 0.00000000
vt 0.54692495 0.47641569 0.00000000
vt 0.55700189 0.48931620 0.00000000
vt 0.53719860 0.45079634 0.00000000
vt 0.52759159 0.43107930 0.00000000
vt 0.51142859 0.41601172 0.00000000
vt 0.49235532 0.40532374 0.00000000
vt 0.47031668 0.40560240 0.00000000
vt 0.27878818 0.40600789 0.00000000
vt 0.27622163 0.40830198 0.00000000
vt 0.27033395 0.40244061 0.00000000
vt 0.26828229 0.39830044 0.00000000
vt 0.38164607 0.46067166 0.00000000
vt 0.39291748 0.46503487 0.00000000
vt 0.38740864 0.46653029 0.00000000
vt 0.38034534 0.46414807 0.00000000
vt 0.26287395 0.39035326 0.00000000
vt 0.26499945 0.38595751 0.00000000
vt 0.27557132 0.39526790 0.00000000
vt 0.36909896 0.45880908 0.00000000
vt 0.37061623 0.45357823 0.00000000
vt 0.38115400 0.45839179 0.00000000
vt 0.24805917 0.36852390 0.00000000
vt 0.24351041 0.37300521 0.00000000
vt 0.23929442 0.36717117 0.00000000
vt 0.23827177 0.36380801 0.00000000
vt 0.24936220 0.34984815 0.00000000
vt 0.26249403 0.35009339 0.00000000
vt 0.25594795 0.36027274 0.00000000
vt 0.23461419 0.36117908 0.00000000
vt 0.23327142 0.35646150 0.00000000
vt 0.25093892 0.38070831 0.00000000
vt 0.25403309 0.37172598 0.00000000
vt 0.26113737 0.37622920 0.00000000
vt 0.25880349 0.39222845 0.00000000
vt 0.25241458 0.38416573 0.00000000
vt 0.29578269 0.41982988 0.00000000
vt 0.29563051 0.42346916 0.00000000
vt 0.28972134 0.41870177 0.00000000
vt 0.28666285 0.41419894 0.00000000
vt 0.27952015 0.40260354 0.00000000
vt 0.28879771 0.41080251 0.00000000
vt 0.33636573 0.44404003 0.00000000
vt 0.32575276 0.43933648 0.00000000
vt 0.32852408 0.43364042 0.00000000
vt 0.33782980 0.43970147 0.00000000
vt 0.34663311 0.45011520 0.00000000
vt 0.34899318 0.44502130 0.00000000
vt 0.35728347 0.45040327 0.00000000
vt 0.36122659 0.45353135 0.00000000
vt 0.36316279 0.45967713 0.00000000
vt 0.35727948 0.45682243 0.00000000
vt 0.40553904 0.46629301 0.00000000
vt 0.39619884 0.45948145 0.00000000
vt 0.41084465 0.46195793 0.00000000
vt 0.41474709 0.47171697 0.00000000
vt 0.40557918 0.47000718 0.00000000
vt 0.24621545 0.37818131 0.00000000
vt 0.26234078 0.39628822 0.00000000
vt 0.28017035 0.41260025 0.00000000
vt 0.29718640 0.41737399 0.00000000
vt 0.31467819 0.43531913 0.00000000
vt 0.31009367 0.43321279 0.00000000
vt 0.33559150 0.44679579 0.00000000
vt 0.33115259 0.44582123 0.00000000
vt 0.37584829 0.46322116 0.00000000
vt 0.40062627 0.46858677 0.00000000
vt 0.42880899 0.47173929 0.00000000
vt 0.29826710 0.42680269 0.00000000
vt 0.35319984 0.45553875 0.00000000
vt 0.31770810 0.43954098 0.00000000
vt 0.38139814 0.64079988 0.00000000
vt 0.39173409 0.64956641 0.00000000
vt 0.39241853 0.66459346 0.00000000
vt 0.40268010 0.67570013 0.00000000
vt 0.40073022 0.68976915 0.00000000
vt 0.41206077 0.69945127 0.00000000
vt 0.41257855 0.71580803 0.00000000
vt 0.42501938 0.72727501 0.00000000
vt 0.42240769 0.74491876 0.00000000
vt 0.32765898 0.50657022 0.00000000
vt 0.32559246 0.51695693 0.00000000
vt 0.33821157 0.52958935 0.00000000
vt 0.33567974 0.54088658 0.00000000
vt 0.35010117 0.55657834 0.00000000
vt 0.34758815 0.56974345 0.00000000
vt 0.36040980 0.57858598 0.00000000
vt 0.35941750 0.59427619 0.00000000
vt 0.37183595 0.60336065 0.00000000
vt 0.37119201 0.61555797 0.00000000
vt 0.38220578 0.62748647 0.00000000
vt 0.33874726 0.45109099 0.00000000
vt 0.39411199 0.00246906 0.00000000
vt 0.38865048 0.01077009 0.00000000
vt 0.38788047 0.01133625 0.00000000
vt 0.38731039 0.01062020 0.00000000
vt 0.38636860 0.00103727 0.00000000
vt 0.38671613 0.00000170 0.00000000
vt 0.36695358 0.01073516 0.00000000
vt 0.36707437 0.01083620 0.00000000
vt 0.36633742 0.01200425 0.00000000
vt 0.36619753 0.01228898 0.00000000
vt 0.36558107 0.01329271 0.00000000
vt 0.36536258 0.01375414 0.00000000
vt 0.36428887 0.01458962 0.00000000
vt 0.36508861 0.01547453 0.00000000
vt 0.36313930 0.01627356 0.00000000
vt 0.36458382 0.01728851 0.00000000
vt 0.36362678 0.01908124 0.00000000
vt 0.36220062 0.01802615 0.00000000
vt 0.36221817 0.02080623 0.00000000
vt 0.36114621 0.01990733 0.00000000
vt 0.36264777 0.02347606 0.00000000
vt 0.35990533 0.02244705 0.00000000
vt 0.34175274 0.04630245 0.00000000
vt 0.34713838 0.04952255 0.00000000
vt 0.33118200 0.06343109 0.00000000
vt 0.33654800 0.06629994 0.00000000
vt 0.32684723 0.08671753 0.00000000
vt 0.31894189 0.08314069 0.00000000
vt 0.31566495 0.10519811 0.00000000
vt 0.31049597 0.10016998 0.00000000
vt 0.30740833 0.11291413 0.00000000
vt 0.30622998 0.10824614 0.00000000
vt 0.30277941 0.30903682 0.00000000
vt 0.24510992 0.32847339 0.00000000
vt 0.22350392 0.33105370 0.00000000
vt 0.28640792 0.30052900 0.00000000
vt 0.39796641 0.27133933 0.00000000
vt 0.33853436 0.28291586 0.00000000
vt 0.35530737 0.27734840 0.00000000
vt 0.38946348 0.01689471 0.00000000
vt 0.38518405 0.03060779 0.00000000
vt 0.22270264 0.32870257 0.00000000
vt 0.23803115 0.31753030 0.00000000
vt 0.01238907 0.01078886 0.00000000
vt 0.00149790 0.01904842 0.00000000
vt 0.00398717 0.00000000 0.00000000
vt 0.14420861 0.24335632 0.00000000
vt 0.11330020 0.26678833 0.00000000
vt 0.08806051 0.24272653 0.00000000
vt 0.14233473 0.22024447 0.00000000
vt 0.11504393 0.18865897 0.00000000
vt 0.05730332 0.20858623 0.00000000
vt 0.03521335 0.16965578 0.00000000
vt 0.10227660 0.14256208 0.00000000
vt 0.07284774 0.10915500 0.00000000
vt 0.02647261 0.14432453 0.00000000
vt 0.02905307 0.06602739 0.00000000
vt 0.01070536 0.07994173 0.00000000
vt 0.00356931 0.05780925 0.00000000
vt 0.02495156 0.04159360 0.00000000
vt 0.02582801 0.04511081 0.00000000
vt 0.02656524 0.04861959 0.00000000
vt 0.02719442 0.05211540 0.00000000
vt 0.02772756 0.05560801 0.00000000
vt 0.02820543 0.05908551 0.00000000
vt 0.02864007 0.06255770 0.00000000
vt 0.00000000 0.02821214 0.00000000
vt 0.39361715 0.01641834 0.00000000
vt 0.40801868 0.00777440 0.00000000
vt 0.41299179 0.01210760 0.00000000
vt 0.39709356 0.03442027 0.00000000
vt 0.41575584 0.02651469 0.00000000
vt 0.41822195 0.03862002 0.00000000
vt 0.42749393 0.07242788 0.00000000
vt 0.40412247 0.06033413 0.00000000
vt 0.42814186 0.08639791 0.00000000
vt 0.41064581 0.08167266 0.00000000
vt 0.42574039 0.10830791 0.00000000
vt 0.40820318 0.10352224 0.00000000
vt 0.41913074 0.12771469 0.00000000
vt 0.40364918 0.12416716 0.00000000
vt 0.41480920 0.14254384 0.00000000
vt 0.38841674 0.13768585 0.00000000
vt 0.22408645 0.33406991 0.00000000
vt 0.30756655 0.48003346 0.00000000
vt 0.29996321 0.48304009 0.00000000
vt 0.36762741 0.02539669 0.00000000
vt 0.35858420 0.05209891 0.00000000
vt 0.39499855 0.05809243 0.00000000
vt 0.39843848 0.07936531 0.00000000
vt 0.34871340 0.07060304 0.00000000
vt 0.39362025 0.10124015 0.00000000
vt 0.34118181 0.09139301 0.00000000
vt 0.38191459 0.12113576 0.00000000
vt 0.32861263 0.11132028 0.00000000
vt 0.35945240 0.13379632 0.00000000
vt 0.31520185 0.12481724 0.00000000
vt 0.35220450 0.05089308 0.00000000
vt 0.34190455 0.06838726 0.00000000
vt 0.33292839 0.08899492 0.00000000
vt 0.32065880 0.10822857 0.00000000
vt 0.31034148 0.11571197 0.00000000
vt 0.23855205 0.21315061 0.00000000
vt 0.24260630 0.21023561 0.00000000
vt 0.23680851 0.22497600 0.00000000
vt 0.23368086 0.22192341 0.00000000
vt 0.30209628 0.12301573 0.00000000
vt 0.29717025 0.11781731 0.00000000
vt 0.39175254 0.01675277 0.00000000
vt 0.39190930 0.03312166 0.00000000
vt 0.40026560 0.05922012 0.00000000
vt 0.40503728 0.08062777 0.00000000
vt 0.40178412 0.10248399 0.00000000
vt 0.39352560 0.12272829 0.00000000
vt 0.37611395 0.13624284 0.00000000
vt 0.22605999 0.25526711 0.00000000
vt 0.22264558 0.26784167 0.00000000
vt 0.22167051 0.26332518 0.00000000
vt 0.22262329 0.25507203 0.00000000
vt 0.27244827 0.14842139 0.00000000
vt 0.26926476 0.14651291 0.00000000
vt 0.27330494 0.14024852 0.00000000
vt 0.27854538 0.13798556 0.00000000
vt 0.22336692 0.27742758 0.00000000
vt 0.23023498 0.26567230 0.00000000
vt 0.22776772 0.27954158 0.00000000
vt 0.26379526 0.15769632 0.00000000
vt 0.27348399 0.15051123 0.00000000
vt 0.26824141 0.16084222 0.00000000
vt 0.22538036 0.30373257 0.00000000
vt 0.22066517 0.31351951 0.00000000
vt 0.21936932 0.31025183 0.00000000
vt 0.21903172 0.30306140 0.00000000
vt 0.23668772 0.30527231 0.00000000
vt 0.24814489 0.30915716 0.00000000
vt 0.22133105 0.32238179 0.00000000
vt 0.21944249 0.31785476 0.00000000
vt 0.22004233 0.29240778 0.00000000
vt 0.23080705 0.28955752 0.00000000
vt 0.22805688 0.29750615 0.00000000
vt 0.21904212 0.28878412 0.00000000
vt 0.21901534 0.27849710 0.00000000
vt 0.23073968 0.23386703 0.00000000
vt 0.22711536 0.24395381 0.00000000
vt 0.22670183 0.23852628 0.00000000
vt 0.22835316 0.23111546 0.00000000
vt 0.23090121 0.24528025 0.00000000
vt 0.22875342 0.25747392 0.00000000
vt 0.24739584 0.18964389 0.00000000
vt 0.25124404 0.19212513 0.00000000
vt 0.24774210 0.20266426 0.00000000
vt 0.24202585 0.19993573 0.00000000
vt 0.25164101 0.17849460 0.00000000
vt 0.26092651 0.16672960 0.00000000
vt 0.25979155 0.17163309 0.00000000
vt 0.25666079 0.18100840 0.00000000
vt 0.25578859 0.16661482 0.00000000
vt 0.25861135 0.16071630 0.00000000
vt 0.28763330 0.12913686 0.00000000
vt 0.29448411 0.12922166 0.00000000
vt 0.28457221 0.14028449 0.00000000
vt 0.28535041 0.12620692 0.00000000
vt 0.29145569 0.11915717 0.00000000
vt 0.21792246 0.29732749 0.00000000
vt 0.21925232 0.27311772 0.00000000
vt 0.22303356 0.24924977 0.00000000
vt 0.23336767 0.23491339 0.00000000
vt 0.23359399 0.21448253 0.00000000
vt 0.23586729 0.20997840 0.00000000
vt 0.24220857 0.19149891 0.00000000
vt 0.24507326 0.18797083 0.00000000
vt 0.26632497 0.15003996 0.00000000
vt 0.28236160 0.13040403 0.00000000
vt 0.30244008 0.11037765 0.00000000
vt 0.22833820 0.22686537 0.00000000
vt 0.25339773 0.17016096 0.00000000
vt 0.23560637 0.20478843 0.00000000
vt 0.23151889 0.37102258 0.00000000
vt 0.24235307 0.37666291 0.00000000
vt 0.24387102 0.39197439 0.00000000
vt 0.25789097 0.39908868 0.00000000
vt 0.25899589 0.41462457 0.00000000
vt 0.27161285 0.41914636 0.00000000
vt 0.27780533 0.43953896 0.00000000
vt 0.28882283 0.44309601 0.00000000
vt 0.29329529 0.46038225 0.00000000
vt 0.30329221 0.46387759 0.00000000
vt 0.14609815 0.26120222 0.00000000
vt 0.16262302 0.26791361 0.00000000
vt 0.16618223 0.28445449 0.00000000
vt 0.18000938 0.29320824 0.00000000
vt 0.18259490 0.30788594 0.00000000
vt 0.19570434 0.31335202 0.00000000
vt 0.20005989 0.32783252 0.00000000
vt 0.21265687 0.33605444 0.00000000
vt 0.21495873 0.34941041 0.00000000
vt 0.22683752 0.35547662 0.00000000
vt 0.24486509 0.18264516 0.00000000
vt 0.23040783 0.35066316 0.00000000
vt 0.65786338 0.42578274 0.00000000
vt 0.65566939 0.43113229 0.00000000
vt 0.66858530 0.21311849 0.00000000
vt 0.67101383 0.21869320 0.00000000
vt 0.67241889 0.22547793 0.00000000
vt 0.67295247 0.23334657 0.00000000
vt 0.67276597 0.24213560 0.00000000
vt 0.66724765 0.28132591 0.00000000
vt 0.66549188 0.28989500 0.00000000
vt 0.66368967 0.29755339 0.00000000
vt 0.65744221 0.32131848 0.00000000
vt 0.65673757 0.32773596 0.00000000
vt 0.65635890 0.33520263 0.00000000
vt 0.65618300 0.34374887 0.00000000
vt 0.65614104 0.35324943 0.00000000
vt 0.65624124 0.36352581 0.00000000
vt 0.65820765 0.40432084 0.00000000
vt 0.65870160 0.41246811 0.00000000
vt 0.65871835 0.41961080 0.00000000
vt 0.66496682 0.20878556 0.00000000
vt 0.66498494 0.20880729 0.00000000
vt 0.66904175 0.27194339 0.00000000
vt 0.66850400 0.27439168 0.00000000
vt 0.66187680 0.30425280 0.00000000
vt 0.66013259 0.31011119 0.00000000
vt 0.66012698 0.31013104 0.00000000
vt 0.65859079 0.31560534 0.00000000
# 961 texture coords

o mosa_skull
g mosa_skull
usemtl wire_008110135
s 2
f 1/1/1 2/2/2 3/3/3 
f 3/3/3 4/4/4 1/1/1 
s off
f 2/5/5 5/6/5 6/7/5 
f 6/7/6 3/8/6 2/5/6 
s 2
f 5/6/7 7/9/8 8/10/9 
f 8/10/9 6/7/10 5/6/7 
f 9/11/11 10/12/12 11/13/13 
f 11/13/13 12/14/14 9/11/11 
f 10/12/12 13/15/15 14/16/16 
f 14/16/16 11/13/13 10/12/12 
f 13/15/15 15/17/17 16/18/18 
f 16/18/18 14/16/16 13/15/15 
f 15/17/17 17/19/19 18/20/20 
f 18/20/20 16/18/18 15/17/17 
f 19/21/21 20/22/22 21/23/23 
f 21/23/23 22/24/24 19/21/21 
f 20/22/22 23/25/25 24/26/26 
f 24/26/26 21/23/23 20/22/22 
f 23/25/25 25/27/27 26/28/28 
f 26/28/28 24/26/26 23/25/25 
f 25/27/27 27/29/29 28/30/30 
f 28/30/30 26/28/28 25/27/27 
f 27/29/29 29/31/31 30/32/32 
f 30/32/32 28/30/30 27/29/29 
f 29/31/31 31/33/33 32/34/34 
f 32/34/34 30/32/32 29/31/31 
f 31/33/33 33/35/35 34/36/36 
f 34/36/36 32/34/34 31/33/33 
f 33/35/35 35/37/37 36/38/38 
f 36/38/38 34/36/36 33/35/35 
f 35/37/37 37/39/39 38/40/40 
f 38/40/40 36/38/38 35/37/37 
f 39/41/41 40/42/42 38/40/40 
f 38/40/40 37/39/39 39/41/41 
f 41/43/43 42/44/44 43/45/45 
f 44/46/46 45/47/47 46/48/48 
f 47/49/49 48/50/50 49/51/51 
f 50/52/52 51/53/53 52/54/54 
f 50/52/52 52/54/54 53/55/55 
f 54/56/56 50/52/52 53/55/55 
f 55/57/57 56/58/58 57/59/59 
f 57/59/59 58/60/60 55/57/57 
f 56/58/58 59/61/61 60/62/62 
f 60/62/62 57/59/59 56/58/58 
f 59/61/61 61/63/63 62/64/64 
f 62/64/64 60/62/62 59/61/61 
f 61/63/63 63/65/65 64/66/66 
f 64/66/66 62/64/64 61/63/63 
f 63/65/65 65/67/67 66/68/68 
f 66/68/68 64/66/66 63/65/65 
f 65/67/67 67/69/69 68/70/69 
f 68/70/69 66/68/68 65/67/67 
f 67/69/69 69/71/70 70/72/71 
f 70/72/71 68/70/69 67/69/69 
f 69/71/70 71/73/72 72/74/73 
f 72/74/73 70/72/71 69/71/70 
f 71/73/72 73/75/74 74/76/75 
f 74/76/75 72/74/73 71/73/72 
f 73/75/74 75/77/76 76/78/77 
f 76/78/77 74/76/75 73/75/74 
f 75/77/76 77/79/78 78/80/79 
f 78/80/79 76/78/77 75/77/76 
f 77/79/78 79/81/80 80/82/81 
f 80/82/81 78/80/79 77/79/78 
f 79/81/80 81/83/82 82/84/83 
f 82/84/83 80/82/81 79/81/80 
f 81/83/82 83/85/84 84/86/85 
f 84/86/85 82/84/83 81/83/82 
f 83/85/84 85/87/86 86/88/87 
f 86/88/87 84/86/85 83/85/84 
f 85/87/86 87/89/88 88/90/88 
f 88/90/88 86/88/87 85/87/86 
f 87/89/88 89/91/89 90/92/89 
f 90/92/89 88/90/88 87/89/88 
f 89/91/89 91/93/90 92/94/91 
f 92/94/91 90/92/89 89/91/89 
f 91/93/90 93/95/92 94/96/93 
f 94/96/93 92/94/91 91/93/90 
f 93/95/92 95/97/94 96/98/94 
f 96/98/94 94/96/93 93/95/92 
f 95/97/94 97/99/95 98/100/96 
f 98/100/96 96/98/94 95/97/94 
f 97/99/95 99/101/97 100/102/98 
f 100/102/98 98/100/96 97/99/95 
f 99/101/97 1/1/1 4/4/4 
f 4/4/4 100/102/98 99/101/97 
s 1
f 101/103/99 102/104/99 103/105/100 
f 104/106/99 105/107/99 92/108/99 
f 106/109/99 104/106/99 92/108/99 
f 106/109/99 92/108/99 94/110/99 
f 107/111/101 108/112/102 109/113/103 
f 106/109/99 94/110/99 96/114/99 
f 96/114/99 110/115/99 106/109/99 
s 4
f 111/116/104 95/117/105 93/118/106 
f 112/119/107 113/120/108 114/121/109 
f 115/122/110 93/118/106 91/123/111 
f 91/123/111 116/124/112 115/122/110 
f 117/125/113 116/124/112 91/123/111 
f 118/126/114 119/127/115 120/128/116 
f 121/129/117 117/125/113 91/123/111 
f 122/130/118 121/129/117 91/123/111 
f 122/130/118 91/123/111 89/131/119 
f 89/131/119 123/132/120 122/130/118 
s 2
f 124/133/121 125/134/122 126/135/123 
f 126/135/123 127/136/124 124/133/121 
f 118/137/125 128/138/126 129/139/127 
f 129/139/127 130/140/128 118/137/125 
f 130/140/128 129/139/127 131/141/129 
f 131/141/129 132/142/130 130/140/128 
f 132/142/130 131/141/129 133/143/131 
f 133/143/131 134/144/132 132/142/130 
f 134/144/132 133/143/131 135/145/133 
f 135/145/133 136/146/134 134/144/132 
f 136/146/134 135/145/133 137/147/135 
f 137/147/135 138/148/136 136/146/134 
f 139/149/137 140/150/138 141/151/139 
f 141/151/139 142/152/140 139/149/137 
f 142/152/140 141/151/139 143/153/141 
f 143/153/141 144/154/142 142/152/140 
f 145/155/143 146/156/144 147/157/145 
f 147/157/145 148/158/146 145/155/143 
f 148/158/146 147/157/145 149/159/147 
f 149/159/147 150/160/148 148/158/146 
f 150/160/148 149/159/147 151/161/149 
f 151/161/149 152/162/150 150/160/148 
f 152/162/150 151/161/149 153/163/151 
f 153/163/151 154/164/152 152/162/150 
f 154/164/152 153/163/151 155/165/153 
f 155/165/153 156/166/154 154/164/152 
f 156/166/154 155/165/153 157/167/155 
f 157/167/155 158/168/156 156/166/154 
f 159/169/157 160/170/158 161/171/159 
f 161/171/159 162/172/160 159/169/157 
f 162/172/160 161/171/159 163/173/161 
f 163/173/161 112/174/162 162/172/160 
f 112/174/162 163/173/161 164/175/163 
f 164/175/163 113/176/164 112/174/162 
f 113/176/164 164/175/163 125/134/122 
f 125/134/122 124/133/121 113/176/164 
s 1
f 165/177/165 166/178/166 167/179/167 
f 168/180/99 110/115/99 96/114/99 
f 96/114/99 98/181/99 168/180/99 
f 168/180/99 98/181/99 100/182/168 
f 100/182/168 169/183/169 168/180/99 
s off
f 170/184/170 171/185/170 172/186/170 
f 172/186/171 173/187/171 170/184/171 
f 8/10/172 7/9/172 9/11/172 
f 9/11/173 12/14/173 8/10/173 
s 4
f 148/188/174 174/189/175 145/190/176 
f 154/191/177 175/192/178 152/193/179 
s 1
f 176/194/180 173/187/181 177/195/182 
s 4
f 171/185/183 178/196/184 172/186/185 
s off
f 18/20/186 17/19/186 19/21/186 
f 19/21/187 22/24/187 18/20/187 
s 8
f 177/195/188 179/197/189 39/41/190 
f 172/186/191 180/198/192 181/199/193 
f 177/195/188 173/187/194 179/197/189 
f 180/198/192 40/42/195 181/199/193 
s 1
f 176/194/180 170/184/196 173/187/181 
s 4
f 178/196/184 180/198/197 172/186/185 
f 154/191/177 156/200/198 175/192/178 
f 156/200/198 158/201/156 175/192/178 
s 6
f 175/192/178 158/201/156 159/202/157 
s 1
f 182/203/199 183/204/200 184/205/201 
s 3
f 185/206/202 160/170/158 157/167/155 
f 157/167/155 186/207/203 185/206/202 
s 1
f 186/208/203 182/203/199 184/205/201 
f 185/209/202 186/208/203 184/205/201 
f 187/210/204 188/211/205 189/212/206 
f 190/213/207 187/210/204 189/212/206 
s 4
f 148/188/174 150/214/208 174/189/175 
f 145/190/176 174/189/175 191/215/209 
s 1
f 192/216/210 189/212/206 188/211/205 
s 2
f 193/217/211 194/218/212 195/219/213 
f 195/219/213 196/220/214 193/217/211 
f 197/221/215 193/217/211 196/220/214 
f 196/220/214 198/222/216 197/221/215 
f 199/223/217 197/221/215 198/222/216 
f 198/222/216 200/224/218 199/223/217 
f 201/225/219 199/223/217 200/224/218 
f 200/224/218 202/226/220 201/225/219 
f 203/227/221 204/228/222 205/229/223 
f 205/229/223 206/230/224 203/227/221 
f 207/231/225 208/232/226 209/233/227 
f 209/233/227 210/234/228 207/231/225 
f 211/235/229 212/236/230 213/237/231 
f 213/237/231 214/238/232 211/235/229 
f 103/239/233 215/240/234 211/235/229 
f 103/239/233 211/235/229 214/238/232 
f 216/241/235 103/239/233 214/238/232 
s 1
f 217/242/236 218/243/237 219/244/238 
f 220/245/239 217/242/236 219/244/238 
f 221/246/240 220/245/239 219/244/238 
f 222/247/241 221/246/240 219/244/238 
f 223/248/242 222/247/241 219/244/238 
f 224/249/243 223/248/242 219/244/238 
f 225/250/244 224/249/243 219/244/238 
f 226/251/245 52/54/246 227/252/247 
f 228/253/248 226/251/245 227/252/247 
f 228/253/248 227/252/247 229/254/249 
f 230/255/250 228/253/248 229/254/249 
f 52/54/246 51/53/251 231/256/252 
f 231/256/252 227/252/247 52/54/246 
s off
f 51/53/253 216/241/253 232/257/253 
f 232/257/254 231/256/254 51/53/254 
s 1
f 216/241/255 214/238/256 233/258/257 
f 233/258/257 232/257/258 216/241/255 
f 213/237/259 234/259/260 235/260/261 
f 214/238/256 213/237/259 235/260/261 
f 214/238/256 235/260/261 233/258/257 
f 210/234/262 236/261/263 237/262/264 
f 237/262/264 238/263/265 239/264/266 
f 239/264/266 240/265/267 241/266/268 
f 237/262/264 239/264/266 241/266/268 
f 210/234/262 237/262/264 241/266/268 
f 210/234/262 241/266/268 242/267/269 
f 203/227/270 206/230/224 243/268/271 
f 243/268/271 244/269/272 203/227/270 
s 4
f 243/268/273 245/270/274 246/271/275 
f 246/271/275 247/272/276 243/268/273 
s 8
f 245/270/277 248/273/278 249/274/279 
f 249/274/279 246/271/280 245/270/277 
s 10
f 219/244/281 229/254/282 250/275/283 
f 248/273/278 219/244/281 250/275/283 
f 248/273/278 250/275/283 249/274/279 
f 229/254/282 227/252/284 251/276/285 
f 251/276/285 250/275/283 229/254/282 
s 8
f 227/252/284 231/256/286 252/277/287 
f 252/277/287 251/276/285 227/252/284 
s 10
f 231/256/286 232/257/288 253/278/289 
f 253/278/289 252/277/287 231/256/286 
s 8
f 232/257/288 233/258/290 254/279/291 
f 254/279/291 253/278/289 232/257/288 
s 6
f 235/260/292 255/280/293 256/281/294 
f 233/258/292 235/260/292 256/281/294 
f 233/258/292 256/281/294 254/279/295 
f 255/280/293 244/269/296 257/282/297 
f 257/282/297 256/281/294 255/280/293 
s 4
f 244/269/296 243/268/273 247/272/276 
f 247/272/276 257/282/297 244/269/296 
f 247/272/276 246/271/275 258/283/298 
f 258/283/298 259/284/299 247/272/276 
s 8
f 246/271/280 249/274/279 260/285/300 
f 260/285/300 258/283/301 246/271/280 
s 10
f 249/274/279 250/275/283 261/286/302 
f 261/286/302 260/285/300 249/274/279 
f 250/275/283 251/276/285 262/287/303 
f 262/287/303 261/286/302 250/275/283 
s 8
f 251/276/285 252/277/287 263/288/304 
f 263/288/304 262/287/303 251/276/285 
s 10
f 252/277/287 253/278/289 264/289/305 
f 264/289/305 263/288/304 252/277/287 
s 8
f 253/278/289 254/279/291 265/290/306 
f 265/290/306 264/289/305 253/278/289 
s 6
f 254/279/295 256/281/294 266/291/307 
f 266/291/307 265/290/308 254/279/295 
f 256/281/294 257/282/297 267/292/309 
f 267/292/309 266/291/307 256/281/294 
s 4
f 257/282/297 247/272/276 259/284/299 
f 259/284/299 267/292/309 257/282/297 
s 2
f 39/41/41 179/197/310 181/199/311 
f 181/199/311 40/42/42 39/41/41 
f 51/53/53 50/52/52 55/57/57 
f 216/241/235 51/53/53 55/57/57 
f 216/241/235 55/57/57 58/60/60 
f 216/241/235 58/60/60 103/239/233 
s 1
f 101/103/99 103/105/100 58/293/99 
f 101/103/99 58/293/99 57/294/99 
f 68/295/99 70/296/99 72/297/99 
f 72/297/99 74/298/99 76/299/99 
f 76/299/99 78/300/99 80/301/99 
f 72/297/99 76/299/99 80/301/99 
f 80/301/99 82/302/99 84/303/99 
f 72/297/99 80/301/99 84/303/99 
f 68/295/99 72/297/99 84/303/99 
f 68/295/99 84/303/99 86/304/99 
f 68/295/99 86/304/99 88/305/99 
f 66/306/99 68/295/99 88/305/99 
f 64/307/99 66/306/99 88/305/99 
f 62/308/99 64/307/99 88/305/99 
f 60/309/99 62/308/99 88/305/99 
f 60/309/99 88/305/99 90/310/99 
f 57/294/99 60/309/99 90/310/99 
f 101/103/99 57/294/99 90/310/99 
s 4
f 83/311/312 81/312/313 79/313/314 
f 79/313/314 77/314/315 75/315/316 
f 83/311/312 79/313/314 75/315/316 
f 75/315/316 73/316/317 71/317/318 
f 83/311/312 75/315/316 71/317/318 
f 83/311/312 71/317/318 69/318/318 
f 83/311/312 69/318/318 67/319/319 
f 85/320/320 83/311/312 67/319/319 
f 67/319/319 65/321/321 63/322/322 
f 85/320/320 67/319/319 63/322/322 
f 55/323/105 50/324/323 268/325/324 
f 56/326/112 55/323/105 268/325/324 
f 56/326/112 268/325/324 89/131/119 
f 59/327/325 56/326/112 89/131/119 
f 61/328/325 59/327/325 89/131/119 
f 63/322/322 61/328/325 89/131/119 
f 63/322/322 89/131/119 87/329/326 
f 85/320/320 63/322/322 87/329/326 
f 269/330/327 270/331/328 54/56/329 
s 1
f 271/332/99 101/103/99 90/310/99 
f 90/310/99 92/108/99 272/333/99 
f 271/332/99 90/310/99 272/333/99 
f 273/334/330 274/335/331 275/336/332 
f 276/337/99 272/333/99 92/108/99 
f 277/338/99 276/337/99 92/108/99 
f 277/338/99 92/108/99 105/107/99 
f 278/339/333 279/340/334 280/341/335 
f 281/342/336 278/339/333 280/341/335 
f 281/342/336 280/341/335 282/343/337 
f 282/343/337 109/113/103 108/112/102 
f 108/112/102 281/342/336 282/343/337 
f 283/344/338 165/177/165 167/179/167 
f 167/179/167 108/112/102 107/111/101 
f 283/344/338 167/179/167 107/111/101 
s 4
f 97/345/339 95/117/105 111/116/104 
f 97/345/339 111/116/104 145/190/176 
f 97/345/339 145/190/176 191/215/209 
f 99/346/340 97/345/339 191/215/209 
f 99/346/340 191/215/209 1/347/341 
f 284/348/342 111/116/104 93/118/106 
f 285/349/343 284/348/342 93/118/106 
f 285/349/343 93/118/106 115/122/110 
f 118/126/114 120/128/116 286/350/344 
f 286/350/344 287/351/345 118/126/114 
f 130/352/346 288/353/347 119/127/115 
f 119/127/115 118/126/114 130/352/346 
f 144/354/348 123/132/120 89/131/119 
f 142/355/349 144/354/348 89/131/119 
f 139/356/350 142/355/349 89/131/119 
f 289/357/351 139/356/350 89/131/119 
f 289/357/351 89/131/119 268/325/324 
s 2
f 287/358/352 127/359/124 126/360/123 
f 287/358/352 126/360/123 128/138/126 
f 287/358/352 128/138/126 118/137/125 
f 102/361/353 101/362/354 290/363/355 
f 102/361/353 290/363/355 137/147/135 
f 102/361/353 137/147/135 291/364/356 
f 290/363/355 292/365/357 289/366/358 
f 289/366/358 268/367/359 290/363/355 
f 292/365/357 140/150/138 139/149/137 
f 139/149/137 289/366/358 292/365/357 
f 123/368/360 144/154/142 143/153/141 
f 123/368/360 143/153/141 293/369/361 
f 122/370/362 123/368/360 293/369/361 
f 122/370/362 293/369/361 121/371/363 
f 117/372/364 121/371/363 293/369/361 
f 116/373/365 117/372/364 293/369/361 
f 115/374/366 116/373/365 293/369/361 
f 115/374/366 293/369/361 294/375/367 
f 115/374/366 294/375/367 285/376/368 
f 285/376/368 294/375/367 295/377/369 
f 295/377/369 284/378/370 285/376/368 
f 111/379/371 284/378/370 295/377/369 
f 111/379/371 295/377/369 146/156/144 
f 111/379/371 146/156/144 145/155/143 
s 1
f 166/178/166 296/380/372 297/381/373 
f 297/381/373 167/179/167 166/178/166 
f 185/209/202 184/205/201 297/381/373 
f 297/381/373 296/380/372 185/209/202 
s 4
f 112/119/107 114/121/109 298/382/374 
f 298/382/374 162/383/375 112/119/107 
f 287/351/345 286/350/344 114/121/109 
f 127/384/376 287/351/345 114/121/109 
f 124/385/377 127/384/376 114/121/109 
f 124/385/377 114/121/109 113/120/108 
s 1
f 3/8/378 6/7/379 8/10/380 
f 3/8/378 8/10/380 192/216/210 
f 3/8/378 192/216/210 4/386/381 
s 4
f 5/6/382 2/5/383 1/347/341 
f 7/9/384 5/6/382 1/347/341 
f 7/9/384 1/347/341 191/215/209 
s 1
f 192/216/210 188/211/205 169/183/169 
f 4/386/381 192/216/210 169/183/169 
f 4/386/381 169/183/169 100/182/168 
f 190/213/207 189/212/206 184/205/201 
f 184/205/201 183/204/200 190/213/207 
s 5
f 178/196/184 299/387/385 300/388/386 
f 300/388/386 180/198/197 178/196/184 
f 299/387/385 301/389/387 302/390/388 
f 302/390/388 300/388/386 299/387/385 
f 301/389/387 303/391/389 304/392/390 
f 304/392/390 302/390/388 301/389/387 
s 4
f 303/391/389 305/393/391 306/394/392 
f 306/394/392 304/392/390 303/391/389 
f 305/393/391 279/340/393 307/395/394 
f 307/395/394 306/394/392 305/393/391 
f 279/340/393 278/339/333 308/396/395 
f 308/396/395 307/395/394 279/340/393 
s 5
f 278/339/333 281/342/336 309/397/396 
f 309/397/396 308/396/395 278/339/333 
s 4
f 281/342/336 108/112/397 310/398/398 
f 310/398/398 309/397/396 281/342/336 
f 108/112/397 167/179/399 311/399/400 
f 311/399/400 310/398/398 108/112/397 
f 167/179/399 297/381/401 18/20/402 
f 18/20/402 311/399/400 167/179/399 
f 297/381/401 184/205/403 16/18/404 
f 16/18/404 18/20/402 297/381/401 
f 184/205/403 189/212/405 14/16/406 
f 14/16/406 16/18/404 184/205/403 
f 189/212/405 192/216/407 11/13/408 
f 11/13/408 14/16/406 189/212/405 
s off
f 192/216/409 8/10/409 12/14/409 
f 12/14/410 11/13/410 192/216/410 
f 7/9/411 191/215/411 10/12/411 
f 10/12/412 9/11/412 7/9/412 
s 1
f 191/215/413 174/189/414 13/15/415 
f 13/15/415 10/12/416 191/215/413 
f 174/189/414 175/192/417 15/17/418 
f 15/17/418 13/15/415 174/189/414 
f 175/192/417 298/382/419 17/19/420 
f 17/19/420 15/17/418 175/192/417 
f 298/382/419 114/121/421 312/400/422 
f 312/400/422 17/19/420 298/382/419 
f 114/121/421 286/350/423 313/401/424 
f 313/401/424 312/400/422 114/121/421 
f 286/350/423 120/128/116 314/402/425 
f 314/402/425 313/401/424 286/350/423 
s 5
f 120/128/116 119/127/115 315/403/426 
f 315/403/426 314/402/425 120/128/116 
s 1
f 119/127/115 288/353/427 316/404/428 
f 316/404/428 315/403/426 119/127/115 
f 288/353/427 317/405/429 318/406/430 
f 318/406/430 316/404/428 288/353/427 
f 317/405/429 319/407/431 320/408/432 
f 320/408/432 318/406/430 317/405/429 
f 319/407/431 321/409/433 322/410/434 
f 322/410/434 320/408/432 319/407/431 
f 321/409/433 323/411/435 324/412/436 
f 324/412/436 322/410/434 321/409/433 
s 5
f 323/411/435 176/194/180 177/195/182 
f 177/195/182 324/412/436 323/411/435 
s 8
f 17/19/437 312/400/438 20/22/439 
f 20/22/439 19/21/440 17/19/437 
f 312/400/438 313/401/441 23/25/442 
f 23/25/442 20/22/439 312/400/438 
f 313/401/441 314/402/443 25/27/444 
f 25/27/444 23/25/442 313/401/441 
f 314/402/443 315/403/445 27/29/446 
f 27/29/446 25/27/444 314/402/443 
f 315/403/445 316/404/447 29/31/448 
f 29/31/448 27/29/446 315/403/445 
f 316/404/447 318/406/449 31/33/450 
f 31/33/450 29/31/448 316/404/447 
f 318/406/449 320/408/451 33/35/452 
f 33/35/452 31/33/450 318/406/449 
f 320/408/451 322/410/453 35/37/454 
f 35/37/454 33/35/452 320/408/451 
f 322/410/453 324/412/455 37/39/456 
f 37/39/456 35/37/454 322/410/453 
f 324/412/455 177/195/188 39/41/190 
f 39/41/190 37/39/456 324/412/455 
s off
f 173/187/457 172/186/457 181/199/457 
f 181/199/458 179/197/458 173/187/458 
s 8
f 180/198/192 300/388/459 38/40/460 
f 38/40/460 40/42/195 180/198/192 
f 300/388/459 302/390/461 36/38/462 
f 36/38/462 38/40/460 300/388/459 
f 302/390/461 304/392/463 34/36/464 
f 34/36/464 36/38/462 302/390/461 
f 304/392/463 306/394/465 32/34/466 
f 32/34/466 34/36/464 304/392/463 
f 306/394/465 307/395/467 30/32/468 
f 30/32/468 32/34/466 306/394/465 
f 307/395/467 308/396/469 28/30/470 
f 28/30/470 30/32/468 307/395/467 
f 308/396/469 309/397/471 26/28/472 
f 26/28/472 28/30/470 308/396/469 
f 309/397/471 310/398/473 24/26/474 
f 24/26/474 26/28/472 309/397/471 
f 310/398/473 311/399/475 21/23/476 
f 21/23/476 24/26/474 310/398/473 
f 311/399/475 18/20/477 22/24/478 
f 22/24/478 21/23/476 311/399/475 
s 4
f 159/202/157 162/383/375 298/382/374 
f 298/382/374 175/192/178 159/202/157 
f 150/214/208 152/193/179 175/192/178 
f 175/192/178 174/189/175 150/214/208 
f 259/284/299 258/283/298 195/219/479 
f 195/219/479 194/218/480 259/284/299 
s 8
f 258/283/301 260/285/300 196/220/214 
f 196/220/214 195/219/481 258/283/301 
s 10
f 260/285/300 261/286/302 198/222/216 
f 198/222/216 196/220/214 260/285/300 
f 261/286/302 262/287/303 200/224/218 
f 200/224/218 198/222/216 261/286/302 
s 8
f 262/287/303 263/288/304 202/226/220 
f 202/226/220 200/224/218 262/287/303 
s 10
f 263/288/304 264/289/305 201/225/219 
f 201/225/219 202/226/220 263/288/304 
s 8
f 264/289/305 265/290/306 199/223/482 
f 199/223/482 201/225/219 264/289/305 
s 6
f 265/290/308 266/291/307 197/221/215 
f 197/221/215 199/223/217 265/290/308 
f 266/291/307 267/292/309 193/217/211 
f 193/217/211 197/221/215 266/291/307 
s 4
f 267/292/309 259/284/299 194/218/480 
f 194/218/480 193/217/211 267/292/309 
s 2
f 325/413/483 326/414/484 327/415/485 
f 328/416/486 329/417/487 330/418/488 
f 331/419/489 332/420/490 333/421/491 
f 334/422/492 335/423/493 336/424/494 
f 337/425/495 338/426/496 339/427/497 
f 340/428/498 341/429/499 342/430/500 
f 343/431/501 344/432/502 345/433/503 
f 346/434/504 347/435/505 348/436/506 
f 349/437/507 350/438/508 351/439/509 
f 352/440/510 353/441/511 354/442/512 
f 355/443/513 356/444/514 357/445/515 
f 358/446/516 359/447/517 360/448/518 
f 361/449/519 362/450/520 363/451/521 
f 364/452/522 365/453/523 366/454/524 
f 270/331/525 269/330/526 367/455/527 
f 368/456/528 369/457/529 370/458/530 
s 1
f 371/459/531 207/231/532 255/280/533 
f 234/259/260 371/459/531 255/280/533 
f 234/259/260 255/280/533 235/260/261 
s 2
f 372/460/534 373/461/535 43/45/45 
f 43/45/45 46/48/48 372/460/534 
f 374/462/536 225/250/537 375/463/538 
f 375/463/538 339/427/497 374/462/536 
f 367/455/527 376/464/539 228/253/540 
f 228/253/540 377/465/541 367/455/527 
f 204/228/222 273/334/330 205/229/223 
f 378/466/542 379/467/543 209/233/227 
f 211/235/229 380/468/544 212/236/230 
s 3
f 275/336/332 205/229/223 273/334/330 
s 2
f 381/469/545 221/246/546 382/470/547 
f 382/470/547 357/445/515 381/469/545 
f 345/433/503 383/471/548 239/264/549 
f 239/264/549 384/472/550 345/433/503 
f 385/473/551 223/248/552 386/474/553 
f 386/474/553 348/436/506 385/473/551 
f 342/430/500 387/475/554 241/266/555 
f 241/266/555 388/476/556 342/430/500 
f 389/477/557 224/249/558 390/478/559 
f 390/478/559 333/421/491 389/477/557 
f 204/228/222 203/227/221 242/267/560 
f 242/267/560 391/479/561 204/228/222 
f 336/424/494 392/480/562 240/265/563 
f 240/265/563 393/481/564 336/424/494 
f 394/482/565 222/247/566 395/483/567 
f 395/483/567 327/415/485 394/482/565 
f 360/448/518 396/484/568 237/262/569 
f 237/262/569 397/485/570 360/448/518 
f 398/486/571 217/242/572 399/487/573 
f 399/487/573 366/454/524 398/486/571 
f 400/488/574 220/245/575 401/489/576 
f 401/489/576 354/442/512 400/488/574 
f 330/418/488 402/490/577 238/263/578 
f 238/263/578 403/491/579 330/418/488 
f 351/439/509 404/492/580 236/261/581 
f 236/261/581 405/493/582 351/439/509 
f 230/255/583 218/243/584 406/494/585 
f 406/494/585 49/51/51 230/255/583 
f 53/55/55 52/54/54 226/251/586 
f 226/251/586 407/495/587 53/55/55 
f 207/231/225 371/459/588 408/496/589 
f 208/232/226 207/231/225 408/496/589 
f 378/466/542 208/232/226 408/496/589 
f 363/451/521 409/497/590 210/234/228 
f 210/234/228 209/233/227 363/451/521 
f 212/236/230 370/458/530 234/259/591 
f 234/259/591 213/237/231 212/236/230 
s 1
f 218/243/237 230/255/250 229/254/249 
f 229/254/249 219/244/238 218/243/237 
f 217/242/236 398/486/592 218/243/237 
f 220/245/239 400/488/593 217/242/236 
f 221/246/240 381/469/592 220/245/239 
f 222/247/241 394/482/594 221/246/240 
f 223/248/242 385/473/594 222/247/241 
f 224/249/243 389/477/595 223/248/242 
f 225/250/244 374/462/594 224/249/243 
f 225/250/244 219/244/238 248/273/278 
f 248/273/278 372/460/534 225/250/244 
f 228/253/248 376/464/596 226/251/245 
f 241/266/268 387/475/597 242/267/269 
f 240/265/267 392/480/598 241/266/268 
f 239/264/266 383/471/599 240/265/267 
f 238/263/265 402/490/599 239/264/266 
f 237/262/264 396/484/600 238/263/265 
f 236/261/263 404/492/601 237/262/264 
f 210/234/262 409/497/602 236/261/263 
f 242/267/269 203/227/270 244/269/272 
f 255/280/533 207/231/532 210/234/262 
f 244/269/272 255/280/533 210/234/262 
f 242/267/269 244/269/272 210/234/262 
s 2
f 225/250/537 372/460/534 46/48/48 
f 46/48/48 375/463/538 225/250/537 
f 230/255/583 49/51/51 377/465/541 
f 377/465/541 228/253/540 230/255/583 
f 221/246/546 394/482/565 327/415/485 
f 327/415/485 382/470/547 221/246/546 
f 402/490/577 330/418/488 384/472/550 
f 384/472/550 239/264/549 402/490/577 
f 223/248/552 389/477/557 333/421/491 
f 333/421/491 386/474/553 223/248/552 
f 392/480/562 336/424/494 388/476/556 
f 388/476/556 241/266/555 392/480/562 
f 224/249/558 374/462/536 339/427/497 
f 339/427/497 390/478/559 224/249/558 
f 387/475/554 342/430/500 391/479/561 
f 391/479/561 242/267/560 387/475/554 
f 383/471/548 345/433/503 393/481/564 
f 393/481/564 240/265/563 383/471/548 
f 222/247/566 385/473/551 348/436/506 
f 348/436/506 395/483/567 222/247/566 
f 404/492/580 351/439/509 397/485/570 
f 397/485/570 237/262/569 404/492/580 
f 217/242/572 400/488/574 354/442/512 
f 354/442/512 399/487/573 217/242/572 
f 220/245/575 381/469/545 357/445/515 
f 357/445/515 401/489/576 220/245/575 
f 396/484/568 360/448/518 403/491/579 
f 403/491/579 238/263/578 396/484/568 
f 409/497/590 363/451/521 405/493/582 
f 405/493/582 236/261/581 409/497/590 
f 218/243/584 398/486/571 366/454/524 
f 366/454/524 406/494/585 218/243/584 
f 376/464/539 367/455/527 407/495/587 
f 407/495/587 226/251/586 376/464/539 
f 371/459/588 234/259/591 370/458/530 
f 370/458/530 408/496/589 371/459/588 
f 42/44/44 46/48/48 43/45/45 
f 45/47/47 339/427/497 375/463/538 
f 48/50/50 367/455/527 377/465/541 
f 208/232/226 378/466/542 209/233/227 
f 326/414/484 357/445/515 382/470/547 
f 343/431/501 345/433/503 384/472/550 
f 384/472/550 329/417/487 343/431/501 
f 332/420/490 348/436/506 386/474/553 
f 335/423/493 342/430/500 388/476/556 
f 338/426/496 333/421/491 390/478/559 
f 341/429/499 204/228/222 391/479/561 
f 344/432/502 336/424/494 393/481/564 
f 347/435/505 327/415/485 395/483/567 
f 350/438/508 360/448/518 397/485/570 
f 353/441/511 366/454/524 399/487/573 
f 356/444/514 354/442/512 401/489/576 
f 359/447/517 330/418/488 403/491/579 
f 349/437/507 351/439/509 405/493/582 
f 405/493/582 362/450/520 349/437/507 
f 365/453/523 49/51/51 406/494/585 
f 269/330/526 53/55/55 407/495/587 
f 369/457/529 378/466/542 408/496/589 
f 379/467/543 363/451/521 209/233/227 
f 380/468/544 370/458/530 212/236/230 
s 4
f 47/498/603 364/499/604 352/500/605 
f 44/501/606 41/502/607 176/194/180 
f 176/194/180 323/411/435 321/409/608 
f 44/501/606 176/194/180 321/409/608 
f 44/501/606 321/409/608 319/407/609 
f 337/503/610 44/501/606 319/407/609 
f 337/503/610 319/407/609 317/405/611 
f 331/504/612 337/503/610 317/405/611 
f 331/504/612 317/405/611 288/353/347 
f 346/505/613 331/504/612 288/353/347 
f 325/506/614 346/505/613 288/353/347 
f 355/507/615 325/506/614 288/353/347 
f 352/500/605 355/507/615 288/353/347 
f 352/500/605 288/353/347 130/352/346 
f 47/498/603 352/500/605 130/352/346 
f 270/508/328 47/498/603 130/352/346 
f 270/508/328 130/352/346 54/509/329 
f 270/331/328 48/50/616 47/49/603 
f 47/49/603 365/453/617 364/452/604 
f 364/452/604 353/441/618 352/440/605 
f 352/440/605 356/444/619 355/443/615 
f 355/443/615 326/414/620 325/413/614 
f 325/413/614 347/435/621 346/434/613 
f 346/434/613 332/420/622 331/419/612 
f 331/419/612 338/426/623 337/425/610 
f 337/425/610 45/47/624 44/46/606 
f 44/46/606 42/44/625 41/43/607 
f 41/502/607 170/184/626 176/194/180 
f 138/510/627 268/325/324 50/324/323 
f 136/511/628 138/510/627 50/324/323 
f 134/512/629 136/511/628 50/324/323 
f 132/513/630 134/512/629 50/324/323 
f 130/352/346 132/513/630 50/324/323 
f 130/352/346 50/324/323 54/509/329 
s 2
f 269/330/526 54/56/56 53/55/55 
f 269/330/526 407/495/587 367/455/527 
f 48/50/50 270/331/525 367/455/527 
f 48/50/50 377/465/541 49/51/51 
f 326/414/484 382/470/547 327/415/485 
f 347/435/505 395/483/567 348/436/506 
f 353/441/511 399/487/573 354/442/512 
f 356/444/514 401/489/576 357/445/515 
f 365/453/523 406/494/585 366/454/524 
f 326/414/484 355/443/513 357/445/515 
f 332/420/490 346/434/504 348/436/506 
f 347/435/505 325/413/483 327/415/485 
f 353/441/511 364/452/522 366/454/524 
f 356/444/514 352/440/510 354/442/512 
f 365/453/523 47/49/49 49/51/51 
f 45/47/47 375/463/538 46/48/48 
f 332/420/490 386/474/553 333/421/491 
f 338/426/496 390/478/559 339/427/497 
f 42/44/44 44/46/46 46/48/48 
f 45/47/47 337/425/495 339/427/497 
f 338/426/496 331/419/489 333/421/491 
s 3
f 170/514/196 41/43/43 245/270/631 
f 170/514/196 245/270/631 243/268/271 
f 171/515/632 170/514/196 243/268/271 
f 275/336/332 171/515/632 243/268/271 
f 373/461/535 372/460/534 248/273/278 
f 41/43/43 373/461/535 248/273/278 
f 41/43/43 248/273/278 245/270/631 
f 275/336/332 206/230/224 205/229/223 
f 41/43/43 43/45/45 373/461/535 
f 275/336/332 243/268/271 206/230/224 
s 1
f 340/516/633 334/517/634 343/518/635 
f 361/519/636 410/520/637 368/521/638 
f 368/521/638 215/522/639 280/341/335 
f 368/521/638 280/341/335 279/340/334 
f 361/519/636 368/521/638 279/340/334 
f 349/523/640 361/519/636 279/340/334 
f 358/524/641 349/523/640 279/340/334 
f 328/525/642 358/524/641 279/340/334 
f 343/518/635 328/525/642 279/340/334 
f 343/518/635 279/340/334 305/393/643 
f 305/393/643 303/391/389 301/389/387 
f 301/389/387 299/387/385 178/196/184 
f 305/393/643 301/389/387 178/196/184 
f 343/518/635 305/393/643 178/196/184 
f 178/196/184 171/185/632 275/526/332 
f 343/518/635 178/196/184 275/526/332 
f 340/516/633 343/518/635 275/526/332 
f 274/527/331 340/516/633 275/526/332 
f 274/335/331 341/429/644 340/428/633 
f 340/428/633 335/423/645 334/422/634 
f 334/422/634 344/432/646 343/431/635 
f 343/431/635 329/417/647 328/416/642 
f 328/416/642 359/447/648 358/446/641 
f 358/446/641 350/438/649 349/437/640 
f 349/437/640 362/450/650 361/449/636 
f 361/449/636 379/467/651 410/528/637 
f 410/528/637 369/457/99 368/456/638 
f 368/456/638 380/468/99 215/240/639 
f 103/105/100 102/104/99 291/529/99 
f 103/105/100 291/529/99 411/530/99 
f 103/105/100 411/530/99 412/531/99 
f 103/105/100 412/531/99 413/532/99 
f 103/105/100 413/532/99 280/341/335 
f 215/522/639 103/105/100 280/341/335 
s 2
f 211/235/229 215/240/234 380/468/544 
f 380/468/544 368/456/528 370/458/530 
f 362/450/520 405/493/582 363/451/521 
f 369/457/529 408/496/589 370/458/530 
f 378/466/542 410/528/652 379/467/543 
f 369/457/529 410/528/652 378/466/542 
f 379/467/543 361/449/519 363/451/521 
f 329/417/487 384/472/550 330/418/488 
f 350/438/508 397/485/570 351/439/509 
f 359/447/517 403/491/579 360/448/518 
f 350/438/508 358/446/516 360/448/518 
f 359/447/517 328/416/486 330/418/488 
f 335/423/493 388/476/556 336/424/494 
f 344/432/502 393/481/564 345/433/503 
f 335/423/493 340/428/498 342/430/500 
f 344/432/502 334/422/492 336/424/494 
f 341/429/499 391/479/561 342/430/500 
f 204/228/222 274/335/653 273/334/330 
f 341/429/499 274/335/653 204/228/222 
s 4
f 414/533/654 415/534/655 416/535/656 
f 416/535/656 417/536/657 418/537/658 
f 414/533/654 416/535/656 418/537/658 
f 419/538/659 414/533/654 418/537/658 
f 420/539/660 421/540/661 414/533/654 
f 414/533/654 419/538/659 420/539/660 
f 422/541/662 423/542/663 421/540/661 
f 421/540/661 420/539/660 422/541/662 
f 424/543/664 425/544/665 423/542/663 
f 423/542/663 422/541/662 424/543/664 
f 426/545/666 427/546/667 425/544/665 
f 425/544/665 424/543/664 426/545/666 
f 428/547/668 429/548/669 427/546/667 
f 427/546/667 426/545/666 428/547/668 
f 430/549/670 429/548/669 428/547/668 
f 428/547/668 431/550/671 430/549/670 
f 432/551/672 430/549/670 431/550/671 
f 431/550/671 433/552/673 432/551/672 
s 1
f 434/553/674 435/554/675 432/551/676 
f 432/551/676 433/552/677 434/553/674 
s 4
f 436/555/678 437/556/679 434/553/680 
f 438/557/681 439/558/682 437/556/679 
f 437/556/679 436/555/678 438/557/681 
f 440/559/683 439/558/682 438/557/681 
f 438/557/681 441/560/684 440/559/683 
f 442/561/685 440/559/683 441/560/684 
f 441/560/684 443/562/686 442/561/685 
s 1
f 444/563/687 442/561/688 443/562/689 
f 443/562/689 445/564/690 444/563/687 
s 2
f 446/565/691 447/566/692 448/567/693 
f 448/567/693 449/568/694 446/565/691 
s 1
f 450/569/695 451/570/696 452/571/697 
f 450/569/695 452/571/697 447/566/698 
f 450/569/695 447/566/698 446/565/699 
s 4
f 453/572/700 421/540/661 454/573/701 
s 1
f 448/567/702 455/574/703 449/568/704 
f 419/575/705 418/576/705 456/577/706 
s 8
f 445/578/690 443/579/707 457/580/708 
f 457/580/708 458/581/709 445/578/690 
f 441/582/710 459/583/711 457/580/708 
f 457/580/708 443/579/707 441/582/710 
f 441/582/710 438/584/712 460/585/713 
f 460/585/713 459/583/711 441/582/710 
f 436/586/714 461/587/715 460/585/713 
f 460/585/713 438/584/712 436/586/714 
f 434/588/716 462/589/717 461/587/715 
f 461/587/715 436/586/714 434/588/716 
f 422/590/718 420/591/106 463/592/719 
f 422/590/718 463/592/719 462/589/717 
f 424/593/720 422/590/718 462/589/717 
f 426/594/721 424/593/720 462/589/717 
f 428/595/722 426/594/721 462/589/717 
f 431/596/723 428/595/722 462/589/717 
f 433/597/724 431/596/723 462/589/717 
f 434/588/716 433/597/724 462/589/717 
s 2
f 419/575/725 456/577/726 464/598/727 
f 420/591/728 419/575/725 464/598/727 
f 420/591/728 464/598/727 463/592/729 
s 16
f 418/537/730 417/536/731 465/599/732 
f 456/600/733 418/537/730 465/599/732 
f 464/601/734 456/600/733 465/599/732 
f 466/602/735 467/603/736 461/604/737 
f 466/602/735 461/604/737 462/605/738 
f 466/602/735 462/605/738 463/606/739 
f 466/602/735 463/606/739 464/601/734 
f 466/602/735 464/601/734 465/599/732 
f 461/604/737 467/603/736 468/607/740 
f 468/607/740 460/608/741 461/604/737 
f 460/608/741 468/607/740 469/609/742 
f 469/609/742 459/610/743 460/608/741 
f 459/610/743 469/609/742 470/611/744 
f 470/611/744 457/612/745 459/610/743 
f 458/613/746 471/614/747 451/570/748 
f 451/570/748 450/569/749 458/613/746 
f 457/612/745 470/611/744 471/614/747 
f 471/614/747 458/613/746 457/612/745 
s 2
f 449/568/694 455/574/750 472/615/751 
f 472/615/751 473/616/752 449/568/694 
f 446/565/691 449/568/694 473/616/752 
f 473/616/752 474/617/753 446/565/691 
s 1
f 475/618/754 450/569/695 446/565/699 
f 446/565/699 474/617/755 475/618/754 
s 32
f 455/619/756 450/620/757 475/621/758 
f 475/621/758 472/622/759 455/619/756 
s 4
f 415/534/655 414/533/654 421/540/661 
f 421/540/661 453/572/700 415/534/655 
f 423/542/663 425/544/665 427/546/667 
f 430/549/670 432/551/672 435/554/760 
f 430/549/670 435/554/760 476/623/761 
f 430/549/670 476/623/761 454/573/701 
f 429/548/669 430/549/670 454/573/701 
f 427/546/667 429/548/669 454/573/701 
f 423/542/663 427/546/667 454/573/701 
f 421/540/661 423/542/663 454/573/701 
f 477/624/762 478/625/763 479/626/764 
f 479/626/764 480/627/765 477/624/762 
f 478/625/763 481/628/766 482/629/767 
f 482/629/767 479/626/764 478/625/763 
f 481/628/766 483/630/768 484/631/769 
f 484/631/769 482/629/767 481/628/766 
f 483/630/768 485/632/770 486/633/771 
f 486/633/771 484/631/769 483/630/768 
f 480/627/765 454/573/701 476/623/761 
f 476/623/761 477/624/762 480/627/765 
f 434/553/680 437/556/679 487/634/772 
f 487/634/772 435/554/760 434/553/680 
f 437/556/679 439/558/682 488/635/773 
f 488/635/773 487/634/772 437/556/679 
f 439/558/682 440/559/683 489/636/774 
f 489/636/774 488/635/773 439/558/682 
f 440/559/683 442/561/685 490/637/775 
f 490/637/775 489/636/774 440/559/683 
s 1
f 442/561/688 444/563/687 491/638/776 
f 491/638/776 490/637/777 442/561/688 
f 492/639/778 493/640/779 494/641/780 
f 494/641/780 495/642/781 492/639/778 
f 444/563/687 496/643/782 497/644/783 
f 497/644/783 491/638/776 444/563/687 
s 4
f 478/625/763 477/624/762 487/634/772 
f 487/634/772 488/635/773 478/625/763 
f 481/628/766 478/625/763 488/635/773 
f 488/635/773 489/636/774 481/628/766 
f 483/630/768 481/628/766 489/636/774 
f 489/636/774 490/637/775 483/630/768 
f 485/632/770 483/630/768 490/637/775 
f 490/637/775 491/638/784 485/632/770 
f 485/632/770 447/566/785 486/633/771 
f 477/624/762 476/623/761 435/554/760 
f 435/554/760 487/634/772 477/624/762 
f 453/572/700 454/573/701 498/645/786 
f 498/645/786 499/646/787 453/572/700 
s 16
f 465/599/732 417/536/731 416/535/788 
f 416/535/788 499/646/789 465/599/732 
f 467/603/736 466/602/735 498/645/790 
f 498/645/790 500/647/791 467/603/736 
f 466/602/735 465/599/732 499/646/789 
f 499/646/789 498/645/790 466/602/735 
f 468/607/740 467/603/736 500/647/791 
f 500/647/791 501/648/792 468/607/740 
f 469/609/742 468/607/740 501/648/792 
f 501/648/792 502/649/793 469/609/742 
f 470/611/744 469/609/742 502/649/793 
f 502/649/793 503/650/794 470/611/744 
f 451/570/748 471/614/747 504/651/795 
f 504/651/795 452/571/796 451/570/748 
f 471/614/747 470/611/744 503/650/794 
f 503/650/794 504/651/795 471/614/747 
s 4
f 415/534/655 453/572/700 499/646/787 
f 499/646/787 416/535/656 415/534/655 
f 480/627/765 479/626/764 501/648/797 
f 501/648/797 500/647/798 480/627/765 
f 479/626/764 482/629/767 502/649/799 
f 502/649/799 501/648/797 479/626/764 
f 482/629/767 484/631/769 503/650/800 
f 503/650/800 502/649/799 482/629/767 
f 484/631/769 486/633/771 504/651/801 
f 504/651/801 503/650/800 484/631/769 
f 486/633/771 447/566/785 452/571/802 
f 452/571/802 504/651/801 486/633/771 
f 454/573/701 480/627/765 500/647/798 
f 500/647/798 498/645/786 454/573/701 
s 1
f 505/652/803 506/653/804 507/654/805 
f 507/654/805 508/655/806 505/652/803 
f 509/656/807 510/657/808 511/658/809 
f 511/658/809 512/659/810 509/656/807 
f 513/660/811 514/661/812 515/662/813 
f 515/662/813 508/655/806 513/660/811 
f 516/663/814 517/664/815 518/665/816 
f 518/665/816 509/656/807 516/663/814 
f 519/666/817 520/667/818 521/668/819 
f 521/668/819 522/669/820 519/666/817 
f 522/669/820 523/670/821 524/671/822 
f 524/671/822 525/672/823 522/669/820 
f 522/669/820 521/673/819 526/674/824 
f 526/674/824 523/670/821 522/669/820 
f 523/670/821 448/567/702 447/566/698 
f 447/566/698 524/671/822 523/670/821 
f 527/675/825 519/666/817 528/676/826 
f 528/676/826 529/677/827 527/675/825 
f 513/660/811 530/678/828 531/679/829 
f 531/679/829 527/675/825 513/660/811 
f 532/680/830 533/681/831 534/682/832 
f 534/682/832 535/683/833 532/680/830 
f 505/652/803 536/684/834 537/685/835 
f 537/685/835 535/683/833 505/652/803 
f 538/686/836 539/687/837 540/688/838 
f 540/688/838 541/689/839 538/686/836 
f 542/690/840 543/691/841 544/692/842 
f 544/692/842 545/693/843 542/690/840 
f 545/693/843 516/663/814 546/694/844 
f 546/694/844 547/695/845 545/693/843 
f 548/696/846 510/657/808 549/697/847 
f 549/697/847 550/698/848 548/696/846 
f 548/696/846 496/643/782 551/699/849 
f 551/699/849 552/700/850 548/696/846 
s 4
f 485/632/770 497/644/851 549/697/852 
f 485/632/770 549/697/852 517/664/853 
f 485/632/770 517/664/853 543/691/854 
f 485/632/770 543/691/854 540/688/855 
f 494/641/856 537/685/857 515/662/858 
f 540/688/855 494/641/856 515/662/858 
f 529/677/859 525/672/860 447/566/785 
f 515/662/858 529/677/859 447/566/785 
f 540/688/855 515/662/858 447/566/785 
f 485/632/770 540/688/855 447/566/785 
s 1
f 527/675/825 531/701/829 520/667/818 
f 520/667/818 519/666/817 527/675/825 
f 519/666/817 522/669/820 525/672/823 
f 525/672/823 528/676/826 519/666/817 
f 527/675/825 529/677/827 514/661/812 
f 514/661/812 513/660/811 527/675/825 
f 508/655/806 507/702/805 530/678/828 
f 530/678/828 513/660/811 508/655/806 
f 535/683/833 534/703/832 506/653/804 
f 506/653/804 505/652/803 535/683/833 
f 508/655/806 515/662/813 536/684/834 
f 536/684/834 505/652/803 508/655/806 
f 532/680/830 553/704/861 494/641/780 
f 494/641/780 493/640/779 532/680/830 
f 493/640/779 492/639/778 554/705/862 
f 554/705/862 555/706/863 493/640/779 
f 539/687/837 538/686/836 556/707/864 
f 556/707/864 557/708/865 539/687/837 
f 539/687/837 492/639/778 495/642/781 
f 495/642/781 540/688/838 539/687/837 
f 538/686/836 541/689/839 543/691/841 
f 543/691/841 542/690/840 538/686/836 
f 545/693/843 544/692/842 517/664/815 
f 517/664/815 516/663/814 545/693/843 
f 516/663/814 509/656/807 512/659/810 
f 512/659/810 546/709/844 516/663/814 
f 510/657/808 548/696/846 552/700/850 
f 552/700/850 511/710/809 510/657/808 
f 510/657/808 509/656/807 518/665/816 
f 518/665/816 549/697/847 510/657/808 
f 496/643/782 548/696/846 550/698/848 
f 550/698/848 497/644/783 496/643/782 
f 496/643/782 444/563/687 445/564/690 
f 445/564/690 551/711/849 496/643/782 
f 493/640/779 555/712/863 533/681/831 
f 533/681/831 532/680/830 493/640/779 
f 532/680/830 535/683/833 537/685/835 
f 537/685/835 553/704/861 532/680/830 
s 9
f 547/695/845 558/713/866 542/690/840 
f 542/690/840 545/693/843 547/695/845 
f 554/705/862 492/639/778 539/687/837 
f 539/687/837 557/714/865 554/705/862 
f 557/715/865 556/716/864 558/717/866 
f 558/717/866 547/718/845 546/719/844 
f 557/715/865 558/717/866 546/719/844 
f 546/719/844 512/720/810 511/721/809 
f 511/721/809 552/722/850 551/723/849 
f 551/723/849 445/578/690 458/581/709 
f 511/721/809 551/723/849 458/581/709 
f 546/719/844 511/721/809 458/581/709 
f 557/715/865 546/719/844 458/581/709 
f 450/620/695 455/619/703 526/724/824 
f 450/620/695 526/724/824 521/725/819 
f 521/725/819 520/726/818 531/727/829 
f 450/620/695 521/725/819 531/727/829 
f 531/727/829 530/728/828 507/729/805 
f 450/620/695 531/727/829 507/729/805 
f 507/729/805 506/730/804 534/731/832 
f 450/620/695 507/729/805 534/731/832 
f 458/581/709 450/620/695 534/731/832 
f 557/715/865 458/581/709 534/731/832 
f 534/731/832 533/732/831 555/733/863 
f 557/715/865 534/731/832 555/733/863 
f 554/734/862 557/715/865 555/733/863 
f 542/690/840 558/735/866 556/707/864 
f 556/707/864 538/686/836 542/690/840 
s 4
f 529/677/859 528/676/867 525/672/860 
f 525/672/860 524/671/868 447/566/785 
f 515/662/858 514/661/869 529/677/859 
f 537/685/857 536/684/870 515/662/858 
f 494/641/856 553/704/871 537/685/857 
f 540/688/855 495/642/872 494/641/856 
f 543/691/854 541/689/873 540/688/855 
f 517/664/853 544/692/874 543/691/854 
f 549/697/852 518/665/875 517/664/853 
f 497/644/851 550/698/876 549/697/852 
f 485/632/770 491/638/784 497/644/851 
f 559/736/877 560/737/878 561/738/879 
f 561/738/879 562/739/880 563/740/881 
f 559/736/877 561/738/879 563/740/881 
f 564/741/882 559/736/877 563/740/881 
f 565/742/883 564/741/882 563/740/881 
f 563/740/881 566/743/884 565/742/883 
f 567/744/885 565/742/883 566/743/884 
f 566/743/884 568/745/886 567/744/885 
f 569/746/887 567/744/885 568/745/886 
f 568/745/886 570/747/888 569/746/887 
f 571/748/889 569/746/887 570/747/888 
f 570/747/888 572/749/890 571/748/889 
f 573/750/891 571/748/889 572/749/890 
f 572/749/890 574/751/892 573/750/891 
f 575/752/893 576/753/894 573/750/891 
f 573/750/891 574/751/892 575/752/893 
f 577/754/895 578/755/896 576/753/894 
f 576/753/894 575/752/893 577/754/895 
s 1
f 577/754/897 579/756/898 580/757/899 
f 580/757/899 578/755/900 577/754/897 
s 4
f 581/758/901 580/757/902 582/759/903 
f 583/760/904 581/758/901 582/759/903 
f 582/759/903 584/761/905 583/760/904 
f 585/762/906 586/763/907 583/760/904 
f 583/760/904 584/761/905 585/762/906 
f 587/764/908 588/765/909 586/763/907 
f 586/763/907 585/762/906 587/764/908 
s 1
f 589/766/910 590/767/911 588/765/912 
f 588/765/912 587/764/913 589/766/910 
s 2
f 591/768/914 592/769/915 593/770/916 
f 593/770/916 594/771/917 591/768/914 
s 1
f 595/772/918 591/768/919 594/771/920 
f 595/772/918 594/771/920 596/773/921 
f 595/772/918 596/773/921 597/774/922 
s 4
f 598/775/923 599/776/924 566/743/884 
s 1
f 593/770/925 600/777/926 601/778/927 
f 564/779/928 602/780/929 559/781/928 
s 8
f 590/782/911 603/783/930 604/784/931 
f 604/784/931 588/785/932 590/782/911 
f 586/786/933 588/785/932 604/784/931 
f 604/784/931 605/787/934 586/786/933 
f 586/786/933 605/787/934 606/788/935 
f 606/788/935 583/789/936 586/786/933 
f 581/790/937 583/789/936 606/788/935 
f 606/788/935 607/791/938 581/790/937 
f 580/792/939 581/790/937 607/791/938 
f 607/791/938 608/793/940 580/792/939 
f 609/794/941 565/795/99 567/796/942 
f 608/793/940 609/794/941 567/796/942 
f 608/793/940 567/796/942 569/797/943 
f 608/793/940 569/797/943 571/798/944 
f 608/793/940 571/798/944 573/799/945 
f 608/793/940 573/799/945 576/800/946 
f 608/793/940 576/800/946 578/801/947 
f 580/792/939 608/793/940 578/801/947 
s 2
f 565/795/948 609/794/949 610/802/950 
f 610/802/950 602/780/951 564/779/952 
f 565/795/948 610/802/950 564/779/952 
s 16
f 611/803/953 560/737/954 559/736/955 
f 611/803/953 559/736/955 602/804/956 
f 610/805/957 611/803/953 602/804/956 
f 612/806/958 611/803/953 610/805/957 
f 612/806/958 610/805/957 609/807/959 
f 612/806/958 609/807/959 608/808/960 
f 612/806/958 608/808/960 607/809/961 
f 612/806/958 607/809/961 613/810/962 
f 607/809/961 606/811/963 614/812/964 
f 614/812/964 613/810/962 607/809/961 
f 606/811/963 605/813/965 615/814/966 
f 615/814/966 614/812/964 606/811/963 
f 605/813/965 604/815/967 616/816/968 
f 616/816/968 615/814/966 605/813/965 
f 603/817/969 595/772/970 597/774/971 
f 597/774/971 617/818/972 603/817/969 
f 604/815/967 603/817/969 617/818/972 
f 617/818/972 616/816/968 604/815/967 
s 2
f 592/769/915 473/616/752 472/615/751 
f 472/615/751 600/819/973 592/769/915 
f 591/768/914 474/617/753 473/616/752 
f 473/616/752 592/769/915 591/768/914 
s 1
f 475/618/754 474/617/755 591/768/919 
f 591/768/919 595/772/918 475/618/754 
s 32
f 600/820/974 472/622/759 475/621/758 
f 475/621/758 595/821/975 600/820/974 
s 4
f 562/739/880 598/775/923 566/743/884 
f 566/743/884 563/740/881 562/739/880 
f 579/756/976 577/754/895 575/752/893 
f 618/822/977 579/756/976 575/752/893 
f 599/776/924 618/822/977 575/752/893 
f 599/776/924 575/752/893 574/751/892 
f 599/776/924 574/751/892 572/749/890 
f 572/749/890 570/747/888 568/745/886 
f 599/776/924 572/749/890 568/745/886 
f 566/743/884 599/776/924 568/745/886 
f 619/823/978 620/824/979 621/825/980 
f 621/825/980 622/826/981 619/823/978 
f 622/826/981 621/825/980 623/827/982 
f 623/827/982 624/828/983 622/826/981 
f 624/828/983 623/827/982 625/829/984 
f 625/829/984 626/830/985 624/828/983 
f 626/830/985 625/829/984 627/831/986 
f 627/831/986 628/832/987 626/830/985 
f 620/824/979 619/823/978 618/822/977 
f 618/822/977 599/776/924 620/824/979 
f 580/757/902 579/756/976 629/833/988 
f 629/833/988 582/759/903 580/757/902 
f 582/759/903 629/833/988 630/834/989 
f 630/834/989 584/761/905 582/759/903 
f 584/761/905 630/834/989 631/835/990 
f 631/835/990 585/762/906 584/761/905 
f 585/762/906 631/835/990 632/836/991 
f 632/836/991 587/764/908 585/762/906 
s 1
f 587/764/913 632/836/992 633/837/993 
f 633/837/993 589/766/910 587/764/913 
f 634/838/994 635/839/995 636/840/996 
f 636/840/996 637/841/997 634/838/994 
f 589/766/910 633/837/993 638/842/998 
f 638/842/998 639/843/999 589/766/910 
s 4
f 622/826/981 630/834/989 629/833/988 
f 629/833/988 619/823/978 622/826/981 
f 624/828/983 631/835/990 630/834/989 
f 630/834/989 622/826/981 624/828/983 
f 626/830/985 632/836/991 631/835/990 
f 631/835/990 624/828/983 626/830/985 
f 628/832/987 633/837/1000 632/836/991 
f 632/836/991 626/830/985 628/832/987 
f 628/832/987 627/831/986 594/771/1001 
f 619/823/978 629/833/988 579/756/976 
f 579/756/976 618/822/977 619/823/978 
f 598/775/923 640/844/1002 641/845/1003 
f 641/845/1003 599/776/924 598/775/923 
s 16
f 611/803/953 640/844/1004 561/738/1005 
f 561/738/1005 560/737/954 611/803/953 
f 613/810/962 642/846/1006 641/845/1007 
f 641/845/1007 612/806/958 613/810/962 
f 612/806/958 641/845/1007 640/844/1004 
f 640/844/1004 611/803/953 612/806/958 
f 614/812/964 643/847/1008 642/846/1006 
f 642/846/1006 613/810/962 614/812/964 
f 615/814/966 644/848/1009 643/847/1008 
f 643/847/1008 614/812/964 615/814/966 
f 616/816/968 645/849/1010 644/848/1009 
f 644/848/1009 615/814/966 616/816/968 
f 597/774/971 596/773/1011 646/850/1012 
f 646/850/1012 617/818/972 597/774/971 
f 617/818/972 646/850/1012 645/849/1010 
f 645/849/1010 616/816/968 617/818/972 
s 4
f 562/739/880 561/738/879 640/844/1002 
f 640/844/1002 598/775/923 562/739/880 
f 620/824/979 642/846/1013 643/847/1014 
f 643/847/1014 621/825/980 620/824/979 
f 621/825/980 643/847/1014 644/848/1015 
f 644/848/1015 623/827/982 621/825/980 
f 623/827/982 644/848/1015 645/849/1016 
f 645/849/1016 625/829/984 623/827/982 
f 625/829/984 645/849/1016 646/850/1017 
f 646/850/1017 627/831/986 625/829/984 
f 627/831/986 646/850/1017 596/773/1018 
f 596/773/1018 594/771/1001 627/831/986 
f 599/776/924 641/845/1003 642/846/1013 
f 642/846/1013 620/824/979 599/776/924 
s 1
f 647/851/1019 648/852/1020 649/853/1021 
f 649/853/1021 650/854/1022 647/851/1019 
f 651/855/1023 652/856/1024 653/857/1025 
f 653/857/1025 654/858/1026 651/855/1023 
f 655/859/1027 648/852/1020 656/860/1028 
f 656/860/1028 657/861/1029 655/859/1027 
f 658/862/1030 651/855/1023 659/863/1031 
f 659/863/1031 660/864/1032 658/862/1030 
f 661/865/1033 662/866/1034 663/867/1035 
f 663/867/1035 664/868/1036 661/865/1033 
f 662/866/1034 665/869/1037 666/870/1038 
f 666/870/1038 601/778/927 662/866/1034 
f 662/866/1034 601/778/927 667/871/1039 
f 667/871/1039 663/872/1035 662/866/1034 
f 601/778/927 666/870/1038 594/771/920 
f 594/771/920 593/770/925 601/778/927 
f 668/873/1040 669/874/1041 670/875/1042 
f 670/875/1042 661/865/1033 668/873/1040 
f 655/859/1027 668/873/1040 671/876/1043 
f 671/876/1043 672/877/1044 655/859/1027 
f 673/878/1045 674/879/1046 675/880/1047 
f 675/880/1047 676/881/1048 673/878/1045 
f 647/851/1019 674/879/1046 677/882/1049 
f 677/882/1049 678/883/1050 647/851/1019 
f 679/884/1051 680/885/1052 681/886/1053 
f 681/886/1053 682/887/1054 679/884/1051 
f 683/888/1055 684/889/1056 685/890/1057 
f 685/890/1057 686/891/1058 683/888/1055 
f 684/889/1056 687/892/1059 688/893/1060 
f 688/893/1060 658/862/1030 684/889/1056 
f 689/894/1061 690/895/1062 691/896/1063 
f 691/896/1063 654/858/1026 689/894/1061 
f 689/894/1061 692/897/1064 693/898/1065 
f 693/898/1065 639/843/999 689/894/1061 
s 4
f 594/771/1001 665/869/1066 669/874/1067 
f 594/771/1001 669/874/1067 656/860/1068 
f 656/860/1068 677/882/1069 636/840/1070 
f 656/860/1068 636/840/1070 681/886/1071 
f 594/771/1001 656/860/1068 681/886/1071 
f 628/832/987 594/771/1001 681/886/1071 
f 628/832/987 681/886/1071 686/891/1072 
f 628/832/987 686/891/1072 660/864/1073 
f 628/832/987 660/864/1073 691/896/1074 
f 628/832/987 691/896/1074 638/842/1075 
s 1
f 668/873/1040 661/865/1033 664/868/1036 
f 664/868/1036 671/899/1043 668/873/1040 
f 661/865/1033 670/875/1042 665/869/1037 
f 665/869/1037 662/866/1034 661/865/1033 
f 668/873/1040 655/859/1027 657/861/1029 
f 657/861/1029 669/874/1041 668/873/1040 
f 648/852/1020 655/859/1027 672/877/1044 
f 672/877/1044 649/900/1021 648/852/1020 
f 674/879/1046 647/851/1019 650/854/1022 
f 650/854/1022 675/901/1047 674/879/1046 
f 648/852/1020 647/851/1019 678/883/1050 
f 678/883/1050 656/860/1028 648/852/1020 
f 673/878/1045 637/841/997 636/840/996 
f 636/840/996 694/902/1076 673/878/1045 
f 637/841/997 695/903/1077 696/904/1078 
f 696/904/1078 634/838/994 637/841/997 
f 682/887/1054 697/905/1079 698/906/1080 
f 698/906/1080 679/884/1051 682/887/1054 
f 682/887/1054 681/886/1053 635/839/995 
f 635/839/995 634/838/994 682/887/1054 
f 679/884/1051 683/888/1055 686/891/1058 
f 686/891/1058 680/885/1052 679/884/1051 
f 684/889/1056 658/862/1030 660/864/1032 
f 660/864/1032 685/890/1057 684/889/1056 
f 658/862/1030 688/907/1060 652/856/1024 
f 652/856/1024 651/855/1023 658/862/1030 
f 654/858/1026 653/908/1025 692/897/1064 
f 692/897/1064 689/894/1061 654/858/1026 
f 654/858/1026 691/896/1063 659/863/1031 
f 659/863/1031 651/855/1023 654/858/1026 
f 639/843/999 638/842/998 690/895/1062 
f 690/895/1062 689/894/1061 639/843/999 
f 639/843/999 693/909/1065 590/767/911 
f 590/767/911 589/766/910 639/843/999 
f 637/841/997 673/878/1045 676/881/1048 
f 676/881/1048 695/910/1077 637/841/997 
f 673/878/1045 694/902/1076 677/882/1049 
f 677/882/1049 674/879/1046 673/878/1045 
s 9
f 687/892/1059 684/889/1056 683/888/1055 
f 683/888/1055 699/911/1081 687/892/1059 
f 696/904/1078 697/912/1079 682/887/1054 
f 682/887/1054 634/838/994 696/904/1078 
f 695/913/1077 676/914/1048 675/915/1047 
f 675/915/1047 650/916/1022 649/917/1021 
f 649/917/1021 672/918/1044 671/919/1043 
f 671/919/1043 664/920/1036 663/921/1035 
f 667/922/1039 600/820/926 595/821/918 
f 663/921/1035 667/922/1039 595/821/918 
f 671/919/1043 663/921/1035 595/821/918 
f 649/917/1021 671/919/1043 595/821/918 
f 675/915/1047 649/917/1021 595/821/918 
f 675/915/1047 595/821/918 603/783/930 
f 603/783/930 590/782/911 693/923/1065 
f 693/923/1065 692/924/1064 653/925/1025 
f 603/783/930 693/923/1065 653/925/1025 
f 653/925/1025 652/926/1024 688/927/1060 
f 603/783/930 653/925/1025 688/927/1060 
f 688/927/1060 687/928/1059 699/929/1081 
f 699/929/1081 698/930/1080 697/931/1079 
f 688/927/1060 699/929/1081 697/931/1079 
f 603/783/930 688/927/1060 697/931/1079 
f 675/915/1047 603/783/930 697/931/1079 
f 695/913/1077 675/915/1047 697/931/1079 
f 696/932/1078 695/913/1077 697/931/1079 
f 683/888/1055 679/884/1051 698/906/1080 
f 698/906/1080 699/933/1081 683/888/1055 
s 4
f 669/874/1067 665/869/1066 670/875/1082 
f 665/869/1066 594/771/1001 666/870/1083 
f 656/860/1068 669/874/1067 657/861/1084 
f 677/882/1069 656/860/1068 678/883/1085 
f 636/840/1070 677/882/1069 694/902/1086 
f 681/886/1071 636/840/1070 635/839/1087 
f 686/891/1072 681/886/1071 680/885/1088 
f 660/864/1073 686/891/1072 685/890/1089 
f 691/896/1074 660/864/1073 659/863/1090 
f 638/842/1075 691/896/1074 690/895/1091 
f 628/832/987 638/842/1075 633/837/1000 
s 1
f 448/567/702 523/670/821 455/934/703 
f 593/770/925 592/769/1092 600/819/926 
f 600/777/926 667/871/1039 601/778/927 
f 523/670/821 526/674/824 455/934/703 
s 2
f 283/935/1093 107/936/1094 126/135/123 
f 126/135/123 125/134/122 283/935/1093 
f 282/937/1095 280/938/1096 129/139/127 
f 129/139/127 128/138/126 282/937/1095 
f 280/938/1096 413/939/1097 131/141/129 
f 131/141/129 129/139/127 280/938/1096 
f 413/939/1097 412/940/1098 133/143/131 
f 133/143/131 131/141/129 413/939/1097 
f 412/940/1098 411/941/1099 135/145/133 
f 135/145/133 133/143/131 412/940/1098 
f 411/941/1099 291/364/356 137/147/135 
f 137/147/135 135/145/133 411/941/1099 
f 276/942/1100 277/943/1101 141/151/139 
f 141/151/139 140/150/138 276/942/1100 
f 277/943/1101 105/944/1102 143/153/141 
f 143/153/141 141/151/139 277/943/1101 
f 169/945/1103 188/946/1104 147/157/145 
f 147/157/145 146/156/144 169/945/1103 
f 188/946/1104 187/947/1105 149/159/147 
f 149/159/147 147/157/145 188/946/1104 
f 187/947/1105 190/948/1106 151/161/149 
f 151/161/149 149/159/147 187/947/1105 
f 190/948/1106 183/949/1107 153/163/151 
f 153/163/151 151/161/149 190/948/1106 
f 183/949/1107 182/950/1108 155/165/153 
f 155/165/153 153/163/151 183/949/1107 
f 182/950/1108 186/207/203 157/167/155 
f 157/167/155 155/165/153 182/950/1108 
f 185/206/202 296/951/1109 161/171/159 
f 161/171/159 160/170/158 185/206/202 
f 296/951/1109 166/952/1110 163/173/161 
f 163/173/161 161/171/159 296/951/1109 
f 166/952/1110 165/953/1111 164/175/163 
f 164/175/163 163/173/161 166/952/1110 
f 165/953/1111 283/935/1093 125/134/122 
f 125/134/122 164/175/163 165/953/1111 
f 126/360/123 107/954/1094 109/955/1112 
f 109/955/1112 282/937/1095 128/138/126 
f 126/360/123 109/955/1112 128/138/126 
f 268/367/359 138/148/136 137/147/135 
f 137/147/135 290/363/355 268/367/359 
f 101/362/354 271/956/1113 292/365/357 
f 292/365/357 290/363/355 101/362/354 
f 292/365/357 271/956/1113 272/957/1114 
f 272/957/1114 276/942/1100 140/150/138 
f 292/365/357 272/957/1114 140/150/138 
f 105/944/1102 104/958/1115 293/369/361 
f 293/369/361 143/153/141 105/944/1102 
f 104/958/1115 106/959/1116 294/375/367 
f 294/375/367 293/369/361 104/958/1115 
f 294/375/367 106/959/1116 110/960/1117 
f 110/960/1117 168/961/1118 295/377/369 
f 294/375/367 110/960/1117 295/377/369 
f 168/961/1118 169/945/1103 146/156/144 
f 146/156/144 295/377/369 168/961/1118 
s 6
f 158/168/156 157/167/155 160/170/158 
f 160/170/158 159/169/157 158/168/156 
# 1394 faces

